v -0.005624 0.535992 -0.030468
v -0.004873 0.536553 -0.025736
v -0.016376 0.584006 -0.029533
v -0.015418 0.583645 -0.024819
v -0.003991 0.536756 -0.025994
v -0.014536 0.583848 -0.025077
v -0.003175 0.536947 -0.026423
v -0.013720 0.584039 -0.025506
v -0.002458 0.537119 -0.027007
v -0.013003 0.584211 -0.026090
v -0.001866 0.537265 -0.027724
v -0.012411 0.584357 -0.026807
v -0.001423 0.537380 -0.028546
v -0.011968 0.584472 -0.027629
v -0.001145 0.537460 -0.029442
v -0.011690 0.584552 -0.028525
v -0.001044 0.537501 -0.030377
v -0.011588 0.584593 -0.029459
v -0.001122 0.537502 -0.031314
v -0.011667 0.584594 -0.030397
v -0.001377 0.537462 -0.032219
v -0.011922 0.584554 -0.031302
v -0.001800 0.537384 -0.033057
v -0.012344 0.584476 -0.032139
v -0.002373 0.537270 -0.033794
v -0.012918 0.584362 -0.032877
v -0.003075 0.537124 -0.034403
v -0.013620 0.584217 -0.033486
v -0.003880 0.536953 -0.034861
v -0.014424 0.584046 -0.033944
v -0.004755 0.536763 -0.035149
v -0.015300 0.583855 -0.034232
v -0.005667 0.536561 -0.035258
v -0.016212 0.583653 -0.034340
v -0.006582 0.536354 -0.035181
v -0.017127 0.583446 -0.034264
v -0.004357 0.538015 -0.021168
v -0.004096 0.540322 -0.016940
v -0.004100 0.543384 -0.013213
v -0.004370 0.547085 -0.010132
v -0.004894 0.551283 -0.007814
v -0.005654 0.555816 -0.006349
v -0.006618 0.560509 -0.005792
v -0.007751 0.565183 -0.006166
v -0.009009 0.569657 -0.007456
v -0.010343 0.573761 -0.009612
v -0.011703 0.577335 -0.012552
v -0.013035 0.580244 -0.016162
v -0.014290 0.582374 -0.020304
v -0.002626 0.538412 -0.021674
v -0.001584 0.540898 -0.017674
v -0.000903 0.544118 -0.014147
v -0.000610 0.547948 -0.011230
v -0.000717 0.552243 -0.009034
v -0.001219 0.556834 -0.007644
v -0.002096 0.561547 -0.007113
v -0.003316 0.566202 -0.007462
v -0.004831 0.570616 -0.008677
v -0.006584 0.574625 -0.010711
v -0.008505 0.578069 -0.013486
v -0.010523 0.580820 -0.016896
v -0.012559 0.582771 -0.020810
v -0.001027 0.538787 -0.022516
v 0.000738 0.541442 -0.018896
v 0.002052 0.544810 -0.015703
v 0.002865 0.548762 -0.013060
v 0.003144 0.553147 -0.011067
v 0.002880 0.557794 -0.009802
v 0.002083 0.562526 -0.009314
v 0.000783 0.567162 -0.009620
v -0.000970 0.571520 -0.010710
v -0.003109 0.575438 -0.012540
v -0.005550 0.578761 -0.015042
v -0.008201 0.581364 -0.018119
v -0.010960 0.583146 -0.021652
v 0.000380 0.539124 -0.023662
v 0.002781 0.541932 -0.020560
v 0.004652 0.545434 -0.017821
v 0.005922 0.549495 -0.015550
v 0.006541 0.553961 -0.013835
v 0.006486 0.558659 -0.012740
v 0.005760 0.563408 -0.012309
v 0.004389 0.568026 -0.012558
v 0.002427 0.572335 -0.013477
v -0.000051 0.576172 -0.015031
v -0.002950 0.579385 -0.017160
v -0.006158 0.581854 -0.019783
v -0.009553 0.583483 -0.022798
v 0.001541 0.539411 -0.025068
v 0.004466 0.542349 -0.022602
v 0.006797 0.545965 -0.020420
v 0.008443 0.550119 -0.018606
v 0.009343 0.554655 -0.017230
v 0.009461 0.559395 -0.016345
v 0.008792 0.564158 -0.015985
v 0.007363 0.568762 -0.016163
v 0.005229 0.573029 -0.016872
v 0.002470 0.576796 -0.018087
v -0.000806 0.579916 -0.019759
v -0.004474 0.582271 -0.021825
v -0.008392 0.583770 -0.024205
v 0.002410 0.539637 -0.026681
v 0.005728 0.542677 -0.024943
v 0.008403 0.546382 -0.023400
v 0.010333 0.550610 -0.022110
v 0.011442 0.555201 -0.021123
v 0.011689 0.559975 -0.020478
v 0.011064 0.564749 -0.020198
v 0.009592 0.569342 -0.020295
v 0.007328 0.573574 -0.020766
v 0.004359 0.577287 -0.021590
v 0.000801 0.580333 -0.022739
v -0.003211 0.582599 -0.024166
v -0.007523 0.583997 -0.025817
v 0.002955 0.539794 -0.028438
v 0.006519 0.542904 -0.027494
v 0.009410 0.546671 -0.026646
v 0.011517 0.550950 -0.025927
v 0.012758 0.555578 -0.025365
v 0.013086 0.560375 -0.024980
v 0.012488 0.565158 -0.024789
v 0.010988 0.569742 -0.024798
v 0.008643 0.573952 -0.025007
v 0.005543 0.577626 -0.025407
v 0.001808 0.580622 -0.025985
v -0.002420 0.582826 -0.026716
v -0.006978 0.584153 -0.027574
v 0.003155 0.539874 -0.030271
v 0.006809 0.543021 -0.030155
v 0.009779 0.546820 -0.030033
v 0.011950 0.551125 -0.029910
v 0.013239 0.555772 -0.029791
v 0.013597 0.560581 -0.029679
v 0.013010 0.565367 -0.029580
v 0.011500 0.569948 -0.029497
v 0.009125 0.574146 -0.029433
v 0.005977 0.577801 -0.029391
v 0.002176 0.580771 -0.029372
v -0.002130 0.582943 -0.029378
v -0.006778 0.584233 -0.029407
v 0.003001 0.539875 -0.032111
v 0.006586 0.543023 -0.032826
v 0.009495 0.546822 -0.033432
v 0.011617 0.551128 -0.033907
v 0.012869 0.555776 -0.034232
v 0.013204 0.560585 -0.034394
v 0.012609 0.565371 -0.034387
v 0.011106 0.569952 -0.034211
v 0.008754 0.574149 -0.033874
v 0.005643 0.577804 -0.033388
v 0.001893 0.580773 -0.032771
v -0.002353 0.582945 -0.032048
v -0.006932 0.584235 -0.031247
v 0.002500 0.539798 -0.033886
v 0.005859 0.542910 -0.035403
v 0.008570 0.546679 -0.036712
v 0.010529 0.550959 -0.037764
v 0.011660 0.555588 -0.038517
v 0.011920 0.560386 -0.038943
v 0.011300 0.565169 -0.039025
v 0.009823 0.569753 -0.038760
v 0.007546 0.573962 -0.038159
v 0.004555 0.577636 -0.037244
v 0.000967 0.580630 -0.036051
v -0.003080 0.582832 -0.034625
v -0.007433 0.584157 -0.033022
v 0.001672 0.539644 -0.035528
v 0.004656 0.542687 -0.037787
v 0.007039 0.546395 -0.039747
v 0.008728 0.550625 -0.041332
v 0.009659 0.555218 -0.042482
v 0.009797 0.559992 -0.043152
v 0.009135 0.564767 -0.043317
v 0.007699 0.569360 -0.042970
v 0.005545 0.573591 -0.042124
v 0.002755 0.577302 -0.040813
v -0.000564 0.580346 -0.039086
v -0.004283 0.582609 -0.037010
v -0.008261 0.584004 -0.034664
v 0.000547 0.539421 -0.036974
v 0.003023 0.542362 -0.039887
v 0.004960 0.545982 -0.042420
v 0.006284 0.550139 -0.044475
v 0.006944 0.554678 -0.045974
v 0.006914 0.559419 -0.046859
v 0.006195 0.564183 -0.047096
v 0.004816 0.568787 -0.046677
v 0.002829 0.573051 -0.045616
v 0.000311 0.576816 -0.043955
v -0.002642 0.579933 -0.041758
v -0.005916 0.582284 -0.039110
v -0.009386 0.583780 -0.036111
v -0.000831 0.539135 -0.038170
v 0.001023 0.541948 -0.041622
v 0.002415 0.545455 -0.044628
v 0.003291 0.549520 -0.047071
v 0.003618 0.553989 -0.048859
v 0.003383 0.558688 -0.049922
v 0.002595 0.563438 -0.050219
v 0.001285 0.568056 -0.049740
v -0.000497 0.572362 -0.048501
v -0.002683 0.576196 -0.046552
v -0.005188 0.579406 -0.043967
v -0.007916 0.581870 -0.040844
v -0.010764 0.583495 -0.037306
v -0.002408 0.538800 -0.039067
v -0.001267 0.541461 -0.042925
v -0.000500 0.544834 -0.046286
v -0.000137 0.548790 -0.049022
v -0.000191 0.553178 -0.051026
v -0.000660 0.557828 -0.052223
v -0.001527 0.562560 -0.052565
v -0.002758 0.567195 -0.052040
v -0.004305 0.571552 -0.050668
v -0.006110 0.575467 -0.048502
v -0.008103 0.578785 -0.045625
v -0.010207 0.581383 -0.042148
v -0.012341 0.583159 -0.038203
v -0.004125 0.538426 -0.039633
v -0.003760 0.540919 -0.043747
v -0.003673 0.544144 -0.047332
v -0.003867 0.547979 -0.050251
v -0.004336 0.552277 -0.052392
v -0.005061 0.556870 -0.053673
v -0.006014 0.561584 -0.054044
v -0.007158 0.566238 -0.053490
v -0.008450 0.570650 -0.052034
v -0.009841 0.574655 -0.049732
v -0.011275 0.578095 -0.046671
v -0.012699 0.580841 -0.042969
v -0.014058 0.582786 -0.038769
v -0.005916 0.538029 -0.039845
v -0.006359 0.540343 -0.044055
v -0.006981 0.543411 -0.047724
v -0.007757 0.547117 -0.050713
v -0.008658 0.551319 -0.052905
v -0.009649 0.555854 -0.054217
v -0.010692 0.560547 -0.054598
v -0.011747 0.565221 -0.054034
v -0.012772 0.569692 -0.052547
v -0.013731 0.573793 -0.050193
v -0.014583 0.577363 -0.047063
v -0.015298 0.580265 -0.043277
v -0.015849 0.582389 -0.038981
v -0.007710 0.537625 -0.039696
v -0.008965 0.539755 -0.043838
v -0.010297 0.542664 -0.047448
v -0.011657 0.546237 -0.050388
v -0.012991 0.550342 -0.052544
v -0.014249 0.554816 -0.053834
v -0.015382 0.559490 -0.054208
v -0.016347 0.564183 -0.053651
v -0.017105 0.568715 -0.052186
v -0.017630 0.572914 -0.049868
v -0.017900 0.576614 -0.046787
v -0.017904 0.579677 -0.043060
v -0.017643 0.581984 -0.038832
v -0.052853 0.573995 -0.033449
v -0.052337 0.575457 -0.028881
v -0.053114 0.571688 -0.037678
v -0.053109 0.568625 -0.041404
v -0.052840 0.564925 -0.044486
v -0.052315 0.560726 -0.046803
v -0.051556 0.556194 -0.048269
v -0.050591 0.551501 -0.048825
v -0.049459 0.546827 -0.048451
v -0.048201 0.542353 -0.047161
v -0.046866 0.538248 -0.045005
v -0.045507 0.534675 -0.042065
v -0.044174 0.531766 -0.038455
v -0.042920 0.529636 -0.034313
v -0.041792 0.528365 -0.029799
v -0.040834 0.528003 -0.025085
v -0.040082 0.528564 -0.020353
v -0.039566 0.530026 -0.015785
v -0.039305 0.532333 -0.011557
v -0.039310 0.535395 -0.007831
v -0.039579 0.539096 -0.004749
v -0.040104 0.543294 -0.002431
v -0.040863 0.547827 -0.000966
v -0.041828 0.552520 -0.000410
v -0.042961 0.557194 -0.000784
v -0.044218 0.561668 -0.002074
v -0.045553 0.565772 -0.004230
v -0.046912 0.569346 -0.007169
v -0.048245 0.572255 -0.010780
v -0.049499 0.574385 -0.014922
v -0.050627 0.575656 -0.019436
v -0.051585 0.576017 -0.024150
v -0.056526 0.572211 -0.032360
v -0.056031 0.573614 -0.027977
v -0.056777 0.569997 -0.036418
v -0.056772 0.567058 -0.039994
v -0.056514 0.563507 -0.042951
v -0.056010 0.559477 -0.045175
v -0.055282 0.555129 -0.046582
v -0.054356 0.550624 -0.047116
v -0.053269 0.546139 -0.046757
v -0.052062 0.541846 -0.045519
v -0.050781 0.537907 -0.043450
v -0.049477 0.534477 -0.040629
v -0.048198 0.531686 -0.037164
v -0.046994 0.529642 -0.033189
v -0.045912 0.528423 -0.028857
v -0.044992 0.528075 -0.024334
v -0.044271 0.528614 -0.019793
v -0.043776 0.530016 -0.015410
v -0.043526 0.532230 -0.011352
v -0.043530 0.535169 -0.007776
v -0.043789 0.538720 -0.004819
v -0.044292 0.542749 -0.002594
v -0.045021 0.547099 -0.001188
v -0.045946 0.551603 -0.000654
v -0.047033 0.556088 -0.001013
v -0.048240 0.560381 -0.002251
v -0.049521 0.564320 -0.004320
v -0.050825 0.567750 -0.007141
v -0.052104 0.570540 -0.010606
v -0.053308 0.572585 -0.014581
v -0.054391 0.573805 -0.018913
v -0.055310 0.574151 -0.023436
vt 0.489949 0.766656
vt 0.492868 0.767745
vt 0.491292 0.767456
vt 0.470735 0.835136
vt 0.472447 0.834621
vt 0.474024 0.834910
vt 0.494326 0.768017
vt 0.475481 0.835182
vt 0.495607 0.768263
vt 0.476763 0.835427
vt 0.496665 0.768471
vt 0.477820 0.835636
vt 0.497457 0.768636
vt 0.478612 0.835800
vt 0.497953 0.768749
vt 0.479109 0.835914
vt 0.498135 0.768808
vt 0.479290 0.835973
vt 0.497995 0.768809
vt 0.479151 0.835974
vt 0.497539 0.768752
vt 0.478694 0.835917
vt 0.496784 0.768641
vt 0.477939 0.835805
vt 0.495759 0.768478
vt 0.476915 0.835643
vt 0.494504 0.768271
vt 0.475659 0.835436
vt 0.493067 0.768027
vt 0.474222 0.835192
vt 0.491503 0.767755
vt 0.472658 0.834920
vt 0.489872 0.767467
vt 0.471027 0.834631
vt 0.488237 0.767172
vt 0.469392 0.834337
vt 0.495307 0.770107
vt 0.492214 0.769540
vt 0.497170 0.773653
vt 0.492680 0.772830
vt 0.498386 0.778246
vt 0.492672 0.777199
vt 0.498909 0.783708
vt 0.492191 0.782477
vt 0.498719 0.789833
vt 0.491253 0.788465
vt 0.497822 0.796382
vt 0.489897 0.794930
vt 0.496254 0.803104
vt 0.488173 0.801623
vt 0.494073 0.809742
vt 0.486148 0.808290
vt 0.491366 0.816038
vt 0.483901 0.814670
vt 0.488234 0.821755
vt 0.481516 0.820524
vt 0.484800 0.826668
vt 0.479086 0.825621
vt 0.481194 0.830592
vt 0.476705 0.829769
vt 0.477556 0.833374
vt 0.474463 0.832807
vt 0.498165 0.770641
vt 0.501319 0.774429
vt 0.503668 0.779233
vt 0.505120 0.784869
vt 0.505619 0.791123
vt 0.505147 0.797751
vt 0.503723 0.804499
vt 0.501399 0.811111
vt 0.498267 0.817328
vt 0.494445 0.822916
vt 0.490082 0.827655
vt 0.485344 0.831367
vt 0.480414 0.833908
vt 0.500679 0.771123
vt 0.504970 0.775127
vt 0.508314 0.780122
vt 0.510583 0.785914
vt 0.511690 0.792284
vt 0.511592 0.798984
vt 0.510293 0.805757
vt 0.507843 0.812344
vt 0.504337 0.818489
vt 0.499908 0.823961
vt 0.494728 0.828544
vt 0.488994 0.832066
vt 0.482928 0.834390
vt 0.502753 0.771532
vt 0.507981 0.775722
vt 0.512146 0.780879
vt 0.515089 0.786804
vt 0.516697 0.793273
vt 0.516907 0.800034
vt 0.515713 0.806827
vt 0.513159 0.813394
vt 0.509344 0.819479
vt 0.504414 0.824851
vt 0.498560 0.829301
vt 0.492005 0.832660
vt 0.485002 0.834799
vt 0.504307 0.771855
vt 0.510237 0.776190
vt 0.515017 0.781475
vt 0.518465 0.787505
vt 0.520448 0.794052
vt 0.520889 0.800861
vt 0.519773 0.807670
vt 0.517141 0.814221
vt 0.513095 0.820257
vt 0.507790 0.825552
vt 0.501431 0.829897
vt 0.494261 0.833129
vt 0.486556 0.835122
vt 0.505281 0.772078
vt 0.511650 0.776514
vt 0.516817 0.781887
vt 0.520581 0.787989
vt 0.522799 0.794590
vt 0.523386 0.801432
vt 0.522318 0.808253
vt 0.519637 0.814792
vt 0.515447 0.820795
vt 0.509906 0.826036
vt 0.503231 0.830309
vt 0.495675 0.833452
vt 0.487530 0.835345
vt 0.505638 0.772192
vt 0.512168 0.776680
vt 0.517476 0.782099
vt 0.521356 0.788238
vt 0.523660 0.794867
vt 0.524300 0.801726
vt 0.523250 0.808552
vt 0.520551 0.815086
vt 0.516308 0.821072
vt 0.510681 0.826285
vt 0.503890 0.830521
vt 0.496193 0.833619
vt 0.487887 0.835459
vt 0.505363 0.772194
vt 0.511770 0.776683
vt 0.516969 0.782102
vt 0.520760 0.788243
vt 0.522998 0.794872
vt 0.523596 0.801731
vt 0.522533 0.808557
vt 0.519848 0.815091
vt 0.515645 0.821077
vt 0.510085 0.826290
vt 0.503382 0.830525
vt 0.495794 0.833622
vt 0.487612 0.835461
vt 0.504469 0.772084
vt 0.510471 0.776523
vt 0.515315 0.781898
vt 0.518816 0.788002
vt 0.520837 0.794605
vt 0.521303 0.801448
vt 0.520195 0.808268
vt 0.517554 0.814807
vt 0.513485 0.820810
vt 0.508141 0.826049
vt 0.501729 0.830320
vt 0.494495 0.833461
vt 0.486717 0.835351
vt 0.502988 0.771865
vt 0.508321 0.776205
vt 0.512579 0.781493
vt 0.515598 0.787526
vt 0.517262 0.794076
vt 0.517507 0.800886
vt 0.516325 0.807696
vt 0.513759 0.814246
vt 0.509909 0.820281
vt 0.504923 0.825574
vt 0.498993 0.829915
vt 0.492345 0.833143
vt 0.485236 0.835132
vt 0.500977 0.771546
vt 0.505402 0.775741
vt 0.508864 0.780904
vt 0.511230 0.786833
vt 0.512409 0.793306
vt 0.512356 0.800068
vt 0.511072 0.806862
vt 0.508607 0.813429
vt 0.505057 0.819511
vt 0.500555 0.824880
vt 0.495278 0.829326
vt 0.489427 0.832680
vt 0.483226 0.834813
vt 0.498515 0.771139
vt 0.501828 0.775151
vt 0.504315 0.780152
vt 0.505881 0.785949
vt 0.506465 0.792323
vt 0.506045 0.799026
vt 0.504638 0.805799
vt 0.502297 0.812386
vt 0.499113 0.818529
vt 0.495206 0.823997
vt 0.490729 0.828574
vt 0.485853 0.832089
vt 0.480764 0.834406
vt 0.495696 0.770660
vt 0.497735 0.774456
vt 0.499106 0.779267
vt 0.499755 0.784909
vt 0.499659 0.791167
vt 0.498820 0.797798
vt 0.497271 0.804548
vt 0.495071 0.811158
vt 0.492306 0.817372
vt 0.489080 0.822956
vt 0.485519 0.827689
vt 0.481759 0.831394
vt 0.477945 0.833927
vt 0.492628 0.770127
vt 0.493280 0.773682
vt 0.493436 0.778283
vt 0.493089 0.783752
vt 0.492251 0.789881
vt 0.490956 0.796433
vt 0.489253 0.803156
vt 0.487207 0.809793
vt 0.484898 0.816087
vt 0.482414 0.821799
vt 0.479850 0.826705
vt 0.477305 0.830621
vt 0.474877 0.833395
vt 0.489428 0.769561
vt 0.488636 0.772861
vt 0.487524 0.777237
vt 0.486137 0.782522
vt 0.484527 0.788516
vt 0.482756 0.794983
vt 0.480893 0.801677
vt 0.479008 0.808343
vt 0.477175 0.814721
vt 0.475462 0.820569
vt 0.473938 0.825660
vt 0.472660 0.829799
vt 0.471677 0.832828
vt 0.486221 0.768984
vt 0.483979 0.772023
vt 0.481598 0.776171
vt 0.479168 0.781268
vt 0.476784 0.787122
vt 0.474536 0.793503
vt 0.472511 0.800169
vt 0.470787 0.806863
vt 0.469431 0.813327
vt 0.468493 0.819315
vt 0.468012 0.824593
vt 0.468004 0.828961
vt 0.468470 0.832251
vt 0.405547 0.820857
vt 0.406469 0.822943
vt 0.405081 0.817567
vt 0.405089 0.813199
vt 0.405571 0.807921
vt 0.406508 0.801932
vt 0.407865 0.795469
vt 0.409588 0.788774
vt 0.411613 0.782109
vt 0.413861 0.775727
vt 0.416246 0.769874
vt 0.418675 0.764776
vt 0.421056 0.760628
vt 0.423298 0.757590
vt 0.425314 0.755778
vt 0.427026 0.755262
vt 0.428369 0.756062
vt 0.429292 0.758146
vt 0.429758 0.761436
vt 0.429750 0.765804
vt 0.429268 0.771082
vt 0.428330 0.777071
vt 0.426974 0.783535
vt 0.425250 0.790229
vt 0.423225 0.796895
vt 0.420978 0.803276
vt 0.418593 0.809130
vt 0.416164 0.814227
vt 0.413782 0.818375
vt 0.411540 0.821413
vt 0.409524 0.823226
vt 0.407812 0.823741
vt 0.398982 0.818312
vt 0.399867 0.820314
vt 0.398535 0.815155
vt 0.398543 0.810963
vt 0.399005 0.805898
vt 0.399905 0.800151
vt 0.401206 0.793949
vt 0.402860 0.787525
vt 0.404803 0.781128
vt 0.406960 0.775004
vt 0.409249 0.769387
vt 0.411580 0.764495
vt 0.413866 0.760515
vt 0.416017 0.757599
vt 0.417951 0.755860
vt 0.419594 0.755364
vt 0.420883 0.756132
vt 0.421768 0.758133
vt 0.422216 0.761290
vt 0.422208 0.765482
vt 0.421746 0.770547
vt 0.420846 0.776293
vt 0.419544 0.782497
vt 0.417890 0.788920
vt 0.415947 0.795318
vt 0.413790 0.801441
vt 0.411502 0.807058
vt 0.409170 0.811950
vt 0.406885 0.815930
vt 0.404734 0.818846
vt 0.402799 0.820586
vt 0.401156 0.821080
vn 0.271888 -0.961893 -0.028957
vn 0.284858 -0.944645 0.162796
vn 0.255301 -0.951420 0.172107
vn -0.164489 0.986338 0.009015
vn -0.173238 0.962367 0.209375
vn -0.143745 0.969172 0.200105
vn 0.318039 -0.936876 0.145311
vn -0.110566 0.976949 0.182609
vn 0.347147 -0.929891 0.121624
vn -0.081363 0.983945 0.158849
vn 0.371142 -0.923956 0.092520
vn -0.057371 0.989884 0.129763
vn 0.389206 -0.919259 0.059009
vn -0.039357 0.994570 0.096339
vn 0.400493 -0.916020 0.022651
vn -0.028067 0.997806 0.059955
vn 0.404615 -0.914359 -0.015300
vn -0.023935 0.999472 0.021989
vn 0.401441 -0.914326 -0.053418
vn -0.027115 0.999502 -0.016114
vn 0.391078 -0.915930 -0.090169
vn -0.037488 0.997895 -0.052913
vn 0.373904 -0.919114 -0.124198
vn -0.054657 0.994713 -0.086943
vn 0.350593 -0.923753 -0.154159
vn -0.077941 0.990083 -0.116880
vn 0.322052 -0.929661 -0.178923
vn -0.106445 0.984181 -0.141624
vn 0.289371 -0.936615 -0.197525
vn -0.139127 0.977226 -0.160228
vn 0.253808 -0.944350 -0.209245
vn -0.174805 0.969469 -0.171967
vn 0.216717 -0.952570 -0.213643
vn -0.211907 0.961242 -0.176378
vn 0.191657 -0.958116 -0.212794
vn -0.236854 0.955559 -0.175520
vn 0.340308 -0.877331 0.338350
vn 0.282300 -0.890591 0.356586
vn 0.382683 -0.776302 0.500907
vn 0.298433 -0.795524 0.527332
vn 0.410335 -0.645491 0.644179
vn 0.303084 -0.669939 0.677732
vn 0.422233 -0.489779 0.762782
vn 0.296077 -0.518556 0.802146
vn 0.417897 -0.315235 0.852050
vn 0.277688 -0.347278 0.895705
vn 0.397510 -0.128661 0.908533
vn 0.248658 -0.162776 0.954816
vn 0.361843 0.062900 0.930115
vn 0.210089 0.028003 0.977281
vn 0.312255 0.252082 0.915943
vn 0.163453 0.217745 0.962222
vn 0.250685 0.431504 0.866580
vn 0.110562 0.399077 0.910227
vn 0.179464 0.594389 0.783897
vn 0.053410 0.565158 0.823252
vn 0.101334 0.734446 0.671059
vn -0.005820 0.709580 0.704601
vn 0.019357 0.846204 0.532508
vn -0.064813 0.826682 0.558924
vn -0.063360 0.925444 0.373548
vn -0.121325 0.912027 0.391774
vn 0.405307 -0.862111 0.304124
vn 0.477032 -0.754207 0.451234
vn 0.530425 -0.617370 0.580950
vn 0.563462 -0.456706 0.688425
vn 0.574826 -0.278490 0.769427
vn 0.564100 -0.089652 0.820825
vn 0.531695 0.102675 0.840689
vn 0.478841 0.291093 0.828237
vn 0.407608 0.468249 0.783964
vn 0.320683 0.627458 0.709548
vn 0.221419 0.762571 0.607832
vn 0.113717 0.868301 0.482827
vn 0.001663 0.940672 0.339314
vn 0.462463 -0.848408 0.257549
vn 0.560031 -0.734307 0.383612
vn 0.636069 -0.592034 0.494887
vn 0.687696 -0.426914 0.587212
vn 0.712874 -0.245391 0.656958
vn 0.710652 -0.054512 0.701429
vn 0.681119 0.138505 0.718953
vn 0.625391 0.326233 0.708843
vn 0.545654 0.501350 0.671498
vn 0.444922 0.657253 0.608328
vn 0.327069 0.787907 0.521756
vn 0.196727 0.888204 0.415201
vn 0.058864 0.954386 0.292715
vn 0.509617 -0.836738 0.200401
vn 0.628507 -0.717357 0.300630
vn 0.723207 -0.570464 0.389286
vn 0.790161 -0.401553 0.463034
vn 0.826737 -0.217204 0.518968
vn 0.831529 -0.024592 0.554936
vn 0.804364 0.169010 0.569591
vn 0.746269 0.356152 0.562350
vn 0.659520 0.529538 0.533501
vn 0.547396 0.682619 0.484136
vn 0.414211 0.809472 0.416155
vn 0.265193 0.905149 0.332231
vn 0.106018 0.966060 0.235560
vn 0.544961 -0.827545 0.134857
vn 0.679806 -0.704016 0.205487
vn 0.788496 -0.553487 0.268191
vn 0.866938 -0.381591 0.320636
vn 0.912046 -0.195018 0.360748
vn 0.922088 -0.001045 0.386979
vn 0.896697 0.193021 0.398343
vn 0.836827 0.379706 0.394390
vn 0.744825 0.551723 0.375283
vn 0.624168 0.702580 0.341753
vn 0.479495 0.826445 0.295081
vn 0.316488 0.918488 0.237098
vn 0.141359 0.975249 0.170019
vn 0.567104 -0.821196 0.063474
vn 0.711962 -0.694793 0.101843
vn 0.829418 -0.541750 0.136283
vn 0.915056 -0.367798 0.165517
vn 0.965516 -0.179691 0.188390
vn 0.978851 0.015230 0.204004
vn 0.954574 0.209615 0.211780
vn 0.893589 0.395980 0.211418
vn 0.798293 0.567050 0.202935
vn 0.672288 0.716374 0.186649
vn 0.520412 0.838178 0.163181
vn 0.348640 0.927707 0.133456
vn 0.163510 0.981600 0.098615
vn 0.575212 -0.817930 -0.011013
vn 0.723733 -0.690051 -0.006301
vn 0.844399 -0.535712 -0.001353
vn 0.932674 -0.360702 0.003651
vn 0.985094 -0.171807 0.008513
vn 0.999636 0.023607 0.013048
vn 0.975765 0.218152 0.017082
vn 0.914375 0.404350 0.020462
vn 0.817874 0.574936 0.023054
vn 0.689906 0.723475 0.024759
vn 0.535393 0.844218 0.025516
vn 0.360412 0.932450 0.025288
vn 0.171621 0.984869 0.024087
vn 0.568970 -0.817870 -0.085796
vn 0.714665 -0.689975 -0.114842
vn 0.832867 -0.535612 -0.139471
vn 0.919119 -0.360571 -0.158771
vn 0.970029 -0.171662 -0.171974
vn 0.983643 0.023756 -0.178556
vn 0.959459 0.218305 -0.178273
vn 0.898382 0.404502 -0.171138
vn 0.802808 0.575078 -0.157432
vn 0.676349 0.723600 -0.137674
vn 0.523866 0.844324 -0.112615
vn 0.351355 0.932535 -0.083238
vn 0.165380 0.984927 -0.050671
vn 0.548638 -0.821012 -0.157909
vn 0.685125 -0.694550 -0.219556
vn 0.795265 -0.541440 -0.272757
vn 0.874905 -0.367417 -0.315509
vn 0.920900 -0.179268 -0.346129
vn 0.931488 0.015677 -0.363434
vn 0.906282 0.210068 -0.366776
vn 0.846227 0.396424 -0.356016
vn 0.753680 0.567471 -0.331577
vn 0.632137 0.716753 -0.294393
vn 0.486270 0.838498 -0.245889
vn 0.321813 0.927960 -0.187955
vn 0.145028 0.981776 -0.122810
vn 0.514969 -0.827257 -0.224616
vn 0.636244 -0.703609 -0.316430
vn 0.733044 -0.552969 -0.396069
vn 0.801732 -0.380977 -0.460524
vn 0.839592 -0.194338 -0.507265
vn 0.845175 -0.000320 -0.534489
vn 0.818278 0.193758 -0.541182
vn 0.759916 0.380427 -0.527070
vn 0.672373 0.552405 -0.492710
vn 0.558964 0.703193 -0.439407
vn 0.424049 0.826967 -0.369199
vn 0.272922 0.918898 -0.284852
vn 0.111343 0.975531 -0.189584
vn 0.469246 -0.836350 -0.283420
vn 0.569877 -0.716804 -0.401787
vn 0.648584 -0.569765 -0.504685
vn 0.702415 -0.400728 -0.588243
vn 0.729234 -0.216286 -0.649183
vn 0.728018 -0.023622 -0.685151
vn 0.698827 0.170001 -0.694796
vn 0.642759 0.357131 -0.677730
vn 0.562016 0.530460 -0.634627
vn 0.459655 0.683440 -0.567122
vn 0.339594 0.810174 -0.477801
vn 0.206563 0.905701 -0.370185
vn 0.065631 0.966439 -0.248373
vn 0.413260 -0.847941 -0.331982
vn 0.488602 -0.733627 -0.472292
vn 0.545146 -0.591176 -0.594413
vn 0.580771 -0.425915 -0.693759
vn 0.594065 -0.244269 -0.766433
vn 0.584522 -0.053329 -0.809624
vn 0.552515 0.139712 -0.821710
vn 0.499257 0.327424 -0.802207
vn 0.426847 0.502468 -0.751882
vn 0.338006 0.658257 -0.672644
vn 0.236143 0.788764 -0.567528
vn 0.125283 0.888876 -0.440685
vn 0.009647 0.954848 -0.296939
vn 0.349154 -0.861587 -0.368456
vn 0.395533 -0.753438 -0.525247
vn 0.426701 -0.616385 -0.661812
vn 0.441476 -0.455562 -0.773022
vn 0.439276 -0.277214 -0.854511
vn 0.420203 -0.088301 -0.903124
vn 0.384976 0.104055 -0.917042
vn 0.334939 0.292449 -0.895706
vn 0.272057 0.469516 -0.839964
vn 0.198695 0.628606 -0.751914
vn 0.117688 0.763550 -0.634934
vn 0.032225 0.869065 -0.493647
vn -0.054452 0.941201 -0.333430
vn 0.279387 -0.876763 -0.391446
vn 0.294234 -0.775476 -0.558626
vn 0.297777 -0.644430 -0.704301
vn 0.289871 -0.488531 -0.822990
vn 0.270821 -0.313852 -0.910029
vn 0.241376 -0.127198 -0.962059
vn 0.202645 0.064397 -0.977132
vn 0.156118 0.253552 -0.954641
vn 0.103612 0.432880 -0.895477
vn 0.047110 0.595631 -0.801876
vn -0.011206 0.735507 -0.677425
vn -0.069060 0.847035 -0.527031
vn -0.124281 0.926019 -0.356431
vn 0.206637 -0.892884 -0.400075
vn 0.188609 -0.798882 -0.571152
vn 0.163337 -0.674222 -0.720240
vn 0.131780 -0.523564 -0.841733
vn 0.095164 -0.352781 -0.930854
vn 0.054907 -0.168522 -0.984167
vn 0.012525 0.022264 -0.999674
vn -0.030350 0.212227 -0.976749
vn -0.072037 0.393957 -0.916302
vn -0.110966 0.560599 -0.820619
vn -0.145644 0.705718 -0.693362
vn -0.174714 0.823627 -0.539549
vn -0.197084 0.909884 -0.365059
vn 0.157465 -0.903631 -0.398316
vn 0.117208 -0.814355 -0.568408
vn 0.072477 -0.693860 -0.716453
vn 0.024976 -0.546732 -0.836935
vn -0.023443 -0.378738 -0.925207
vn -0.070911 -0.196411 -0.977954
vn -0.115663 -0.006565 -0.993267
vn -0.155995 0.183563 -0.970551
vn -0.190344 0.366638 -0.910684
vn -0.217425 0.535826 -0.815853
vn -0.236192 0.684600 -0.689592
vn -0.245882 0.807074 -0.536818
vn -0.246108 0.898577 -0.363305
vn -0.376134 0.863227 -0.336694
vn -0.357999 0.921339 -0.151564
vn -0.384165 0.770940 -0.508005
vn -0.381799 0.647957 -0.659077
vn -0.369106 0.498876 -0.784145
vn -0.346565 0.329585 -0.878218
vn -0.315063 0.146637 -0.937674
vn -0.275782 -0.043063 -0.960255
vn -0.230260 -0.232065 -0.945054
vn -0.180266 -0.413047 -0.892690
vn -0.127695 -0.579171 -0.805143
vn -0.074594 -0.723945 -0.685813
vn -0.023052 -0.841721 -0.539420
vn 0.025008 -0.928099 -0.371493
vn 0.067706 -0.979717 -0.188601
vn 0.103403 -0.994637 0.002226
vn 0.130738 -0.972322 0.193645
vn 0.148668 -0.913669 0.378295
vn 0.156520 -0.820967 0.549104
vn 0.154003 -0.697848 0.699493
vn 0.141215 -0.548933 0.823851
vn 0.118660 -0.380017 0.917337
vn 0.087217 -0.197654 0.976384
vn 0.048076 -0.008694 0.998806
vn 0.002729 0.179644 0.983728
vn -0.047065 0.360068 0.931738
vn -0.099443 0.525791 0.844781
vn -0.152396 0.670443 0.726142
vn -0.203856 0.788369 0.580445
vn -0.251875 0.875107 0.413215
vn -0.294658 0.927351 0.230642
vn -0.330482 0.942966 0.039967
vn -0.487907 0.817104 -0.307062
vn -0.467516 0.874882 -0.126528
vn -0.498192 0.726024 -0.474019
vn -0.498013 0.605088 -0.621169
vn -0.487365 0.458819 -0.742940
vn -0.466639 0.292993 -0.834508
vn -0.436661 0.113994 -0.892375
vn -0.398548 -0.071446 -0.914360
vn -0.353785 -0.256076 -0.899589
vn -0.304107 -0.432779 -0.848659
vn -0.251388 -0.594910 -0.763470
vn -0.197665 -0.736153 -0.647308
vn -0.145053 -0.850999 -0.504738
vn -0.095499 -0.935161 -0.341107
vn -0.050934 -0.985347 -0.162778
vn -0.013085 -0.999640 0.023420
vn 0.016604 -0.977490 0.210328
vn 0.036987 -0.919749 0.390761
vn 0.047290 -0.828630 0.557796
vn 0.047111 -0.707679 0.704962
vn 0.036451 -0.561426 0.826724
vn 0.015729 -0.395569 0.918302
vn -0.014254 -0.216564 0.976164
vn -0.052359 -0.031171 0.998142
vn -0.097122 0.153481 0.983367
vn -0.146794 0.330206 0.932425
vn -0.199513 0.492315 0.847243
vn -0.253239 0.633556 0.731079
vn -0.305864 0.748402 0.588508
vn -0.355395 0.832522 0.424972
vn -0.399979 0.882738 0.246557
vn -0.437820 0.897034 0.060363
s 1
g rCollar
usemtl default
f 1/1/1 5/2/2 2/3/3
f 3/4/4 4/5/5 6/6/6
f 1/1/1 7/7/7 5/2/2
f 3/4/4 6/6/6 8/8/8
f 1/1/1 9/9/9 7/7/7
f 3/4/4 8/8/8 10/10/10
f 1/1/1 11/11/11 9/9/9
f 3/4/4 10/10/10 12/12/12
f 1/1/1 13/13/13 11/11/11
f 3/4/4 12/12/12 14/14/14
f 1/1/1 15/15/15 13/13/13
f 3/4/4 14/14/14 16/16/16
f 1/1/1 17/17/17 15/15/15
f 3/4/4 16/16/16 18/18/18
f 1/1/1 19/19/19 17/17/17
f 3/4/4 18/18/18 20/20/20
f 1/1/1 21/21/21 19/19/19
f 3/4/4 20/20/20 22/22/22
f 1/1/1 23/23/23 21/21/21
f 3/4/4 22/22/22 24/24/24
f 1/1/1 25/25/25 23/23/23
f 3/4/4 24/24/24 26/26/26
f 1/1/1 27/27/27 25/25/25
f 3/4/4 26/26/26 28/28/28
f 1/1/1 29/29/29 27/27/27
f 3/4/4 28/28/28 30/30/30
f 1/1/1 31/31/31 29/29/29
f 3/4/4 30/30/30 32/32/32
f 1/1/1 33/33/33 31/31/31
f 3/4/4 32/32/32 34/34/34
f 1/1/1 35/35/35 33/33/33
f 3/4/4 34/34/34 36/36/36
f 2/3/3 5/2/2 50/37/37 37/38/38
f 37/38/38 50/37/37 51/39/39 38/40/40
f 38/40/40 51/39/39 52/41/41 39/42/42
f 39/42/42 52/41/41 53/43/43 40/44/44
f 40/44/44 53/43/43 54/45/45 41/46/46
f 41/46/46 54/45/45 55/47/47 42/48/48
f 42/48/48 55/47/47 56/49/49 43/50/50
f 43/50/50 56/49/49 57/51/51 44/52/52
f 44/52/52 57/51/51 58/53/53 45/54/54
f 45/54/54 58/53/53 59/55/55 46/56/56
f 46/56/56 59/55/55 60/57/57 47/58/58
f 47/58/58 60/57/57 61/59/59 48/60/60
f 48/60/60 61/59/59 62/61/61 49/62/62
f 49/62/62 62/61/61 6/6/6 4/5/5
f 5/2/2 7/7/7 63/63/63 50/37/37
f 50/37/37 63/63/63 64/64/64 51/39/39
f 51/39/39 64/64/64 65/65/65 52/41/41
f 52/41/41 65/65/65 66/66/66 53/43/43
f 53/43/43 66/66/66 67/67/67 54/45/45
f 54/45/45 67/67/67 68/68/68 55/47/47
f 55/47/47 68/68/68 69/69/69 56/49/49
f 56/49/49 69/69/69 70/70/70 57/51/51
f 57/51/51 70/70/70 71/71/71 58/53/53
f 58/53/53 71/71/71 72/72/72 59/55/55
f 59/55/55 72/72/72 73/73/73 60/57/57
f 60/57/57 73/73/73 74/74/74 61/59/59
f 61/59/59 74/74/74 75/75/75 62/61/61
f 62/61/61 75/75/75 8/8/8 6/6/6
f 7/7/7 9/9/9 76/76/76 63/63/63
f 63/63/63 76/76/76 77/77/77 64/64/64
f 64/64/64 77/77/77 78/78/78 65/65/65
f 65/65/65 78/78/78 79/79/79 66/66/66
f 66/66/66 79/79/79 80/80/80 67/67/67
f 67/67/67 80/80/80 81/81/81 68/68/68
f 68/68/68 81/81/81 82/82/82 69/69/69
f 69/69/69 82/82/82 83/83/83 70/70/70
f 70/70/70 83/83/83 84/84/84 71/71/71
f 71/71/71 84/84/84 85/85/85 72/72/72
f 72/72/72 85/85/85 86/86/86 73/73/73
f 73/73/73 86/86/86 87/87/87 74/74/74
f 74/74/74 87/87/87 88/88/88 75/75/75
f 75/75/75 88/88/88 10/10/10 8/8/8
f 9/9/9 11/11/11 89/89/89 76/76/76
f 76/76/76 89/89/89 90/90/90 77/77/77
f 77/77/77 90/90/90 91/91/91 78/78/78
f 78/78/78 91/91/91 92/92/92 79/79/79
f 79/79/79 92/92/92 93/93/93 80/80/80
f 80/80/80 93/93/93 94/94/94 81/81/81
f 81/81/81 94/94/94 95/95/95 82/82/82
f 82/82/82 95/95/95 96/96/96 83/83/83
f 83/83/83 96/96/96 97/97/97 84/84/84
f 84/84/84 97/97/97 98/98/98 85/85/85
f 85/85/85 98/98/98 99/99/99 86/86/86
f 86/86/86 99/99/99 100/100/100 87/87/87
f 87/87/87 100/100/100 101/101/101 88/88/88
f 88/88/88 101/101/101 12/12/12 10/10/10
f 11/11/11 13/13/13 102/102/102 89/89/89
f 89/89/89 102/102/102 103/103/103 90/90/90
f 90/90/90 103/103/103 104/104/104 91/91/91
f 91/91/91 104/104/104 105/105/105 92/92/92
f 92/92/92 105/105/105 106/106/106 93/93/93
f 93/93/93 106/106/106 107/107/107 94/94/94
f 94/94/94 107/107/107 108/108/108 95/95/95
f 95/95/95 108/108/108 109/109/109 96/96/96
f 96/96/96 109/109/109 110/110/110 97/97/97
f 97/97/97 110/110/110 111/111/111 98/98/98
f 98/98/98 111/111/111 112/112/112 99/99/99
f 99/99/99 112/112/112 113/113/113 100/100/100
f 100/100/100 113/113/113 114/114/114 101/101/101
f 101/101/101 114/114/114 14/14/14 12/12/12
f 13/13/13 15/15/15 115/115/115 102/102/102
f 102/102/102 115/115/115 116/116/116 103/103/103
f 103/103/103 116/116/116 117/117/117 104/104/104
f 104/104/104 117/117/117 118/118/118 105/105/105
f 105/105/105 118/118/118 119/119/119 106/106/106
f 106/106/106 119/119/119 120/120/120 107/107/107
f 107/107/107 120/120/120 121/121/121 108/108/108
f 108/108/108 121/121/121 122/122/122 109/109/109
f 109/109/109 122/122/122 123/123/123 110/110/110
f 110/110/110 123/123/123 124/124/124 111/111/111
f 111/111/111 124/124/124 125/125/125 112/112/112
f 112/112/112 125/125/125 126/126/126 113/113/113
f 113/113/113 126/126/126 127/127/127 114/114/114
f 114/114/114 127/127/127 16/16/16 14/14/14
f 15/15/15 17/17/17 128/128/128 115/115/115
f 115/115/115 128/128/128 129/129/129 116/116/116
f 116/116/116 129/129/129 130/130/130 117/117/117
f 117/117/117 130/130/130 131/131/131 118/118/118
f 118/118/118 131/131/131 132/132/132 119/119/119
f 119/119/119 132/132/132 133/133/133 120/120/120
f 120/120/120 133/133/133 134/134/134 121/121/121
f 121/121/121 134/134/134 135/135/135 122/122/122
f 122/122/122 135/135/135 136/136/136 123/123/123
f 123/123/123 136/136/136 137/137/137 124/124/124
f 124/124/124 137/137/137 138/138/138 125/125/125
f 125/125/125 138/138/138 139/139/139 126/126/126
f 126/126/126 139/139/139 140/140/140 127/127/127
f 127/127/127 140/140/140 18/18/18 16/16/16
f 17/17/17 19/19/19 141/141/141 128/128/128
f 128/128/128 141/141/141 142/142/142 129/129/129
f 129/129/129 142/142/142 143/143/143 130/130/130
f 130/130/130 143/143/143 144/144/144 131/131/131
f 131/131/131 144/144/144 145/145/145 132/132/132
f 132/132/132 145/145/145 146/146/146 133/133/133
f 133/133/133 146/146/146 147/147/147 134/134/134
f 134/134/134 147/147/147 148/148/148 135/135/135
f 135/135/135 148/148/148 149/149/149 136/136/136
f 136/136/136 149/149/149 150/150/150 137/137/137
f 137/137/137 150/150/150 151/151/151 138/138/138
f 138/138/138 151/151/151 152/152/152 139/139/139
f 139/139/139 152/152/152 153/153/153 140/140/140
f 140/140/140 153/153/153 20/20/20 18/18/18
f 19/19/19 21/21/21 154/154/154 141/141/141
f 141/141/141 154/154/154 155/155/155 142/142/142
f 142/142/142 155/155/155 156/156/156 143/143/143
f 143/143/143 156/156/156 157/157/157 144/144/144
f 144/144/144 157/157/157 158/158/158 145/145/145
f 145/145/145 158/158/158 159/159/159 146/146/146
f 146/146/146 159/159/159 160/160/160 147/147/147
f 147/147/147 160/160/160 161/161/161 148/148/148
f 148/148/148 161/161/161 162/162/162 149/149/149
f 149/149/149 162/162/162 163/163/163 150/150/150
f 150/150/150 163/163/163 164/164/164 151/151/151
f 151/151/151 164/164/164 165/165/165 152/152/152
f 152/152/152 165/165/165 166/166/166 153/153/153
f 153/153/153 166/166/166 22/22/22 20/20/20
f 21/21/21 23/23/23 167/167/167 154/154/154
f 154/154/154 167/167/167 168/168/168 155/155/155
f 155/155/155 168/168/168 169/169/169 156/156/156
f 156/156/156 169/169/169 170/170/170 157/157/157
f 157/157/157 170/170/170 171/171/171 158/158/158
f 158/158/158 171/171/171 172/172/172 159/159/159
f 159/159/159 172/172/172 173/173/173 160/160/160
f 160/160/160 173/173/173 174/174/174 161/161/161
f 161/161/161 174/174/174 175/175/175 162/162/162
f 162/162/162 175/175/175 176/176/176 163/163/163
f 163/163/163 176/176/176 177/177/177 164/164/164
f 164/164/164 177/177/177 178/178/178 165/165/165
f 165/165/165 178/178/178 179/179/179 166/166/166
f 166/166/166 179/179/179 24/24/24 22/22/22
f 23/23/23 25/25/25 180/180/180 167/167/167
f 167/167/167 180/180/180 181/181/181 168/168/168
f 168/168/168 181/181/181 182/182/182 169/169/169
f 169/169/169 182/182/182 183/183/183 170/170/170
f 170/170/170 183/183/183 184/184/184 171/171/171
f 171/171/171 184/184/184 185/185/185 172/172/172
f 172/172/172 185/185/185 186/186/186 173/173/173
f 173/173/173 186/186/186 187/187/187 174/174/174
f 174/174/174 187/187/187 188/188/188 175/175/175
f 175/175/175 188/188/188 189/189/189 176/176/176
f 176/176/176 189/189/189 190/190/190 177/177/177
f 177/177/177 190/190/190 191/191/191 178/178/178
f 178/178/178 191/191/191 192/192/192 179/179/179
f 179/179/179 192/192/192 26/26/26 24/24/24
f 25/25/25 27/27/27 193/193/193 180/180/180
f 180/180/180 193/193/193 194/194/194 181/181/181
f 181/181/181 194/194/194 195/195/195 182/182/182
f 182/182/182 195/195/195 196/196/196 183/183/183
f 183/183/183 196/196/196 197/197/197 184/184/184
f 184/184/184 197/197/197 198/198/198 185/185/185
f 185/185/185 198/198/198 199/199/199 186/186/186
f 186/186/186 199/199/199 200/200/200 187/187/187
f 187/187/187 200/200/200 201/201/201 188/188/188
f 188/188/188 201/201/201 202/202/202 189/189/189
f 189/189/189 202/202/202 203/203/203 190/190/190
f 190/190/190 203/203/203 204/204/204 191/191/191
f 191/191/191 204/204/204 205/205/205 192/192/192
f 192/192/192 205/205/205 28/28/28 26/26/26
f 27/27/27 29/29/29 206/206/206 193/193/193
f 193/193/193 206/206/206 207/207/207 194/194/194
f 194/194/194 207/207/207 208/208/208 195/195/195
f 195/195/195 208/208/208 209/209/209 196/196/196
f 196/196/196 209/209/209 210/210/210 197/197/197
f 197/197/197 210/210/210 211/211/211 198/198/198
f 198/198/198 211/211/211 212/212/212 199/199/199
f 199/199/199 212/212/212 213/213/213 200/200/200
f 200/200/200 213/213/213 214/214/214 201/201/201
f 201/201/201 214/214/214 215/215/215 202/202/202
f 202/202/202 215/215/215 216/216/216 203/203/203
f 203/203/203 216/216/216 217/217/217 204/204/204
f 204/204/204 217/217/217 218/218/218 205/205/205
f 205/205/205 218/218/218 30/30/30 28/28/28
f 29/29/29 31/31/31 219/219/219 206/206/206
f 206/206/206 219/219/219 220/220/220 207/207/207
f 207/207/207 220/220/220 221/221/221 208/208/208
f 208/208/208 221/221/221 222/222/222 209/209/209
f 209/209/209 222/222/222 223/223/223 210/210/210
f 210/210/210 223/223/223 224/224/224 211/211/211
f 211/211/211 224/224/224 225/225/225 212/212/212
f 212/212/212 225/225/225 226/226/226 213/213/213
f 213/213/213 226/226/226 227/227/227 214/214/214
f 214/214/214 227/227/227 228/228/228 215/215/215
f 215/215/215 228/228/228 229/229/229 216/216/216
f 216/216/216 229/229/229 230/230/230 217/217/217
f 217/217/217 230/230/230 231/231/231 218/218/218
f 218/218/218 231/231/231 32/32/32 30/30/30
f 31/31/31 33/33/33 232/232/232 219/219/219
f 219/219/219 232/232/232 233/233/233 220/220/220
f 220/220/220 233/233/233 234/234/234 221/221/221
f 221/221/221 234/234/234 235/235/235 222/222/222
f 222/222/222 235/235/235 236/236/236 223/223/223
f 223/223/223 236/236/236 237/237/237 224/224/224
f 224/224/224 237/237/237 238/238/238 225/225/225
f 225/225/225 238/238/238 239/239/239 226/226/226
f 226/226/226 239/239/239 240/240/240 227/227/227
f 227/227/227 240/240/240 241/241/241 228/228/228
f 228/228/228 241/241/241 242/242/242 229/229/229
f 229/229/229 242/242/242 243/243/243 230/230/230
f 230/230/230 243/243/243 244/244/244 231/231/231
f 231/231/231 244/244/244 34/34/34 32/32/32
f 33/33/33 35/35/35 245/245/245 232/232/232
f 232/232/232 245/245/245 246/246/246 233/233/233
f 233/233/233 246/246/246 247/247/247 234/234/234
f 234/234/234 247/247/247 248/248/248 235/235/235
f 235/235/235 248/248/248 249/249/249 236/236/236
f 236/236/236 249/249/249 250/250/250 237/237/237
f 237/237/237 250/250/250 251/251/251 238/238/238
f 238/238/238 251/251/251 252/252/252 239/239/239
f 239/239/239 252/252/252 253/253/253 240/240/240
f 240/240/240 253/253/253 254/254/254 241/241/241
f 241/241/241 254/254/254 255/255/255 242/242/242
f 242/242/242 255/255/255 256/256/256 243/243/243
f 243/243/243 256/256/256 257/257/257 244/244/244
f 244/244/244 257/257/257 36/36/36 34/34/34
f 36/36/36 257/257/257 258/258/258 259/259/259
f 257/257/257 256/256/256 260/260/260 258/258/258
f 256/256/256 255/255/255 261/261/261 260/260/260
f 255/255/255 254/254/254 262/262/262 261/261/261
f 254/254/254 253/253/253 263/263/263 262/262/262
f 253/253/253 252/252/252 264/264/264 263/263/263
f 252/252/252 251/251/251 265/265/265 264/264/264
f 251/251/251 250/250/250 266/266/266 265/265/265
f 250/250/250 249/249/249 267/267/267 266/266/266
f 249/249/249 248/248/248 268/268/268 267/267/267
f 248/248/248 247/247/247 269/269/269 268/268/268
f 247/247/247 246/246/246 270/270/270 269/269/269
f 246/246/246 245/245/245 271/271/271 270/270/270
f 245/245/245 35/35/35 272/272/272 271/271/271
f 35/35/35 1/1/1 273/273/273 272/272/272
f 1/1/1 2/3/3 274/274/274 273/273/273
f 2/3/3 37/38/38 275/275/275 274/274/274
f 37/38/38 38/40/40 276/276/276 275/275/275
f 38/40/40 39/42/42 277/277/277 276/276/276
f 39/42/42 40/44/44 278/278/278 277/277/277
f 40/44/44 41/46/46 279/279/279 278/278/278
f 41/46/46 42/48/48 280/280/280 279/279/279
f 42/48/48 43/50/50 281/281/281 280/280/280
f 43/50/50 44/52/52 282/282/282 281/281/281
f 44/52/52 45/54/54 283/283/283 282/282/282
f 45/54/54 46/56/56 284/284/284 283/283/283
f 46/56/56 47/58/58 285/285/285 284/284/284
f 47/58/58 48/60/60 286/286/286 285/285/285
f 48/60/60 49/62/62 287/287/287 286/286/286
f 49/62/62 4/5/5 288/288/288 287/287/287
f 4/5/5 3/4/4 289/289/289 288/288/288
f 3/4/4 36/36/36 259/259/259 289/289/289
f 259/259/259 258/258/258 290/290/290 291/291/291
f 258/258/258 260/260/260 292/292/292 290/290/290
f 260/260/260 261/261/261 293/293/293 292/292/292
f 261/261/261 262/262/262 294/294/294 293/293/293
f 262/262/262 263/263/263 295/295/295 294/294/294
f 263/263/263 264/264/264 296/296/296 295/295/295
f 264/264/264 265/265/265 297/297/297 296/296/296
f 265/265/265 266/266/266 298/298/298 297/297/297
f 266/266/266 267/267/267 299/299/299 298/298/298
f 267/267/267 268/268/268 300/300/300 299/299/299
f 268/268/268 269/269/269 301/301/301 300/300/300
f 269/269/269 270/270/270 302/302/302 301/301/301
f 270/270/270 271/271/271 303/303/303 302/302/302
f 271/271/271 272/272/272 304/304/304 303/303/303
f 272/272/272 273/273/273 305/305/305 304/304/304
f 273/273/273 274/274/274 306/306/306 305/305/305
f 274/274/274 275/275/275 307/307/307 306/306/306
f 275/275/275 276/276/276 308/308/308 307/307/307
f 276/276/276 277/277/277 309/309/309 308/308/308
f 277/277/277 278/278/278 310/310/310 309/309/309
f 278/278/278 279/279/279 311/311/311 310/310/310
f 279/279/279 280/280/280 312/312/312 311/311/311
f 280/280/280 281/281/281 313/313/313 312/312/312
f 281/281/281 282/282/282 314/314/314 313/313/313
f 282/282/282 283/283/283 315/315/315 314/314/314
f 283/283/283 284/284/284 316/316/316 315/315/315
f 284/284/284 285/285/285 317/317/317 316/316/316
f 285/285/285 286/286/286 318/318/318 317/317/317
f 286/286/286 287/287/287 319/319/319 318/318/318
f 287/287/287 288/288/288 320/320/320 319/319/319
f 288/288/288 289/289/289 321/321/321 320/320/320
f 289/289/289 259/259/259 291/291/291 321/321/321
g default
v -0.162544 0.520375 -0.022000
v -0.162544 0.569587 -0.022000
v -0.160707 0.520847 -0.017565
v -0.160707 0.569115 -0.017565
v -0.159877 0.520847 -0.018009
v -0.159877 0.569115 -0.018009
v -0.159150 0.520847 -0.018606
v -0.159150 0.569115 -0.018606
v -0.158553 0.520847 -0.019333
v -0.158553 0.569115 -0.019333
v -0.158109 0.520847 -0.020163
v -0.158109 0.569115 -0.020163
v -0.157836 0.520847 -0.021063
v -0.157836 0.569115 -0.021063
v -0.157744 0.520847 -0.022000
v -0.157744 0.569115 -0.022000
v -0.157836 0.520847 -0.022937
v -0.157836 0.569115 -0.022937
v -0.158109 0.520847 -0.023837
v -0.158109 0.569115 -0.023837
v -0.158553 0.520847 -0.024667
v -0.158553 0.569115 -0.024667
v -0.159150 0.520847 -0.025394
v -0.159150 0.569115 -0.025394
v -0.159877 0.520847 -0.025991
v -0.159877 0.569115 -0.025991
v -0.160707 0.520847 -0.026435
v -0.160707 0.569115 -0.026435
v -0.161607 0.520847 -0.026708
v -0.161607 0.569115 -0.026708
v -0.162544 0.520847 -0.026800
v -0.162544 0.569115 -0.026800
v -0.163481 0.520847 -0.026708
v -0.163481 0.569115 -0.026708
v -0.164381 0.520847 -0.026435
v -0.164381 0.569115 -0.026435
v -0.158940 0.522248 -0.013300
v -0.157313 0.524522 -0.009370
v -0.155886 0.527582 -0.005925
v -0.154715 0.531310 -0.003098
v -0.153844 0.535565 -0.000997
v -0.153308 0.540181 0.000296
v -0.153128 0.544981 0.000733
v -0.153308 0.549782 0.000296
v -0.153844 0.554397 -0.000997
v -0.154715 0.558652 -0.003098
v -0.155886 0.562380 -0.005925
v -0.157313 0.565440 -0.009370
v -0.158940 0.567714 -0.013300
v -0.157313 0.522248 -0.014171
v -0.154949 0.524522 -0.010633
v -0.152877 0.527582 -0.007533
v -0.151177 0.531310 -0.004989
v -0.149914 0.535565 -0.003098
v -0.149136 0.540181 -0.001934
v -0.148873 0.544981 -0.001541
v -0.149136 0.549782 -0.001934
v -0.149914 0.554397 -0.003098
v -0.151177 0.558652 -0.004989
v -0.152877 0.562380 -0.007533
v -0.154949 0.565440 -0.010633
v -0.157313 0.567714 -0.014171
v -0.155886 0.522248 -0.015342
v -0.152877 0.524522 -0.012334
v -0.150241 0.527582 -0.009697
v -0.148077 0.531310 -0.007533
v -0.146469 0.535565 -0.005925
v -0.145479 0.540181 -0.004935
v -0.145145 0.544981 -0.004601
v -0.145479 0.549782 -0.004935
v -0.146469 0.554397 -0.005925
v -0.148077 0.558652 -0.007533
v -0.150241 0.562380 -0.009697
v -0.152877 0.565440 -0.012334
v -0.155886 0.567714 -0.015342
v -0.154715 0.522248 -0.016769
v -0.151177 0.524522 -0.014405
v -0.148077 0.527582 -0.012334
v -0.145533 0.531310 -0.010633
v -0.143642 0.535565 -0.009370
v -0.142478 0.540181 -0.008592
v -0.142085 0.544981 -0.008329
v -0.142478 0.549782 -0.008592
v -0.143642 0.554397 -0.009370
v -0.145533 0.558652 -0.010633
v -0.148077 0.562380 -0.012334
v -0.151177 0.565440 -0.014405
v -0.154715 0.567714 -0.016769
v -0.153844 0.522248 -0.018397
v -0.149914 0.524522 -0.016769
v -0.146469 0.527582 -0.015342
v -0.143642 0.531310 -0.014171
v -0.141541 0.535565 -0.013300
v -0.140248 0.540181 -0.012765
v -0.139811 0.544981 -0.012584
v -0.140248 0.549782 -0.012765
v -0.141541 0.554397 -0.013300
v -0.143642 0.558652 -0.014171
v -0.146469 0.562380 -0.015342
v -0.149914 0.565440 -0.016769
v -0.153844 0.567714 -0.018397
v -0.153308 0.522248 -0.020163
v -0.149136 0.524522 -0.019333
v -0.145479 0.527582 -0.018606
v -0.142478 0.531310 -0.018009
v -0.140248 0.535565 -0.017565
v -0.138874 0.540181 -0.017292
v -0.138410 0.544981 -0.017200
v -0.138874 0.549782 -0.017292
v -0.140248 0.554397 -0.017565
v -0.142478 0.558652 -0.018009
v -0.145479 0.562380 -0.018606
v -0.149136 0.565440 -0.019333
v -0.153309 0.567714 -0.020163
v -0.153128 0.522248 -0.022000
v -0.148873 0.524522 -0.022000
v -0.145145 0.527582 -0.022000
v -0.142085 0.531310 -0.022000
v -0.139811 0.535565 -0.022000
v -0.138410 0.540181 -0.022000
v -0.137938 0.544981 -0.022000
v -0.138410 0.549782 -0.022000
v -0.139811 0.554397 -0.022000
v -0.142085 0.558652 -0.022000
v -0.145145 0.562380 -0.022000
v -0.148873 0.565440 -0.022000
v -0.153128 0.567714 -0.022000
v -0.153308 0.522248 -0.023837
v -0.149136 0.524522 -0.024667
v -0.145479 0.527582 -0.025394
v -0.142478 0.531310 -0.025991
v -0.140248 0.535565 -0.026435
v -0.138874 0.540181 -0.026708
v -0.138410 0.544981 -0.026800
v -0.138874 0.549782 -0.026708
v -0.140248 0.554397 -0.026435
v -0.142478 0.558652 -0.025991
v -0.145479 0.562380 -0.025394
v -0.149136 0.565440 -0.024667
v -0.153309 0.567714 -0.023837
v -0.153844 0.522248 -0.025603
v -0.149914 0.524522 -0.027231
v -0.146469 0.527582 -0.028658
v -0.143642 0.531310 -0.029830
v -0.141541 0.535565 -0.030700
v -0.140248 0.540181 -0.031235
v -0.139811 0.544981 -0.031416
v -0.140248 0.549782 -0.031235
v -0.141541 0.554397 -0.030700
v -0.143642 0.558652 -0.029830
v -0.146469 0.562380 -0.028658
v -0.149914 0.565440 -0.027231
v -0.153844 0.567714 -0.025603
v -0.154715 0.522248 -0.027231
v -0.151177 0.524522 -0.029595
v -0.148077 0.527582 -0.031666
v -0.145533 0.531310 -0.033367
v -0.143642 0.535565 -0.034630
v -0.142478 0.540181 -0.035408
v -0.142085 0.544981 -0.035671
v -0.142478 0.549782 -0.035408
v -0.143642 0.554397 -0.034630
v -0.145533 0.558652 -0.033367
v -0.148077 0.562380 -0.031666
v -0.151177 0.565440 -0.029595
v -0.154715 0.567714 -0.027231
v -0.155886 0.522248 -0.028658
v -0.152877 0.524522 -0.031666
v -0.150241 0.527582 -0.034303
v -0.148077 0.531310 -0.036467
v -0.146469 0.535565 -0.038075
v -0.145479 0.540181 -0.039065
v -0.145145 0.544981 -0.039399
v -0.145479 0.549782 -0.039065
v -0.146469 0.554397 -0.038075
v -0.148077 0.558652 -0.036467
v -0.150241 0.562380 -0.034303
v -0.152877 0.565440 -0.031666
v -0.155886 0.567714 -0.028658
v -0.157313 0.522248 -0.029830
v -0.154949 0.524522 -0.033367
v -0.152877 0.527582 -0.036467
v -0.151177 0.531310 -0.039011
v -0.149914 0.535565 -0.040902
v -0.149136 0.540181 -0.042066
v -0.148873 0.544981 -0.042459
v -0.149136 0.549782 -0.042066
v -0.149914 0.554397 -0.040902
v -0.151177 0.558652 -0.039011
v -0.152877 0.562380 -0.036467
v -0.154949 0.565440 -0.033367
v -0.157313 0.567714 -0.029830
v -0.158940 0.522248 -0.030700
v -0.157313 0.524522 -0.034630
v -0.155886 0.527582 -0.038075
v -0.154715 0.531310 -0.040902
v -0.153844 0.535565 -0.043003
v -0.153309 0.540181 -0.044296
v -0.153128 0.544981 -0.044733
v -0.153309 0.549782 -0.044296
v -0.153844 0.554397 -0.043003
v -0.154715 0.558652 -0.040902
v -0.155886 0.562380 -0.038075
v -0.157313 0.565440 -0.034630
v -0.158940 0.567714 -0.030700
v -0.160707 0.522248 -0.031235
v -0.159877 0.524522 -0.035408
v -0.159150 0.527582 -0.039065
v -0.158553 0.531310 -0.042066
v -0.158109 0.535565 -0.044296
v -0.157836 0.540181 -0.045670
v -0.157744 0.544981 -0.046133
v -0.157836 0.549782 -0.045670
v -0.158109 0.554397 -0.044296
v -0.158553 0.558652 -0.042066
v -0.159150 0.562380 -0.039065
v -0.159877 0.565440 -0.035408
v -0.160707 0.567714 -0.031235
v -0.162544 0.522248 -0.031416
v -0.162544 0.524522 -0.035671
v -0.162544 0.527582 -0.039399
v -0.162544 0.531310 -0.042459
v -0.162544 0.535565 -0.044733
v -0.162544 0.540181 -0.046133
v -0.162544 0.544981 -0.046606
v -0.162544 0.549782 -0.046133
v -0.162544 0.554397 -0.044733
v -0.162544 0.558652 -0.042459
v -0.162544 0.562380 -0.039399
v -0.162544 0.565440 -0.035671
v -0.162544 0.567714 -0.031416
v -0.164381 0.522248 -0.031235
v -0.165211 0.524522 -0.035408
v -0.165938 0.527582 -0.039065
v -0.166535 0.531310 -0.042066
v -0.166979 0.535565 -0.044296
v -0.167252 0.540181 -0.045670
v -0.167344 0.544981 -0.046133
v -0.167252 0.549782 -0.045670
v -0.166979 0.554397 -0.044296
v -0.166535 0.558652 -0.042066
v -0.165938 0.562380 -0.039065
v -0.165211 0.565440 -0.035408
v -0.164381 0.567714 -0.031235
v -0.166148 0.522248 -0.030700
v -0.167775 0.524522 -0.034630
v -0.169202 0.527582 -0.038075
v -0.170373 0.531310 -0.040902
v -0.171244 0.535565 -0.043003
v -0.171779 0.540181 -0.044296
v -0.171960 0.544981 -0.044733
v -0.171779 0.549782 -0.044296
v -0.171244 0.554397 -0.043003
v -0.170373 0.558652 -0.040902
v -0.169202 0.562380 -0.038075
v -0.167775 0.565440 -0.034630
v -0.166148 0.567714 -0.030700
v -0.255178 0.523546 0.007000
v -0.254241 0.524018 0.011708
v -0.255178 0.524018 0.011800
v -0.255178 0.572758 0.007000
v -0.255178 0.572285 0.011800
v -0.254241 0.572285 0.011708
v -0.253341 0.524018 0.011435
v -0.253341 0.572285 0.011435
v -0.257015 0.524018 0.002565
v -0.257015 0.572285 0.002565
v -0.257845 0.524018 0.003009
v -0.257845 0.572285 0.003009
v -0.258572 0.524018 0.003606
v -0.258572 0.572285 0.003606
v -0.259169 0.524018 0.004333
v -0.259169 0.572285 0.004333
v -0.259613 0.524018 0.005163
v -0.259613 0.572285 0.005163
v -0.259886 0.524018 0.006063
v -0.259886 0.572285 0.006063
v -0.259979 0.524018 0.007000
v -0.259979 0.572285 0.007000
v -0.259886 0.524018 0.007937
v -0.259886 0.572285 0.007937
v -0.259613 0.524018 0.008837
v -0.259613 0.572285 0.008837
v -0.259169 0.524018 0.009667
v -0.259169 0.572285 0.009667
v -0.258572 0.524018 0.010394
v -0.258572 0.572285 0.010394
v -0.257845 0.524018 0.010991
v -0.257845 0.572285 0.010991
v -0.257015 0.524018 0.011435
v -0.257015 0.572285 0.011435
v -0.256115 0.524018 0.011708
v -0.256115 0.572285 0.011708
v -0.253341 0.525419 0.016236
v -0.255178 0.525419 0.016416
v -0.252511 0.527693 0.020408
v -0.255178 0.527693 0.020670
v -0.251784 0.530753 0.024065
v -0.255178 0.530753 0.024399
v -0.251187 0.534481 0.027066
v -0.255178 0.534481 0.027459
v -0.250743 0.538736 0.029296
v -0.255178 0.538736 0.029733
v -0.250470 0.543352 0.030670
v -0.255178 0.543352 0.031134
v -0.250378 0.548152 0.031134
v -0.255178 0.548152 0.031606
v -0.250470 0.552952 0.030670
v -0.255178 0.552952 0.031134
v -0.250743 0.557568 0.029296
v -0.255178 0.557568 0.029733
v -0.251187 0.561822 0.027066
v -0.255178 0.561822 0.027459
v -0.251784 0.565551 0.024065
v -0.255178 0.565551 0.024399
v -0.252511 0.568611 0.020408
v -0.255178 0.568611 0.020670
v -0.253341 0.570885 0.016236
v -0.255178 0.570885 0.016416
v -0.251575 0.525419 0.015700
v -0.249947 0.527693 0.019630
v -0.248520 0.530753 0.023075
v -0.247349 0.534481 0.025902
v -0.246478 0.538736 0.028003
v -0.245943 0.543352 0.029296
v -0.245762 0.548152 0.029733
v -0.245943 0.552952 0.029296
v -0.246478 0.557568 0.028003
v -0.247349 0.561822 0.025902
v -0.248520 0.565551 0.023075
v -0.249947 0.568611 0.019630
v -0.251575 0.570885 0.015700
v -0.258782 0.525419 -0.001700
v -0.260410 0.527693 -0.005630
v -0.261836 0.530753 -0.009075
v -0.263008 0.534481 -0.011902
v -0.263878 0.538736 -0.014003
v -0.264414 0.543352 -0.015296
v -0.264594 0.548152 -0.015733
v -0.264414 0.552952 -0.015296
v -0.263878 0.557568 -0.014003
v -0.263007 0.561822 -0.011902
v -0.261836 0.565551 -0.009075
v -0.260410 0.568611 -0.005630
v -0.258782 0.570885 -0.001700
v -0.260410 0.525419 -0.000829
v -0.262773 0.527693 -0.004367
v -0.264845 0.530753 -0.007467
v -0.266545 0.534481 -0.010011
v -0.267808 0.538736 -0.011902
v -0.268586 0.543352 -0.013066
v -0.268849 0.548152 -0.013459
v -0.268586 0.552952 -0.013066
v -0.267808 0.557568 -0.011902
v -0.266545 0.561822 -0.010011
v -0.264845 0.565551 -0.007467
v -0.262773 0.568611 -0.004367
v -0.260410 0.570885 -0.000829
v -0.261836 0.525419 0.000342
v -0.264845 0.527693 -0.002667
v -0.267481 0.530753 -0.005303
v -0.269645 0.534481 -0.007467
v -0.271253 0.538736 -0.009075
v -0.272243 0.543352 -0.010065
v -0.272577 0.548152 -0.010399
v -0.272243 0.552952 -0.010065
v -0.271253 0.557568 -0.009075
v -0.269645 0.561822 -0.007467
v -0.267481 0.565551 -0.005303
v -0.264845 0.568611 -0.002667
v -0.261836 0.570885 0.000342
v -0.263008 0.525419 0.001769
v -0.266545 0.527693 -0.000595
v -0.269645 0.530753 -0.002667
v -0.272189 0.534481 -0.004367
v -0.274080 0.538736 -0.005630
v -0.275244 0.543352 -0.006408
v -0.275637 0.548152 -0.006671
v -0.275244 0.552952 -0.006408
v -0.274080 0.557568 -0.005630
v -0.272189 0.561822 -0.004367
v -0.269645 0.565551 -0.002667
v -0.266545 0.568611 -0.000595
v -0.263007 0.570885 0.001769
v -0.263878 0.525419 0.003396
v -0.267808 0.527693 0.001769
v -0.271253 0.530753 0.000342
v -0.274080 0.534481 -0.000829
v -0.276181 0.538736 -0.001700
v -0.277474 0.543352 -0.002235
v -0.277911 0.548152 -0.002416
v -0.277474 0.552952 -0.002235
v -0.276181 0.557568 -0.001700
v -0.274080 0.561822 -0.000829
v -0.271253 0.565551 0.000342
v -0.267808 0.568611 0.001769
v -0.263878 0.570885 0.003396
v -0.264414 0.525419 0.005163
v -0.268586 0.527693 0.004333
v -0.272243 0.530753 0.003606
v -0.275244 0.534481 0.003009
v -0.277474 0.538736 0.002565
v -0.278848 0.543352 0.002292
v -0.279312 0.548152 0.002200
v -0.278848 0.552952 0.002292
v -0.277474 0.557568 0.002565
v -0.275244 0.561822 0.003009
v -0.272243 0.565551 0.003606
v -0.268586 0.568611 0.004333
v -0.264414 0.570885 0.005163
v -0.264594 0.525419 0.007000
v -0.268849 0.527693 0.007000
v -0.272577 0.530753 0.007000
v -0.275637 0.534481 0.007000
v -0.277911 0.538736 0.007000
v -0.279312 0.543352 0.007000
v -0.279784 0.548152 0.007000
v -0.279312 0.552952 0.007000
v -0.277911 0.557568 0.007000
v -0.275637 0.561822 0.007000
v -0.272577 0.565551 0.007000
v -0.268849 0.568611 0.007000
v -0.264594 0.570885 0.007000
v -0.264414 0.525419 0.008837
v -0.268586 0.527693 0.009667
v -0.272243 0.530753 0.010394
v -0.275244 0.534481 0.010991
v -0.277474 0.538736 0.011435
v -0.278848 0.543352 0.011708
v -0.279312 0.548152 0.011800
v -0.278848 0.552952 0.011708
v -0.277474 0.557568 0.011435
v -0.275244 0.561822 0.010991
v -0.272243 0.565551 0.010394
v -0.268586 0.568611 0.009667
v -0.264414 0.570885 0.008837
v -0.263878 0.525419 0.010603
v -0.267808 0.527693 0.012231
v -0.271253 0.530753 0.013658
v -0.274080 0.534481 0.014829
v -0.276181 0.538736 0.015700
v -0.277474 0.543352 0.016236
v -0.277911 0.548152 0.016416
v -0.277474 0.552952 0.016236
v -0.276181 0.557568 0.015700
v -0.274080 0.561822 0.014829
v -0.271253 0.565551 0.013658
v -0.267808 0.568611 0.012231
v -0.263878 0.570885 0.010603
v -0.263007 0.525419 0.012231
v -0.266545 0.527693 0.014595
v -0.269645 0.530753 0.016666
v -0.272189 0.534481 0.018367
v -0.274080 0.538736 0.019630
v -0.275244 0.543352 0.020408
v -0.275637 0.548152 0.020670
v -0.275244 0.552952 0.020408
v -0.274080 0.557568 0.019630
v -0.272189 0.561822 0.018367
v -0.269645 0.565551 0.016666
v -0.266545 0.568611 0.014595
v -0.263007 0.570885 0.012231
v -0.261836 0.525419 0.013658
v -0.264845 0.527693 0.016666
v -0.267481 0.530753 0.019303
v -0.269645 0.534481 0.021467
v -0.271253 0.538736 0.023075
v -0.272243 0.543352 0.024065
v -0.272577 0.548152 0.024399
v -0.272243 0.552952 0.024065
v -0.271253 0.557568 0.023075
v -0.269645 0.561822 0.021467
v -0.267481 0.565551 0.019303
v -0.264845 0.568611 0.016666
v -0.261836 0.570885 0.013658
v -0.260410 0.525419 0.014829
v -0.262773 0.527693 0.018367
v -0.264845 0.530753 0.021467
v -0.266545 0.534481 0.024011
v -0.267808 0.538736 0.025902
v -0.268586 0.543352 0.027066
v -0.268849 0.548152 0.027459
v -0.268586 0.552952 0.027066
v -0.267808 0.557568 0.025902
v -0.266545 0.561822 0.024011
v -0.264845 0.565551 0.021467
v -0.262773 0.568611 0.018367
v -0.260410 0.570885 0.014829
v -0.258782 0.525419 0.015700
v -0.260410 0.527693 0.019630
v -0.261836 0.530753 0.023075
v -0.263008 0.534481 0.025902
v -0.263878 0.538736 0.028003
v -0.264414 0.543352 0.029296
v -0.264594 0.548152 0.029733
v -0.264414 0.552952 0.029296
v -0.263878 0.557568 0.028003
v -0.263007 0.561822 0.025902
v -0.261836 0.565551 0.023075
v -0.260410 0.568611 0.019630
v -0.258782 0.570885 0.015700
v -0.257015 0.525419 0.016236
v -0.257845 0.527693 0.020408
v -0.258572 0.530753 0.024065
v -0.259169 0.534481 0.027066
v -0.259613 0.538736 0.029296
v -0.259886 0.543352 0.030670
v -0.259978 0.548152 0.031134
v -0.259886 0.552952 0.030670
v -0.259613 0.557568 0.029296
v -0.259169 0.561822 0.027066
v -0.258572 0.565551 0.024065
v -0.257845 0.568611 0.020408
v -0.257015 0.570885 0.016236
v -0.171960 0.544981 -0.044733
v -0.171780 0.549781 -0.044296
v -0.171244 0.554397 -0.043003
v -0.170373 0.558651 -0.040902
v -0.169202 0.562380 -0.038075
v -0.167776 0.565440 -0.034630
v -0.166148 0.567714 -0.030700
v -0.164381 0.569114 -0.026435
v -0.162544 0.569587 -0.022000
v -0.160707 0.569114 -0.017565
v -0.158941 0.567714 -0.013300
v -0.157313 0.565440 -0.009370
v -0.155886 0.562380 -0.005925
v -0.154715 0.558651 -0.003098
v -0.153844 0.554397 -0.000997
v -0.153309 0.549781 0.000296
v -0.153128 0.544981 0.000733
v -0.153309 0.540181 0.000296
v -0.153844 0.535565 -0.000997
v -0.154715 0.531310 -0.003098
v -0.155886 0.527582 -0.005925
v -0.157313 0.524522 -0.009370
v -0.158941 0.522248 -0.013300
v -0.160707 0.520847 -0.017565
v -0.162544 0.520375 -0.022000
v -0.164381 0.520847 -0.026435
v -0.166148 0.522248 -0.030700
v -0.167776 0.524522 -0.034630
v -0.169202 0.527582 -0.038075
v -0.170374 0.531310 -0.040902
v -0.171244 0.535565 -0.043003
v -0.171780 0.540181 -0.044296
vt 0.209519 0.744382
vt 0.214285 0.745055
vt 0.212802 0.745055
vt 0.209519 0.814570
vt 0.212802 0.813897
vt 0.214285 0.813897
vt 0.215584 0.745055
vt 0.215584 0.813897
vt 0.216651 0.745055
vt 0.216651 0.813897
vt 0.217445 0.745055
vt 0.217445 0.813897
vt 0.217932 0.745055
vt 0.217932 0.813897
vt 0.218097 0.745055
vt 0.218097 0.813897
vt 0.217932 0.745055
vt 0.217932 0.813897
vt 0.217445 0.745055
vt 0.217445 0.813897
vt 0.216651 0.745055
vt 0.216651 0.813897
vt 0.215584 0.745055
vt 0.215584 0.813897
vt 0.214285 0.745055
vt 0.214285 0.813897
vt 0.212802 0.745055
vt 0.212802 0.813897
vt 0.211193 0.745055
vt 0.211193 0.813897
vt 0.209519 0.745055
vt 0.209519 0.813897
vt 0.207844 0.745055
vt 0.207844 0.813897
vt 0.206236 0.745055
vt 0.206236 0.813897
vt 0.218867 0.747053
vt 0.215959 0.747053
vt 0.223092 0.750296
vt 0.218867 0.750296
vt 0.226795 0.754661
vt 0.221417 0.754661
vt 0.229833 0.759978
vt 0.223510 0.759978
vt 0.232090 0.766047
vt 0.225066 0.766047
vt 0.233480 0.772630
vt 0.226024 0.772630
vt 0.233950 0.779476
vt 0.226346 0.779476
vt 0.233480 0.786323
vt 0.226024 0.786323
vt 0.232090 0.792906
vt 0.225066 0.792906
vt 0.229833 0.798974
vt 0.223510 0.798974
vt 0.226795 0.804291
vt 0.221417 0.804291
vt 0.223092 0.808656
vt 0.218867 0.808656
vt 0.218867 0.811899
vt 0.215959 0.811899
vt 0.221417 0.747053
vt 0.226795 0.750296
vt 0.231505 0.754661
vt 0.235373 0.759978
vt 0.238246 0.766047
vt 0.240016 0.772630
vt 0.240612 0.779476
vt 0.240016 0.786323
vt 0.238246 0.792906
vt 0.235373 0.798974
vt 0.231505 0.804291
vt 0.226795 0.808656
vt 0.221417 0.811899
vt 0.223510 0.747053
vt 0.229833 0.750296
vt 0.235373 0.754661
vt 0.239919 0.759978
vt 0.243298 0.766047
vt 0.245379 0.772630
vt 0.246081 0.779476
vt 0.245379 0.786323
vt 0.243298 0.792906
vt 0.239919 0.798974
vt 0.235373 0.804291
vt 0.229833 0.808656
vt 0.223510 0.811899
vt 0.225066 0.747053
vt 0.232090 0.750296
vt 0.238246 0.754661
vt 0.243298 0.759978
vt 0.247053 0.766047
vt 0.249364 0.772630
vt 0.250145 0.779476
vt 0.249364 0.786323
vt 0.247053 0.792906
vt 0.243298 0.798974
vt 0.238246 0.804291
vt 0.232090 0.808656
vt 0.225066 0.811899
vt 0.226024 0.747053
vt 0.233480 0.750296
vt 0.240016 0.754661
vt 0.245379 0.759978
vt 0.249364 0.766047
vt 0.251819 0.772630
vt 0.252648 0.779476
vt 0.251819 0.786323
vt 0.249364 0.792906
vt 0.245379 0.798974
vt 0.240016 0.804291
vt 0.233480 0.808656
vt 0.226023 0.811899
vt 0.226346 0.747053
vt 0.233950 0.750296
vt 0.240612 0.754661
vt 0.246081 0.759978
vt 0.250145 0.766047
vt 0.252648 0.772630
vt 0.253492 0.779476
vt 0.252648 0.786323
vt 0.250145 0.792906
vt 0.246081 0.798974
vt 0.240612 0.804291
vt 0.233950 0.808656
vt 0.226346 0.811899
vt 0.226024 0.747053
vt 0.233480 0.750296
vt 0.240016 0.754661
vt 0.245379 0.759978
vt 0.249364 0.766047
vt 0.251819 0.772630
vt 0.252648 0.779476
vt 0.251819 0.786323
vt 0.249364 0.792906
vt 0.245379 0.798974
vt 0.240016 0.804291
vt 0.233480 0.808656
vt 0.226023 0.811899
vt 0.225066 0.747053
vt 0.232090 0.750296
vt 0.238246 0.754661
vt 0.243298 0.759978
vt 0.247053 0.766047
vt 0.249364 0.772630
vt 0.250145 0.779476
vt 0.249364 0.786323
vt 0.247053 0.792906
vt 0.243298 0.798974
vt 0.238246 0.804291
vt 0.232090 0.808656
vt 0.225066 0.811899
vt 0.223510 0.747053
vt 0.229833 0.750296
vt 0.235373 0.754661
vt 0.239919 0.759978
vt 0.243298 0.766047
vt 0.245379 0.772630
vt 0.246081 0.779476
vt 0.245379 0.786323
vt 0.243298 0.792906
vt 0.239919 0.798974
vt 0.235373 0.804291
vt 0.229833 0.808656
vt 0.223510 0.811899
vt 0.221417 0.747053
vt 0.226795 0.750296
vt 0.231505 0.754661
vt 0.235373 0.759978
vt 0.238246 0.766047
vt 0.240016 0.772630
vt 0.240612 0.779476
vt 0.240016 0.786323
vt 0.238246 0.792906
vt 0.235373 0.798974
vt 0.231505 0.804291
vt 0.226795 0.808656
vt 0.221417 0.811899
vt 0.218867 0.747053
vt 0.223092 0.750296
vt 0.226795 0.754661
vt 0.229833 0.759978
vt 0.232090 0.766047
vt 0.233480 0.772630
vt 0.233950 0.779476
vt 0.233480 0.786323
vt 0.232090 0.792906
vt 0.229833 0.798974
vt 0.226795 0.804291
vt 0.223092 0.808656
vt 0.218867 0.811899
vt 0.215959 0.747053
vt 0.218867 0.750296
vt 0.221417 0.754661
vt 0.223510 0.759978
vt 0.225066 0.766047
vt 0.226023 0.772630
vt 0.226346 0.779476
vt 0.226023 0.786323
vt 0.225066 0.792906
vt 0.223510 0.798974
vt 0.221417 0.804291
vt 0.218867 0.808656
vt 0.215959 0.811899
vt 0.212802 0.747053
vt 0.214285 0.750296
vt 0.215584 0.754661
vt 0.216651 0.759978
vt 0.217445 0.766047
vt 0.217932 0.772630
vt 0.218097 0.779476
vt 0.217932 0.786323
vt 0.217445 0.792906
vt 0.216651 0.798974
vt 0.215584 0.804291
vt 0.214285 0.808656
vt 0.212802 0.811899
vt 0.209519 0.747053
vt 0.209519 0.750296
vt 0.209519 0.754661
vt 0.209519 0.759978
vt 0.209519 0.766047
vt 0.209519 0.772630
vt 0.209519 0.779476
vt 0.209519 0.786323
vt 0.209519 0.792906
vt 0.209519 0.798974
vt 0.209519 0.804291
vt 0.209519 0.808656
vt 0.209519 0.811899
vt 0.206236 0.747053
vt 0.204753 0.750296
vt 0.203453 0.754661
vt 0.202386 0.759978
vt 0.201593 0.766047
vt 0.201105 0.772630
vt 0.200941 0.779476
vt 0.201105 0.786323
vt 0.201593 0.792906
vt 0.202386 0.798974
vt 0.203453 0.804291
vt 0.204753 0.808656
vt 0.206236 0.811899
vt 0.203078 0.747053
vt 0.200170 0.750296
vt 0.197620 0.754661
vt 0.195528 0.759978
vt 0.193971 0.766047
vt 0.193015 0.772630
vt 0.192692 0.779476
vt 0.193015 0.786323
vt 0.193971 0.792906
vt 0.195528 0.798974
vt 0.197620 0.804291
vt 0.200170 0.808656
vt 0.203078 0.811899
vt 0.043973 0.748904
vt 0.045648 0.749578
vt 0.043973 0.749578
vt 0.043973 0.819093
vt 0.043973 0.818418
vt 0.045648 0.818418
vt 0.047256 0.749578
vt 0.047256 0.818418
vt 0.039207 0.749578
vt 0.040690 0.749578
vt 0.040690 0.818418
vt 0.039207 0.818418
vt 0.037908 0.749578
vt 0.037908 0.818418
vt 0.036841 0.749578
vt 0.036841 0.818418
vt 0.036047 0.749578
vt 0.036047 0.818418
vt 0.035560 0.749578
vt 0.035560 0.818418
vt 0.035393 0.749578
vt 0.035393 0.818418
vt 0.035560 0.749578
vt 0.035560 0.818418
vt 0.036047 0.749578
vt 0.036047 0.818418
vt 0.036841 0.749578
vt 0.036841 0.818418
vt 0.037908 0.749578
vt 0.037908 0.818418
vt 0.039207 0.749578
vt 0.039207 0.818418
vt 0.040690 0.749578
vt 0.040690 0.818418
vt 0.042299 0.749578
vt 0.042299 0.818418
vt 0.047256 0.751576
vt 0.043973 0.751576
vt 0.048739 0.754819
vt 0.043973 0.754819
vt 0.050039 0.759183
vt 0.043973 0.759183
vt 0.051105 0.764500
vt 0.043973 0.764500
vt 0.051899 0.770569
vt 0.043973 0.770569
vt 0.052387 0.777153
vt 0.043973 0.777153
vt 0.052551 0.783999
vt 0.043973 0.783999
vt 0.052387 0.790845
vt 0.043973 0.790845
vt 0.051899 0.797428
vt 0.043973 0.797428
vt 0.051105 0.803495
vt 0.043973 0.803495
vt 0.050039 0.808814
vt 0.043973 0.808814
vt 0.048739 0.813178
vt 0.043973 0.813178
vt 0.047256 0.816421
vt 0.043973 0.816421
vt 0.050412 0.751576
vt 0.053321 0.754819
vt 0.055872 0.759183
vt 0.057964 0.764500
vt 0.059521 0.770569
vt 0.060477 0.777153
vt 0.060800 0.783999
vt 0.060477 0.790845
vt 0.059521 0.797428
vt 0.057964 0.803495
vt 0.055872 0.808814
vt 0.053321 0.813178
vt 0.050412 0.816421
vt 0.034623 0.751576
vt 0.037533 0.751576
vt 0.030400 0.754819
vt 0.034623 0.754819
vt 0.026697 0.759183
vt 0.032075 0.759183
vt 0.023659 0.764500
vt 0.029980 0.764500
vt 0.021402 0.770569
vt 0.028426 0.770569
vt 0.020012 0.777153
vt 0.027468 0.777153
vt 0.019542 0.783999
vt 0.027146 0.783999
vt 0.020012 0.790845
vt 0.027468 0.790845
vt 0.021402 0.797428
vt 0.028426 0.797428
vt 0.023659 0.803495
vt 0.029982 0.803495
vt 0.026697 0.808814
vt 0.032075 0.808814
vt 0.030400 0.813178
vt 0.034623 0.813178
vt 0.034623 0.816421
vt 0.037533 0.816421
vt 0.032075 0.751576
vt 0.026697 0.754819
vt 0.021987 0.759183
vt 0.018119 0.764500
vt 0.015246 0.770569
vt 0.013476 0.777153
vt 0.012880 0.783999
vt 0.013476 0.790845
vt 0.015246 0.797428
vt 0.018119 0.803495
vt 0.021987 0.808814
vt 0.026697 0.813178
vt 0.032075 0.816421
vt 0.029980 0.751576
vt 0.023659 0.754819
vt 0.018119 0.759183
vt 0.013573 0.764500
vt 0.010194 0.770569
vt 0.008113 0.777153
vt 0.007411 0.783999
vt 0.008113 0.790845
vt 0.010194 0.797428
vt 0.013573 0.803495
vt 0.018119 0.808814
vt 0.023659 0.813178
vt 0.029982 0.816421
vt 0.028426 0.751576
vt 0.021402 0.754819
vt 0.015246 0.759183
vt 0.010194 0.764500
vt 0.006439 0.770569
vt 0.004128 0.777153
vt 0.003347 0.783999
vt 0.004128 0.790845
vt 0.006439 0.797428
vt 0.010194 0.803495
vt 0.015246 0.808814
vt 0.021402 0.813178
vt 0.028426 0.816421
vt 0.027468 0.751576
vt 0.020012 0.754819
vt 0.013476 0.759183
vt 0.008113 0.764500
vt 0.004128 0.770569
vt 0.001673 0.777153
vt 0.000843 0.783999
vt 0.001673 0.790845
vt 0.004128 0.797428
vt 0.008113 0.803495
vt 0.013476 0.808814
vt 0.020012 0.813178
vt 0.027468 0.816421
vt 0.027146 0.751576
vt 0.019542 0.754819
vt 0.012880 0.759183
vt 0.007411 0.764500
vt 0.003347 0.770569
vt 0.000843 0.777153
vt 0.000000 0.783999
vt 0.000843 0.790845
vt 0.003347 0.797428
vt 0.007411 0.803495
vt 0.012880 0.808814
vt 0.019542 0.813178
vt 0.027146 0.816421
vt 0.027468 0.751576
vt 0.020012 0.754819
vt 0.013476 0.759183
vt 0.008113 0.764500
vt 0.004128 0.770569
vt 0.001673 0.777153
vt 0.000843 0.783999
vt 0.001673 0.790845
vt 0.004128 0.797428
vt 0.008113 0.803495
vt 0.013476 0.808814
vt 0.020012 0.813178
vt 0.027468 0.816421
vt 0.028426 0.751576
vt 0.021402 0.754819
vt 0.015246 0.759183
vt 0.010194 0.764500
vt 0.006439 0.770569
vt 0.004128 0.777153
vt 0.003347 0.783999
vt 0.004128 0.790845
vt 0.006439 0.797428
vt 0.010194 0.803495
vt 0.015246 0.808814
vt 0.021402 0.813178
vt 0.028426 0.816421
vt 0.029982 0.751576
vt 0.023659 0.754819
vt 0.018119 0.759183
vt 0.013573 0.764500
vt 0.010194 0.770569
vt 0.008113 0.777153
vt 0.007411 0.783999
vt 0.008113 0.790845
vt 0.010194 0.797428
vt 0.013573 0.803495
vt 0.018119 0.808814
vt 0.023659 0.813178
vt 0.029982 0.816421
vt 0.032075 0.751576
vt 0.026697 0.754819
vt 0.021987 0.759183
vt 0.018119 0.764500
vt 0.015246 0.770569
vt 0.013476 0.777153
vt 0.012880 0.783999
vt 0.013476 0.790845
vt 0.015246 0.797428
vt 0.018119 0.803495
vt 0.021987 0.808814
vt 0.026697 0.813178
vt 0.032075 0.816421
vt 0.034623 0.751576
vt 0.030400 0.754819
vt 0.026697 0.759183
vt 0.023659 0.764500
vt 0.021402 0.770569
vt 0.020012 0.777153
vt 0.019542 0.783999
vt 0.020012 0.790845
vt 0.021402 0.797428
vt 0.023659 0.803495
vt 0.026697 0.808814
vt 0.030400 0.813178
vt 0.034623 0.816421
vt 0.037533 0.751576
vt 0.034623 0.754819
vt 0.032075 0.759183
vt 0.029980 0.764500
vt 0.028426 0.770569
vt 0.027468 0.777153
vt 0.027146 0.783999
vt 0.027468 0.790845
vt 0.028426 0.797428
vt 0.029982 0.803495
vt 0.032075 0.808814
vt 0.034623 0.813178
vt 0.037533 0.816421
vt 0.040690 0.751576
vt 0.039207 0.754819
vt 0.037908 0.759183
vt 0.036841 0.764500
vt 0.036047 0.770569
vt 0.035560 0.777153
vt 0.035395 0.783999
vt 0.035560 0.790845
vt 0.036047 0.797428
vt 0.036841 0.803495
vt 0.037908 0.808814
vt 0.039207 0.813178
vt 0.040690 0.816421
vt 0.193013 0.786322
vt 0.192692 0.779476
vt 0.193971 0.792906
vt 0.195528 0.798973
vt 0.197620 0.804291
vt 0.200169 0.808656
vt 0.203078 0.811899
vt 0.206236 0.813896
vt 0.209519 0.814570
vt 0.212802 0.813896
vt 0.215958 0.811899
vt 0.218867 0.808656
vt 0.221417 0.804291
vt 0.223510 0.798973
vt 0.225066 0.792906
vt 0.226023 0.786322
vt 0.226346 0.779476
vt 0.226023 0.772630
vt 0.225066 0.766047
vt 0.223510 0.759978
vt 0.221417 0.754661
vt 0.218867 0.750296
vt 0.215958 0.747053
vt 0.212802 0.745055
vt 0.209519 0.744382
vt 0.206236 0.745055
vt 0.203078 0.747053
vt 0.200169 0.750296
vt 0.197620 0.754661
vt 0.195526 0.759978
vt 0.193971 0.766047
vt 0.193013 0.772630
vn 0.058093 -0.998021 -0.024062
vn 0.108394 -0.980787 0.162193
vn 0.092396 -0.980608 0.172832
vn 0.058093 0.998021 -0.024070
vn 0.092396 0.980610 0.172823
vn 0.108393 0.980790 0.162180
vn 0.137947 -0.980786 0.137950
vn 0.137947 0.980789 0.137927
vn 0.162174 -0.980790 0.108401
vn 0.162174 0.980790 0.108402
vn 0.180195 -0.980794 0.074652
vn 0.180208 0.980792 0.074648
vn 0.191314 -0.980794 0.037989
vn 0.191332 0.980789 0.038005
vn 0.195066 -0.980790 -0.000018
vn 0.195076 0.980788 -0.000014
vn 0.191313 -0.980792 -0.038027
vn 0.191332 0.980788 -0.038029
vn 0.180194 -0.980793 -0.074671
vn 0.180209 0.980791 -0.074662
vn 0.162174 -0.980792 -0.108380
vn 0.162175 0.980790 -0.108402
vn 0.137947 -0.980790 -0.137920
vn 0.137948 0.980789 -0.137923
vn 0.108394 -0.980789 -0.162184
vn 0.108394 0.980790 -0.162176
vn 0.074662 -0.980790 -0.180214
vn 0.074663 0.980791 -0.180209
vn 0.038057 -0.980791 -0.191315
vn 0.038057 0.980790 -0.191320
vn 0.000000 -0.980790 -0.195068
vn -0.000000 0.980790 -0.195068
vn -0.038056 -0.980790 -0.191319
vn -0.038057 0.980790 -0.191319
vn -0.056901 -0.980609 -0.187534
vn -0.056901 0.980608 -0.187537
vn 0.212642 -0.923860 0.318222
vn 0.181189 -0.923202 0.338923
vn 0.308619 -0.831500 0.461912
vn 0.262728 -0.830253 0.491583
vn 0.392790 -0.707185 0.587882
vn 0.334029 -0.705477 0.625081
vn 0.461918 -0.555615 0.691321
vn 0.392470 -0.553763 0.734380
vn 0.513285 -0.382678 0.768177
vn 0.435819 -0.381113 0.815362
vn 0.544906 -0.195107 0.815482
vn 0.462423 -0.194199 0.865131
vn 0.555583 -0.000010 0.831461
vn 0.471373 -0.000010 0.881934
vn 0.544904 0.195125 0.815479
vn 0.462423 0.194217 0.865127
vn 0.513279 0.382704 0.768168
vn 0.435815 0.381139 0.815352
vn 0.461916 0.555613 0.691323
vn 0.392469 0.553760 0.734383
vn 0.392789 0.707185 0.587883
vn 0.334027 0.705476 0.625084
vn 0.308619 0.831501 0.461909
vn 0.262728 0.830256 0.491579
vn 0.212642 0.923862 0.318217
vn 0.181189 0.923202 0.338924
vn 0.270618 -0.923868 0.270617
vn 0.392814 -0.831502 0.392814
vn 0.499974 -0.707168 0.499939
vn 0.587944 -0.555613 0.587891
vn 0.653304 -0.382673 0.653265
vn 0.693543 -0.195096 0.693495
vn 0.707139 -0.000009 0.707074
vn 0.693541 0.195115 0.693492
vn 0.653295 0.382700 0.653258
vn 0.587943 0.555613 0.587892
vn 0.499974 0.707169 0.499938
vn 0.392814 0.831502 0.392813
vn 0.270618 0.923869 0.270614
vn 0.318194 -0.923866 0.212658
vn 0.461903 -0.831496 0.308642
vn 0.587892 -0.707160 0.392822
vn 0.691314 -0.555613 0.461930
vn 0.768189 -0.382666 0.513276
vn 0.815506 -0.195079 0.544880
vn 0.831480 -0.000010 0.555554
vn 0.815503 0.195097 0.544878
vn 0.768180 0.382693 0.513270
vn 0.691313 0.555613 0.461932
vn 0.587891 0.707159 0.392823
vn 0.461903 0.831497 0.308639
vn 0.318195 0.923867 0.212655
vn 0.353571 -0.923863 0.146509
vn 0.513246 -0.831489 0.212613
vn 0.653229 -0.707165 0.270571
vn 0.768160 -0.555606 0.318171
vn 0.853563 -0.382668 0.353548
vn 0.906111 -0.195106 0.375362
vn 0.923853 -0.000010 0.382747
vn 0.906107 0.195124 0.375361
vn 0.853553 0.382695 0.353543
vn 0.768159 0.555606 0.318172
vn 0.653228 0.707165 0.270575
vn 0.513245 0.831499 0.212580
vn 0.353582 0.923867 0.146454
vn 0.375371 -0.923866 0.074625
vn 0.544874 -0.831485 0.108378
vn 0.693475 -0.707157 0.137919
vn 0.815487 -0.555593 0.162166
vn 0.906120 -0.382705 0.180231
vn 0.961922 -0.195146 0.191373
vn 0.980777 -0.000010 0.195131
vn 0.961918 0.195165 0.191373
vn 0.906109 0.382733 0.180228
vn 0.815486 0.555593 0.162167
vn 0.693474 0.707158 0.137919
vn 0.544857 0.831497 0.108367
vn 0.375370 0.923866 0.074631
vn 0.382718 -0.923865 -0.000000
vn 0.555550 -0.831483 0.000007
vn 0.707067 -0.707147 0.000004
vn 0.831455 -0.555592 -0.000001
vn 0.923857 -0.382739 -0.000001
vn 0.980772 -0.195155 -0.000000
vn 1.000000 -0.000010 -0.000000
vn 0.980769 0.195174 0.000000
vn 0.923846 0.382765 -0.000000
vn 0.831455 0.555592 -0.000001
vn 0.707066 0.707148 0.000003
vn 0.555525 0.831500 0.000000
vn 0.382701 0.923872 0.000003
vn 0.375371 -0.923866 -0.074622
vn 0.544874 -0.831486 -0.108365
vn 0.693475 -0.707157 -0.137914
vn 0.815487 -0.555592 -0.162168
vn 0.906119 -0.382706 -0.180232
vn 0.961922 -0.195147 -0.191375
vn 0.980777 -0.000010 -0.195133
vn 0.961918 0.195165 -0.191374
vn 0.906109 0.382732 -0.180229
vn 0.815487 0.555592 -0.162169
vn 0.693475 0.707157 -0.137919
vn 0.544857 0.831496 -0.108372
vn 0.375370 0.923866 -0.074629
vn 0.353571 -0.923864 -0.146498
vn 0.513246 -0.831491 -0.212604
vn 0.653229 -0.707165 -0.270571
vn 0.768160 -0.555606 -0.318172
vn 0.853563 -0.382669 -0.353547
vn 0.906111 -0.195105 -0.375362
vn 0.923853 -0.000009 -0.382747
vn 0.906107 0.195125 -0.375362
vn 0.853552 0.382696 -0.353543
vn 0.768159 0.555605 -0.318174
vn 0.653228 0.707164 -0.270577
vn 0.513244 0.831497 -0.212587
vn 0.353582 0.923866 -0.146462
vn 0.318194 -0.923867 -0.212655
vn 0.461903 -0.831497 -0.308640
vn 0.587893 -0.707160 -0.392819
vn 0.691315 -0.555612 -0.461929
vn 0.768188 -0.382668 -0.513275
vn 0.815507 -0.195079 -0.544879
vn 0.831481 -0.000009 -0.555554
vn 0.815503 0.195098 -0.544878
vn 0.768178 0.382694 -0.513271
vn 0.691314 0.555611 -0.461933
vn 0.587892 0.707160 -0.392821
vn 0.461902 0.831496 -0.308643
vn 0.318194 0.923867 -0.212657
vn 0.270618 -0.923868 -0.270618
vn 0.392812 -0.831501 -0.392815
vn 0.499974 -0.707169 -0.499939
vn 0.587947 -0.555610 -0.587891
vn 0.653303 -0.382675 -0.653265
vn 0.693543 -0.195098 -0.693495
vn 0.707140 -0.000010 -0.707074
vn 0.693540 0.195117 -0.693492
vn 0.653296 0.382701 -0.653257
vn 0.587947 0.555609 -0.587892
vn 0.499974 0.707169 -0.499939
vn 0.392813 0.831502 -0.392813
vn 0.270619 0.923869 -0.270612
vn 0.212642 -0.923860 -0.318222
vn 0.308616 -0.831500 -0.461913
vn 0.392783 -0.707185 -0.587886
vn 0.461915 -0.555612 -0.691325
vn 0.513276 -0.382666 -0.768189
vn 0.544883 -0.195110 -0.815497
vn 0.555561 -0.000010 -0.831476
vn 0.544881 0.195129 -0.815493
vn 0.513271 0.382694 -0.768179
vn 0.461916 0.555612 -0.691324
vn 0.392783 0.707185 -0.587887
vn 0.308616 0.831501 -0.461911
vn 0.212643 0.923862 -0.318216
vn 0.146483 -0.923858 -0.353596
vn 0.212591 -0.831491 -0.513252
vn 0.270541 -0.707179 -0.653227
vn 0.318148 -0.555617 -0.768161
vn 0.353540 -0.382669 -0.853566
vn 0.375308 -0.195102 -0.906134
vn 0.382652 -0.000010 -0.923893
vn 0.375306 0.195120 -0.906131
vn 0.353536 0.382696 -0.853555
vn 0.318149 0.555618 -0.768161
vn 0.270537 0.707180 -0.653227
vn 0.212586 0.831491 -0.513254
vn 0.146482 0.923859 -0.353591
vn 0.074667 -0.923859 -0.375379
vn 0.108386 -0.831491 -0.544862
vn 0.137946 -0.707178 -0.693448
vn 0.162209 -0.555614 -0.815464
vn 0.180243 -0.382674 -0.906131
vn 0.191347 -0.195105 -0.961936
vn 0.195097 -0.000010 -0.980784
vn 0.191346 0.195123 -0.961932
vn 0.180241 0.382700 -0.906120
vn 0.162210 0.555614 -0.815464
vn 0.137946 0.707181 -0.693445
vn 0.108387 0.831491 -0.544862
vn 0.074668 0.923858 -0.375382
vn -0.000003 -0.923858 -0.382735
vn -0.000005 -0.831492 -0.555536
vn -0.000002 -0.707179 -0.707035
vn 0.000000 -0.555607 -0.831445
vn 0.000000 -0.382674 -0.923884
vn 0.000000 -0.195110 -0.980781
vn 0.000000 -0.000009 -1.000000
vn 0.000000 0.195129 -0.980778
vn 0.000000 0.382700 -0.923873
vn 0.000000 0.555607 -0.831445
vn 0.000000 0.707182 -0.707032
vn 0.000000 0.831494 -0.555533
vn 0.000000 0.923857 -0.382737
vn -0.074667 -0.923857 -0.375384
vn -0.108386 -0.831490 -0.544864
vn -0.137945 -0.707179 -0.693447
vn -0.162210 -0.555612 -0.815465
vn -0.180242 -0.382672 -0.906132
vn -0.191347 -0.195105 -0.961936
vn -0.195097 -0.000010 -0.980784
vn -0.191345 0.195123 -0.961932
vn -0.180240 0.382699 -0.906121
vn -0.162210 0.555614 -0.815464
vn -0.137946 0.707181 -0.693445
vn -0.108386 0.831492 -0.544861
vn -0.074667 0.923857 -0.375384
vn -0.111565 -0.923200 -0.367771
vn -0.161813 -0.830245 -0.533395
vn -0.205752 -0.705469 -0.678218
vn -0.241712 -0.553765 -0.796818
vn -0.268371 -0.381098 -0.884726
vn -0.284763 -0.194197 -0.938721
vn -0.290293 -0.000010 -0.956938
vn -0.284760 0.194213 -0.938719
vn -0.268369 0.381125 -0.884716
vn -0.241713 0.553767 -0.796817
vn -0.205752 0.705470 -0.678217
vn -0.161813 0.830246 -0.533393
vn -0.111565 0.923199 -0.367771
vn -0.055010 -0.998226 0.022783
vn 0.038070 -0.980790 0.191316
vn -0.000000 -0.980789 0.195069
vn -0.048419 0.998626 0.020066
vn -0.000000 0.980789 0.195071
vn 0.038071 0.980788 0.191324
vn 0.042839 -0.980212 0.193258
vn 0.072587 0.980782 0.181102
vn -0.108392 -0.980790 -0.162180
vn -0.090302 -0.980646 -0.173718
vn -0.060598 0.980679 -0.186000
vn -0.108394 0.980791 -0.162173
vn -0.137940 -0.980789 -0.137931
vn -0.137960 0.980790 -0.137908
vn -0.162164 -0.980793 -0.108392
vn -0.162179 0.980788 -0.108411
vn -0.180200 -0.980793 -0.074652
vn -0.180198 0.980792 -0.074672
vn -0.191313 -0.980790 -0.038080
vn -0.191316 0.980791 -0.038040
vn -0.195066 -0.980790 -0.000003
vn -0.195070 0.980789 0.000004
vn -0.191313 -0.980790 0.038093
vn -0.191317 0.980790 0.038062
vn -0.180195 -0.980790 0.074702
vn -0.180199 0.980790 0.074691
vn -0.162175 -0.980788 0.108413
vn -0.162179 0.980786 0.108427
vn -0.137958 -0.980789 0.137912
vn -0.137961 0.980788 0.137918
vn -0.108391 -0.980791 0.162174
vn -0.108393 0.980792 0.162165
vn -0.074649 -0.980791 0.180214
vn -0.074651 0.980793 0.180204
vn -0.038062 -0.980791 0.191311
vn -0.038063 0.980791 0.191312
vn 0.074683 -0.923859 0.375375
vn -0.000000 -0.923858 0.382735
vn 0.108393 -0.831492 0.544859
vn 0.000000 -0.831492 0.555537
vn 0.137946 -0.707180 0.693446
vn 0.000000 -0.707182 0.707032
vn 0.162209 -0.555617 0.815462
vn 0.000000 -0.555613 0.831441
vn 0.180241 -0.382669 0.906133
vn -0.000000 -0.382671 0.923885
vn 0.191346 -0.195102 0.961937
vn -0.000000 -0.195108 0.980782
vn 0.195098 0.000000 0.980784
vn -0.000000 0.000001 1.000000
vn 0.191346 0.195103 0.961936
vn -0.000000 0.195110 0.980781
vn 0.180238 0.382717 0.906114
vn -0.000000 0.382720 0.923864
vn 0.162211 0.555604 0.815470
vn -0.000000 0.555598 0.831451
vn 0.137955 0.707133 0.693492
vn 0.000002 0.707131 0.707083
vn 0.108394 0.831492 0.544859
vn 0.000005 0.831491 0.555538
vn 0.074666 0.923898 0.375284
vn 0.000003 0.923897 0.382641
vn 0.099121 -0.922656 0.372667
vn 0.151440 -0.829694 0.537283
vn 0.197858 -0.705029 0.681019
vn 0.236643 -0.553514 0.798513
vn 0.266355 -0.381005 0.885376
vn 0.285887 -0.194197 0.938379
vn 0.294531 0.000014 0.955642
vn 0.291946 0.194336 0.936483
vn 0.278201 0.381483 0.881519
vn 0.253784 0.554296 0.792685
vn 0.219575 0.706066 0.673244
vn 0.176831 0.830867 0.527627
vn 0.127191 0.923692 0.361409
vn -0.212658 -0.923862 -0.318208
vn -0.162021 -0.923724 -0.347106
vn -0.308652 -0.831489 -0.461908
vn -0.227446 -0.831368 -0.507045
vn -0.392809 -0.707184 -0.587871
vn -0.284122 -0.707102 -0.647520
vn -0.461937 -0.555614 -0.691308
vn -0.329944 -0.555577 -0.763197
vn -0.513297 -0.382667 -0.768174
vn -0.363103 -0.382652 -0.849549
vn -0.544905 -0.195106 -0.815483
vn -0.382275 -0.195102 -0.903217
vn -0.555582 0.000001 -0.831462
vn -0.386765 -0.000013 -0.922178
vn -0.544904 0.195109 -0.815483
vn -0.376419 0.195082 -0.905678
vn -0.513274 0.382725 -0.768161
vn -0.351582 0.382721 -0.854350
vn -0.461921 0.555603 -0.691328
vn -0.313205 0.555591 -0.770209
vn -0.392827 0.707131 -0.587922
vn -0.262814 0.707091 -0.656468
vn -0.308652 0.831489 -0.461909
vn -0.202330 0.831433 -0.517476
vn -0.212608 0.923901 -0.318127
vn -0.134034 0.923819 -0.358600
vn -0.270621 -0.923862 -0.270636
vn -0.392825 -0.831486 -0.392836
vn -0.499975 -0.707166 -0.499941
vn -0.587944 -0.555615 -0.587889
vn -0.653304 -0.382673 -0.653265
vn -0.693544 -0.195095 -0.693494
vn -0.707140 0.000000 -0.707073
vn -0.693543 0.195096 -0.693495
vn -0.653289 0.382719 -0.653253
vn -0.587951 0.555600 -0.587897
vn -0.500008 0.707120 -0.499973
vn -0.392832 0.831493 -0.392814
vn -0.270580 0.923905 -0.270530
vn -0.318199 -0.923866 -0.212651
vn -0.461920 -0.831484 -0.308649
vn -0.587893 -0.707158 -0.392823
vn -0.691311 -0.555616 -0.461929
vn -0.768189 -0.382665 -0.513277
vn -0.815507 -0.195077 -0.544880
vn -0.831481 0.000000 -0.555553
vn -0.815507 0.195077 -0.544879
vn -0.768173 0.382709 -0.513268
vn -0.691320 0.555601 -0.461936
vn -0.587932 0.707111 -0.392848
vn -0.461906 0.831494 -0.308643
vn -0.318118 0.923907 -0.212597
vn -0.353596 -0.923860 -0.146464
vn -0.513269 -0.831481 -0.212588
vn -0.653230 -0.707165 -0.270571
vn -0.768156 -0.555610 -0.318172
vn -0.853563 -0.382666 -0.353549
vn -0.906110 -0.195104 -0.375365
vn -0.923852 0.000001 -0.382749
vn -0.906111 0.195104 -0.375362
vn -0.853547 0.382711 -0.353540
vn -0.768165 0.555597 -0.318175
vn -0.653273 0.707118 -0.270589
vn -0.513249 0.831489 -0.212607
vn -0.353484 0.923903 -0.146466
vn -0.375375 -0.923862 -0.074650
vn -0.544878 -0.831483 -0.108366
vn -0.693475 -0.707158 -0.137915
vn -0.815484 -0.555597 -0.162166
vn -0.906121 -0.382704 -0.180231
vn -0.961922 -0.195146 -0.191376
vn -0.980776 0.000000 -0.195135
vn -0.961922 0.195145 -0.191376
vn -0.906103 0.382748 -0.180227
vn -0.815493 0.555583 -0.162168
vn -0.693521 0.707111 -0.137923
vn -0.544877 0.831483 -0.108373
vn -0.375283 0.923900 -0.074640
vn -0.382728 -0.923861 -0.000004
vn -0.555553 -0.831481 -0.000002
vn -0.707066 -0.707147 0.000000
vn -0.831452 -0.555597 0.000000
vn -0.923857 -0.382739 0.000001
vn -0.980772 -0.195157 0.000000
vn -1.000000 0.000000 -0.000000
vn -0.980772 0.195155 -0.000001
vn -0.923839 0.382781 0.000000
vn -0.831463 0.555581 0.000001
vn -0.707114 0.707099 -0.000001
vn -0.555554 0.831480 -0.000001
vn -0.382635 0.923900 -0.000002
vn -0.375375 -0.923862 0.074653
vn -0.544878 -0.831483 0.108368
vn -0.693475 -0.707157 0.137915
vn -0.815484 -0.555598 0.162164
vn -0.906120 -0.382705 0.180230
vn -0.961922 -0.195148 0.191375
vn -0.980777 0.000001 0.195134
vn -0.961922 0.195148 0.191374
vn -0.906102 0.382749 0.180228
vn -0.815494 0.555582 0.162168
vn -0.693522 0.707110 0.137922
vn -0.544877 0.831483 0.108374
vn -0.375283 0.923900 0.074636
vn -0.353571 -0.923862 0.146516
vn -0.513250 -0.831487 0.212614
vn -0.653230 -0.707164 0.270574
vn -0.768157 -0.555610 0.318171
vn -0.853563 -0.382667 0.353547
vn -0.906111 -0.195105 0.375363
vn -0.923852 0.000001 0.382749
vn -0.906111 0.195106 0.375362
vn -0.853546 0.382712 0.353541
vn -0.768165 0.555594 0.318178
vn -0.653272 0.707117 0.270594
vn -0.513249 0.831488 0.212612
vn -0.353485 0.923903 0.146461
vn -0.318194 -0.923866 0.212660
vn -0.461905 -0.831493 0.308645
vn -0.587894 -0.707158 0.392821
vn -0.691313 -0.555615 0.461929
vn -0.768187 -0.382666 0.513279
vn -0.815506 -0.195077 0.544881
vn -0.831480 -0.000000 0.555554
vn -0.815506 0.195077 0.544881
vn -0.768172 0.382710 0.513269
vn -0.691320 0.555600 0.461937
vn -0.587932 0.707111 0.392848
vn -0.461907 0.831495 0.308639
vn -0.318119 0.923907 0.212596
vn -0.270646 -0.923866 0.270596
vn -0.392832 -0.831495 0.392810
vn -0.499976 -0.707168 0.499938
vn -0.587946 -0.555612 0.587890
vn -0.653304 -0.382673 0.653266
vn -0.693543 -0.195095 0.693496
vn -0.707139 0.000000 0.707074
vn -0.693542 0.195096 0.693496
vn -0.653290 0.382718 0.653252
vn -0.587953 0.555599 0.587895
vn -0.500010 0.707123 0.499967
vn -0.392834 0.831495 0.392807
vn -0.270581 0.923904 0.270532
vn -0.212658 -0.923863 0.318205
vn -0.308649 -0.831491 0.461908
vn -0.392805 -0.707186 0.587871
vn -0.461936 -0.555612 0.691310
vn -0.513299 -0.382666 0.768173
vn -0.544906 -0.195108 0.815482
vn -0.555581 0.000001 0.831462
vn -0.544904 0.195109 0.815483
vn -0.513276 0.382724 0.768160
vn -0.461920 0.555601 0.691330
vn -0.392823 0.707133 0.587923
vn -0.308649 0.831490 0.461909
vn -0.212606 0.923901 0.318127
vn -0.146462 -0.923860 0.353599
vn -0.212592 -0.831484 0.513264
vn -0.270548 -0.707182 0.653221
vn -0.318157 -0.555620 0.768155
vn -0.353550 -0.382671 0.853561
vn -0.375317 -0.195101 0.906131
vn -0.382660 0.000001 0.923889
vn -0.375316 0.195101 0.906131
vn -0.353535 0.382732 0.853539
vn -0.318152 0.555605 0.768168
vn -0.270566 0.707123 0.653277
vn -0.212592 0.831486 0.513259
vn -0.146426 0.923900 0.353507
vn -0.074661 -0.923859 0.375381
vn -0.108372 -0.831487 0.544871
vn -0.137931 -0.707180 0.693449
vn -0.162195 -0.555618 0.815464
vn -0.180228 -0.382672 0.906135
vn -0.191332 -0.195102 0.961939
vn -0.195083 0.000001 0.980787
vn -0.191332 0.195103 0.961939
vn -0.180231 0.382724 0.906112
vn -0.162212 0.555603 0.815471
vn -0.137949 0.707128 0.693499
vn -0.108372 0.831488 0.544869
vn -0.074643 0.923899 0.375285
vn -0.287013 0.194200 -0.938035
vn -0.298763 -0.000027 -0.954327
vn -0.264326 0.380986 -0.885992
vn -0.231572 0.553226 -0.800198
vn -0.189965 0.704478 -0.683830
vn -0.141029 0.829027 -0.541133
vn -0.086594 0.921984 -0.377420
vn -0.028750 0.979589 -0.198946
vn 0.030295 0.999463 -0.012516
vn 0.088234 0.980677 0.174609
vn 0.142779 0.923880 0.355050
vn 0.191790 0.831270 0.521734
vn 0.233337 0.706555 0.668083
vn 0.265813 0.554744 0.788418
vn 0.288008 0.381784 0.878233
vn 0.299115 0.194468 0.934191
vn 0.298763 0.000029 0.954327
vn 0.287013 -0.194201 0.938035
vn 0.264338 -0.380913 0.886020
vn 0.231568 -0.553243 0.800187
vn 0.189944 -0.704539 0.683773
vn 0.141024 -0.829037 0.541119
vn 0.086626 -0.921944 0.377511
vn 0.028751 -0.979588 0.198947
vn -0.030294 -0.999463 0.012515
vn -0.088229 -0.980679 -0.174598
vn -0.142803 -0.923843 -0.355136
vn -0.191795 -0.831257 -0.521753
vn -0.233324 -0.706605 -0.668034
vn -0.265811 -0.554754 -0.788412
vn -0.288013 -0.381739 -0.878250
vn -0.299116 -0.194468 -0.934191
s 1
g rForeArm
usemtl default
f 322/322/322 326/323/323 324/324/324
f 323/325/325 325/326/326 327/327/327
f 322/322/322 328/328/328 326/323/323
f 323/325/325 327/327/327 329/329/329
f 322/322/322 330/330/330 328/328/328
f 323/325/325 329/329/329 331/331/331
f 322/322/322 332/332/332 330/330/330
f 323/325/325 331/331/331 333/333/333
f 322/322/322 334/334/334 332/332/332
f 323/325/325 333/333/333 335/335/335
f 322/322/322 336/336/336 334/334/334
f 323/325/325 335/335/335 337/337/337
f 322/322/322 338/338/338 336/336/336
f 323/325/325 337/337/337 339/339/339
f 322/322/322 340/340/340 338/338/338
f 323/325/325 339/339/339 341/341/341
f 322/322/322 342/342/342 340/340/340
f 323/325/325 341/341/341 343/343/343
f 322/322/322 344/344/344 342/342/342
f 323/325/325 343/343/343 345/345/345
f 322/322/322 346/346/346 344/344/344
f 323/325/325 345/345/345 347/347/347
f 322/322/322 348/348/348 346/346/346
f 323/325/325 347/347/347 349/349/349
f 322/322/322 350/350/350 348/348/348
f 323/325/325 349/349/349 351/351/351
f 322/322/322 352/352/352 350/350/350
f 323/325/325 351/351/351 353/353/353
f 322/322/322 354/354/354 352/352/352
f 323/325/325 353/353/353 355/355/355
f 322/322/322 356/356/356 354/354/354
f 323/325/325 355/355/355 357/357/357
f 324/324/324 326/323/323 371/358/358 358/359/359
f 358/359/359 371/358/358 372/360/360 359/361/361
f 359/361/361 372/360/360 373/362/362 360/363/363
f 360/363/363 373/362/362 374/364/364 361/365/365
f 361/365/365 374/364/364 375/366/366 362/367/367
f 362/367/367 375/366/366 376/368/368 363/369/369
f 363/369/369 376/368/368 377/370/370 364/371/371
f 364/371/371 377/370/370 378/372/372 365/373/373
f 365/373/373 378/372/372 379/374/374 366/375/375
f 366/375/375 379/374/374 380/376/376 367/377/377
f 367/377/377 380/376/376 381/378/378 368/379/379
f 368/379/379 381/378/378 382/380/380 369/381/381
f 369/381/381 382/380/380 383/382/382 370/383/383
f 370/383/383 383/382/382 327/327/327 325/326/326
f 326/323/323 328/328/328 384/384/384 371/358/358
f 371/358/358 384/384/384 385/385/385 372/360/360
f 372/360/360 385/385/385 386/386/386 373/362/362
f 373/362/362 386/386/386 387/387/387 374/364/364
f 374/364/364 387/387/387 388/388/388 375/366/366
f 375/366/366 388/388/388 389/389/389 376/368/368
f 376/368/368 389/389/389 390/390/390 377/370/370
f 377/370/370 390/390/390 391/391/391 378/372/372
f 378/372/372 391/391/391 392/392/392 379/374/374
f 379/374/374 392/392/392 393/393/393 380/376/376
f 380/376/376 393/393/393 394/394/394 381/378/378
f 381/378/378 394/394/394 395/395/395 382/380/380
f 382/380/380 395/395/395 396/396/396 383/382/382
f 383/382/382 396/396/396 329/329/329 327/327/327
f 328/328/328 330/330/330 397/397/397 384/384/384
f 384/384/384 397/397/397 398/398/398 385/385/385
f 385/385/385 398/398/398 399/399/399 386/386/386
f 386/386/386 399/399/399 400/400/400 387/387/387
f 387/387/387 400/400/400 401/401/401 388/388/388
f 388/388/388 401/401/401 402/402/402 389/389/389
f 389/389/389 402/402/402 403/403/403 390/390/390
f 390/390/390 403/403/403 404/404/404 391/391/391
f 391/391/391 404/404/404 405/405/405 392/392/392
f 392/392/392 405/405/405 406/406/406 393/393/393
f 393/393/393 406/406/406 407/407/407 394/394/394
f 394/394/394 407/407/407 408/408/408 395/395/395
f 395/395/395 408/408/408 409/409/409 396/396/396
f 396/396/396 409/409/409 331/331/331 329/329/329
f 330/330/330 332/332/332 410/410/410 397/397/397
f 397/397/397 410/410/410 411/411/411 398/398/398
f 398/398/398 411/411/411 412/412/412 399/399/399
f 399/399/399 412/412/412 413/413/413 400/400/400
f 400/400/400 413/413/413 414/414/414 401/401/401
f 401/401/401 414/414/414 415/415/415 402/402/402
f 402/402/402 415/415/415 416/416/416 403/403/403
f 403/403/403 416/416/416 417/417/417 404/404/404
f 404/404/404 417/417/417 418/418/418 405/405/405
f 405/405/405 418/418/418 419/419/419 406/406/406
f 406/406/406 419/419/419 420/420/420 407/407/407
f 407/407/407 420/420/420 421/421/421 408/408/408
f 408/408/408 421/421/421 422/422/422 409/409/409
f 409/409/409 422/422/422 333/333/333 331/331/331
f 332/332/332 334/334/334 423/423/423 410/410/410
f 410/410/410 423/423/423 424/424/424 411/411/411
f 411/411/411 424/424/424 425/425/425 412/412/412
f 412/412/412 425/425/425 426/426/426 413/413/413
f 413/413/413 426/426/426 427/427/427 414/414/414
f 414/414/414 427/427/427 428/428/428 415/415/415
f 415/415/415 428/428/428 429/429/429 416/416/416
f 416/416/416 429/429/429 430/430/430 417/417/417
f 417/417/417 430/430/430 431/431/431 418/418/418
f 418/418/418 431/431/431 432/432/432 419/419/419
f 419/419/419 432/432/432 433/433/433 420/420/420
f 420/420/420 433/433/433 434/434/434 421/421/421
f 421/421/421 434/434/434 435/435/435 422/422/422
f 422/422/422 435/435/435 335/335/335 333/333/333
f 334/334/334 336/336/336 436/436/436 423/423/423
f 423/423/423 436/436/436 437/437/437 424/424/424
f 424/424/424 437/437/437 438/438/438 425/425/425
f 425/425/425 438/438/438 439/439/439 426/426/426
f 426/426/426 439/439/439 440/440/440 427/427/427
f 427/427/427 440/440/440 441/441/441 428/428/428
f 428/428/428 441/441/441 442/442/442 429/429/429
f 429/429/429 442/442/442 443/443/443 430/430/430
f 430/430/430 443/443/443 444/444/444 431/431/431
f 431/431/431 444/444/444 445/445/445 432/432/432
f 432/432/432 445/445/445 446/446/446 433/433/433
f 433/433/433 446/446/446 447/447/447 434/434/434
f 434/434/434 447/447/447 448/448/448 435/435/435
f 435/435/435 448/448/448 337/337/337 335/335/335
f 336/336/336 338/338/338 449/449/449 436/436/436
f 436/436/436 449/449/449 450/450/450 437/437/437
f 437/437/437 450/450/450 451/451/451 438/438/438
f 438/438/438 451/451/451 452/452/452 439/439/439
f 439/439/439 452/452/452 453/453/453 440/440/440
f 440/440/440 453/453/453 454/454/454 441/441/441
f 441/441/441 454/454/454 455/455/455 442/442/442
f 442/442/442 455/455/455 456/456/456 443/443/443
f 443/443/443 456/456/456 457/457/457 444/444/444
f 444/444/444 457/457/457 458/458/458 445/445/445
f 445/445/445 458/458/458 459/459/459 446/446/446
f 446/446/446 459/459/459 460/460/460 447/447/447
f 447/447/447 460/460/460 461/461/461 448/448/448
f 448/448/448 461/461/461 339/339/339 337/337/337
f 338/338/338 340/340/340 462/462/462 449/449/449
f 449/449/449 462/462/462 463/463/463 450/450/450
f 450/450/450 463/463/463 464/464/464 451/451/451
f 451/451/451 464/464/464 465/465/465 452/452/452
f 452/452/452 465/465/465 466/466/466 453/453/453
f 453/453/453 466/466/466 467/467/467 454/454/454
f 454/454/454 467/467/467 468/468/468 455/455/455
f 455/455/455 468/468/468 469/469/469 456/456/456
f 456/456/456 469/469/469 470/470/470 457/457/457
f 457/457/457 470/470/470 471/471/471 458/458/458
f 458/458/458 471/471/471 472/472/472 459/459/459
f 459/459/459 472/472/472 473/473/473 460/460/460
f 460/460/460 473/473/473 474/474/474 461/461/461
f 461/461/461 474/474/474 341/341/341 339/339/339
f 340/340/340 342/342/342 475/475/475 462/462/462
f 462/462/462 475/475/475 476/476/476 463/463/463
f 463/463/463 476/476/476 477/477/477 464/464/464
f 464/464/464 477/477/477 478/478/478 465/465/465
f 465/465/465 478/478/478 479/479/479 466/466/466
f 466/466/466 479/479/479 480/480/480 467/467/467
f 467/467/467 480/480/480 481/481/481 468/468/468
f 468/468/468 481/481/481 482/482/482 469/469/469
f 469/469/469 482/482/482 483/483/483 470/470/470
f 470/470/470 483/483/483 484/484/484 471/471/471
f 471/471/471 484/484/484 485/485/485 472/472/472
f 472/472/472 485/485/485 486/486/486 473/473/473
f 473/473/473 486/486/486 487/487/487 474/474/474
f 474/474/474 487/487/487 343/343/343 341/341/341
f 342/342/342 344/344/344 488/488/488 475/475/475
f 475/475/475 488/488/488 489/489/489 476/476/476
f 476/476/476 489/489/489 490/490/490 477/477/477
f 477/477/477 490/490/490 491/491/491 478/478/478
f 478/478/478 491/491/491 492/492/492 479/479/479
f 479/479/479 492/492/492 493/493/493 480/480/480
f 480/480/480 493/493/493 494/494/494 481/481/481
f 481/481/481 494/494/494 495/495/495 482/482/482
f 482/482/482 495/495/495 496/496/496 483/483/483
f 483/483/483 496/496/496 497/497/497 484/484/484
f 484/484/484 497/497/497 498/498/498 485/485/485
f 485/485/485 498/498/498 499/499/499 486/486/486
f 486/486/486 499/499/499 500/500/500 487/487/487
f 487/487/487 500/500/500 345/345/345 343/343/343
f 344/344/344 346/346/346 501/501/501 488/488/488
f 488/488/488 501/501/501 502/502/502 489/489/489
f 489/489/489 502/502/502 503/503/503 490/490/490
f 490/490/490 503/503/503 504/504/504 491/491/491
f 491/491/491 504/504/504 505/505/505 492/492/492
f 492/492/492 505/505/505 506/506/506 493/493/493
f 493/493/493 506/506/506 507/507/507 494/494/494
f 494/494/494 507/507/507 508/508/508 495/495/495
f 495/495/495 508/508/508 509/509/509 496/496/496
f 496/496/496 509/509/509 510/510/510 497/497/497
f 497/497/497 510/510/510 511/511/511 498/498/498
f 498/498/498 511/511/511 512/512/512 499/499/499
f 499/499/499 512/512/512 513/513/513 500/500/500
f 500/500/500 513/513/513 347/347/347 345/345/345
f 346/346/346 348/348/348 514/514/514 501/501/501
f 501/501/501 514/514/514 515/515/515 502/502/502
f 502/502/502 515/515/515 516/516/516 503/503/503
f 503/503/503 516/516/516 517/517/517 504/504/504
f 504/504/504 517/517/517 518/518/518 505/505/505
f 505/505/505 518/518/518 519/519/519 506/506/506
f 506/506/506 519/519/519 520/520/520 507/507/507
f 507/507/507 520/520/520 521/521/521 508/508/508
f 508/508/508 521/521/521 522/522/522 509/509/509
f 509/509/509 522/522/522 523/523/523 510/510/510
f 510/510/510 523/523/523 524/524/524 511/511/511
f 511/511/511 524/524/524 525/525/525 512/512/512
f 512/512/512 525/525/525 526/526/526 513/513/513
f 513/513/513 526/526/526 349/349/349 347/347/347
f 348/348/348 350/350/350 527/527/527 514/514/514
f 514/514/514 527/527/527 528/528/528 515/515/515
f 515/515/515 528/528/528 529/529/529 516/516/516
f 516/516/516 529/529/529 530/530/530 517/517/517
f 517/517/517 530/530/530 531/531/531 518/518/518
f 518/518/518 531/531/531 532/532/532 519/519/519
f 519/519/519 532/532/532 533/533/533 520/520/520
f 520/520/520 533/533/533 534/534/534 521/521/521
f 521/521/521 534/534/534 535/535/535 522/522/522
f 522/522/522 535/535/535 536/536/536 523/523/523
f 523/523/523 536/536/536 537/537/537 524/524/524
f 524/524/524 537/537/537 538/538/538 525/525/525
f 525/525/525 538/538/538 539/539/539 526/526/526
f 526/526/526 539/539/539 351/351/351 349/349/349
f 350/350/350 352/352/352 540/540/540 527/527/527
f 527/527/527 540/540/540 541/541/541 528/528/528
f 528/528/528 541/541/541 542/542/542 529/529/529
f 529/529/529 542/542/542 543/543/543 530/530/530
f 530/530/530 543/543/543 544/544/544 531/531/531
f 531/531/531 544/544/544 545/545/545 532/532/532
f 532/532/532 545/545/545 546/546/546 533/533/533
f 533/533/533 546/546/546 547/547/547 534/534/534
f 534/534/534 547/547/547 548/548/548 535/535/535
f 535/535/535 548/548/548 549/549/549 536/536/536
f 536/536/536 549/549/549 550/550/550 537/537/537
f 537/537/537 550/550/550 551/551/551 538/538/538
f 538/538/538 551/551/551 552/552/552 539/539/539
f 539/539/539 552/552/552 353/353/353 351/351/351
f 352/352/352 354/354/354 553/553/553 540/540/540
f 540/540/540 553/553/553 554/554/554 541/541/541
f 541/541/541 554/554/554 555/555/555 542/542/542
f 542/542/542 555/555/555 556/556/556 543/543/543
f 543/543/543 556/556/556 557/557/557 544/544/544
f 544/544/544 557/557/557 558/558/558 545/545/545
f 545/545/545 558/558/558 559/559/559 546/546/546
f 546/546/546 559/559/559 560/560/560 547/547/547
f 547/547/547 560/560/560 561/561/561 548/548/548
f 548/548/548 561/561/561 562/562/562 549/549/549
f 549/549/549 562/562/562 563/563/563 550/550/550
f 550/550/550 563/563/563 564/564/564 551/551/551
f 551/551/551 564/564/564 565/565/565 552/552/552
f 552/552/552 565/565/565 355/355/355 353/353/353
f 354/354/354 356/356/356 566/566/566 553/553/553
f 553/553/553 566/566/566 567/567/567 554/554/554
f 554/554/554 567/567/567 568/568/568 555/555/555
f 555/555/555 568/568/568 569/569/569 556/556/556
f 556/556/556 569/569/569 570/570/570 557/557/557
f 557/557/557 570/570/570 571/571/571 558/558/558
f 558/558/558 571/571/571 572/572/572 559/559/559
f 559/559/559 572/572/572 573/573/573 560/560/560
f 560/560/560 573/573/573 574/574/574 561/561/561
f 561/561/561 574/574/574 575/575/575 562/562/562
f 562/562/562 575/575/575 576/576/576 563/563/563
f 563/563/563 576/576/576 577/577/577 564/564/564
f 564/564/564 577/577/577 578/578/578 565/565/565
f 565/565/565 578/578/578 357/357/357 355/355/355
s 2
f 579/579/579 580/580/580 581/581/581
f 582/582/582 583/583/583 584/584/584
f 579/579/579 585/585/585 580/580/580
f 582/582/582 584/584/584 586/586/586
f 579/579/579 589/587/587 587/588/588
f 582/582/582 588/589/589 590/590/590
f 579/579/579 591/591/591 589/587/587
f 582/582/582 590/590/590 592/592/592
f 579/579/579 593/593/593 591/591/591
f 582/582/582 592/592/592 594/594/594
f 579/579/579 595/595/595 593/593/593
f 582/582/582 594/594/594 596/596/596
f 579/579/579 597/597/597 595/595/595
f 582/582/582 596/596/596 598/598/598
f 579/579/579 599/599/599 597/597/597
f 582/582/582 598/598/598 600/600/600
f 579/579/579 601/601/601 599/599/599
f 582/582/582 600/600/600 602/602/602
f 579/579/579 603/603/603 601/601/601
f 582/582/582 602/602/602 604/604/604
f 579/579/579 605/605/605 603/603/603
f 582/582/582 604/604/604 606/606/606
f 579/579/579 607/607/607 605/605/605
f 582/582/582 606/606/606 608/608/608
f 579/579/579 609/609/609 607/607/607
f 582/582/582 608/608/608 610/610/610
f 579/579/579 611/611/611 609/609/609
f 582/582/582 610/610/610 612/612/612
f 579/579/579 613/613/613 611/611/611
f 582/582/582 612/612/612 614/614/614
f 579/579/579 581/581/581 613/613/613
f 582/582/582 614/614/614 583/583/583
f 581/581/581 580/580/580 615/615/615 616/616/616
f 616/616/616 615/615/615 617/617/617 618/618/618
f 618/618/618 617/617/617 619/619/619 620/620/620
f 620/620/620 619/619/619 621/621/621 622/622/622
f 622/622/622 621/621/621 623/623/623 624/624/624
f 624/624/624 623/623/623 625/625/625 626/626/626
f 626/626/626 625/625/625 627/627/627 628/628/628
f 628/628/628 627/627/627 629/629/629 630/630/630
f 630/630/630 629/629/629 631/631/631 632/632/632
f 632/632/632 631/631/631 633/633/633 634/634/634
f 634/634/634 633/633/633 635/635/635 636/636/636
f 636/636/636 635/635/635 637/637/637 638/638/638
f 638/638/638 637/637/637 639/639/639 640/640/640
f 640/640/640 639/639/639 584/584/584 583/583/583
f 580/580/580 585/585/585 641/641/641 615/615/615
f 615/615/615 641/641/641 642/642/642 617/617/617
f 617/617/617 642/642/642 643/643/643 619/619/619
f 619/619/619 643/643/643 644/644/644 621/621/621
f 621/621/621 644/644/644 645/645/645 623/623/623
f 623/623/623 645/645/645 646/646/646 625/625/625
f 625/625/625 646/646/646 647/647/647 627/627/627
f 627/627/627 647/647/647 648/648/648 629/629/629
f 629/629/629 648/648/648 649/649/649 631/631/631
f 631/631/631 649/649/649 650/650/650 633/633/633
f 633/633/633 650/650/650 651/651/651 635/635/635
f 635/635/635 651/651/651 652/652/652 637/637/637
f 637/637/637 652/652/652 653/653/653 639/639/639
f 639/639/639 653/653/653 586/586/586 584/584/584
f 587/588/588 589/587/587 667/654/654 654/655/655
f 654/655/655 667/654/654 668/656/656 655/657/657
f 655/657/657 668/656/656 669/658/658 656/659/659
f 656/659/659 669/658/658 670/660/660 657/661/661
f 657/661/661 670/660/660 671/662/662 658/663/663
f 658/663/663 671/662/662 672/664/664 659/665/665
f 659/665/665 672/664/664 673/666/666 660/667/667
f 660/667/667 673/666/666 674/668/668 661/669/669
f 661/669/669 674/668/668 675/670/670 662/671/671
f 662/671/671 675/670/670 676/672/672 663/673/673
f 663/673/673 676/672/672 677/674/674 664/675/675
f 664/675/675 677/674/674 678/676/676 665/677/677
f 665/677/677 678/676/676 679/678/678 666/679/679
f 666/679/679 679/678/678 590/590/590 588/589/589
f 589/587/587 591/591/591 680/680/680 667/654/654
f 667/654/654 680/680/680 681/681/681 668/656/656
f 668/656/656 681/681/681 682/682/682 669/658/658
f 669/658/658 682/682/682 683/683/683 670/660/660
f 670/660/660 683/683/683 684/684/684 671/662/662
f 671/662/662 684/684/684 685/685/685 672/664/664
f 672/664/664 685/685/685 686/686/686 673/666/666
f 673/666/666 686/686/686 687/687/687 674/668/668
f 674/668/668 687/687/687 688/688/688 675/670/670
f 675/670/670 688/688/688 689/689/689 676/672/672
f 676/672/672 689/689/689 690/690/690 677/674/674
f 677/674/674 690/690/690 691/691/691 678/676/676
f 678/676/676 691/691/691 692/692/692 679/678/678
f 679/678/678 692/692/692 592/592/592 590/590/590
f 591/591/591 593/593/593 693/693/693 680/680/680
f 680/680/680 693/693/693 694/694/694 681/681/681
f 681/681/681 694/694/694 695/695/695 682/682/682
f 682/682/682 695/695/695 696/696/696 683/683/683
f 683/683/683 696/696/696 697/697/697 684/684/684
f 684/684/684 697/697/697 698/698/698 685/685/685
f 685/685/685 698/698/698 699/699/699 686/686/686
f 686/686/686 699/699/699 700/700/700 687/687/687
f 687/687/687 700/700/700 701/701/701 688/688/688
f 688/688/688 701/701/701 702/702/702 689/689/689
f 689/689/689 702/702/702 703/703/703 690/690/690
f 690/690/690 703/703/703 704/704/704 691/691/691
f 691/691/691 704/704/704 705/705/705 692/692/692
f 692/692/692 705/705/705 594/594/594 592/592/592
f 593/593/593 595/595/595 706/706/706 693/693/693
f 693/693/693 706/706/706 707/707/707 694/694/694
f 694/694/694 707/707/707 708/708/708 695/695/695
f 695/695/695 708/708/708 709/709/709 696/696/696
f 696/696/696 709/709/709 710/710/710 697/697/697
f 697/697/697 710/710/710 711/711/711 698/698/698
f 698/698/698 711/711/711 712/712/712 699/699/699
f 699/699/699 712/712/712 713/713/713 700/700/700
f 700/700/700 713/713/713 714/714/714 701/701/701
f 701/701/701 714/714/714 715/715/715 702/702/702
f 702/702/702 715/715/715 716/716/716 703/703/703
f 703/703/703 716/716/716 717/717/717 704/704/704
f 704/704/704 717/717/717 718/718/718 705/705/705
f 705/705/705 718/718/718 596/596/596 594/594/594
f 595/595/595 597/597/597 719/719/719 706/706/706
f 706/706/706 719/719/719 720/720/720 707/707/707
f 707/707/707 720/720/720 721/721/721 708/708/708
f 708/708/708 721/721/721 722/722/722 709/709/709
f 709/709/709 722/722/722 723/723/723 710/710/710
f 710/710/710 723/723/723 724/724/724 711/711/711
f 711/711/711 724/724/724 725/725/725 712/712/712
f 712/712/712 725/725/725 726/726/726 713/713/713
f 713/713/713 726/726/726 727/727/727 714/714/714
f 714/714/714 727/727/727 728/728/728 715/715/715
f 715/715/715 728/728/728 729/729/729 716/716/716
f 716/716/716 729/729/729 730/730/730 717/717/717
f 717/717/717 730/730/730 731/731/731 718/718/718
f 718/718/718 731/731/731 598/598/598 596/596/596
f 597/597/597 599/599/599 732/732/732 719/719/719
f 719/719/719 732/732/732 733/733/733 720/720/720
f 720/720/720 733/733/733 734/734/734 721/721/721
f 721/721/721 734/734/734 735/735/735 722/722/722
f 722/722/722 735/735/735 736/736/736 723/723/723
f 723/723/723 736/736/736 737/737/737 724/724/724
f 724/724/724 737/737/737 738/738/738 725/725/725
f 725/725/725 738/738/738 739/739/739 726/726/726
f 726/726/726 739/739/739 740/740/740 727/727/727
f 727/727/727 740/740/740 741/741/741 728/728/728
f 728/728/728 741/741/741 742/742/742 729/729/729
f 729/729/729 742/742/742 743/743/743 730/730/730
f 730/730/730 743/743/743 744/744/744 731/731/731
f 731/731/731 744/744/744 600/600/600 598/598/598
f 599/599/599 601/601/601 745/745/745 732/732/732
f 732/732/732 745/745/745 746/746/746 733/733/733
f 733/733/733 746/746/746 747/747/747 734/734/734
f 734/734/734 747/747/747 748/748/748 735/735/735
f 735/735/735 748/748/748 749/749/749 736/736/736
f 736/736/736 749/749/749 750/750/750 737/737/737
f 737/737/737 750/750/750 751/751/751 738/738/738
f 738/738/738 751/751/751 752/752/752 739/739/739
f 739/739/739 752/752/752 753/753/753 740/740/740
f 740/740/740 753/753/753 754/754/754 741/741/741
f 741/741/741 754/754/754 755/755/755 742/742/742
f 742/742/742 755/755/755 756/756/756 743/743/743
f 743/743/743 756/756/756 757/757/757 744/744/744
f 744/744/744 757/757/757 602/602/602 600/600/600
f 601/601/601 603/603/603 758/758/758 745/745/745
f 745/745/745 758/758/758 759/759/759 746/746/746
f 746/746/746 759/759/759 760/760/760 747/747/747
f 747/747/747 760/760/760 761/761/761 748/748/748
f 748/748/748 761/761/761 762/762/762 749/749/749
f 749/749/749 762/762/762 763/763/763 750/750/750
f 750/750/750 763/763/763 764/764/764 751/751/751
f 751/751/751 764/764/764 765/765/765 752/752/752
f 752/752/752 765/765/765 766/766/766 753/753/753
f 753/753/753 766/766/766 767/767/767 754/754/754
f 754/754/754 767/767/767 768/768/768 755/755/755
f 755/755/755 768/768/768 769/769/769 756/756/756
f 756/756/756 769/769/769 770/770/770 757/757/757
f 757/757/757 770/770/770 604/604/604 602/602/602
f 603/603/603 605/605/605 771/771/771 758/758/758
f 758/758/758 771/771/771 772/772/772 759/759/759
f 759/759/759 772/772/772 773/773/773 760/760/760
f 760/760/760 773/773/773 774/774/774 761/761/761
f 761/761/761 774/774/774 775/775/775 762/762/762
f 762/762/762 775/775/775 776/776/776 763/763/763
f 763/763/763 776/776/776 777/777/777 764/764/764
f 764/764/764 777/777/777 778/778/778 765/765/765
f 765/765/765 778/778/778 779/779/779 766/766/766
f 766/766/766 779/779/779 780/780/780 767/767/767
f 767/767/767 780/780/780 781/781/781 768/768/768
f 768/768/768 781/781/781 782/782/782 769/769/769
f 769/769/769 782/782/782 783/783/783 770/770/770
f 770/770/770 783/783/783 606/606/606 604/604/604
f 605/605/605 607/607/607 784/784/784 771/771/771
f 771/771/771 784/784/784 785/785/785 772/772/772
f 772/772/772 785/785/785 786/786/786 773/773/773
f 773/773/773 786/786/786 787/787/787 774/774/774
f 774/774/774 787/787/787 788/788/788 775/775/775
f 775/775/775 788/788/788 789/789/789 776/776/776
f 776/776/776 789/789/789 790/790/790 777/777/777
f 777/777/777 790/790/790 791/791/791 778/778/778
f 778/778/778 791/791/791 792/792/792 779/779/779
f 779/779/779 792/792/792 793/793/793 780/780/780
f 780/780/780 793/793/793 794/794/794 781/781/781
f 781/781/781 794/794/794 795/795/795 782/782/782
f 782/782/782 795/795/795 796/796/796 783/783/783
f 783/783/783 796/796/796 608/608/608 606/606/606
f 607/607/607 609/609/609 797/797/797 784/784/784
f 784/784/784 797/797/797 798/798/798 785/785/785
f 785/785/785 798/798/798 799/799/799 786/786/786
f 786/786/786 799/799/799 800/800/800 787/787/787
f 787/787/787 800/800/800 801/801/801 788/788/788
f 788/788/788 801/801/801 802/802/802 789/789/789
f 789/789/789 802/802/802 803/803/803 790/790/790
f 790/790/790 803/803/803 804/804/804 791/791/791
f 791/791/791 804/804/804 805/805/805 792/792/792
f 792/792/792 805/805/805 806/806/806 793/793/793
f 793/793/793 806/806/806 807/807/807 794/794/794
f 794/794/794 807/807/807 808/808/808 795/795/795
f 795/795/795 808/808/808 809/809/809 796/796/796
f 796/796/796 809/809/809 610/610/610 608/608/608
f 609/609/609 611/611/611 810/810/810 797/797/797
f 797/797/797 810/810/810 811/811/811 798/798/798
f 798/798/798 811/811/811 812/812/812 799/799/799
f 799/799/799 812/812/812 813/813/813 800/800/800
f 800/800/800 813/813/813 814/814/814 801/801/801
f 801/801/801 814/814/814 815/815/815 802/802/802
f 802/802/802 815/815/815 816/816/816 803/803/803
f 803/803/803 816/816/816 817/817/817 804/804/804
f 804/804/804 817/817/817 818/818/818 805/805/805
f 805/805/805 818/818/818 819/819/819 806/806/806
f 806/806/806 819/819/819 820/820/820 807/807/807
f 807/807/807 820/820/820 821/821/821 808/808/808
f 808/808/808 821/821/821 822/822/822 809/809/809
f 809/809/809 822/822/822 612/612/612 610/610/610
f 611/611/611 613/613/613 823/823/823 810/810/810
f 810/810/810 823/823/823 824/824/824 811/811/811
f 811/811/811 824/824/824 825/825/825 812/812/812
f 812/812/812 825/825/825 826/826/826 813/813/813
f 813/813/813 826/826/826 827/827/827 814/814/814
f 814/814/814 827/827/827 828/828/828 815/815/815
f 815/815/815 828/828/828 829/829/829 816/816/816
f 816/816/816 829/829/829 830/830/830 817/817/817
f 817/817/817 830/830/830 831/831/831 818/818/818
f 818/818/818 831/831/831 832/832/832 819/819/819
f 819/819/819 832/832/832 833/833/833 820/820/820
f 820/820/820 833/833/833 834/834/834 821/821/821
f 821/821/821 834/834/834 835/835/835 822/822/822
f 822/822/822 835/835/835 614/614/614 612/612/612
f 613/613/613 581/581/581 616/616/616 823/823/823
f 823/823/823 616/616/616 618/618/618 824/824/824
f 824/824/824 618/618/618 620/620/620 825/825/825
f 825/825/825 620/620/620 622/622/622 826/826/826
f 826/826/826 622/622/622 624/624/624 827/827/827
f 827/827/827 624/624/624 626/626/626 828/828/828
f 828/828/828 626/626/626 628/628/628 829/829/829
f 829/829/829 628/628/628 630/630/630 830/830/830
f 830/830/830 630/630/630 632/632/632 831/831/831
f 831/831/831 632/632/632 634/634/634 832/832/832
f 832/832/832 634/634/634 636/636/636 833/833/833
f 833/833/833 636/636/636 638/638/638 834/834/834
f 834/834/834 638/638/638 640/640/640 835/835/835
f 835/835/835 640/640/640 583/583/583 614/614/614
f 660/667/667 661/669/669 837/836/836 836/837/837
f 661/669/669 662/671/671 838/838/838 837/836/836
f 662/671/671 663/673/673 839/839/839 838/838/838
f 663/673/673 664/675/675 840/840/840 839/839/839
f 664/675/675 665/677/677 841/841/841 840/840/840
f 665/677/677 666/679/679 842/842/842 841/841/841
f 666/679/679 588/589/589 843/843/843 842/842/842
f 588/589/589 582/582/582 844/844/844 843/843/843
f 582/582/582 586/586/586 845/845/845 844/844/844
f 586/586/586 653/653/653 846/846/846 845/845/845
f 653/653/653 652/652/652 847/847/847 846/846/846
f 652/652/652 651/651/651 848/848/848 847/847/847
f 651/651/651 650/650/650 849/849/849 848/848/848
f 650/650/650 649/649/649 850/850/850 849/849/849
f 649/649/649 648/648/648 851/851/851 850/850/850
f 648/648/648 647/647/647 852/852/852 851/851/851
f 647/647/647 646/646/646 853/853/853 852/852/852
f 646/646/646 645/645/645 854/854/854 853/853/853
f 645/645/645 644/644/644 855/855/855 854/854/854
f 644/644/644 643/643/643 856/856/856 855/855/855
f 643/643/643 642/642/642 857/857/857 856/856/856
f 642/642/642 641/641/641 858/858/858 857/857/857
f 641/641/641 585/585/585 859/859/859 858/858/858
f 585/585/585 579/579/579 860/860/860 859/859/859
f 579/579/579 587/588/588 861/861/861 860/860/860
f 587/588/588 654/655/655 862/862/862 861/861/861
f 654/655/655 655/657/657 863/863/863 862/862/862
f 655/657/657 656/659/659 864/864/864 863/863/863
f 656/659/659 657/661/661 865/865/865 864/864/864
f 657/661/661 658/663/663 866/866/866 865/865/865
f 658/663/663 659/665/665 867/867/867 866/866/866
f 659/665/665 660/667/667 836/837/837 867/867/867
g default
v -0.047000 0.527394 -0.024000
v -0.046064 0.527866 -0.019292
v -0.047000 0.527866 -0.019199
v -0.047000 0.576606 -0.024000
v -0.047000 0.576133 -0.019200
v -0.046064 0.576133 -0.019292
v -0.045163 0.527866 -0.019565
v -0.045163 0.576133 -0.019565
v -0.044333 0.527866 -0.020009
v -0.044333 0.576133 -0.020009
v -0.043606 0.527866 -0.020606
v -0.043606 0.576133 -0.020606
v -0.043009 0.527866 -0.021333
v -0.043009 0.576133 -0.021333
v -0.042565 0.527866 -0.022163
v -0.042565 0.576133 -0.022163
v -0.042292 0.527866 -0.023063
v -0.042292 0.576133 -0.023063
v -0.042199 0.527866 -0.024000
v -0.042199 0.576133 -0.024000
v -0.042292 0.527866 -0.024936
v -0.042292 0.576133 -0.024936
v -0.042565 0.527866 -0.025837
v -0.042565 0.576133 -0.025837
v -0.043009 0.527866 -0.026667
v -0.043009 0.576133 -0.026667
v -0.043606 0.527866 -0.027394
v -0.043606 0.576133 -0.027394
v -0.044333 0.527866 -0.027991
v -0.044333 0.576133 -0.027991
v -0.045163 0.527866 -0.028435
v -0.045163 0.576133 -0.028435
v -0.046064 0.527866 -0.028708
v -0.046064 0.576133 -0.028708
v -0.047000 0.527866 -0.028801
v -0.047000 0.576133 -0.028801
v -0.045163 0.529267 -0.014764
v -0.047000 0.529267 -0.014584
v -0.044333 0.531541 -0.010592
v -0.047000 0.531541 -0.010329
v -0.043606 0.534601 -0.006935
v -0.047000 0.534601 -0.006601
v -0.043009 0.538329 -0.003934
v -0.047000 0.538329 -0.003541
v -0.042565 0.542584 -0.001704
v -0.047000 0.542584 -0.001267
v -0.042292 0.547199 -0.000330
v -0.047000 0.547199 0.000133
v -0.042199 0.552000 0.000133
v -0.047000 0.552000 0.000606
v -0.042292 0.556800 -0.000330
v -0.047000 0.556800 0.000133
v -0.042565 0.561416 -0.001704
v -0.047000 0.561416 -0.001267
v -0.043009 0.565670 -0.003934
v -0.047000 0.565670 -0.003541
v -0.043606 0.569399 -0.006935
v -0.047000 0.569399 -0.006601
v -0.044333 0.572459 -0.010592
v -0.047000 0.572459 -0.010329
v -0.045163 0.574733 -0.014764
v -0.047000 0.574733 -0.014584
v -0.043396 0.529267 -0.015300
v -0.041768 0.531541 -0.011370
v -0.040342 0.534601 -0.007925
v -0.039170 0.538329 -0.005098
v -0.038300 0.542584 -0.002997
v -0.037765 0.547199 -0.001704
v -0.037584 0.552000 -0.001267
v -0.037765 0.556800 -0.001704
v -0.038300 0.561416 -0.002997
v -0.039170 0.565670 -0.005098
v -0.040342 0.569399 -0.007925
v -0.041768 0.572459 -0.011370
v -0.043396 0.574733 -0.015300
v -0.041768 0.529267 -0.016170
v -0.039405 0.531541 -0.012633
v -0.037333 0.534601 -0.009533
v -0.035633 0.538329 -0.006989
v -0.034370 0.542584 -0.005098
v -0.033592 0.547199 -0.003934
v -0.033330 0.552000 -0.003541
v -0.033592 0.556800 -0.003934
v -0.034370 0.561416 -0.005098
v -0.035633 0.565670 -0.006989
v -0.037333 0.569399 -0.009533
v -0.039405 0.572459 -0.012633
v -0.041768 0.574733 -0.016170
v -0.040342 0.529267 -0.017342
v -0.037333 0.531541 -0.014333
v -0.034697 0.534601 -0.011697
v -0.032533 0.538329 -0.009533
v -0.030925 0.542584 -0.007925
v -0.029935 0.547199 -0.006935
v -0.029601 0.552000 -0.006601
v -0.029935 0.556800 -0.006935
v -0.030925 0.561416 -0.007925
v -0.032533 0.565670 -0.009533
v -0.034697 0.569399 -0.011697
v -0.037333 0.572459 -0.014333
v -0.040342 0.574733 -0.017342
v -0.039170 0.529267 -0.018769
v -0.035633 0.531541 -0.016405
v -0.032533 0.534601 -0.014333
v -0.029989 0.538329 -0.012633
v -0.028098 0.542584 -0.011370
v -0.026934 0.547199 -0.010592
v -0.026541 0.552000 -0.010329
v -0.026934 0.556800 -0.010592
v -0.028098 0.561416 -0.011370
v -0.029989 0.565670 -0.012633
v -0.032533 0.569399 -0.014333
v -0.035633 0.572459 -0.016405
v -0.039170 0.574733 -0.018769
v -0.038300 0.529267 -0.020397
v -0.034370 0.531541 -0.018769
v -0.030925 0.534601 -0.017342
v -0.028098 0.538329 -0.016170
v -0.025997 0.542584 -0.015300
v -0.024704 0.547199 -0.014764
v -0.024267 0.552000 -0.014584
v -0.024704 0.556800 -0.014764
v -0.025997 0.561416 -0.015300
v -0.028098 0.565670 -0.016170
v -0.030925 0.569399 -0.017342
v -0.034370 0.572459 -0.018769
v -0.038300 0.574733 -0.020397
v -0.037765 0.529267 -0.022163
v -0.033592 0.531541 -0.021333
v -0.029935 0.534601 -0.020606
v -0.026934 0.538329 -0.020009
v -0.024704 0.542584 -0.019565
v -0.023330 0.547199 -0.019292
v -0.022867 0.552000 -0.019200
v -0.023330 0.556800 -0.019292
v -0.024704 0.561416 -0.019565
v -0.026934 0.565670 -0.020009
v -0.029935 0.569399 -0.020606
v -0.033592 0.572459 -0.021333
v -0.037765 0.574733 -0.022163
v -0.037584 0.529267 -0.024000
v -0.033330 0.531541 -0.024000
v -0.029601 0.534601 -0.024000
v -0.026541 0.538329 -0.024000
v -0.024267 0.542584 -0.024000
v -0.022867 0.547199 -0.024000
v -0.022394 0.552000 -0.024000
v -0.022867 0.556800 -0.024000
v -0.024267 0.561416 -0.024000
v -0.026541 0.565670 -0.024000
v -0.029601 0.569399 -0.024000
v -0.033330 0.572459 -0.024000
v -0.037584 0.574733 -0.024000
v -0.037765 0.529267 -0.025837
v -0.033592 0.531541 -0.026667
v -0.029935 0.534601 -0.027394
v -0.026934 0.538329 -0.027991
v -0.024704 0.542584 -0.028435
v -0.023330 0.547199 -0.028708
v -0.022867 0.552000 -0.028801
v -0.023330 0.556800 -0.028708
v -0.024704 0.561416 -0.028435
v -0.026934 0.565670 -0.027991
v -0.029935 0.569399 -0.027394
v -0.033592 0.572459 -0.026667
v -0.037765 0.574733 -0.025837
v -0.038300 0.529267 -0.027603
v -0.034370 0.531541 -0.029231
v -0.030925 0.534601 -0.030658
v -0.028098 0.538329 -0.031829
v -0.025997 0.542584 -0.032700
v -0.024704 0.547199 -0.033236
v -0.024267 0.552000 -0.033416
v -0.024704 0.556800 -0.033236
v -0.025997 0.561416 -0.032700
v -0.028098 0.565670 -0.031829
v -0.030925 0.569399 -0.030658
v -0.034370 0.572459 -0.029231
v -0.038300 0.574733 -0.027603
v -0.039170 0.529267 -0.029231
v -0.035633 0.531541 -0.031595
v -0.032533 0.534601 -0.033666
v -0.029989 0.538329 -0.035367
v -0.028098 0.542584 -0.036630
v -0.026934 0.547199 -0.037408
v -0.026541 0.552000 -0.037671
v -0.026934 0.556800 -0.037408
v -0.028098 0.561416 -0.036630
v -0.029989 0.565670 -0.035367
v -0.032533 0.569399 -0.033666
v -0.035633 0.572459 -0.031595
v -0.039170 0.574733 -0.029231
v -0.040342 0.529267 -0.030658
v -0.037333 0.531541 -0.033666
v -0.034697 0.534601 -0.036303
v -0.032533 0.538329 -0.038467
v -0.030925 0.542584 -0.040075
v -0.029935 0.547199 -0.041065
v -0.029601 0.552000 -0.041399
v -0.029935 0.556800 -0.041065
v -0.030925 0.561416 -0.040075
v -0.032533 0.565670 -0.038467
v -0.034697 0.569399 -0.036303
v -0.037333 0.572459 -0.033666
v -0.040342 0.574733 -0.030658
v -0.041768 0.529267 -0.031829
v -0.039405 0.531541 -0.035367
v -0.037333 0.534601 -0.038467
v -0.035633 0.538329 -0.041011
v -0.034370 0.542584 -0.042902
v -0.033592 0.547199 -0.044066
v -0.033330 0.552000 -0.044459
v -0.033592 0.556800 -0.044066
v -0.034370 0.561416 -0.042902
v -0.035633 0.565670 -0.041011
v -0.037333 0.569399 -0.038467
v -0.039405 0.572459 -0.035367
v -0.041768 0.574733 -0.031829
v -0.043396 0.529267 -0.032700
v -0.041768 0.531541 -0.036630
v -0.040342 0.534601 -0.040075
v -0.039170 0.538329 -0.042902
v -0.038300 0.542584 -0.045003
v -0.037765 0.547199 -0.046296
v -0.037584 0.552000 -0.046733
v -0.037765 0.556800 -0.046296
v -0.038300 0.561416 -0.045003
v -0.039170 0.565670 -0.042902
v -0.040342 0.569399 -0.040075
v -0.041768 0.572459 -0.036630
v -0.043396 0.574733 -0.032700
v -0.045163 0.529267 -0.033236
v -0.044333 0.531541 -0.037408
v -0.043606 0.534601 -0.041065
v -0.043009 0.538329 -0.044066
v -0.042565 0.542584 -0.046296
v -0.042292 0.547199 -0.047670
v -0.042199 0.552000 -0.048133
v -0.042292 0.556800 -0.047670
v -0.042565 0.561416 -0.046296
v -0.043009 0.565670 -0.044066
v -0.043606 0.569399 -0.041065
v -0.044333 0.572459 -0.037408
v -0.045163 0.574733 -0.033236
v -0.047000 0.529267 -0.033416
v -0.047000 0.531541 -0.037671
v -0.047000 0.534601 -0.041399
v -0.047000 0.538329 -0.044459
v -0.047000 0.542584 -0.046733
v -0.047000 0.547199 -0.048133
v -0.047000 0.552000 -0.048606
v -0.047000 0.556800 -0.048133
v -0.047000 0.561416 -0.046733
v -0.047000 0.565670 -0.044459
v -0.047000 0.569399 -0.041399
v -0.047000 0.572459 -0.037671
v -0.047000 0.574733 -0.033416
v -0.162544 0.544981 0.002606
v -0.162544 0.540180 0.002133
v -0.162544 0.549781 0.002133
v -0.162544 0.554397 0.000733
v -0.162544 0.558651 -0.001541
v -0.162544 0.562380 -0.004601
v -0.162544 0.565440 -0.008329
v -0.162544 0.567714 -0.012584
v -0.162544 0.569114 -0.017200
v -0.162544 0.569587 -0.022000
v -0.162544 0.569114 -0.026801
v -0.162544 0.567714 -0.031416
v -0.162544 0.565440 -0.035671
v -0.162544 0.562380 -0.039399
v -0.162544 0.558651 -0.042459
v -0.162544 0.554397 -0.044733
v -0.162544 0.549781 -0.046133
v -0.162544 0.544981 -0.046606
v -0.162544 0.540180 -0.046133
v -0.162544 0.535565 -0.044733
v -0.162544 0.531310 -0.042459
v -0.162544 0.527582 -0.039399
v -0.162544 0.524522 -0.035671
v -0.162544 0.522248 -0.031416
v -0.162544 0.520847 -0.026801
v -0.162544 0.520375 -0.022000
v -0.162544 0.520847 -0.017199
v -0.162544 0.522248 -0.012584
v -0.162544 0.524522 -0.008329
v -0.162544 0.527582 -0.004601
v -0.162544 0.531310 -0.001541
v -0.162544 0.535565 0.000733
v -0.164995 0.549398 0.000208
v -0.164995 0.544981 0.000643
v -0.164995 0.553646 -0.001080
v -0.164995 0.557561 -0.003173
v -0.164995 0.560992 -0.005989
v -0.164995 0.563808 -0.009420
v -0.164995 0.565901 -0.013335
v -0.164995 0.567189 -0.017583
v -0.164995 0.567624 -0.022000
v -0.164995 0.567189 -0.026418
v -0.164995 0.565901 -0.030665
v -0.164995 0.563808 -0.034580
v -0.164995 0.560992 -0.038011
v -0.164995 0.557561 -0.040827
v -0.164995 0.553646 -0.042920
v -0.164995 0.549398 -0.044208
v -0.164995 0.544981 -0.044643
v -0.164995 0.540563 -0.044208
v -0.164995 0.536316 -0.042920
v -0.164995 0.532401 -0.040827
v -0.164995 0.528970 -0.038011
v -0.164995 0.526154 -0.034580
v -0.164995 0.524062 -0.030665
v -0.164995 0.522772 -0.026418
v -0.164995 0.522338 -0.022000
v -0.164995 0.522772 -0.017582
v -0.164995 0.524062 -0.013335
v -0.164995 0.526154 -0.009420
v -0.164995 0.528970 -0.005989
v -0.164995 0.532401 -0.003173
v -0.164995 0.536316 -0.001080
v -0.164995 0.540563 0.000208
vt 0.416007 0.754393
vt 0.417680 0.755066
vt 0.416007 0.755066
vt 0.416007 0.824581
vt 0.416007 0.823906
vt 0.417680 0.823906
vt 0.419290 0.755066
vt 0.419290 0.823906
vt 0.420773 0.755066
vt 0.420773 0.823906
vt 0.422073 0.755066
vt 0.422073 0.823906
vt 0.423140 0.755066
vt 0.423140 0.823906
vt 0.423932 0.755066
vt 0.423932 0.823906
vt 0.424421 0.755066
vt 0.424421 0.823906
vt 0.424586 0.755066
vt 0.424586 0.823906
vt 0.424421 0.755066
vt 0.424421 0.823906
vt 0.423932 0.755066
vt 0.423932 0.823906
vt 0.423140 0.755066
vt 0.423140 0.823906
vt 0.422073 0.755066
vt 0.422073 0.823906
vt 0.420773 0.755066
vt 0.420773 0.823906
vt 0.419290 0.755066
vt 0.419290 0.823906
vt 0.417680 0.755066
vt 0.417680 0.823906
vt 0.416007 0.755066
vt 0.416007 0.823906
vt 0.419290 0.757064
vt 0.416007 0.757064
vt 0.420773 0.760307
vt 0.416007 0.760307
vt 0.422073 0.764672
vt 0.416007 0.764672
vt 0.423140 0.769989
vt 0.416007 0.769989
vt 0.423932 0.776057
vt 0.416007 0.776057
vt 0.424421 0.782639
vt 0.416007 0.782639
vt 0.424586 0.789487
vt 0.416007 0.789487
vt 0.424421 0.796333
vt 0.416007 0.796333
vt 0.423932 0.802916
vt 0.416007 0.802916
vt 0.423140 0.808984
vt 0.416007 0.808984
vt 0.422073 0.814302
vt 0.416007 0.814302
vt 0.420773 0.818666
vt 0.416007 0.818666
vt 0.419290 0.821910
vt 0.416007 0.821910
vt 0.422446 0.757064
vt 0.425356 0.760307
vt 0.427906 0.764672
vt 0.429999 0.769989
vt 0.431554 0.776057
vt 0.432511 0.782639
vt 0.432835 0.789487
vt 0.432511 0.796333
vt 0.431554 0.802916
vt 0.429999 0.808984
vt 0.427906 0.814302
vt 0.425356 0.818666
vt 0.422446 0.821910
vt 0.425356 0.757064
vt 0.429579 0.760307
vt 0.433282 0.764672
vt 0.436320 0.769989
vt 0.438577 0.776057
vt 0.439968 0.782639
vt 0.440437 0.789487
vt 0.439968 0.796333
vt 0.438577 0.802916
vt 0.436320 0.808984
vt 0.433282 0.814302
vt 0.429579 0.818666
vt 0.425356 0.821910
vt 0.427906 0.757064
vt 0.433282 0.760307
vt 0.437993 0.764672
vt 0.441860 0.769989
vt 0.444734 0.776057
vt 0.446503 0.782639
vt 0.447101 0.789487
vt 0.446503 0.796333
vt 0.444734 0.802916
vt 0.441860 0.808984
vt 0.437993 0.814302
vt 0.433282 0.818666
vt 0.427906 0.821910
vt 0.429999 0.757064
vt 0.436320 0.760307
vt 0.441860 0.764672
vt 0.446408 0.769989
vt 0.449786 0.776057
vt 0.451867 0.782639
vt 0.452569 0.789487
vt 0.451867 0.796333
vt 0.449786 0.802916
vt 0.446408 0.808984
vt 0.441860 0.814302
vt 0.436320 0.818666
vt 0.429999 0.821910
vt 0.431554 0.757064
vt 0.438577 0.760307
vt 0.444734 0.764672
vt 0.449786 0.769989
vt 0.453541 0.776057
vt 0.455852 0.782639
vt 0.456633 0.789487
vt 0.455852 0.796333
vt 0.453541 0.802916
vt 0.449786 0.808984
vt 0.444734 0.814302
vt 0.438577 0.818666
vt 0.431554 0.821910
vt 0.432511 0.757064
vt 0.439968 0.760307
vt 0.446503 0.764672
vt 0.451867 0.769989
vt 0.455852 0.776057
vt 0.458307 0.782639
vt 0.459135 0.789487
vt 0.458307 0.796333
vt 0.455852 0.802916
vt 0.451867 0.808984
vt 0.446503 0.814302
vt 0.439968 0.818666
vt 0.432511 0.821910
vt 0.432835 0.757064
vt 0.440437 0.760307
vt 0.447101 0.764672
vt 0.452569 0.769989
vt 0.456633 0.776057
vt 0.459135 0.782639
vt 0.459980 0.789487
vt 0.459135 0.796333
vt 0.456633 0.802916
vt 0.452569 0.808984
vt 0.447101 0.814302
vt 0.440437 0.818666
vt 0.432835 0.821910
vt 0.432511 0.757064
vt 0.439968 0.760307
vt 0.446503 0.764672
vt 0.451867 0.769989
vt 0.455852 0.776057
vt 0.458307 0.782639
vt 0.459135 0.789487
vt 0.458307 0.796333
vt 0.455852 0.802916
vt 0.451867 0.808984
vt 0.446503 0.814302
vt 0.439968 0.818666
vt 0.432511 0.821910
vt 0.431554 0.757064
vt 0.438577 0.760307
vt 0.444734 0.764672
vt 0.449786 0.769989
vt 0.453541 0.776057
vt 0.455852 0.782639
vt 0.456633 0.789487
vt 0.455852 0.796333
vt 0.453541 0.802916
vt 0.449786 0.808984
vt 0.444734 0.814302
vt 0.438577 0.818666
vt 0.431554 0.821910
vt 0.429999 0.757064
vt 0.436320 0.760307
vt 0.441860 0.764672
vt 0.446408 0.769989
vt 0.449786 0.776057
vt 0.451867 0.782639
vt 0.452569 0.789487
vt 0.451867 0.796333
vt 0.449786 0.802916
vt 0.446408 0.808984
vt 0.441860 0.814302
vt 0.436320 0.818666
vt 0.429999 0.821910
vt 0.427906 0.757064
vt 0.433282 0.760307
vt 0.437993 0.764672
vt 0.441860 0.769989
vt 0.444734 0.776057
vt 0.446503 0.782639
vt 0.447101 0.789487
vt 0.446503 0.796333
vt 0.444734 0.802916
vt 0.441860 0.808984
vt 0.437993 0.814302
vt 0.433282 0.818666
vt 0.427906 0.821910
vt 0.425356 0.757064
vt 0.429579 0.760307
vt 0.433282 0.764672
vt 0.436320 0.769989
vt 0.438577 0.776057
vt 0.439968 0.782639
vt 0.440437 0.789487
vt 0.439968 0.796333
vt 0.438577 0.802916
vt 0.436320 0.808984
vt 0.433282 0.814302
vt 0.429579 0.818666
vt 0.425356 0.821910
vt 0.422446 0.757064
vt 0.425356 0.760307
vt 0.427906 0.764672
vt 0.429999 0.769989
vt 0.431554 0.776057
vt 0.432511 0.782639
vt 0.432835 0.789487
vt 0.432511 0.796333
vt 0.431554 0.802916
vt 0.429999 0.808984
vt 0.427906 0.814302
vt 0.425356 0.818666
vt 0.422446 0.821910
vt 0.419290 0.757064
vt 0.420773 0.760307
vt 0.422073 0.764672
vt 0.423140 0.769989
vt 0.423932 0.776057
vt 0.424421 0.782639
vt 0.424586 0.789487
vt 0.424421 0.796333
vt 0.423932 0.802916
vt 0.423140 0.808984
vt 0.422073 0.814302
vt 0.420773 0.818666
vt 0.419290 0.821910
vt 0.416007 0.757064
vt 0.416007 0.760307
vt 0.416007 0.764672
vt 0.416007 0.769989
vt 0.416007 0.776057
vt 0.416007 0.782639
vt 0.416007 0.789487
vt 0.416007 0.796333
vt 0.416007 0.802916
vt 0.416007 0.808984
vt 0.416007 0.814302
vt 0.416007 0.818666
vt 0.416007 0.821910
vt 0.209519 0.779476
vt 0.209519 0.772629
vt 0.209519 0.786322
vt 0.209519 0.792906
vt 0.209519 0.798973
vt 0.209519 0.804291
vt 0.209519 0.808656
vt 0.209519 0.811899
vt 0.209519 0.813896
vt 0.209519 0.814570
vt 0.209519 0.813896
vt 0.209519 0.811899
vt 0.209519 0.808656
vt 0.209519 0.804291
vt 0.209519 0.798973
vt 0.209519 0.792906
vt 0.209519 0.786322
vt 0.209519 0.779476
vt 0.209519 0.772629
vt 0.209519 0.766047
vt 0.209519 0.759978
vt 0.209519 0.754661
vt 0.209519 0.750296
vt 0.209519 0.747053
vt 0.209519 0.745055
vt 0.209519 0.744382
vt 0.209519 0.745055
vt 0.209519 0.747053
vt 0.209519 0.750296
vt 0.209519 0.754661
vt 0.209519 0.759978
vt 0.209519 0.766047
vt 0.205138 0.785776
vt 0.205138 0.779476
vt 0.205138 0.791834
vt 0.205138 0.797417
vt 0.205138 0.802312
vt 0.205138 0.806328
vt 0.205138 0.809312
vt 0.205138 0.811150
vt 0.205138 0.811771
vt 0.205138 0.811150
vt 0.205138 0.809312
vt 0.205138 0.806328
vt 0.205138 0.802312
vt 0.205138 0.797417
vt 0.205138 0.791834
vt 0.205138 0.785776
vt 0.205138 0.779476
vt 0.205138 0.773175
vt 0.205138 0.767118
vt 0.205138 0.761533
vt 0.205138 0.756640
vt 0.205138 0.752624
vt 0.205138 0.749640
vt 0.205138 0.747801
vt 0.205138 0.747181
vt 0.205138 0.747801
vt 0.205138 0.749640
vt 0.205138 0.752624
vt 0.205138 0.756640
vt 0.205138 0.761533
vt 0.205138 0.767118
vt 0.205138 0.773175
vn 0.062628 -0.998037 -0.000002
vn 0.038060 -0.980790 0.191316
vn 0.041033 -0.979962 0.194911
vn 0.049326 0.998783 -0.000009
vn -0.018470 0.980620 0.195049
vn 0.038054 0.980791 0.191312
vn 0.074649 -0.980791 0.180215
vn 0.074649 0.980790 0.180218
vn 0.108374 -0.980789 0.162200
vn 0.108373 0.980789 0.162196
vn 0.137933 -0.980788 0.137945
vn 0.137932 0.980789 0.137943
vn 0.162191 -0.980789 0.108384
vn 0.162189 0.980790 0.108381
vn 0.180219 -0.980791 0.074637
vn 0.180217 0.980792 0.074630
vn 0.191318 -0.980791 0.038035
vn 0.191317 0.980792 0.038024
vn 0.195067 -0.980790 -0.000019
vn 0.195065 0.980790 -0.000010
vn 0.191318 -0.980790 -0.038064
vn 0.191316 0.980791 -0.038050
vn 0.180219 -0.980790 -0.074647
vn 0.180216 0.980789 -0.074662
vn 0.162191 -0.980790 -0.108370
vn 0.162189 0.980787 -0.108402
vn 0.137933 -0.980791 -0.137925
vn 0.137931 0.980788 -0.137947
vn 0.108374 -0.980789 -0.162200
vn 0.108373 0.980790 -0.162190
vn 0.074649 -0.980789 -0.180223
vn 0.074649 0.980791 -0.180210
vn 0.038060 -0.980790 -0.191316
vn 0.038060 0.980791 -0.191310
vn 0.037671 -0.980090 -0.194946
vn -0.021829 0.980555 -0.195025
vn 0.074670 -0.923861 0.375373
vn 0.050148 -0.922690 0.382268
vn 0.108379 -0.831494 0.544860
vn 0.057321 -0.830112 0.554643
vn 0.137935 -0.707179 0.693449
vn 0.062290 -0.705785 0.705682
vn 0.162206 -0.555609 0.815468
vn 0.064861 -0.554414 0.829710
vn 0.180238 -0.382700 0.906121
vn 0.064935 -0.381869 0.921932
vn 0.191340 -0.195132 0.961932
vn 0.062520 -0.194734 0.978862
vn 0.195091 0.000010 0.980785
vn 0.057710 0.000015 0.998333
vn 0.191341 0.195113 0.961935
vn 0.050692 0.194855 0.979521
vn 0.180237 0.382717 0.906114
vn 0.041733 0.382366 0.923068
vn 0.162208 0.555594 0.815478
vn 0.031173 0.555303 0.831064
vn 0.137943 0.707136 0.693491
vn 0.019412 0.706982 0.706965
vn 0.108380 0.831491 0.544864
vn 0.006896 0.831454 0.555550
vn 0.074651 0.923896 0.375291
vn -0.005898 0.923870 0.382661
vn 0.146468 -0.923861 0.353594
vn 0.212599 -0.831495 0.513243
vn 0.270573 -0.707181 0.653211
vn 0.318181 -0.555610 0.768153
vn 0.353551 -0.382701 0.853546
vn 0.375326 -0.195131 0.906120
vn 0.382683 0.000010 0.923880
vn 0.375328 0.195113 0.906124
vn 0.353547 0.382718 0.853540
vn 0.318184 0.555595 0.768162
vn 0.270587 0.707137 0.653254
vn 0.212596 0.831490 0.513251
vn 0.146432 0.923894 0.353521
vn 0.212636 -0.923860 0.318229
vn 0.308641 -0.831495 0.461905
vn 0.392809 -0.707183 0.587872
vn 0.461927 -0.555611 0.691318
vn 0.513276 -0.382703 0.768170
vn 0.544889 -0.195132 0.815488
vn 0.555568 0.000010 0.831471
vn 0.544892 0.195113 0.815490
vn 0.513272 0.382719 0.768166
vn 0.461931 0.555596 0.691326
vn 0.392833 0.707138 0.587910
vn 0.308643 0.831489 0.461914
vn 0.212587 0.923895 0.318158
vn 0.270634 -0.923858 0.270636
vn 0.392823 -0.831492 0.392824
vn 0.499945 -0.707182 0.499949
vn 0.587918 -0.555609 0.587921
vn 0.653275 -0.382703 0.653277
vn 0.693513 -0.195133 0.693514
vn 0.707106 0.000010 0.707108
vn 0.693516 0.195114 0.693517
vn 0.653270 0.382719 0.653272
vn 0.587925 0.555597 0.587926
vn 0.499977 0.707139 0.499977
vn 0.392827 0.831489 0.392827
vn 0.270572 0.923896 0.270568
vn 0.318231 -0.923860 0.212631
vn 0.461910 -0.831493 0.308641
vn 0.587873 -0.707182 0.392808
vn 0.691320 -0.555609 0.461925
vn 0.768172 -0.382702 0.513275
vn 0.815488 -0.195134 0.544887
vn 0.831471 0.000010 0.555568
vn 0.815491 0.195115 0.544890
vn 0.768167 0.382718 0.513270
vn 0.691328 0.555596 0.461930
vn 0.587911 0.707138 0.392831
vn 0.461914 0.831490 0.308642
vn 0.318158 0.923896 0.212584
vn 0.353599 -0.923860 0.146462
vn 0.513246 -0.831493 0.212597
vn 0.653212 -0.707181 0.270574
vn 0.768154 -0.555608 0.318181
vn 0.853548 -0.382699 0.353548
vn 0.906120 -0.195134 0.375325
vn 0.923880 0.000010 0.382681
vn 0.906124 0.195116 0.375325
vn 0.853542 0.382716 0.353545
vn 0.768163 0.555594 0.318184
vn 0.653253 0.707136 0.270590
vn 0.513250 0.831489 0.212604
vn 0.353517 0.923895 0.146439
vn 0.375377 -0.923860 0.074670
vn 0.544858 -0.831494 0.108383
vn 0.693447 -0.707181 0.137938
vn 0.815468 -0.555607 0.162210
vn 0.906120 -0.382699 0.180242
vn 0.961931 -0.195133 0.191343
vn 0.980785 0.000010 0.195090
vn 0.961935 0.195114 0.191342
vn 0.906114 0.382715 0.180241
vn 0.815477 0.555594 0.162210
vn 0.693491 0.707137 0.137943
vn 0.544863 0.831491 0.108384
vn 0.375290 0.923896 0.074661
vn 0.382733 -0.923859 -0.000001
vn 0.555534 -0.831494 0.000003
vn 0.707033 -0.707180 0.000000
vn 0.831445 -0.555607 -0.000001
vn 0.923873 -0.382700 -0.000000
vn 0.980777 -0.195131 0.000001
vn 1.000000 0.000010 0.000001
vn 0.980781 0.195113 0.000000
vn 0.923866 0.382716 0.000001
vn 0.831454 0.555594 0.000001
vn 0.707078 0.707136 -0.000001
vn 0.555538 0.831491 -0.000002
vn 0.382645 0.923895 -0.000004
vn 0.375377 -0.923860 -0.074670
vn 0.544858 -0.831495 -0.108379
vn 0.693447 -0.707181 -0.137940
vn 0.815468 -0.555607 -0.162210
vn 0.906120 -0.382699 -0.180242
vn 0.961931 -0.195134 -0.191342
vn 0.980785 0.000010 -0.195090
vn 0.961935 0.195115 -0.191343
vn 0.906114 0.382716 -0.180240
vn 0.815478 0.555594 -0.162208
vn 0.693490 0.707136 -0.137946
vn 0.544863 0.831491 -0.108384
vn 0.375291 0.923896 -0.074656
vn 0.353598 -0.923859 -0.146467
vn 0.513246 -0.831494 -0.212595
vn 0.653212 -0.707181 -0.270573
vn 0.768155 -0.555608 -0.318180
vn 0.853548 -0.382699 -0.353549
vn 0.906120 -0.195135 -0.375325
vn 0.923880 0.000010 -0.382682
vn 0.906124 0.195116 -0.375325
vn 0.853543 0.382716 -0.353544
vn 0.768164 0.555595 -0.318179
vn 0.653253 0.707136 -0.270591
vn 0.513250 0.831490 -0.212600
vn 0.353517 0.923896 -0.146427
vn 0.318231 -0.923860 -0.212633
vn 0.461910 -0.831493 -0.308640
vn 0.587874 -0.707183 -0.392806
vn 0.691321 -0.555609 -0.461925
vn 0.768172 -0.382702 -0.513275
vn 0.815488 -0.195135 -0.544888
vn 0.831473 0.000010 -0.555566
vn 0.815492 0.195116 -0.544888
vn 0.768168 0.382719 -0.513268
vn 0.691329 0.555596 -0.461927
vn 0.587911 0.707139 -0.392830
vn 0.461914 0.831490 -0.308643
vn 0.318158 0.923897 -0.212581
vn 0.270634 -0.923859 -0.270633
vn 0.392823 -0.831491 -0.392827
vn 0.499945 -0.707183 -0.499947
vn 0.587921 -0.555608 -0.587919
vn 0.653276 -0.382704 -0.653275
vn 0.693514 -0.195136 -0.693513
vn 0.707107 0.000010 -0.707107
vn 0.693517 0.195117 -0.693516
vn 0.653272 0.382720 -0.653270
vn 0.587927 0.555595 -0.587925
vn 0.499978 0.707141 -0.499974
vn 0.392827 0.831489 -0.392826
vn 0.270572 0.923896 -0.270568
vn 0.212635 -0.923857 -0.318236
vn 0.308639 -0.831492 -0.461912
vn 0.392805 -0.707184 -0.587873
vn 0.461926 -0.555610 -0.691319
vn 0.513276 -0.382703 -0.768171
vn 0.544888 -0.195135 -0.815488
vn 0.555566 0.000010 -0.831472
vn 0.544890 0.195116 -0.815491
vn 0.513272 0.382719 -0.768166
vn 0.461931 0.555596 -0.691327
vn 0.392831 0.707141 -0.587908
vn 0.308643 0.831491 -0.461911
vn 0.212587 0.923897 -0.318153
vn 0.146468 -0.923858 -0.353601
vn 0.212599 -0.831493 -0.513246
vn 0.270573 -0.707181 -0.653211
vn 0.318180 -0.555609 -0.768154
vn 0.353549 -0.382700 -0.853548
vn 0.375324 -0.195134 -0.906120
vn 0.382683 0.000010 -0.923880
vn 0.375327 0.195116 -0.906123
vn 0.353546 0.382716 -0.853542
vn 0.318184 0.555595 -0.768162
vn 0.270590 0.707136 -0.653253
vn 0.212601 0.831490 -0.513250
vn 0.146435 0.923896 -0.353515
vn 0.074670 -0.923859 -0.375378
vn 0.108381 -0.831494 -0.544859
vn 0.137938 -0.707181 -0.693447
vn 0.162210 -0.555608 -0.815468
vn 0.180242 -0.382699 -0.906121
vn 0.191342 -0.195134 -0.961931
vn 0.195091 0.000010 -0.980785
vn 0.191343 0.195115 -0.961934
vn 0.180241 0.382716 -0.906114
vn 0.162211 0.555593 -0.815478
vn 0.137946 0.707136 -0.693491
vn 0.108381 0.831491 -0.544863
vn 0.074653 0.923897 -0.375289
vn 0.043550 -0.922972 -0.382396
vn 0.047741 -0.830529 -0.554926
vn 0.050092 -0.706271 -0.706167
vn 0.050511 -0.554878 -0.830397
vn 0.048984 -0.382223 -0.922771
vn 0.045575 -0.194919 -0.979760
vn 0.040423 0.000005 -0.999183
vn 0.033737 0.194983 -0.980226
vn 0.025765 0.382565 -0.923569
vn 0.016803 0.555490 -0.831353
vn 0.007192 0.707095 -0.707082
vn -0.002703 0.831473 -0.555558
vn -0.012501 0.923817 -0.382630
vn -0.323359 0.000015 0.946276
vn -0.317912 -0.184983 0.929900
vn -0.329110 0.184229 0.926146
vn -0.334943 0.360580 0.870515
vn -0.340629 0.522331 0.781756
vn -0.345953 0.663436 0.663452
vn -0.350710 0.778650 0.520295
vn -0.354724 0.863800 0.357799
vn -0.357841 0.915840 0.182173
vn -0.359954 0.932970 0.000007
vn -0.360977 0.914657 -0.181928
vn -0.360883 0.861622 -0.356890
vn -0.359665 0.775824 -0.518399
vn -0.357375 0.660401 -0.660419
vn -0.354092 0.519558 -0.777611
vn -0.349940 0.358481 -0.865467
vn -0.345071 0.183100 -0.920543
vn -0.339671 0.000004 -0.940544
vn -0.333941 -0.183910 -0.924478
vn -0.328105 -0.361484 -0.872741
vn -0.322395 -0.525906 -0.787074
vn -0.317015 -0.670668 -0.670601
vn -0.312195 -0.789907 -0.527809
vn -0.308118 -0.878895 -0.364153
vn -0.304945 -0.934069 -0.185803
vn -0.302779 -0.953061 -0.000006
vn -0.301741 -0.935072 0.185991
vn -0.301833 -0.880757 0.364915
vn -0.303076 -0.792361 0.529443
vn -0.305415 -0.673354 0.673287
vn -0.308766 -0.528417 0.790847
vn -0.312981 -0.363436 0.877472
vn -0.625034 0.152291 0.765598
vn -0.625035 0.000008 0.780597
vn -0.625034 0.298724 0.721178
vn -0.625033 0.433667 0.649051
vn -0.625033 0.551964 0.551969
vn -0.625030 0.649044 0.433680
vn -0.625032 0.721183 0.298714
vn -0.625028 0.765605 0.152280
vn -0.625032 0.780599 0.000000
vn -0.625030 0.765603 -0.152283
vn -0.625034 0.721180 -0.298718
vn -0.625031 0.649045 -0.433678
vn -0.625034 0.551964 -0.551968
vn -0.625033 0.433670 -0.649049
vn -0.625035 0.298724 -0.721176
vn -0.625035 0.152288 -0.765597
vn -0.625037 0.000007 -0.780596
vn -0.625036 -0.152302 -0.765594
vn -0.625034 -0.298712 -0.721182
vn -0.625040 -0.433677 -0.649037
vn -0.625032 -0.551998 -0.551936
vn -0.625030 -0.649046 -0.433678
vn -0.625032 -0.721152 -0.298788
vn -0.625044 -0.765592 -0.152281
vn -0.625031 -0.780600 0.000001
vn -0.625044 -0.765592 0.152282
vn -0.625033 -0.721152 0.298785
vn -0.625033 -0.649046 0.433674
vn -0.625033 -0.551999 0.551933
vn -0.625040 -0.433675 0.649038
vn -0.625033 -0.298712 0.721183
vn -0.625036 -0.152305 0.765594
s 1
g rShldr
usemtl default
f 868/868/868 869/869/869 870/870/870
f 871/871/871 872/872/872 873/873/873
f 868/868/868 874/874/874 869/869/869
f 871/871/871 873/873/873 875/875/875
f 868/868/868 876/876/876 874/874/874
f 871/871/871 875/875/875 877/877/877
f 868/868/868 878/878/878 876/876/876
f 871/871/871 877/877/877 879/879/879
f 868/868/868 880/880/880 878/878/878
f 871/871/871 879/879/879 881/881/881
f 868/868/868 882/882/882 880/880/880
f 871/871/871 881/881/881 883/883/883
f 868/868/868 884/884/884 882/882/882
f 871/871/871 883/883/883 885/885/885
f 868/868/868 886/886/886 884/884/884
f 871/871/871 885/885/885 887/887/887
f 868/868/868 888/888/888 886/886/886
f 871/871/871 887/887/887 889/889/889
f 868/868/868 890/890/890 888/888/888
f 871/871/871 889/889/889 891/891/891
f 868/868/868 892/892/892 890/890/890
f 871/871/871 891/891/891 893/893/893
f 868/868/868 894/894/894 892/892/892
f 871/871/871 893/893/893 895/895/895
f 868/868/868 896/896/896 894/894/894
f 871/871/871 895/895/895 897/897/897
f 868/868/868 898/898/898 896/896/896
f 871/871/871 897/897/897 899/899/899
f 868/868/868 900/900/900 898/898/898
f 871/871/871 899/899/899 901/901/901
f 868/868/868 902/902/902 900/900/900
f 871/871/871 901/901/901 903/903/903
f 870/870/870 869/869/869 904/904/904 905/905/905
f 905/905/905 904/904/904 906/906/906 907/907/907
f 907/907/907 906/906/906 908/908/908 909/909/909
f 909/909/909 908/908/908 910/910/910 911/911/911
f 911/911/911 910/910/910 912/912/912 913/913/913
f 913/913/913 912/912/912 914/914/914 915/915/915
f 915/915/915 914/914/914 916/916/916 917/917/917
f 917/917/917 916/916/916 918/918/918 919/919/919
f 919/919/919 918/918/918 920/920/920 921/921/921
f 921/921/921 920/920/920 922/922/922 923/923/923
f 923/923/923 922/922/922 924/924/924 925/925/925
f 925/925/925 924/924/924 926/926/926 927/927/927
f 927/927/927 926/926/926 928/928/928 929/929/929
f 929/929/929 928/928/928 873/873/873 872/872/872
f 869/869/869 874/874/874 930/930/930 904/904/904
f 904/904/904 930/930/930 931/931/931 906/906/906
f 906/906/906 931/931/931 932/932/932 908/908/908
f 908/908/908 932/932/932 933/933/933 910/910/910
f 910/910/910 933/933/933 934/934/934 912/912/912
f 912/912/912 934/934/934 935/935/935 914/914/914
f 914/914/914 935/935/935 936/936/936 916/916/916
f 916/916/916 936/936/936 937/937/937 918/918/918
f 918/918/918 937/937/937 938/938/938 920/920/920
f 920/920/920 938/938/938 939/939/939 922/922/922
f 922/922/922 939/939/939 940/940/940 924/924/924
f 924/924/924 940/940/940 941/941/941 926/926/926
f 926/926/926 941/941/941 942/942/942 928/928/928
f 928/928/928 942/942/942 875/875/875 873/873/873
f 874/874/874 876/876/876 943/943/943 930/930/930
f 930/930/930 943/943/943 944/944/944 931/931/931
f 931/931/931 944/944/944 945/945/945 932/932/932
f 932/932/932 945/945/945 946/946/946 933/933/933
f 933/933/933 946/946/946 947/947/947 934/934/934
f 934/934/934 947/947/947 948/948/948 935/935/935
f 935/935/935 948/948/948 949/949/949 936/936/936
f 936/936/936 949/949/949 950/950/950 937/937/937
f 937/937/937 950/950/950 951/951/951 938/938/938
f 938/938/938 951/951/951 952/952/952 939/939/939
f 939/939/939 952/952/952 953/953/953 940/940/940
f 940/940/940 953/953/953 954/954/954 941/941/941
f 941/941/941 954/954/954 955/955/955 942/942/942
f 942/942/942 955/955/955 877/877/877 875/875/875
f 876/876/876 878/878/878 956/956/956 943/943/943
f 943/943/943 956/956/956 957/957/957 944/944/944
f 944/944/944 957/957/957 958/958/958 945/945/945
f 945/945/945 958/958/958 959/959/959 946/946/946
f 946/946/946 959/959/959 960/960/960 947/947/947
f 947/947/947 960/960/960 961/961/961 948/948/948
f 948/948/948 961/961/961 962/962/962 949/949/949
f 949/949/949 962/962/962 963/963/963 950/950/950
f 950/950/950 963/963/963 964/964/964 951/951/951
f 951/951/951 964/964/964 965/965/965 952/952/952
f 952/952/952 965/965/965 966/966/966 953/953/953
f 953/953/953 966/966/966 967/967/967 954/954/954
f 954/954/954 967/967/967 968/968/968 955/955/955
f 955/955/955 968/968/968 879/879/879 877/877/877
f 878/878/878 880/880/880 969/969/969 956/956/956
f 956/956/956 969/969/969 970/970/970 957/957/957
f 957/957/957 970/970/970 971/971/971 958/958/958
f 958/958/958 971/971/971 972/972/972 959/959/959
f 959/959/959 972/972/972 973/973/973 960/960/960
f 960/960/960 973/973/973 974/974/974 961/961/961
f 961/961/961 974/974/974 975/975/975 962/962/962
f 962/962/962 975/975/975 976/976/976 963/963/963
f 963/963/963 976/976/976 977/977/977 964/964/964
f 964/964/964 977/977/977 978/978/978 965/965/965
f 965/965/965 978/978/978 979/979/979 966/966/966
f 966/966/966 979/979/979 980/980/980 967/967/967
f 967/967/967 980/980/980 981/981/981 968/968/968
f 968/968/968 981/981/981 881/881/881 879/879/879
f 880/880/880 882/882/882 982/982/982 969/969/969
f 969/969/969 982/982/982 983/983/983 970/970/970
f 970/970/970 983/983/983 984/984/984 971/971/971
f 971/971/971 984/984/984 985/985/985 972/972/972
f 972/972/972 985/985/985 986/986/986 973/973/973
f 973/973/973 986/986/986 987/987/987 974/974/974
f 974/974/974 987/987/987 988/988/988 975/975/975
f 975/975/975 988/988/988 989/989/989 976/976/976
f 976/976/976 989/989/989 990/990/990 977/977/977
f 977/977/977 990/990/990 991/991/991 978/978/978
f 978/978/978 991/991/991 992/992/992 979/979/979
f 979/979/979 992/992/992 993/993/993 980/980/980
f 980/980/980 993/993/993 994/994/994 981/981/981
f 981/981/981 994/994/994 883/883/883 881/881/881
f 882/882/882 884/884/884 995/995/995 982/982/982
f 982/982/982 995/995/995 996/996/996 983/983/983
f 983/983/983 996/996/996 997/997/997 984/984/984
f 984/984/984 997/997/997 998/998/998 985/985/985
f 985/985/985 998/998/998 999/999/999 986/986/986
f 986/986/986 999/999/999 1000/1000/1000 987/987/987
f 987/987/987 1000/1000/1000 1001/1001/1001 988/988/988
f 988/988/988 1001/1001/1001 1002/1002/1002 989/989/989
f 989/989/989 1002/1002/1002 1003/1003/1003 990/990/990
f 990/990/990 1003/1003/1003 1004/1004/1004 991/991/991
f 991/991/991 1004/1004/1004 1005/1005/1005 992/992/992
f 992/992/992 1005/1005/1005 1006/1006/1006 993/993/993
f 993/993/993 1006/1006/1006 1007/1007/1007 994/994/994
f 994/994/994 1007/1007/1007 885/885/885 883/883/883
f 884/884/884 886/886/886 1008/1008/1008 995/995/995
f 995/995/995 1008/1008/1008 1009/1009/1009 996/996/996
f 996/996/996 1009/1009/1009 1010/1010/1010 997/997/997
f 997/997/997 1010/1010/1010 1011/1011/1011 998/998/998
f 998/998/998 1011/1011/1011 1012/1012/1012 999/999/999
f 999/999/999 1012/1012/1012 1013/1013/1013 1000/1000/1000
f 1000/1000/1000 1013/1013/1013 1014/1014/1014 1001/1001/1001
f 1001/1001/1001 1014/1014/1014 1015/1015/1015 1002/1002/1002
f 1002/1002/1002 1015/1015/1015 1016/1016/1016 1003/1003/1003
f 1003/1003/1003 1016/1016/1016 1017/1017/1017 1004/1004/1004
f 1004/1004/1004 1017/1017/1017 1018/1018/1018 1005/1005/1005
f 1005/1005/1005 1018/1018/1018 1019/1019/1019 1006/1006/1006
f 1006/1006/1006 1019/1019/1019 1020/1020/1020 1007/1007/1007
f 1007/1007/1007 1020/1020/1020 887/887/887 885/885/885
f 886/886/886 888/888/888 1021/1021/1021 1008/1008/1008
f 1008/1008/1008 1021/1021/1021 1022/1022/1022 1009/1009/1009
f 1009/1009/1009 1022/1022/1022 1023/1023/1023 1010/1010/1010
f 1010/1010/1010 1023/1023/1023 1024/1024/1024 1011/1011/1011
f 1011/1011/1011 1024/1024/1024 1025/1025/1025 1012/1012/1012
f 1012/1012/1012 1025/1025/1025 1026/1026/1026 1013/1013/1013
f 1013/1013/1013 1026/1026/1026 1027/1027/1027 1014/1014/1014
f 1014/1014/1014 1027/1027/1027 1028/1028/1028 1015/1015/1015
f 1015/1015/1015 1028/1028/1028 1029/1029/1029 1016/1016/1016
f 1016/1016/1016 1029/1029/1029 1030/1030/1030 1017/1017/1017
f 1017/1017/1017 1030/1030/1030 1031/1031/1031 1018/1018/1018
f 1018/1018/1018 1031/1031/1031 1032/1032/1032 1019/1019/1019
f 1019/1019/1019 1032/1032/1032 1033/1033/1033 1020/1020/1020
f 1020/1020/1020 1033/1033/1033 889/889/889 887/887/887
f 888/888/888 890/890/890 1034/1034/1034 1021/1021/1021
f 1021/1021/1021 1034/1034/1034 1035/1035/1035 1022/1022/1022
f 1022/1022/1022 1035/1035/1035 1036/1036/1036 1023/1023/1023
f 1023/1023/1023 1036/1036/1036 1037/1037/1037 1024/1024/1024
f 1024/1024/1024 1037/1037/1037 1038/1038/1038 1025/1025/1025
f 1025/1025/1025 1038/1038/1038 1039/1039/1039 1026/1026/1026
f 1026/1026/1026 1039/1039/1039 1040/1040/1040 1027/1027/1027
f 1027/1027/1027 1040/1040/1040 1041/1041/1041 1028/1028/1028
f 1028/1028/1028 1041/1041/1041 1042/1042/1042 1029/1029/1029
f 1029/1029/1029 1042/1042/1042 1043/1043/1043 1030/1030/1030
f 1030/1030/1030 1043/1043/1043 1044/1044/1044 1031/1031/1031
f 1031/1031/1031 1044/1044/1044 1045/1045/1045 1032/1032/1032
f 1032/1032/1032 1045/1045/1045 1046/1046/1046 1033/1033/1033
f 1033/1033/1033 1046/1046/1046 891/891/891 889/889/889
f 890/890/890 892/892/892 1047/1047/1047 1034/1034/1034
f 1034/1034/1034 1047/1047/1047 1048/1048/1048 1035/1035/1035
f 1035/1035/1035 1048/1048/1048 1049/1049/1049 1036/1036/1036
f 1036/1036/1036 1049/1049/1049 1050/1050/1050 1037/1037/1037
f 1037/1037/1037 1050/1050/1050 1051/1051/1051 1038/1038/1038
f 1038/1038/1038 1051/1051/1051 1052/1052/1052 1039/1039/1039
f 1039/1039/1039 1052/1052/1052 1053/1053/1053 1040/1040/1040
f 1040/1040/1040 1053/1053/1053 1054/1054/1054 1041/1041/1041
f 1041/1041/1041 1054/1054/1054 1055/1055/1055 1042/1042/1042
f 1042/1042/1042 1055/1055/1055 1056/1056/1056 1043/1043/1043
f 1043/1043/1043 1056/1056/1056 1057/1057/1057 1044/1044/1044
f 1044/1044/1044 1057/1057/1057 1058/1058/1058 1045/1045/1045
f 1045/1045/1045 1058/1058/1058 1059/1059/1059 1046/1046/1046
f 1046/1046/1046 1059/1059/1059 893/893/893 891/891/891
f 892/892/892 894/894/894 1060/1060/1060 1047/1047/1047
f 1047/1047/1047 1060/1060/1060 1061/1061/1061 1048/1048/1048
f 1048/1048/1048 1061/1061/1061 1062/1062/1062 1049/1049/1049
f 1049/1049/1049 1062/1062/1062 1063/1063/1063 1050/1050/1050
f 1050/1050/1050 1063/1063/1063 1064/1064/1064 1051/1051/1051
f 1051/1051/1051 1064/1064/1064 1065/1065/1065 1052/1052/1052
f 1052/1052/1052 1065/1065/1065 1066/1066/1066 1053/1053/1053
f 1053/1053/1053 1066/1066/1066 1067/1067/1067 1054/1054/1054
f 1054/1054/1054 1067/1067/1067 1068/1068/1068 1055/1055/1055
f 1055/1055/1055 1068/1068/1068 1069/1069/1069 1056/1056/1056
f 1056/1056/1056 1069/1069/1069 1070/1070/1070 1057/1057/1057
f 1057/1057/1057 1070/1070/1070 1071/1071/1071 1058/1058/1058
f 1058/1058/1058 1071/1071/1071 1072/1072/1072 1059/1059/1059
f 1059/1059/1059 1072/1072/1072 895/895/895 893/893/893
f 894/894/894 896/896/896 1073/1073/1073 1060/1060/1060
f 1060/1060/1060 1073/1073/1073 1074/1074/1074 1061/1061/1061
f 1061/1061/1061 1074/1074/1074 1075/1075/1075 1062/1062/1062
f 1062/1062/1062 1075/1075/1075 1076/1076/1076 1063/1063/1063
f 1063/1063/1063 1076/1076/1076 1077/1077/1077 1064/1064/1064
f 1064/1064/1064 1077/1077/1077 1078/1078/1078 1065/1065/1065
f 1065/1065/1065 1078/1078/1078 1079/1079/1079 1066/1066/1066
f 1066/1066/1066 1079/1079/1079 1080/1080/1080 1067/1067/1067
f 1067/1067/1067 1080/1080/1080 1081/1081/1081 1068/1068/1068
f 1068/1068/1068 1081/1081/1081 1082/1082/1082 1069/1069/1069
f 1069/1069/1069 1082/1082/1082 1083/1083/1083 1070/1070/1070
f 1070/1070/1070 1083/1083/1083 1084/1084/1084 1071/1071/1071
f 1071/1071/1071 1084/1084/1084 1085/1085/1085 1072/1072/1072
f 1072/1072/1072 1085/1085/1085 897/897/897 895/895/895
f 896/896/896 898/898/898 1086/1086/1086 1073/1073/1073
f 1073/1073/1073 1086/1086/1086 1087/1087/1087 1074/1074/1074
f 1074/1074/1074 1087/1087/1087 1088/1088/1088 1075/1075/1075
f 1075/1075/1075 1088/1088/1088 1089/1089/1089 1076/1076/1076
f 1076/1076/1076 1089/1089/1089 1090/1090/1090 1077/1077/1077
f 1077/1077/1077 1090/1090/1090 1091/1091/1091 1078/1078/1078
f 1078/1078/1078 1091/1091/1091 1092/1092/1092 1079/1079/1079
f 1079/1079/1079 1092/1092/1092 1093/1093/1093 1080/1080/1080
f 1080/1080/1080 1093/1093/1093 1094/1094/1094 1081/1081/1081
f 1081/1081/1081 1094/1094/1094 1095/1095/1095 1082/1082/1082
f 1082/1082/1082 1095/1095/1095 1096/1096/1096 1083/1083/1083
f 1083/1083/1083 1096/1096/1096 1097/1097/1097 1084/1084/1084
f 1084/1084/1084 1097/1097/1097 1098/1098/1098 1085/1085/1085
f 1085/1085/1085 1098/1098/1098 899/899/899 897/897/897
f 898/898/898 900/900/900 1099/1099/1099 1086/1086/1086
f 1086/1086/1086 1099/1099/1099 1100/1100/1100 1087/1087/1087
f 1087/1087/1087 1100/1100/1100 1101/1101/1101 1088/1088/1088
f 1088/1088/1088 1101/1101/1101 1102/1102/1102 1089/1089/1089
f 1089/1089/1089 1102/1102/1102 1103/1103/1103 1090/1090/1090
f 1090/1090/1090 1103/1103/1103 1104/1104/1104 1091/1091/1091
f 1091/1091/1091 1104/1104/1104 1105/1105/1105 1092/1092/1092
f 1092/1092/1092 1105/1105/1105 1106/1106/1106 1093/1093/1093
f 1093/1093/1093 1106/1106/1106 1107/1107/1107 1094/1094/1094
f 1094/1094/1094 1107/1107/1107 1108/1108/1108 1095/1095/1095
f 1095/1095/1095 1108/1108/1108 1109/1109/1109 1096/1096/1096
f 1096/1096/1096 1109/1109/1109 1110/1110/1110 1097/1097/1097
f 1097/1097/1097 1110/1110/1110 1111/1111/1111 1098/1098/1098
f 1098/1098/1098 1111/1111/1111 901/901/901 899/899/899
f 900/900/900 902/902/902 1112/1112/1112 1099/1099/1099
f 1099/1099/1099 1112/1112/1112 1113/1113/1113 1100/1100/1100
f 1100/1100/1100 1113/1113/1113 1114/1114/1114 1101/1101/1101
f 1101/1101/1101 1114/1114/1114 1115/1115/1115 1102/1102/1102
f 1102/1102/1102 1115/1115/1115 1116/1116/1116 1103/1103/1103
f 1103/1103/1103 1116/1116/1116 1117/1117/1117 1104/1104/1104
f 1104/1104/1104 1117/1117/1117 1118/1118/1118 1105/1105/1105
f 1105/1105/1105 1118/1118/1118 1119/1119/1119 1106/1106/1106
f 1106/1106/1106 1119/1119/1119 1120/1120/1120 1107/1107/1107
f 1107/1107/1107 1120/1120/1120 1121/1121/1121 1108/1108/1108
f 1108/1108/1108 1121/1121/1121 1122/1122/1122 1109/1109/1109
f 1109/1109/1109 1122/1122/1122 1123/1123/1123 1110/1110/1110
f 1110/1110/1110 1123/1123/1123 1124/1124/1124 1111/1111/1111
f 1111/1111/1111 1124/1124/1124 903/903/903 901/901/901
f 915/915/915 917/917/917 1125/1125/1125 1126/1126/1126
f 917/917/917 919/919/919 1127/1127/1127 1125/1125/1125
f 919/919/919 921/921/921 1128/1128/1128 1127/1127/1127
f 921/921/921 923/923/923 1129/1129/1129 1128/1128/1128
f 923/923/923 925/925/925 1130/1130/1130 1129/1129/1129
f 925/925/925 927/927/927 1131/1131/1131 1130/1130/1130
f 927/927/927 929/929/929 1132/1132/1132 1131/1131/1131
f 929/929/929 872/872/872 1133/1133/1133 1132/1132/1132
f 872/872/872 871/871/871 1134/1134/1134 1133/1133/1133
f 871/871/871 903/903/903 1135/1135/1135 1134/1134/1134
f 903/903/903 1124/1124/1124 1136/1136/1136 1135/1135/1135
f 1124/1124/1124 1123/1123/1123 1137/1137/1137 1136/1136/1136
f 1123/1123/1123 1122/1122/1122 1138/1138/1138 1137/1137/1137
f 1122/1122/1122 1121/1121/1121 1139/1139/1139 1138/1138/1138
f 1121/1121/1121 1120/1120/1120 1140/1140/1140 1139/1139/1139
f 1120/1120/1120 1119/1119/1119 1141/1141/1141 1140/1140/1140
f 1119/1119/1119 1118/1118/1118 1142/1142/1142 1141/1141/1141
f 1118/1118/1118 1117/1117/1117 1143/1143/1143 1142/1142/1142
f 1117/1117/1117 1116/1116/1116 1144/1144/1144 1143/1143/1143
f 1116/1116/1116 1115/1115/1115 1145/1145/1145 1144/1144/1144
f 1115/1115/1115 1114/1114/1114 1146/1146/1146 1145/1145/1145
f 1114/1114/1114 1113/1113/1113 1147/1147/1147 1146/1146/1146
f 1113/1113/1113 1112/1112/1112 1148/1148/1148 1147/1147/1147
f 1112/1112/1112 902/902/902 1149/1149/1149 1148/1148/1148
f 902/902/902 868/868/868 1150/1150/1150 1149/1149/1149
f 868/868/868 870/870/870 1151/1151/1151 1150/1150/1150
f 870/870/870 905/905/905 1152/1152/1152 1151/1151/1151
f 905/905/905 907/907/907 1153/1153/1153 1152/1152/1152
f 907/907/907 909/909/909 1154/1154/1154 1153/1153/1153
f 909/909/909 911/911/911 1155/1155/1155 1154/1154/1154
f 911/911/911 913/913/913 1156/1156/1156 1155/1155/1155
f 913/913/913 915/915/915 1126/1126/1126 1156/1156/1156
f 1125/1125/1125 1127/1127/1127 1157/1157/1157 1158/1158/1158
f 1127/1127/1127 1128/1128/1128 1159/1159/1159 1157/1157/1157
f 1128/1128/1128 1129/1129/1129 1160/1160/1160 1159/1159/1159
f 1129/1129/1129 1130/1130/1130 1161/1161/1161 1160/1160/1160
f 1130/1130/1130 1131/1131/1131 1162/1162/1162 1161/1161/1161
f 1131/1131/1131 1132/1132/1132 1163/1163/1163 1162/1162/1162
f 1132/1132/1132 1133/1133/1133 1164/1164/1164 1163/1163/1163
f 1133/1133/1133 1134/1134/1134 1165/1165/1165 1164/1164/1164
f 1134/1134/1134 1135/1135/1135 1166/1166/1166 1165/1165/1165
f 1135/1135/1135 1136/1136/1136 1167/1167/1167 1166/1166/1166
f 1136/1136/1136 1137/1137/1137 1168/1168/1168 1167/1167/1167
f 1137/1137/1137 1138/1138/1138 1169/1169/1169 1168/1168/1168
f 1138/1138/1138 1139/1139/1139 1170/1170/1170 1169/1169/1169
f 1139/1139/1139 1140/1140/1140 1171/1171/1171 1170/1170/1170
f 1140/1140/1140 1141/1141/1141 1172/1172/1172 1171/1171/1171
f 1141/1141/1141 1142/1142/1142 1173/1173/1173 1172/1172/1172
f 1142/1142/1142 1143/1143/1143 1174/1174/1174 1173/1173/1173
f 1143/1143/1143 1144/1144/1144 1175/1175/1175 1174/1174/1174
f 1144/1144/1144 1145/1145/1145 1176/1176/1176 1175/1175/1175
f 1145/1145/1145 1146/1146/1146 1177/1177/1177 1176/1176/1176
f 1146/1146/1146 1147/1147/1147 1178/1178/1178 1177/1177/1177
f 1147/1147/1147 1148/1148/1148 1179/1179/1179 1178/1178/1178
f 1148/1148/1148 1149/1149/1149 1180/1180/1180 1179/1179/1179
f 1149/1149/1149 1150/1150/1150 1181/1181/1181 1180/1180/1180
f 1150/1150/1150 1151/1151/1151 1182/1182/1182 1181/1181/1181
f 1151/1151/1151 1152/1152/1152 1183/1183/1183 1182/1182/1182
f 1152/1152/1152 1153/1153/1153 1184/1184/1184 1183/1183/1183
f 1153/1153/1153 1154/1154/1154 1185/1185/1185 1184/1184/1184
f 1154/1154/1154 1155/1155/1155 1186/1186/1186 1185/1185/1185
f 1155/1155/1155 1156/1156/1156 1187/1187/1187 1186/1186/1186
f 1156/1156/1156 1126/1126/1126 1188/1188/1188 1187/1187/1187
f 1126/1126/1126 1125/1125/1125 1158/1158/1158 1188/1188/1188
g default
v 0.000000 0.559652 -0.019000
v 0.000468 0.559889 -0.016646
v 0.000000 0.559889 -0.016600
v 0.000919 0.559889 -0.016783
v 0.001333 0.559889 -0.017004
v 0.001697 0.559889 -0.017303
v 0.001996 0.559889 -0.017667
v 0.002218 0.559889 -0.018081
v 0.002354 0.559889 -0.018532
v 0.002400 0.559889 -0.019000
v 0.002354 0.559889 -0.019468
v 0.002218 0.559889 -0.019919
v 0.001996 0.559889 -0.020334
v 0.001697 0.559889 -0.020697
v 0.001333 0.559889 -0.020996
v 0.000919 0.559889 -0.021218
v 0.000468 0.559889 -0.021354
v -0.000000 0.559889 -0.021400
v -0.000468 0.559889 -0.021354
v -0.000919 0.559889 -0.021218
v -0.001333 0.559889 -0.020996
v -0.001697 0.559889 -0.020697
v -0.001996 0.559889 -0.020334
v -0.002218 0.559889 -0.019919
v -0.002354 0.559889 -0.019468
v -0.002400 0.559889 -0.019000
v -0.002354 0.559889 -0.018532
v -0.002218 0.559889 -0.018081
v -0.001996 0.559889 -0.017667
v -0.001697 0.559889 -0.017303
v -0.001333 0.559889 -0.017004
v -0.000919 0.559889 -0.016783
v -0.000468 0.559889 -0.016646
v 0.000919 0.560589 -0.014382
v 0.000000 0.560589 -0.014292
v 0.001333 0.561726 -0.012296
v 0.000000 0.561726 -0.012165
v 0.001697 0.563256 -0.010468
v 0.000000 0.563256 -0.010300
v 0.001996 0.565120 -0.008967
v 0.000000 0.565120 -0.008770
v 0.002218 0.567247 -0.007852
v 0.000000 0.567247 -0.007633
v 0.002354 0.569555 -0.007165
v 0.000000 0.569555 -0.006933
v 0.002400 0.571955 -0.006933
v 0.000000 0.571955 -0.006697
v 0.001802 0.560589 -0.014650
v 0.002616 0.561726 -0.012685
v 0.003329 0.563256 -0.010963
v 0.003915 0.565120 -0.009549
v 0.004350 0.567247 -0.008499
v 0.004618 0.569555 -0.007852
v 0.004708 0.571955 -0.007633
v 0.002616 0.560589 -0.015085
v 0.003797 0.561726 -0.013317
v 0.004833 0.563256 -0.011767
v 0.005683 0.565120 -0.010494
v 0.006315 0.567247 -0.009549
v 0.006704 0.569555 -0.008967
v 0.006835 0.571955 -0.008770
v 0.003329 0.560589 -0.015671
v 0.004833 0.561726 -0.014167
v 0.006152 0.563256 -0.012848
v 0.007234 0.565120 -0.011767
v 0.008037 0.567247 -0.010963
v 0.008532 0.569555 -0.010468
v 0.008700 0.571955 -0.010300
v 0.003915 0.560589 -0.016384
v 0.005683 0.561726 -0.015203
v 0.007234 0.563256 -0.014167
v 0.008506 0.565120 -0.013317
v 0.009451 0.567247 -0.012685
v 0.010033 0.569555 -0.012296
v 0.010230 0.571955 -0.012165
v 0.004350 0.560589 -0.017198
v 0.006315 0.561726 -0.016384
v 0.008037 0.563256 -0.015671
v 0.009451 0.565120 -0.015085
v 0.010501 0.567247 -0.014650
v 0.011148 0.569555 -0.014382
v 0.011367 0.571955 -0.014292
v 0.004618 0.560589 -0.018081
v 0.006704 0.561726 -0.017667
v 0.008532 0.563256 -0.017303
v 0.010033 0.565120 -0.017004
v 0.011148 0.567247 -0.016783
v 0.011835 0.569555 -0.016646
v 0.012067 0.571955 -0.016600
v 0.004708 0.560589 -0.019000
v 0.006835 0.561726 -0.019000
v 0.008700 0.563256 -0.019000
v 0.010230 0.565120 -0.019000
v 0.011367 0.567247 -0.019000
v 0.012067 0.569555 -0.019000
v 0.012303 0.571955 -0.019000
v 0.004618 0.560589 -0.019919
v 0.006704 0.561726 -0.020334
v 0.008532 0.563256 -0.020697
v 0.010033 0.565120 -0.020996
v 0.011148 0.567247 -0.021218
v 0.011835 0.569555 -0.021354
v 0.012067 0.571955 -0.021400
v 0.004350 0.560589 -0.020802
v 0.006315 0.561726 -0.021616
v 0.008037 0.563256 -0.022329
v 0.009451 0.565120 -0.022915
v 0.010501 0.567247 -0.023350
v 0.011148 0.569555 -0.023618
v 0.011367 0.571955 -0.023708
v 0.003915 0.560589 -0.021616
v 0.005683 0.561726 -0.022797
v 0.007234 0.563256 -0.023833
v 0.008506 0.565120 -0.024683
v 0.009451 0.567247 -0.025315
v 0.010033 0.569555 -0.025704
v 0.010230 0.571955 -0.025835
v 0.003329 0.560589 -0.022329
v 0.004833 0.561726 -0.023833
v 0.006152 0.563256 -0.025152
v 0.007234 0.565120 -0.026234
v 0.008037 0.567247 -0.027037
v 0.008532 0.569555 -0.027533
v 0.008700 0.571955 -0.027700
v 0.002616 0.560589 -0.022915
v 0.003797 0.561726 -0.024683
v 0.004833 0.563256 -0.026234
v 0.005683 0.565120 -0.027506
v 0.006315 0.567247 -0.028451
v 0.006704 0.569555 -0.029033
v 0.006835 0.571955 -0.029230
v 0.001802 0.560589 -0.023350
v 0.002616 0.561726 -0.025315
v 0.003329 0.563256 -0.027037
v 0.003915 0.565120 -0.028451
v 0.004350 0.567247 -0.029501
v 0.004618 0.569555 -0.030148
v 0.004708 0.571955 -0.030367
v 0.000919 0.560589 -0.023618
v 0.001333 0.561726 -0.025704
v 0.001697 0.563256 -0.027533
v 0.001996 0.565120 -0.029033
v 0.002218 0.567247 -0.030148
v 0.002354 0.569555 -0.030835
v 0.002400 0.571955 -0.031067
v -0.000000 0.560589 -0.023708
v -0.000000 0.561726 -0.025835
v -0.000000 0.563256 -0.027700
v -0.000000 0.565120 -0.029230
v -0.000000 0.567247 -0.030367
v -0.000000 0.569555 -0.031067
v -0.000000 0.571955 -0.031303
v -0.000919 0.560589 -0.023618
v -0.001333 0.561726 -0.025704
v -0.001697 0.563256 -0.027533
v -0.001996 0.565120 -0.029033
v -0.002218 0.567247 -0.030148
v -0.002354 0.569555 -0.030835
v -0.002400 0.571955 -0.031067
v -0.001802 0.560589 -0.023350
v -0.002616 0.561726 -0.025315
v -0.003329 0.563256 -0.027037
v -0.003915 0.565120 -0.028451
v -0.004350 0.567247 -0.029501
v -0.004618 0.569555 -0.030148
v -0.004708 0.571955 -0.030367
v -0.002616 0.560589 -0.022915
v -0.003797 0.561726 -0.024683
v -0.004833 0.563256 -0.026234
v -0.005683 0.565120 -0.027506
v -0.006315 0.567247 -0.028451
v -0.006704 0.569555 -0.029033
v -0.006835 0.571955 -0.029230
v -0.003329 0.560589 -0.022329
v -0.004833 0.561726 -0.023833
v -0.006152 0.563256 -0.025152
v -0.007234 0.565120 -0.026234
v -0.008037 0.567247 -0.027037
v -0.008532 0.569555 -0.027533
v -0.008700 0.571955 -0.027700
v -0.003915 0.560589 -0.021616
v -0.005683 0.561726 -0.022797
v -0.007234 0.563256 -0.023833
v -0.008506 0.565120 -0.024683
v -0.009451 0.567247 -0.025315
v -0.010033 0.569555 -0.025704
v -0.010230 0.571955 -0.025835
v -0.004350 0.560589 -0.020802
v -0.006315 0.561726 -0.021616
v -0.008037 0.563256 -0.022329
v -0.009451 0.565120 -0.022915
v -0.010501 0.567247 -0.023350
v -0.011148 0.569555 -0.023618
v -0.011367 0.571955 -0.023708
v -0.004618 0.560589 -0.019919
v -0.006704 0.561726 -0.020334
v -0.008532 0.563256 -0.020697
v -0.010033 0.565120 -0.020996
v -0.011148 0.567247 -0.021218
v -0.011835 0.569555 -0.021354
v -0.012067 0.571955 -0.021400
v -0.004708 0.560589 -0.019000
v -0.006835 0.561726 -0.019000
v -0.008700 0.563256 -0.019000
v -0.010230 0.565120 -0.019000
v -0.011367 0.567247 -0.019000
v -0.012067 0.569555 -0.019000
v -0.012303 0.571955 -0.019000
v -0.004618 0.560589 -0.018081
v -0.006704 0.561726 -0.017667
v -0.008532 0.563256 -0.017303
v -0.010033 0.565120 -0.017004
v -0.011148 0.567247 -0.016783
v -0.011835 0.569555 -0.016646
v -0.012067 0.571955 -0.016600
v -0.004350 0.560589 -0.017198
v -0.006315 0.561726 -0.016384
v -0.008037 0.563256 -0.015671
v -0.009451 0.565120 -0.015085
v -0.010501 0.567247 -0.014650
v -0.011148 0.569555 -0.014382
v -0.011367 0.571955 -0.014292
v -0.003915 0.560589 -0.016384
v -0.005683 0.561726 -0.015203
v -0.007234 0.563256 -0.014167
v -0.008506 0.565120 -0.013317
v -0.009451 0.567247 -0.012685
v -0.010033 0.569555 -0.012296
v -0.010230 0.571955 -0.012165
v -0.003329 0.560589 -0.015671
v -0.004833 0.561726 -0.014167
v -0.006152 0.563256 -0.012848
v -0.007234 0.565120 -0.011767
v -0.008037 0.567247 -0.010963
v -0.008532 0.569555 -0.010468
v -0.008700 0.571955 -0.010300
v -0.002616 0.560589 -0.015085
v -0.003797 0.561726 -0.013317
v -0.004833 0.563256 -0.011767
v -0.005683 0.565120 -0.010494
v -0.006315 0.567247 -0.009549
v -0.006704 0.569555 -0.008967
v -0.006835 0.571955 -0.008770
v -0.001802 0.560589 -0.014650
v -0.002616 0.561726 -0.012685
v -0.003329 0.563256 -0.010963
v -0.003915 0.565120 -0.009549
v -0.004350 0.567247 -0.008499
v -0.004618 0.569555 -0.007852
v -0.004708 0.571955 -0.007633
v -0.000919 0.560589 -0.014382
v -0.001333 0.561726 -0.012296
v -0.001697 0.563256 -0.010468
v -0.001996 0.565120 -0.008967
v -0.002218 0.567247 -0.007852
v -0.002354 0.569555 -0.007165
v -0.002400 0.571955 -0.006933
v 0.004708 0.621868 -0.002482
v 0.002400 0.621868 -0.001781
v 0.006835 0.621868 -0.003618
v 0.008700 0.621868 -0.005149
v 0.010230 0.621868 -0.007013
v 0.011367 0.621868 -0.009140
v 0.012067 0.621868 -0.011448
v 0.012303 0.621868 -0.013848
v 0.012067 0.621868 -0.016248
v 0.011367 0.621868 -0.018556
v 0.010230 0.621868 -0.020683
v 0.008700 0.621868 -0.022548
v 0.006835 0.621868 -0.024078
v 0.004708 0.621868 -0.025215
v 0.002400 0.621868 -0.025915
v -0.000000 0.621868 -0.026151
v -0.002400 0.621868 -0.025915
v -0.004708 0.621868 -0.025215
v -0.006835 0.621868 -0.024078
v -0.008700 0.621868 -0.022548
v -0.010230 0.621868 -0.020683
v -0.011367 0.621868 -0.018556
v -0.012067 0.621868 -0.016248
v -0.012303 0.621868 -0.013848
v -0.012067 0.621868 -0.011448
v -0.011367 0.621868 -0.009140
v -0.010230 0.621868 -0.007013
v -0.008700 0.621868 -0.005149
v -0.006835 0.621868 -0.003618
v -0.004708 0.621868 -0.002482
v -0.002400 0.621868 -0.001781
v 0.000000 0.621868 -0.001545
vt 0.500000 0.800401
vt 0.500837 0.800738
vt 0.500000 0.800738
vt 0.501642 0.800738
vt 0.502383 0.800738
vt 0.503033 0.800738
vt 0.503567 0.800738
vt 0.503963 0.800738
vt 0.504207 0.800738
vt 0.504289 0.800738
vt 0.504207 0.800738
vt 0.503963 0.800738
vt 0.503567 0.800738
vt 0.503033 0.800738
vt 0.502383 0.800738
vt 0.501642 0.800738
vt 0.500837 0.800738
vt 0.500000 0.800738
vt 0.499163 0.800738
vt 0.498359 0.800738
vt 0.497617 0.800738
vt 0.496967 0.800738
vt 0.496433 0.800738
vt 0.496037 0.800738
vt 0.495793 0.800738
vt 0.495711 0.800738
vt 0.495793 0.800738
vt 0.496037 0.800738
vt 0.496433 0.800738
vt 0.496967 0.800738
vt 0.497617 0.800738
vt 0.498359 0.800738
vt 0.499163 0.800738
vt 0.501642 0.801736
vt 0.500000 0.801736
vt 0.502383 0.803358
vt 0.500000 0.803358
vt 0.503033 0.805540
vt 0.500000 0.805540
vt 0.503567 0.808199
vt 0.500000 0.808199
vt 0.503963 0.811233
vt 0.500000 0.811233
vt 0.504207 0.814525
vt 0.500000 0.814525
vt 0.504289 0.817948
vt 0.500000 0.817948
vt 0.503220 0.801736
vt 0.504675 0.803358
vt 0.505950 0.805540
vt 0.506996 0.808199
vt 0.507774 0.811233
vt 0.508252 0.814525
vt 0.508414 0.817948
vt 0.504675 0.801736
vt 0.506786 0.803358
vt 0.508637 0.805540
vt 0.510157 0.808199
vt 0.511285 0.811233
vt 0.511981 0.814525
vt 0.512215 0.817948
vt 0.505950 0.801736
vt 0.508637 0.803358
vt 0.510993 0.805540
vt 0.512927 0.808199
vt 0.514364 0.811233
vt 0.515248 0.814525
vt 0.515547 0.817948
vt 0.506996 0.801736
vt 0.510157 0.803358
vt 0.512927 0.805540
vt 0.515200 0.808199
vt 0.516890 0.811233
vt 0.517930 0.814525
vt 0.518281 0.817948
vt 0.507774 0.801736
vt 0.511285 0.803358
vt 0.514364 0.805540
vt 0.516890 0.808199
vt 0.518767 0.811233
vt 0.519923 0.814525
vt 0.520313 0.817948
vt 0.508252 0.801736
vt 0.511981 0.803358
vt 0.515248 0.805540
vt 0.517930 0.808199
vt 0.519923 0.811233
vt 0.521150 0.814525
vt 0.521564 0.817948
vt 0.508414 0.801736
vt 0.512215 0.803358
vt 0.515547 0.805540
vt 0.518281 0.808199
vt 0.520313 0.811233
vt 0.521564 0.814525
vt 0.521987 0.817948
vt 0.508252 0.801736
vt 0.511981 0.803358
vt 0.515248 0.805540
vt 0.517930 0.808199
vt 0.519923 0.811233
vt 0.521150 0.814525
vt 0.521564 0.817948
vt 0.507774 0.801736
vt 0.511285 0.803358
vt 0.514364 0.805540
vt 0.516890 0.808199
vt 0.518767 0.811233
vt 0.519923 0.814525
vt 0.520313 0.817948
vt 0.506996 0.801736
vt 0.510157 0.803358
vt 0.512927 0.805540
vt 0.515200 0.808199
vt 0.516890 0.811233
vt 0.517930 0.814525
vt 0.518281 0.817948
vt 0.505950 0.801736
vt 0.508637 0.803358
vt 0.510993 0.805540
vt 0.512927 0.808199
vt 0.514364 0.811233
vt 0.515248 0.814525
vt 0.515547 0.817948
vt 0.504675 0.801736
vt 0.506786 0.803358
vt 0.508637 0.805540
vt 0.510157 0.808199
vt 0.511285 0.811233
vt 0.511981 0.814525
vt 0.512215 0.817948
vt 0.503220 0.801736
vt 0.504675 0.803358
vt 0.505950 0.805540
vt 0.506996 0.808199
vt 0.507774 0.811233
vt 0.508252 0.814525
vt 0.508414 0.817948
vt 0.501642 0.801736
vt 0.502383 0.803358
vt 0.503033 0.805540
vt 0.503567 0.808199
vt 0.503963 0.811233
vt 0.504207 0.814525
vt 0.504289 0.817948
vt 0.500000 0.801736
vt 0.500000 0.803358
vt 0.500000 0.805540
vt 0.500000 0.808199
vt 0.500000 0.811233
vt 0.500000 0.814525
vt 0.500000 0.817948
vt 0.498359 0.801736
vt 0.497617 0.803358
vt 0.496967 0.805540
vt 0.496433 0.808199
vt 0.496037 0.811233
vt 0.495793 0.814525
vt 0.495711 0.817948
vt 0.496780 0.801736
vt 0.495325 0.803358
vt 0.494050 0.805540
vt 0.493004 0.808199
vt 0.492226 0.811233
vt 0.491748 0.814525
vt 0.491586 0.817948
vt 0.495325 0.801736
vt 0.493214 0.803358
vt 0.491363 0.805540
vt 0.489843 0.808199
vt 0.488715 0.811233
vt 0.488019 0.814525
vt 0.487785 0.817948
vt 0.494050 0.801736
vt 0.491363 0.803358
vt 0.489007 0.805540
vt 0.487073 0.808199
vt 0.485636 0.811233
vt 0.484752 0.814525
vt 0.484453 0.817948
vt 0.493004 0.801736
vt 0.489843 0.803358
vt 0.487073 0.805540
vt 0.484800 0.808199
vt 0.483110 0.811233
vt 0.482070 0.814525
vt 0.481719 0.817948
vt 0.492226 0.801736
vt 0.488715 0.803358
vt 0.485636 0.805540
vt 0.483110 0.808199
vt 0.481233 0.811233
vt 0.480077 0.814525
vt 0.479687 0.817948
vt 0.491748 0.801736
vt 0.488019 0.803358
vt 0.484752 0.805540
vt 0.482070 0.808199
vt 0.480077 0.811233
vt 0.478850 0.814525
vt 0.478436 0.817948
vt 0.491586 0.801736
vt 0.487785 0.803358
vt 0.484453 0.805540
vt 0.481719 0.808199
vt 0.479687 0.811233
vt 0.478436 0.814525
vt 0.478013 0.817948
vt 0.491748 0.801736
vt 0.488019 0.803358
vt 0.484752 0.805540
vt 0.482070 0.808199
vt 0.480077 0.811233
vt 0.478850 0.814525
vt 0.478436 0.817948
vt 0.492226 0.801736
vt 0.488715 0.803358
vt 0.485636 0.805540
vt 0.483110 0.808199
vt 0.481233 0.811233
vt 0.480077 0.814525
vt 0.479687 0.817948
vt 0.493004 0.801736
vt 0.489843 0.803358
vt 0.487073 0.805540
vt 0.484800 0.808199
vt 0.483110 0.811233
vt 0.482070 0.814525
vt 0.481719 0.817948
vt 0.494050 0.801736
vt 0.491363 0.803358
vt 0.489007 0.805540
vt 0.487073 0.808199
vt 0.485636 0.811233
vt 0.484752 0.814525
vt 0.484453 0.817948
vt 0.495325 0.801736
vt 0.493214 0.803358
vt 0.491363 0.805540
vt 0.489843 0.808199
vt 0.488715 0.811233
vt 0.488019 0.814525
vt 0.487785 0.817948
vt 0.496780 0.801736
vt 0.495325 0.803358
vt 0.494050 0.805540
vt 0.493004 0.808199
vt 0.492226 0.811233
vt 0.491748 0.814525
vt 0.491586 0.817948
vt 0.498359 0.801736
vt 0.497617 0.803358
vt 0.496967 0.805540
vt 0.496433 0.808199
vt 0.496037 0.811233
vt 0.495793 0.814525
vt 0.495711 0.817948
vt 0.508414 0.889136
vt 0.504289 0.889136
vt 0.512215 0.889136
vt 0.515547 0.889136
vt 0.518281 0.889136
vt 0.520313 0.889136
vt 0.521564 0.889136
vt 0.521987 0.889136
vt 0.521564 0.889136
vt 0.520313 0.889136
vt 0.518281 0.889136
vt 0.515547 0.889136
vt 0.512215 0.889136
vt 0.508414 0.889136
vt 0.504289 0.889136
vt 0.500000 0.889136
vt 0.495711 0.889136
vt 0.491586 0.889136
vt 0.487785 0.889136
vt 0.484453 0.889136
vt 0.481719 0.889136
vt 0.479687 0.889136
vt 0.478436 0.889136
vt 0.478013 0.889136
vt 0.478436 0.889136
vt 0.479687 0.889136
vt 0.481719 0.889136
vt 0.484453 0.889136
vt 0.487785 0.889136
vt 0.491586 0.889136
vt 0.495711 0.889136
vt 0.500000 0.889136
vn -0.000000 -1.000000 0.000000
vn 0.038062 -0.980788 0.191328
vn -0.000000 -0.980789 0.195072
vn 0.074651 -0.980788 0.180229
vn 0.108374 -0.980788 0.162203
vn 0.137935 -0.980787 0.137952
vn 0.162194 -0.980786 0.108406
vn 0.180222 -0.980788 0.074672
vn 0.191323 -0.980790 0.038045
vn 0.195071 -0.980789 0.000001
vn 0.191323 -0.980790 -0.038019
vn 0.180223 -0.980791 -0.074622
vn 0.162194 -0.980790 -0.108373
vn 0.137936 -0.980789 -0.137935
vn 0.108374 -0.980790 -0.162189
vn 0.074651 -0.980789 -0.180222
vn 0.038061 -0.980789 -0.191325
vn -0.000000 -0.980789 -0.195071
vn -0.038061 -0.980788 -0.191328
vn -0.074651 -0.980788 -0.180230
vn -0.108374 -0.980788 -0.162205
vn -0.137935 -0.980787 -0.137952
vn -0.162195 -0.980786 -0.108404
vn -0.180222 -0.980788 -0.074671
vn -0.191323 -0.980790 -0.038046
vn -0.195071 -0.980789 -0.000001
vn -0.191323 -0.980790 0.038019
vn -0.180223 -0.980791 0.074622
vn -0.162194 -0.980790 0.108373
vn -0.137936 -0.980789 0.137936
vn -0.108375 -0.980790 0.162189
vn -0.074651 -0.980789 0.180221
vn -0.038062 -0.980788 0.191326
vn 0.074652 -0.923899 0.375283
vn -0.000000 -0.923898 0.382638
vn 0.108380 -0.831497 0.544855
vn 0.000000 -0.831495 0.555532
vn 0.137945 -0.707130 0.693498
vn -0.000000 -0.707130 0.707083
vn 0.162208 -0.555596 0.815476
vn -0.000000 -0.555596 0.831452
vn 0.180237 -0.382724 0.906111
vn 0.000000 -0.382724 0.923863
vn 0.191341 -0.195110 0.961936
vn -0.000000 -0.195111 0.980781
vn 0.194134 -0.099371 0.975929
vn -0.000000 -0.100348 0.994952
vn 0.146427 -0.923900 0.353509
vn 0.212591 -0.831496 0.513245
vn 0.270589 -0.707129 0.653261
vn 0.318184 -0.555597 0.768161
vn 0.353547 -0.382724 0.853538
vn 0.375327 -0.195110 0.906125
vn 0.380915 -0.096475 0.919563
vn 0.212578 -0.923898 0.318155
vn 0.308636 -0.831495 0.461910
vn 0.392836 -0.707130 0.587918
vn 0.461931 -0.555596 0.691327
vn 0.513270 -0.382725 0.768164
vn 0.544891 -0.195110 0.815491
vn 0.553244 -0.091764 0.827950
vn 0.270564 -0.923897 0.270571
vn 0.392821 -0.831495 0.392819
vn 0.499981 -0.707131 0.499984
vn 0.587923 -0.555595 0.587929
vn 0.653268 -0.382725 0.653271
vn 0.693516 -0.195112 0.693518
vn 0.704540 -0.085411 0.704506
vn 0.318149 -0.923899 0.212585
vn 0.461907 -0.831496 0.308636
vn 0.587917 -0.707133 0.392831
vn 0.691328 -0.555596 0.461929
vn 0.768165 -0.382722 0.513270
vn 0.815491 -0.195113 0.544891
vn 0.828972 -0.077653 0.553873
vn 0.353508 -0.923899 0.146432
vn 0.513242 -0.831496 0.212596
vn 0.653259 -0.707132 0.270587
vn 0.768164 -0.555595 0.318180
vn 0.853540 -0.382721 0.353545
vn 0.906124 -0.195114 0.375327
vn 0.921699 -0.068778 0.381759
vn 0.375282 -0.923900 0.074651
vn 0.544855 -0.831497 0.108380
vn 0.693496 -0.707131 0.137944
vn 0.815477 -0.555595 0.162209
vn 0.906111 -0.382722 0.180240
vn 0.961935 -0.195112 0.191343
vn 0.979072 -0.059125 0.194737
vn 0.382635 -0.923900 -0.000001
vn 0.555529 -0.831497 0.000006
vn 0.707083 -0.707130 0.000002
vn 0.831454 -0.555594 -0.000000
vn 0.923863 -0.382723 0.000000
vn 0.980781 -0.195110 0.000001
vn 0.998795 -0.049073 0.000001
vn 0.375282 -0.923900 -0.074646
vn 0.544855 -0.831498 -0.108373
vn 0.693496 -0.707132 -0.137942
vn 0.815477 -0.555595 -0.162211
vn 0.906111 -0.382722 -0.180240
vn 0.961935 -0.195113 -0.191343
vn 0.980040 -0.039020 -0.194932
vn 0.353508 -0.923900 -0.146424
vn 0.513242 -0.831496 -0.212597
vn 0.653258 -0.707131 -0.270591
vn 0.768163 -0.555595 -0.318183
vn 0.853539 -0.382722 -0.353545
vn 0.906123 -0.195114 -0.375328
vn 0.923488 -0.029354 -0.382503
vn 0.318150 -0.923900 -0.212577
vn 0.461907 -0.831496 -0.308637
vn 0.587916 -0.707133 -0.392833
vn 0.691327 -0.555595 -0.461931
vn 0.768164 -0.382725 -0.513270
vn 0.815491 -0.195113 -0.544890
vn 0.831310 -0.020452 -0.555432
vn 0.270565 -0.923900 -0.270562
vn 0.392822 -0.831495 -0.392819
vn 0.499982 -0.707133 -0.499981
vn 0.587926 -0.555594 -0.587927
vn 0.653268 -0.382726 -0.653270
vn 0.693516 -0.195114 -0.693517
vn 0.707068 -0.012662 -0.707032
vn 0.212579 -0.923899 -0.318151
vn 0.308636 -0.831495 -0.461909
vn 0.392833 -0.707133 -0.587916
vn 0.461930 -0.555596 -0.691328
vn 0.513270 -0.382724 -0.768164
vn 0.544889 -0.195113 -0.815491
vn 0.555577 -0.006286 -0.831441
vn 0.146429 -0.923900 -0.353508
vn 0.212596 -0.831495 -0.513244
vn 0.270592 -0.707130 -0.653259
vn 0.318184 -0.555596 -0.768162
vn 0.353546 -0.382723 -0.853539
vn 0.375328 -0.195113 -0.906124
vn 0.382700 -0.001559 -0.923871
vn 0.074651 -0.923900 -0.375281
vn 0.108380 -0.831498 -0.544854
vn 0.137948 -0.707131 -0.693496
vn 0.162212 -0.555594 -0.815477
vn 0.180240 -0.382721 -0.906111
vn 0.191343 -0.195112 -0.961935
vn 0.195098 0.001352 -0.980783
vn -0.000000 -0.923899 -0.382636
vn 0.000000 -0.831498 -0.555528
vn 0.000000 -0.707131 -0.707083
vn -0.000000 -0.555594 -0.831454
vn -0.000001 -0.382723 -0.923863
vn -0.000000 -0.195110 -0.980781
vn -0.000000 0.002336 -0.999997
vn -0.074651 -0.923900 -0.375280
vn -0.108380 -0.831499 -0.544852
vn -0.137948 -0.707131 -0.693496
vn -0.162212 -0.555596 -0.815476
vn -0.180241 -0.382723 -0.906110
vn -0.191343 -0.195113 -0.961935
vn -0.195098 0.001352 -0.980783
vn -0.146429 -0.923899 -0.353510
vn -0.212596 -0.831495 -0.513243
vn -0.270592 -0.707130 -0.653259
vn -0.318183 -0.555596 -0.768162
vn -0.353545 -0.382722 -0.853540
vn -0.375326 -0.195113 -0.906124
vn -0.382699 -0.001559 -0.923872
vn -0.212579 -0.923897 -0.318158
vn -0.308634 -0.831496 -0.461909
vn -0.392831 -0.707132 -0.587918
vn -0.461929 -0.555595 -0.691329
vn -0.513269 -0.382724 -0.768165
vn -0.544888 -0.195113 -0.815492
vn -0.555576 -0.006286 -0.831442
vn -0.270565 -0.923897 -0.270572
vn -0.392820 -0.831496 -0.392819
vn -0.499983 -0.707133 -0.499981
vn -0.587928 -0.555593 -0.587927
vn -0.653270 -0.382725 -0.653269
vn -0.693518 -0.195114 -0.693515
vn -0.707069 -0.012664 -0.707031
vn -0.318150 -0.923899 -0.212584
vn -0.461907 -0.831496 -0.308636
vn -0.587919 -0.707133 -0.392829
vn -0.691330 -0.555595 -0.461928
vn -0.768165 -0.382722 -0.513270
vn -0.815492 -0.195113 -0.544889
vn -0.831311 -0.020454 -0.555432
vn -0.353508 -0.923899 -0.146432
vn -0.513242 -0.831496 -0.212596
vn -0.653259 -0.707132 -0.270588
vn -0.768163 -0.555595 -0.318181
vn -0.853539 -0.382721 -0.353546
vn -0.906123 -0.195114 -0.375330
vn -0.923488 -0.029355 -0.382504
vn -0.375281 -0.923900 -0.074652
vn -0.544855 -0.831497 -0.108380
vn -0.693496 -0.707131 -0.137944
vn -0.815477 -0.555595 -0.162209
vn -0.906111 -0.382722 -0.180240
vn -0.961935 -0.195113 -0.191344
vn -0.980040 -0.039020 -0.194932
vn -0.382635 -0.923900 0.000001
vn -0.555529 -0.831497 -0.000006
vn -0.707083 -0.707130 -0.000001
vn -0.831454 -0.555594 0.000001
vn -0.923863 -0.382723 -0.000000
vn -0.980781 -0.195110 -0.000000
vn -0.998795 -0.049073 0.000000
vn -0.375282 -0.923900 0.074646
vn -0.544855 -0.831498 0.108372
vn -0.693496 -0.707132 0.137942
vn -0.815477 -0.555594 0.162211
vn -0.906111 -0.382722 0.180240
vn -0.961935 -0.195113 0.191343
vn -0.979072 -0.059126 0.194738
vn -0.353508 -0.923900 0.146424
vn -0.513242 -0.831496 0.212596
vn -0.653259 -0.707131 0.270589
vn -0.768163 -0.555595 0.318181
vn -0.853540 -0.382721 0.353545
vn -0.906123 -0.195114 0.375328
vn -0.921698 -0.068779 0.381762
vn -0.318150 -0.923901 0.212574
vn -0.461907 -0.831497 0.308633
vn -0.587916 -0.707133 0.392832
vn -0.691328 -0.555596 0.461931
vn -0.768165 -0.382722 0.513270
vn -0.815490 -0.195113 0.544891
vn -0.828972 -0.077653 0.553873
vn -0.270566 -0.923901 0.270557
vn -0.392822 -0.831498 0.392813
vn -0.499981 -0.707132 0.499984
vn -0.587922 -0.555595 0.587930
vn -0.653268 -0.382724 0.653271
vn -0.693516 -0.195112 0.693517
vn -0.704540 -0.085411 0.704506
vn -0.212579 -0.923901 0.318146
vn -0.308636 -0.831497 0.461905
vn -0.392835 -0.707130 0.587918
vn -0.461930 -0.555596 0.691327
vn -0.513270 -0.382725 0.768164
vn -0.544892 -0.195111 0.815491
vn -0.553244 -0.091764 0.827950
vn -0.146427 -0.923901 0.353506
vn -0.212591 -0.831496 0.513243
vn -0.270590 -0.707130 0.653260
vn -0.318184 -0.555597 0.768161
vn -0.353548 -0.382724 0.853537
vn -0.375329 -0.195110 0.906124
vn -0.380916 -0.096475 0.919563
vn -0.074652 -0.923899 0.375282
vn -0.108379 -0.831496 0.544857
vn -0.137945 -0.707130 0.693497
vn -0.162209 -0.555597 0.815476
vn -0.180238 -0.382724 0.906111
vn -0.191342 -0.195111 0.961936
vn -0.194135 -0.099371 0.975929
vn 0.380990 -0.094927 0.919693
vn 0.194117 -0.100717 0.975794
vn 0.553573 -0.085504 0.828399
vn 0.705265 -0.072788 0.705197
vn 0.830131 -0.057246 0.554622
vn 0.923175 -0.039465 0.382349
vn 0.980591 -0.020130 0.195026
vn 1.000000 -0.000000 0.000001
vn 0.980591 0.020130 -0.195029
vn 0.923173 0.039465 -0.382353
vn 0.830132 0.057246 -0.554620
vn 0.705267 0.072787 -0.705195
vn 0.553575 0.085504 -0.828398
vn 0.380989 0.094927 -0.919694
vn 0.194113 0.100718 -0.975795
vn -0.000000 0.102670 -0.994715
vn -0.194114 0.100718 -0.975795
vn -0.380989 0.094927 -0.919694
vn -0.553575 0.085504 -0.828398
vn -0.705267 0.072787 -0.705195
vn -0.830132 0.057246 -0.554620
vn -0.923173 0.039465 -0.382353
vn -0.980591 0.020130 -0.195029
vn -1.000000 0.000000 0.000000
vn -0.980591 -0.020130 0.195028
vn -0.923173 -0.039465 0.382352
vn -0.830131 -0.057246 0.554622
vn -0.705265 -0.072788 0.705197
vn -0.553573 -0.085504 0.828400
vn -0.380990 -0.094927 0.919693
vn -0.194117 -0.100717 0.975794
vn 0.000000 -0.102670 0.994715
s 1
g neck
usemtl default
f 1189/1189/1189 1190/1190/1190 1191/1191/1191
f 1189/1189/1189 1192/1192/1192 1190/1190/1190
f 1189/1189/1189 1193/1193/1193 1192/1192/1192
f 1189/1189/1189 1194/1194/1194 1193/1193/1193
f 1189/1189/1189 1195/1195/1195 1194/1194/1194
f 1189/1189/1189 1196/1196/1196 1195/1195/1195
f 1189/1189/1189 1197/1197/1197 1196/1196/1196
f 1189/1189/1189 1198/1198/1198 1197/1197/1197
f 1189/1189/1189 1199/1199/1199 1198/1198/1198
f 1189/1189/1189 1200/1200/1200 1199/1199/1199
f 1189/1189/1189 1201/1201/1201 1200/1200/1200
f 1189/1189/1189 1202/1202/1202 1201/1201/1201
f 1189/1189/1189 1203/1203/1203 1202/1202/1202
f 1189/1189/1189 1204/1204/1204 1203/1203/1203
f 1189/1189/1189 1205/1205/1205 1204/1204/1204
f 1189/1189/1189 1206/1206/1206 1205/1205/1205
f 1189/1189/1189 1207/1207/1207 1206/1206/1206
f 1189/1189/1189 1208/1208/1208 1207/1207/1207
f 1189/1189/1189 1209/1209/1209 1208/1208/1208
f 1189/1189/1189 1210/1210/1210 1209/1209/1209
f 1189/1189/1189 1211/1211/1211 1210/1210/1210
f 1189/1189/1189 1212/1212/1212 1211/1211/1211
f 1189/1189/1189 1213/1213/1213 1212/1212/1212
f 1189/1189/1189 1214/1214/1214 1213/1213/1213
f 1189/1189/1189 1215/1215/1215 1214/1214/1214
f 1189/1189/1189 1216/1216/1216 1215/1215/1215
f 1189/1189/1189 1217/1217/1217 1216/1216/1216
f 1189/1189/1189 1218/1218/1218 1217/1217/1217
f 1189/1189/1189 1219/1219/1219 1218/1218/1218
f 1189/1189/1189 1220/1220/1220 1219/1219/1219
f 1189/1189/1189 1221/1221/1221 1220/1220/1220
f 1189/1189/1189 1191/1191/1191 1221/1221/1221
f 1191/1191/1191 1190/1190/1190 1222/1222/1222 1223/1223/1223
f 1223/1223/1223 1222/1222/1222 1224/1224/1224 1225/1225/1225
f 1225/1225/1225 1224/1224/1224 1226/1226/1226 1227/1227/1227
f 1227/1227/1227 1226/1226/1226 1228/1228/1228 1229/1229/1229
f 1229/1229/1229 1228/1228/1228 1230/1230/1230 1231/1231/1231
f 1231/1231/1231 1230/1230/1230 1232/1232/1232 1233/1233/1233
f 1233/1233/1233 1232/1232/1232 1234/1234/1234 1235/1235/1235
f 1190/1190/1190 1192/1192/1192 1236/1236/1236 1222/1222/1222
f 1222/1222/1222 1236/1236/1236 1237/1237/1237 1224/1224/1224
f 1224/1224/1224 1237/1237/1237 1238/1238/1238 1226/1226/1226
f 1226/1226/1226 1238/1238/1238 1239/1239/1239 1228/1228/1228
f 1228/1228/1228 1239/1239/1239 1240/1240/1240 1230/1230/1230
f 1230/1230/1230 1240/1240/1240 1241/1241/1241 1232/1232/1232
f 1232/1232/1232 1241/1241/1241 1242/1242/1242 1234/1234/1234
f 1192/1192/1192 1193/1193/1193 1243/1243/1243 1236/1236/1236
f 1236/1236/1236 1243/1243/1243 1244/1244/1244 1237/1237/1237
f 1237/1237/1237 1244/1244/1244 1245/1245/1245 1238/1238/1238
f 1238/1238/1238 1245/1245/1245 1246/1246/1246 1239/1239/1239
f 1239/1239/1239 1246/1246/1246 1247/1247/1247 1240/1240/1240
f 1240/1240/1240 1247/1247/1247 1248/1248/1248 1241/1241/1241
f 1241/1241/1241 1248/1248/1248 1249/1249/1249 1242/1242/1242
f 1193/1193/1193 1194/1194/1194 1250/1250/1250 1243/1243/1243
f 1243/1243/1243 1250/1250/1250 1251/1251/1251 1244/1244/1244
f 1244/1244/1244 1251/1251/1251 1252/1252/1252 1245/1245/1245
f 1245/1245/1245 1252/1252/1252 1253/1253/1253 1246/1246/1246
f 1246/1246/1246 1253/1253/1253 1254/1254/1254 1247/1247/1247
f 1247/1247/1247 1254/1254/1254 1255/1255/1255 1248/1248/1248
f 1248/1248/1248 1255/1255/1255 1256/1256/1256 1249/1249/1249
f 1194/1194/1194 1195/1195/1195 1257/1257/1257 1250/1250/1250
f 1250/1250/1250 1257/1257/1257 1258/1258/1258 1251/1251/1251
f 1251/1251/1251 1258/1258/1258 1259/1259/1259 1252/1252/1252
f 1252/1252/1252 1259/1259/1259 1260/1260/1260 1253/1253/1253
f 1253/1253/1253 1260/1260/1260 1261/1261/1261 1254/1254/1254
f 1254/1254/1254 1261/1261/1261 1262/1262/1262 1255/1255/1255
f 1255/1255/1255 1262/1262/1262 1263/1263/1263 1256/1256/1256
f 1195/1195/1195 1196/1196/1196 1264/1264/1264 1257/1257/1257
f 1257/1257/1257 1264/1264/1264 1265/1265/1265 1258/1258/1258
f 1258/1258/1258 1265/1265/1265 1266/1266/1266 1259/1259/1259
f 1259/1259/1259 1266/1266/1266 1267/1267/1267 1260/1260/1260
f 1260/1260/1260 1267/1267/1267 1268/1268/1268 1261/1261/1261
f 1261/1261/1261 1268/1268/1268 1269/1269/1269 1262/1262/1262
f 1262/1262/1262 1269/1269/1269 1270/1270/1270 1263/1263/1263
f 1196/1196/1196 1197/1197/1197 1271/1271/1271 1264/1264/1264
f 1264/1264/1264 1271/1271/1271 1272/1272/1272 1265/1265/1265
f 1265/1265/1265 1272/1272/1272 1273/1273/1273 1266/1266/1266
f 1266/1266/1266 1273/1273/1273 1274/1274/1274 1267/1267/1267
f 1267/1267/1267 1274/1274/1274 1275/1275/1275 1268/1268/1268
f 1268/1268/1268 1275/1275/1275 1276/1276/1276 1269/1269/1269
f 1269/1269/1269 1276/1276/1276 1277/1277/1277 1270/1270/1270
f 1197/1197/1197 1198/1198/1198 1278/1278/1278 1271/1271/1271
f 1271/1271/1271 1278/1278/1278 1279/1279/1279 1272/1272/1272
f 1272/1272/1272 1279/1279/1279 1280/1280/1280 1273/1273/1273
f 1273/1273/1273 1280/1280/1280 1281/1281/1281 1274/1274/1274
f 1274/1274/1274 1281/1281/1281 1282/1282/1282 1275/1275/1275
f 1275/1275/1275 1282/1282/1282 1283/1283/1283 1276/1276/1276
f 1276/1276/1276 1283/1283/1283 1284/1284/1284 1277/1277/1277
f 1198/1198/1198 1199/1199/1199 1285/1285/1285 1278/1278/1278
f 1278/1278/1278 1285/1285/1285 1286/1286/1286 1279/1279/1279
f 1279/1279/1279 1286/1286/1286 1287/1287/1287 1280/1280/1280
f 1280/1280/1280 1287/1287/1287 1288/1288/1288 1281/1281/1281
f 1281/1281/1281 1288/1288/1288 1289/1289/1289 1282/1282/1282
f 1282/1282/1282 1289/1289/1289 1290/1290/1290 1283/1283/1283
f 1283/1283/1283 1290/1290/1290 1291/1291/1291 1284/1284/1284
f 1199/1199/1199 1200/1200/1200 1292/1292/1292 1285/1285/1285
f 1285/1285/1285 1292/1292/1292 1293/1293/1293 1286/1286/1286
f 1286/1286/1286 1293/1293/1293 1294/1294/1294 1287/1287/1287
f 1287/1287/1287 1294/1294/1294 1295/1295/1295 1288/1288/1288
f 1288/1288/1288 1295/1295/1295 1296/1296/1296 1289/1289/1289
f 1289/1289/1289 1296/1296/1296 1297/1297/1297 1290/1290/1290
f 1290/1290/1290 1297/1297/1297 1298/1298/1298 1291/1291/1291
f 1200/1200/1200 1201/1201/1201 1299/1299/1299 1292/1292/1292
f 1292/1292/1292 1299/1299/1299 1300/1300/1300 1293/1293/1293
f 1293/1293/1293 1300/1300/1300 1301/1301/1301 1294/1294/1294
f 1294/1294/1294 1301/1301/1301 1302/1302/1302 1295/1295/1295
f 1295/1295/1295 1302/1302/1302 1303/1303/1303 1296/1296/1296
f 1296/1296/1296 1303/1303/1303 1304/1304/1304 1297/1297/1297
f 1297/1297/1297 1304/1304/1304 1305/1305/1305 1298/1298/1298
f 1201/1201/1201 1202/1202/1202 1306/1306/1306 1299/1299/1299
f 1299/1299/1299 1306/1306/1306 1307/1307/1307 1300/1300/1300
f 1300/1300/1300 1307/1307/1307 1308/1308/1308 1301/1301/1301
f 1301/1301/1301 1308/1308/1308 1309/1309/1309 1302/1302/1302
f 1302/1302/1302 1309/1309/1309 1310/1310/1310 1303/1303/1303
f 1303/1303/1303 1310/1310/1310 1311/1311/1311 1304/1304/1304
f 1304/1304/1304 1311/1311/1311 1312/1312/1312 1305/1305/1305
f 1202/1202/1202 1203/1203/1203 1313/1313/1313 1306/1306/1306
f 1306/1306/1306 1313/1313/1313 1314/1314/1314 1307/1307/1307
f 1307/1307/1307 1314/1314/1314 1315/1315/1315 1308/1308/1308
f 1308/1308/1308 1315/1315/1315 1316/1316/1316 1309/1309/1309
f 1309/1309/1309 1316/1316/1316 1317/1317/1317 1310/1310/1310
f 1310/1310/1310 1317/1317/1317 1318/1318/1318 1311/1311/1311
f 1311/1311/1311 1318/1318/1318 1319/1319/1319 1312/1312/1312
f 1203/1203/1203 1204/1204/1204 1320/1320/1320 1313/1313/1313
f 1313/1313/1313 1320/1320/1320 1321/1321/1321 1314/1314/1314
f 1314/1314/1314 1321/1321/1321 1322/1322/1322 1315/1315/1315
f 1315/1315/1315 1322/1322/1322 1323/1323/1323 1316/1316/1316
f 1316/1316/1316 1323/1323/1323 1324/1324/1324 1317/1317/1317
f 1317/1317/1317 1324/1324/1324 1325/1325/1325 1318/1318/1318
f 1318/1318/1318 1325/1325/1325 1326/1326/1326 1319/1319/1319
f 1204/1204/1204 1205/1205/1205 1327/1327/1327 1320/1320/1320
f 1320/1320/1320 1327/1327/1327 1328/1328/1328 1321/1321/1321
f 1321/1321/1321 1328/1328/1328 1329/1329/1329 1322/1322/1322
f 1322/1322/1322 1329/1329/1329 1330/1330/1330 1323/1323/1323
f 1323/1323/1323 1330/1330/1330 1331/1331/1331 1324/1324/1324
f 1324/1324/1324 1331/1331/1331 1332/1332/1332 1325/1325/1325
f 1325/1325/1325 1332/1332/1332 1333/1333/1333 1326/1326/1326
f 1205/1205/1205 1206/1206/1206 1334/1334/1334 1327/1327/1327
f 1327/1327/1327 1334/1334/1334 1335/1335/1335 1328/1328/1328
f 1328/1328/1328 1335/1335/1335 1336/1336/1336 1329/1329/1329
f 1329/1329/1329 1336/1336/1336 1337/1337/1337 1330/1330/1330
f 1330/1330/1330 1337/1337/1337 1338/1338/1338 1331/1331/1331
f 1331/1331/1331 1338/1338/1338 1339/1339/1339 1332/1332/1332
f 1332/1332/1332 1339/1339/1339 1340/1340/1340 1333/1333/1333
f 1206/1206/1206 1207/1207/1207 1341/1341/1341 1334/1334/1334
f 1334/1334/1334 1341/1341/1341 1342/1342/1342 1335/1335/1335
f 1335/1335/1335 1342/1342/1342 1343/1343/1343 1336/1336/1336
f 1336/1336/1336 1343/1343/1343 1344/1344/1344 1337/1337/1337
f 1337/1337/1337 1344/1344/1344 1345/1345/1345 1338/1338/1338
f 1338/1338/1338 1345/1345/1345 1346/1346/1346 1339/1339/1339
f 1339/1339/1339 1346/1346/1346 1347/1347/1347 1340/1340/1340
f 1207/1207/1207 1208/1208/1208 1348/1348/1348 1341/1341/1341
f 1341/1341/1341 1348/1348/1348 1349/1349/1349 1342/1342/1342
f 1342/1342/1342 1349/1349/1349 1350/1350/1350 1343/1343/1343
f 1343/1343/1343 1350/1350/1350 1351/1351/1351 1344/1344/1344
f 1344/1344/1344 1351/1351/1351 1352/1352/1352 1345/1345/1345
f 1345/1345/1345 1352/1352/1352 1353/1353/1353 1346/1346/1346
f 1346/1346/1346 1353/1353/1353 1354/1354/1354 1347/1347/1347
f 1208/1208/1208 1209/1209/1209 1355/1355/1355 1348/1348/1348
f 1348/1348/1348 1355/1355/1355 1356/1356/1356 1349/1349/1349
f 1349/1349/1349 1356/1356/1356 1357/1357/1357 1350/1350/1350
f 1350/1350/1350 1357/1357/1357 1358/1358/1358 1351/1351/1351
f 1351/1351/1351 1358/1358/1358 1359/1359/1359 1352/1352/1352
f 1352/1352/1352 1359/1359/1359 1360/1360/1360 1353/1353/1353
f 1353/1353/1353 1360/1360/1360 1361/1361/1361 1354/1354/1354
f 1209/1209/1209 1210/1210/1210 1362/1362/1362 1355/1355/1355
f 1355/1355/1355 1362/1362/1362 1363/1363/1363 1356/1356/1356
f 1356/1356/1356 1363/1363/1363 1364/1364/1364 1357/1357/1357
f 1357/1357/1357 1364/1364/1364 1365/1365/1365 1358/1358/1358
f 1358/1358/1358 1365/1365/1365 1366/1366/1366 1359/1359/1359
f 1359/1359/1359 1366/1366/1366 1367/1367/1367 1360/1360/1360
f 1360/1360/1360 1367/1367/1367 1368/1368/1368 1361/1361/1361
f 1210/1210/1210 1211/1211/1211 1369/1369/1369 1362/1362/1362
f 1362/1362/1362 1369/1369/1369 1370/1370/1370 1363/1363/1363
f 1363/1363/1363 1370/1370/1370 1371/1371/1371 1364/1364/1364
f 1364/1364/1364 1371/1371/1371 1372/1372/1372 1365/1365/1365
f 1365/1365/1365 1372/1372/1372 1373/1373/1373 1366/1366/1366
f 1366/1366/1366 1373/1373/1373 1374/1374/1374 1367/1367/1367
f 1367/1367/1367 1374/1374/1374 1375/1375/1375 1368/1368/1368
f 1211/1211/1211 1212/1212/1212 1376/1376/1376 1369/1369/1369
f 1369/1369/1369 1376/1376/1376 1377/1377/1377 1370/1370/1370
f 1370/1370/1370 1377/1377/1377 1378/1378/1378 1371/1371/1371
f 1371/1371/1371 1378/1378/1378 1379/1379/1379 1372/1372/1372
f 1372/1372/1372 1379/1379/1379 1380/1380/1380 1373/1373/1373
f 1373/1373/1373 1380/1380/1380 1381/1381/1381 1374/1374/1374
f 1374/1374/1374 1381/1381/1381 1382/1382/1382 1375/1375/1375
f 1212/1212/1212 1213/1213/1213 1383/1383/1383 1376/1376/1376
f 1376/1376/1376 1383/1383/1383 1384/1384/1384 1377/1377/1377
f 1377/1377/1377 1384/1384/1384 1385/1385/1385 1378/1378/1378
f 1378/1378/1378 1385/1385/1385 1386/1386/1386 1379/1379/1379
f 1379/1379/1379 1386/1386/1386 1387/1387/1387 1380/1380/1380
f 1380/1380/1380 1387/1387/1387 1388/1388/1388 1381/1381/1381
f 1381/1381/1381 1388/1388/1388 1389/1389/1389 1382/1382/1382
f 1213/1213/1213 1214/1214/1214 1390/1390/1390 1383/1383/1383
f 1383/1383/1383 1390/1390/1390 1391/1391/1391 1384/1384/1384
f 1384/1384/1384 1391/1391/1391 1392/1392/1392 1385/1385/1385
f 1385/1385/1385 1392/1392/1392 1393/1393/1393 1386/1386/1386
f 1386/1386/1386 1393/1393/1393 1394/1394/1394 1387/1387/1387
f 1387/1387/1387 1394/1394/1394 1395/1395/1395 1388/1388/1388
f 1388/1388/1388 1395/1395/1395 1396/1396/1396 1389/1389/1389
f 1214/1214/1214 1215/1215/1215 1397/1397/1397 1390/1390/1390
f 1390/1390/1390 1397/1397/1397 1398/1398/1398 1391/1391/1391
f 1391/1391/1391 1398/1398/1398 1399/1399/1399 1392/1392/1392
f 1392/1392/1392 1399/1399/1399 1400/1400/1400 1393/1393/1393
f 1393/1393/1393 1400/1400/1400 1401/1401/1401 1394/1394/1394
f 1394/1394/1394 1401/1401/1401 1402/1402/1402 1395/1395/1395
f 1395/1395/1395 1402/1402/1402 1403/1403/1403 1396/1396/1396
f 1215/1215/1215 1216/1216/1216 1404/1404/1404 1397/1397/1397
f 1397/1397/1397 1404/1404/1404 1405/1405/1405 1398/1398/1398
f 1398/1398/1398 1405/1405/1405 1406/1406/1406 1399/1399/1399
f 1399/1399/1399 1406/1406/1406 1407/1407/1407 1400/1400/1400
f 1400/1400/1400 1407/1407/1407 1408/1408/1408 1401/1401/1401
f 1401/1401/1401 1408/1408/1408 1409/1409/1409 1402/1402/1402
f 1402/1402/1402 1409/1409/1409 1410/1410/1410 1403/1403/1403
f 1216/1216/1216 1217/1217/1217 1411/1411/1411 1404/1404/1404
f 1404/1404/1404 1411/1411/1411 1412/1412/1412 1405/1405/1405
f 1405/1405/1405 1412/1412/1412 1413/1413/1413 1406/1406/1406
f 1406/1406/1406 1413/1413/1413 1414/1414/1414 1407/1407/1407
f 1407/1407/1407 1414/1414/1414 1415/1415/1415 1408/1408/1408
f 1408/1408/1408 1415/1415/1415 1416/1416/1416 1409/1409/1409
f 1409/1409/1409 1416/1416/1416 1417/1417/1417 1410/1410/1410
f 1217/1217/1217 1218/1218/1218 1418/1418/1418 1411/1411/1411
f 1411/1411/1411 1418/1418/1418 1419/1419/1419 1412/1412/1412
f 1412/1412/1412 1419/1419/1419 1420/1420/1420 1413/1413/1413
f 1413/1413/1413 1420/1420/1420 1421/1421/1421 1414/1414/1414
f 1414/1414/1414 1421/1421/1421 1422/1422/1422 1415/1415/1415
f 1415/1415/1415 1422/1422/1422 1423/1423/1423 1416/1416/1416
f 1416/1416/1416 1423/1423/1423 1424/1424/1424 1417/1417/1417
f 1218/1218/1218 1219/1219/1219 1425/1425/1425 1418/1418/1418
f 1418/1418/1418 1425/1425/1425 1426/1426/1426 1419/1419/1419
f 1419/1419/1419 1426/1426/1426 1427/1427/1427 1420/1420/1420
f 1420/1420/1420 1427/1427/1427 1428/1428/1428 1421/1421/1421
f 1421/1421/1421 1428/1428/1428 1429/1429/1429 1422/1422/1422
f 1422/1422/1422 1429/1429/1429 1430/1430/1430 1423/1423/1423
f 1423/1423/1423 1430/1430/1430 1431/1431/1431 1424/1424/1424
f 1219/1219/1219 1220/1220/1220 1432/1432/1432 1425/1425/1425
f 1425/1425/1425 1432/1432/1432 1433/1433/1433 1426/1426/1426
f 1426/1426/1426 1433/1433/1433 1434/1434/1434 1427/1427/1427
f 1427/1427/1427 1434/1434/1434 1435/1435/1435 1428/1428/1428
f 1428/1428/1428 1435/1435/1435 1436/1436/1436 1429/1429/1429
f 1429/1429/1429 1436/1436/1436 1437/1437/1437 1430/1430/1430
f 1430/1430/1430 1437/1437/1437 1438/1438/1438 1431/1431/1431
f 1220/1220/1220 1221/1221/1221 1439/1439/1439 1432/1432/1432
f 1432/1432/1432 1439/1439/1439 1440/1440/1440 1433/1433/1433
f 1433/1433/1433 1440/1440/1440 1441/1441/1441 1434/1434/1434
f 1434/1434/1434 1441/1441/1441 1442/1442/1442 1435/1435/1435
f 1435/1435/1435 1442/1442/1442 1443/1443/1443 1436/1436/1436
f 1436/1436/1436 1443/1443/1443 1444/1444/1444 1437/1437/1437
f 1437/1437/1437 1444/1444/1444 1445/1445/1445 1438/1438/1438
f 1221/1221/1221 1191/1191/1191 1223/1223/1223 1439/1439/1439
f 1439/1439/1439 1223/1223/1223 1225/1225/1225 1440/1440/1440
f 1440/1440/1440 1225/1225/1225 1227/1227/1227 1441/1441/1441
f 1441/1441/1441 1227/1227/1227 1229/1229/1229 1442/1442/1442
f 1442/1442/1442 1229/1229/1229 1231/1231/1231 1443/1443/1443
f 1443/1443/1443 1231/1231/1231 1233/1233/1233 1444/1444/1444
f 1444/1444/1444 1233/1233/1233 1235/1235/1235 1445/1445/1445
f 1234/1234/1234 1242/1242/1242 1446/1446/1446 1447/1447/1447
f 1242/1242/1242 1249/1249/1249 1448/1448/1448 1446/1446/1446
f 1249/1249/1249 1256/1256/1256 1449/1449/1449 1448/1448/1448
f 1256/1256/1256 1263/1263/1263 1450/1450/1450 1449/1449/1449
f 1263/1263/1263 1270/1270/1270 1451/1451/1451 1450/1450/1450
f 1270/1270/1270 1277/1277/1277 1452/1452/1452 1451/1451/1451
f 1277/1277/1277 1284/1284/1284 1453/1453/1453 1452/1452/1452
f 1284/1284/1284 1291/1291/1291 1454/1454/1454 1453/1453/1453
f 1291/1291/1291 1298/1298/1298 1455/1455/1455 1454/1454/1454
f 1298/1298/1298 1305/1305/1305 1456/1456/1456 1455/1455/1455
f 1305/1305/1305 1312/1312/1312 1457/1457/1457 1456/1456/1456
f 1312/1312/1312 1319/1319/1319 1458/1458/1458 1457/1457/1457
f 1319/1319/1319 1326/1326/1326 1459/1459/1459 1458/1458/1458
f 1326/1326/1326 1333/1333/1333 1460/1460/1460 1459/1459/1459
f 1333/1333/1333 1340/1340/1340 1461/1461/1461 1460/1460/1460
f 1340/1340/1340 1347/1347/1347 1462/1462/1462 1461/1461/1461
f 1347/1347/1347 1354/1354/1354 1463/1463/1463 1462/1462/1462
f 1354/1354/1354 1361/1361/1361 1464/1464/1464 1463/1463/1463
f 1361/1361/1361 1368/1368/1368 1465/1465/1465 1464/1464/1464
f 1368/1368/1368 1375/1375/1375 1466/1466/1466 1465/1465/1465
f 1375/1375/1375 1382/1382/1382 1467/1467/1467 1466/1466/1466
f 1382/1382/1382 1389/1389/1389 1468/1468/1468 1467/1467/1467
f 1389/1389/1389 1396/1396/1396 1469/1469/1469 1468/1468/1468
f 1396/1396/1396 1403/1403/1403 1470/1470/1470 1469/1469/1469
f 1403/1403/1403 1410/1410/1410 1471/1471/1471 1470/1470/1470
f 1410/1410/1410 1417/1417/1417 1472/1472/1472 1471/1471/1471
f 1417/1417/1417 1424/1424/1424 1473/1473/1473 1472/1472/1472
f 1424/1424/1424 1431/1431/1431 1474/1474/1474 1473/1473/1473
f 1431/1431/1431 1438/1438/1438 1475/1475/1475 1474/1474/1474
f 1438/1438/1438 1445/1445/1445 1476/1476/1476 1475/1475/1475
f 1445/1445/1445 1235/1235/1235 1477/1477/1477 1476/1476/1476
f 1235/1235/1235 1234/1234/1234 1447/1447/1447 1477/1477/1477
g default
v -0.001000 0.601176 -0.014000
v 0.000873 0.602120 -0.004584
v -0.001000 0.602120 -0.004399
v -0.001000 0.699600 -0.014000
v -0.001000 0.698654 -0.004399
v 0.000873 0.698654 -0.004584
v 0.002674 0.602120 -0.005130
v 0.002674 0.698654 -0.005130
v 0.004334 0.602120 -0.006017
v 0.004334 0.698654 -0.006017
v 0.005789 0.602120 -0.007211
v 0.005789 0.698654 -0.007211
v 0.006983 0.602120 -0.008666
v 0.006983 0.698654 -0.008666
v 0.007870 0.602120 -0.010326
v 0.007870 0.698654 -0.010326
v 0.008416 0.602120 -0.012127
v 0.008416 0.698654 -0.012127
v 0.008601 0.602120 -0.014000
v 0.008601 0.698654 -0.014000
v 0.008416 0.602120 -0.015873
v 0.008416 0.698654 -0.015873
v 0.007870 0.602120 -0.017674
v 0.007870 0.698654 -0.017674
v 0.006983 0.602120 -0.019334
v 0.006983 0.698654 -0.019334
v 0.005789 0.602120 -0.020789
v 0.005789 0.698654 -0.020789
v 0.004334 0.602120 -0.021983
v 0.004334 0.698654 -0.021983
v 0.002674 0.602120 -0.022870
v 0.002674 0.698654 -0.022870
v 0.000873 0.602120 -0.023416
v 0.000873 0.698654 -0.023416
v -0.001000 0.602120 -0.023601
v -0.001000 0.698654 -0.023601
v -0.002873 0.602120 -0.023416
v -0.002873 0.698654 -0.023416
v -0.004674 0.602120 -0.022870
v -0.004674 0.698654 -0.022870
v -0.006334 0.602120 -0.021983
v -0.006334 0.698654 -0.021983
v -0.007789 0.602120 -0.020789
v -0.007789 0.698654 -0.020789
v -0.008983 0.602120 -0.019334
v -0.008983 0.698654 -0.019334
v -0.009870 0.602120 -0.017674
v -0.009870 0.698654 -0.017674
v -0.010416 0.602120 -0.015873
v -0.010416 0.698654 -0.015873
v -0.010601 0.602120 -0.014000
v -0.010601 0.698654 -0.014000
v -0.010416 0.602120 -0.012127
v -0.010416 0.698654 -0.012127
v -0.009870 0.602120 -0.010326
v -0.009870 0.698654 -0.010326
v -0.008983 0.602120 -0.008666
v -0.008983 0.698654 -0.008666
v -0.007789 0.602120 -0.007211
v -0.007789 0.698654 -0.007211
v -0.006334 0.602120 -0.006017
v -0.006334 0.698654 -0.006017
v -0.004674 0.602120 -0.005130
v -0.004674 0.698654 -0.005130
v -0.002873 0.602120 -0.004584
v -0.002873 0.698654 -0.004584
v 0.002674 0.604922 0.004471
v -0.001000 0.604922 0.004833
v 0.004334 0.609470 0.012816
v -0.001000 0.609470 0.013341
v 0.005789 0.615590 0.020130
v -0.001000 0.615590 0.020799
v 0.006983 0.623046 0.026133
v -0.001000 0.623046 0.026919
v 0.007870 0.631556 0.030593
v -0.001000 0.631556 0.031466
v 0.008416 0.640786 0.033340
v -0.001000 0.640786 0.034267
v 0.008601 0.650388 0.034267
v -0.001000 0.650388 0.035213
v 0.008416 0.659988 0.033340
v -0.001000 0.659988 0.034267
v 0.007870 0.669220 0.030593
v -0.001000 0.669220 0.031466
v 0.006983 0.677728 0.026133
v -0.001000 0.677728 0.026919
v 0.005789 0.685186 0.020130
v -0.001000 0.685186 0.020799
v 0.004334 0.691306 0.012816
v -0.001000 0.691306 0.013341
v 0.002674 0.695854 0.004471
v -0.001000 0.695854 0.004833
v 0.006207 0.604922 0.003399
v 0.009463 0.609470 0.011260
v 0.012317 0.615590 0.018150
v 0.014659 0.623046 0.023804
v 0.016399 0.631556 0.028006
v 0.017471 0.640786 0.030593
v 0.017833 0.650388 0.031466
v 0.017471 0.659988 0.030593
v 0.016399 0.669220 0.028006
v 0.014659 0.677728 0.023804
v 0.012317 0.685186 0.018150
v 0.009463 0.691306 0.011260
v 0.006207 0.695854 0.003399
v 0.009463 0.604922 0.001659
v 0.014190 0.609470 0.008733
v 0.018333 0.615590 0.014934
v 0.021733 0.623046 0.020023
v 0.024260 0.631556 0.023804
v 0.025816 0.640786 0.026133
v 0.026341 0.650388 0.026919
v 0.025816 0.659988 0.026133
v 0.024260 0.669220 0.023804
v 0.021733 0.677728 0.020023
v 0.018333 0.685186 0.014934
v 0.014190 0.691306 0.008733
v 0.009463 0.695854 0.001659
v 0.012317 0.604922 -0.000683
v 0.018333 0.609470 0.005333
v 0.023606 0.615590 0.010606
v 0.027934 0.623046 0.014934
v 0.031150 0.631556 0.018150
v 0.033130 0.640786 0.020130
v 0.033799 0.650388 0.020799
v 0.033130 0.659988 0.020130
v 0.031150 0.669220 0.018150
v 0.027934 0.677728 0.014934
v 0.023606 0.685186 0.010606
v 0.018333 0.691306 0.005333
v 0.012317 0.695854 -0.000683
v 0.014659 0.604922 -0.003537
v 0.021733 0.609470 0.001190
v 0.027934 0.615590 0.005333
v 0.033023 0.623046 0.008733
v 0.036804 0.631556 0.011260
v 0.039133 0.640786 0.012816
v 0.039919 0.650388 0.013341
v 0.039133 0.659988 0.012816
v 0.036804 0.669220 0.011260
v 0.033023 0.677728 0.008733
v 0.027934 0.685186 0.005333
v 0.021733 0.691306 0.001190
v 0.014659 0.695854 -0.003537
v 0.016399 0.604922 -0.006793
v 0.024260 0.609470 -0.003537
v 0.031150 0.615590 -0.000683
v 0.036804 0.623046 0.001659
v 0.041006 0.631556 0.003399
v 0.043593 0.640786 0.004471
v 0.044467 0.650388 0.004833
v 0.043593 0.659988 0.004471
v 0.041006 0.669220 0.003399
v 0.036804 0.677728 0.001659
v 0.031150 0.685186 -0.000683
v 0.024260 0.691306 -0.003537
v 0.016399 0.695854 -0.006793
v 0.017471 0.604922 -0.010326
v 0.025816 0.609470 -0.008666
v 0.033130 0.615590 -0.007211
v 0.039133 0.623046 -0.006017
v 0.043593 0.631556 -0.005130
v 0.046340 0.640786 -0.004584
v 0.047267 0.650388 -0.004399
v 0.046340 0.659988 -0.004584
v 0.043593 0.669220 -0.005130
v 0.039133 0.677728 -0.006017
v 0.033130 0.685186 -0.007211
v 0.025816 0.691306 -0.008666
v 0.017471 0.695854 -0.010326
v 0.017833 0.604922 -0.014000
v 0.026341 0.609470 -0.014000
v 0.033799 0.615590 -0.014000
v 0.039919 0.623046 -0.014000
v 0.044467 0.631556 -0.014000
v 0.047267 0.640786 -0.014000
v 0.048213 0.650388 -0.014000
v 0.047267 0.659988 -0.014000
v 0.044467 0.669220 -0.014000
v 0.039919 0.677728 -0.014000
v 0.033799 0.685186 -0.014000
v 0.026341 0.691306 -0.014000
v 0.017833 0.695854 -0.014000
v 0.017471 0.604922 -0.017674
v 0.025816 0.609470 -0.019334
v 0.033130 0.615590 -0.020789
v 0.039133 0.623046 -0.021983
v 0.043593 0.631556 -0.022870
v 0.046340 0.640786 -0.023416
v 0.047267 0.650388 -0.023601
v 0.046340 0.659988 -0.023416
v 0.043593 0.669220 -0.022870
v 0.039133 0.677728 -0.021983
v 0.033130 0.685186 -0.020789
v 0.025816 0.691306 -0.019334
v 0.017471 0.695854 -0.017674
v 0.016399 0.604922 -0.021207
v 0.024260 0.609470 -0.024463
v 0.031150 0.615590 -0.027317
v 0.036804 0.623046 -0.029659
v 0.041006 0.631556 -0.031399
v 0.043593 0.640786 -0.032471
v 0.044467 0.650388 -0.032833
v 0.043593 0.659988 -0.032471
v 0.041006 0.669220 -0.031399
v 0.036804 0.677728 -0.029659
v 0.031150 0.685186 -0.027317
v 0.024260 0.691306 -0.024463
v 0.016399 0.695854 -0.021207
v 0.014659 0.604922 -0.024463
v 0.021733 0.609470 -0.029190
v 0.027934 0.615590 -0.033333
v 0.033023 0.623046 -0.036733
v 0.036804 0.631556 -0.039260
v 0.039133 0.640786 -0.040816
v 0.039919 0.650388 -0.041341
v 0.039133 0.659988 -0.040816
v 0.036804 0.669220 -0.039260
v 0.033023 0.677728 -0.036733
v 0.027934 0.685186 -0.033333
v 0.021733 0.691306 -0.029190
v 0.014659 0.695854 -0.024463
v 0.012317 0.604922 -0.027317
v 0.018333 0.609470 -0.033333
v 0.023606 0.615590 -0.038606
v 0.027934 0.623046 -0.042934
v 0.031150 0.631556 -0.046150
v 0.033130 0.640786 -0.048130
v 0.033799 0.650388 -0.048799
v 0.033130 0.659988 -0.048130
v 0.031150 0.669220 -0.046150
v 0.027934 0.677728 -0.042934
v 0.023606 0.685186 -0.038606
v 0.018333 0.691306 -0.033333
v 0.012317 0.695854 -0.027317
v 0.009463 0.604922 -0.029659
v 0.014190 0.609470 -0.036733
v 0.018333 0.615590 -0.042934
v 0.021733 0.623046 -0.048023
v 0.024260 0.631556 -0.051804
v 0.025816 0.640786 -0.054133
v 0.026341 0.650388 -0.054919
v 0.025816 0.659988 -0.054133
v 0.024260 0.669220 -0.051804
v 0.021733 0.677728 -0.048023
v 0.018333 0.685186 -0.042934
v 0.014190 0.691306 -0.036733
v 0.009463 0.695854 -0.029659
v 0.006207 0.604922 -0.031399
v 0.009463 0.609470 -0.039260
v 0.012317 0.615590 -0.046150
v 0.014659 0.623046 -0.051804
v 0.016399 0.631556 -0.056006
v 0.017471 0.640786 -0.058593
v 0.017833 0.650388 -0.059467
v 0.017471 0.659988 -0.058593
v 0.016399 0.669220 -0.056006
v 0.014659 0.677728 -0.051804
v 0.012317 0.685186 -0.046150
v 0.009463 0.691306 -0.039260
v 0.006207 0.695854 -0.031399
v 0.002674 0.604922 -0.032471
v 0.004334 0.609470 -0.040816
v 0.005789 0.615590 -0.048130
v 0.006983 0.623046 -0.054133
v 0.007870 0.631556 -0.058593
v 0.008416 0.640786 -0.061340
v 0.008601 0.650388 -0.062267
v 0.008416 0.659988 -0.061340
v 0.007870 0.669220 -0.058593
v 0.006983 0.677728 -0.054133
v 0.005789 0.685186 -0.048130
v 0.004334 0.691306 -0.040816
v 0.002674 0.695854 -0.032471
v -0.001000 0.604922 -0.032833
v -0.001000 0.609470 -0.041341
v -0.001000 0.615590 -0.048799
v -0.001000 0.623046 -0.054919
v -0.001000 0.631556 -0.059467
v -0.001000 0.640786 -0.062267
v -0.001000 0.650388 -0.063213
v -0.001000 0.659988 -0.062267
v -0.001000 0.669220 -0.059467
v -0.001000 0.677728 -0.054919
v -0.001000 0.685186 -0.048799
v -0.001000 0.691306 -0.041341
v -0.001000 0.695854 -0.032833
v -0.004674 0.604922 -0.032471
v -0.006334 0.609470 -0.040816
v -0.007789 0.615590 -0.048130
v -0.008983 0.623046 -0.054133
v -0.009870 0.631556 -0.058593
v -0.010416 0.640786 -0.061340
v -0.010601 0.650388 -0.062267
v -0.010416 0.659988 -0.061340
v -0.009870 0.669220 -0.058593
v -0.008983 0.677728 -0.054133
v -0.007789 0.685186 -0.048130
v -0.006334 0.691306 -0.040816
v -0.004674 0.695854 -0.032471
v -0.008207 0.604922 -0.031399
v -0.011463 0.609470 -0.039260
v -0.014317 0.615590 -0.046150
v -0.016659 0.623046 -0.051804
v -0.018399 0.631556 -0.056006
v -0.019471 0.640786 -0.058593
v -0.019833 0.650388 -0.059467
v -0.019471 0.659988 -0.058593
v -0.018399 0.669220 -0.056006
v -0.016659 0.677728 -0.051804
v -0.014317 0.685186 -0.046150
v -0.011463 0.691306 -0.039260
v -0.008207 0.695854 -0.031399
v -0.011463 0.604922 -0.029659
v -0.016190 0.609470 -0.036733
v -0.020333 0.615590 -0.042934
v -0.023733 0.623046 -0.048023
v -0.026260 0.631556 -0.051804
v -0.027816 0.640786 -0.054133
v -0.028341 0.650388 -0.054919
v -0.027816 0.659988 -0.054133
v -0.026260 0.669220 -0.051804
v -0.023733 0.677728 -0.048023
v -0.020333 0.685186 -0.042934
v -0.016190 0.691306 -0.036733
v -0.011463 0.695854 -0.029659
v -0.014317 0.604922 -0.027317
v -0.020333 0.609470 -0.033333
v -0.025606 0.615590 -0.038606
v -0.029934 0.623046 -0.042934
v -0.033150 0.631556 -0.046150
v -0.035130 0.640786 -0.048130
v -0.035799 0.650388 -0.048799
v -0.035130 0.659988 -0.048130
v -0.033150 0.669220 -0.046150
v -0.029934 0.677728 -0.042934
v -0.025606 0.685186 -0.038606
v -0.020333 0.691306 -0.033333
v -0.014317 0.695854 -0.027317
v -0.016659 0.604922 -0.024463
v -0.023733 0.609470 -0.029190
v -0.029934 0.615590 -0.033333
v -0.035023 0.623046 -0.036733
v -0.038804 0.631556 -0.039260
v -0.041133 0.640786 -0.040816
v -0.041919 0.650388 -0.041341
v -0.041133 0.659988 -0.040816
v -0.038804 0.669220 -0.039260
v -0.035023 0.677728 -0.036733
v -0.029934 0.685186 -0.033333
v -0.023733 0.691306 -0.029190
v -0.016659 0.695854 -0.024463
v -0.018399 0.604922 -0.021207
v -0.026260 0.609470 -0.024463
v -0.033150 0.615590 -0.027317
v -0.038804 0.623046 -0.029659
v -0.043006 0.631556 -0.031399
v -0.045593 0.640786 -0.032471
v -0.046467 0.650388 -0.032833
v -0.045593 0.659988 -0.032471
v -0.043006 0.669220 -0.031399
v -0.038804 0.677728 -0.029659
v -0.033150 0.685186 -0.027317
v -0.026260 0.691306 -0.024463
v -0.018399 0.695854 -0.021207
v -0.019471 0.604922 -0.017674
v -0.027816 0.609470 -0.019334
v -0.035130 0.615590 -0.020789
v -0.041133 0.623046 -0.021983
v -0.045593 0.631556 -0.022870
v -0.048340 0.640786 -0.023416
v -0.049267 0.650388 -0.023601
v -0.048340 0.659988 -0.023416
v -0.045593 0.669220 -0.022870
v -0.041133 0.677728 -0.021983
v -0.035130 0.685186 -0.020789
v -0.027816 0.691306 -0.019334
v -0.019471 0.695854 -0.017674
v -0.019833 0.604922 -0.014000
v -0.028341 0.609470 -0.014000
v -0.035799 0.615590 -0.014000
v -0.041919 0.623046 -0.014000
v -0.046467 0.631556 -0.014000
v -0.049267 0.640786 -0.014000
v -0.050213 0.650388 -0.014000
v -0.049267 0.659988 -0.014000
v -0.046467 0.669220 -0.014000
v -0.041919 0.677728 -0.014000
v -0.035799 0.685186 -0.014000
v -0.028341 0.691306 -0.014000
v -0.019833 0.695854 -0.014000
v -0.019471 0.604922 -0.010326
v -0.027816 0.609470 -0.008666
v -0.035130 0.615590 -0.007211
v -0.041133 0.623046 -0.006017
v -0.045593 0.631556 -0.005130
v -0.048340 0.640786 -0.004584
v -0.049267 0.650388 -0.004399
v -0.048340 0.659988 -0.004584
v -0.045593 0.669220 -0.005130
v -0.041133 0.677728 -0.006017
v -0.035130 0.685186 -0.007211
v -0.027816 0.691306 -0.008666
v -0.019471 0.695854 -0.010326
v -0.018399 0.604922 -0.006793
v -0.026260 0.609470 -0.003537
v -0.033150 0.615590 -0.000683
v -0.038804 0.623046 0.001659
v -0.043006 0.631556 0.003399
v -0.045593 0.640786 0.004471
v -0.046467 0.650388 0.004833
v -0.045593 0.659988 0.004471
v -0.043006 0.669220 0.003399
v -0.038804 0.677728 0.001659
v -0.033150 0.685186 -0.000683
v -0.026260 0.691306 -0.003537
v -0.018399 0.695854 -0.006793
v -0.016659 0.604922 -0.003537
v -0.023733 0.609470 0.001190
v -0.029934 0.615590 0.005333
v -0.035023 0.623046 0.008733
v -0.038804 0.631556 0.011260
v -0.041133 0.640786 0.012816
v -0.041919 0.650388 0.013341
v -0.041133 0.659988 0.012816
v -0.038804 0.669220 0.011260
v -0.035023 0.677728 0.008733
v -0.029934 0.685186 0.005333
v -0.023733 0.691306 0.001190
v -0.016659 0.695854 -0.003537
v -0.014317 0.604922 -0.000683
v -0.020333 0.609470 0.005333
v -0.025606 0.615590 0.010606
v -0.029934 0.623046 0.014934
v -0.033150 0.631556 0.018150
v -0.035130 0.640786 0.020130
v -0.035799 0.650388 0.020799
v -0.035130 0.659988 0.020130
v -0.033150 0.669220 0.018150
v -0.029934 0.677728 0.014934
v -0.025606 0.685186 0.010606
v -0.020333 0.691306 0.005333
v -0.014317 0.695854 -0.000683
v -0.011463 0.604922 0.001659
v -0.016190 0.609470 0.008733
v -0.020333 0.615590 0.014934
v -0.023733 0.623046 0.020023
v -0.026260 0.631556 0.023804
v -0.027816 0.640786 0.026133
v -0.028341 0.650388 0.026919
v -0.027816 0.659988 0.026133
v -0.026260 0.669220 0.023804
v -0.023733 0.677728 0.020023
v -0.020333 0.685186 0.014934
v -0.016190 0.691306 0.008733
v -0.011463 0.695854 0.001659
v -0.008207 0.604922 0.003399
v -0.011463 0.609470 0.011260
v -0.014317 0.615590 0.018150
v -0.016659 0.623046 0.023804
v -0.018399 0.631556 0.028006
v -0.019471 0.640786 0.030593
v -0.019833 0.650388 0.031467
v -0.019471 0.659988 0.030593
v -0.018399 0.669220 0.028006
v -0.016659 0.677728 0.023804
v -0.014317 0.685186 0.018150
v -0.011463 0.691306 0.011260
v -0.008207 0.695854 0.003399
v -0.004674 0.604922 0.004471
v -0.006334 0.609470 0.012816
v -0.007789 0.615590 0.020130
v -0.008983 0.623046 0.026133
v -0.009870 0.631556 0.030593
v -0.010416 0.640786 0.033340
v -0.010601 0.650388 0.034267
v -0.010416 0.659988 0.033340
v -0.009870 0.669220 0.030593
v -0.008983 0.677728 0.026133
v -0.007789 0.685186 0.020130
v -0.006334 0.691306 0.012816
v -0.004674 0.695854 0.004471
vt 0.498213 0.859623
vt 0.501560 0.860970
vt 0.498213 0.860970
vt 0.498213 1.000000
vt 0.498213 0.998651
vt 0.501560 0.998651
vt 0.504779 0.860970
vt 0.504779 0.998651
vt 0.507745 0.860970
vt 0.507745 0.998651
vt 0.510345 0.860970
vt 0.510345 0.998651
vt 0.512479 0.860970
vt 0.512479 0.998651
vt 0.514065 0.860970
vt 0.514065 0.998651
vt 0.515041 0.860970
vt 0.515041 0.998651
vt 0.515371 0.860970
vt 0.515371 0.998651
vt 0.515041 0.860970
vt 0.515041 0.998651
vt 0.514065 0.860970
vt 0.514065 0.998651
vt 0.512479 0.860970
vt 0.512479 0.998651
vt 0.510345 0.860970
vt 0.510345 0.998651
vt 0.507745 0.860970
vt 0.507745 0.998651
vt 0.504779 0.860970
vt 0.504779 0.998651
vt 0.501560 0.860970
vt 0.501560 0.998651
vt 0.498213 0.860970
vt 0.498213 0.998651
vt 0.494866 0.860970
vt 0.494866 0.998651
vt 0.491647 0.860970
vt 0.491647 0.998651
vt 0.488681 0.860970
vt 0.488681 0.998651
vt 0.486081 0.860970
vt 0.486081 0.998651
vt 0.483947 0.860970
vt 0.483947 0.998651
vt 0.482361 0.860970
vt 0.482361 0.998651
vt 0.481385 0.860970
vt 0.481385 0.998651
vt 0.481055 0.860970
vt 0.481055 0.998651
vt 0.481385 0.860970
vt 0.481385 0.998651
vt 0.482361 0.860970
vt 0.482361 0.998651
vt 0.483947 0.860970
vt 0.483947 0.998651
vt 0.486081 0.860970
vt 0.486081 0.998651
vt 0.488681 0.860970
vt 0.488681 0.998651
vt 0.491647 0.860970
vt 0.491647 0.998651
vt 0.494866 0.860970
vt 0.494866 0.998651
vt 0.504779 0.864966
vt 0.498213 0.864966
vt 0.507745 0.871453
vt 0.498213 0.871453
vt 0.510345 0.880181
vt 0.498213 0.880181
vt 0.512479 0.890815
vt 0.498213 0.890815
vt 0.514065 0.902953
vt 0.498213 0.902953
vt 0.515041 0.916117
vt 0.498213 0.916117
vt 0.515371 0.929812
vt 0.498213 0.929812
vt 0.515041 0.943503
vt 0.498213 0.943503
vt 0.514065 0.956671
vt 0.498213 0.956671
vt 0.512479 0.968805
vt 0.498213 0.968805
vt 0.510345 0.979442
vt 0.498213 0.979442
vt 0.507745 0.988171
vt 0.498213 0.988171
vt 0.504779 0.994657
vt 0.498213 0.994657
vt 0.511093 0.864966
vt 0.516911 0.871453
vt 0.522011 0.880181
vt 0.526197 0.890815
vt 0.529307 0.902953
vt 0.531222 0.916117
vt 0.531869 0.929812
vt 0.531222 0.943503
vt 0.529307 0.956671
vt 0.526197 0.968805
vt 0.522011 0.979442
vt 0.516911 0.988171
vt 0.511093 0.994657
vt 0.516911 0.864966
vt 0.525359 0.871453
vt 0.532763 0.880181
vt 0.538839 0.890815
vt 0.543355 0.902953
vt 0.546135 0.916117
vt 0.547074 0.929812
vt 0.546135 0.943503
vt 0.543355 0.956671
vt 0.538839 0.968805
vt 0.532763 0.979442
vt 0.525359 0.988171
vt 0.516911 0.994657
vt 0.522011 0.864966
vt 0.532763 0.871453
vt 0.542186 0.880181
vt 0.549921 0.890815
vt 0.555667 0.902953
vt 0.559206 0.916117
vt 0.560401 0.929812
vt 0.559206 0.943503
vt 0.555667 0.956671
vt 0.549921 0.968805
vt 0.542186 0.979442
vt 0.532763 0.988171
vt 0.522011 0.994657
vt 0.526197 0.864966
vt 0.538839 0.871453
vt 0.549921 0.880181
vt 0.559015 0.890815
vt 0.565772 0.902953
vt 0.569934 0.916117
vt 0.571339 0.929812
vt 0.569934 0.943503
vt 0.565772 0.956671
vt 0.559015 0.968805
vt 0.549921 0.979442
vt 0.538839 0.988171
vt 0.526197 0.994657
vt 0.529307 0.864966
vt 0.543355 0.871453
vt 0.555667 0.880181
vt 0.565772 0.890815
vt 0.573281 0.902953
vt 0.577904 0.916117
vt 0.579466 0.929812
vt 0.577904 0.943503
vt 0.573281 0.956671
vt 0.565772 0.968805
vt 0.555667 0.979442
vt 0.543355 0.988171
vt 0.529307 0.994657
vt 0.531222 0.864966
vt 0.546135 0.871453
vt 0.559206 0.880181
vt 0.569934 0.890815
vt 0.577904 0.902953
vt 0.582813 0.916117
vt 0.584471 0.929812
vt 0.582813 0.943503
vt 0.577904 0.956671
vt 0.569934 0.968805
vt 0.559206 0.979442
vt 0.546135 0.988171
vt 0.531222 0.994657
vt 0.531869 0.864966
vt 0.547074 0.871453
vt 0.560401 0.880181
vt 0.571339 0.890815
vt 0.579466 0.902953
vt 0.584471 0.916117
vt 0.586160 0.929812
vt 0.584471 0.943503
vt 0.579466 0.956671
vt 0.571339 0.968805
vt 0.560401 0.979442
vt 0.547074 0.988171
vt 0.531869 0.994657
vt 0.531222 0.864966
vt 0.546135 0.871453
vt 0.559206 0.880181
vt 0.569934 0.890815
vt 0.577904 0.902953
vt 0.582813 0.916117
vt 0.584471 0.929812
vt 0.582813 0.943503
vt 0.577904 0.956671
vt 0.569934 0.968805
vt 0.559206 0.979442
vt 0.546135 0.988171
vt 0.531222 0.994657
vt 0.529307 0.864966
vt 0.543355 0.871453
vt 0.555667 0.880181
vt 0.565772 0.890815
vt 0.573281 0.902953
vt 0.577904 0.916117
vt 0.579466 0.929812
vt 0.577904 0.943503
vt 0.573281 0.956671
vt 0.565772 0.968805
vt 0.555667 0.979442
vt 0.543355 0.988171
vt 0.529307 0.994657
vt 0.526197 0.864966
vt 0.538839 0.871453
vt 0.549921 0.880181
vt 0.559015 0.890815
vt 0.565772 0.902953
vt 0.569934 0.916117
vt 0.571339 0.929812
vt 0.569934 0.943503
vt 0.565772 0.956671
vt 0.559015 0.968805
vt 0.549921 0.979442
vt 0.538839 0.988171
vt 0.526197 0.994657
vt 0.522011 0.864966
vt 0.532763 0.871453
vt 0.542186 0.880181
vt 0.549921 0.890815
vt 0.555667 0.902953
vt 0.559206 0.916117
vt 0.560401 0.929812
vt 0.559206 0.943503
vt 0.555667 0.956671
vt 0.549921 0.968805
vt 0.542186 0.979442
vt 0.532763 0.988171
vt 0.522011 0.994657
vt 0.516911 0.864966
vt 0.525359 0.871453
vt 0.532763 0.880181
vt 0.538839 0.890815
vt 0.543355 0.902953
vt 0.546135 0.916117
vt 0.547074 0.929812
vt 0.546135 0.943503
vt 0.543355 0.956671
vt 0.538839 0.968805
vt 0.532763 0.979442
vt 0.525359 0.988171
vt 0.516911 0.994657
vt 0.511093 0.864966
vt 0.516911 0.871453
vt 0.522011 0.880181
vt 0.526197 0.890815
vt 0.529307 0.902953
vt 0.531222 0.916117
vt 0.531869 0.929812
vt 0.531222 0.943503
vt 0.529307 0.956671
vt 0.526197 0.968805
vt 0.522011 0.979442
vt 0.516911 0.988171
vt 0.511093 0.994657
vt 0.504779 0.864966
vt 0.507745 0.871453
vt 0.510345 0.880181
vt 0.512479 0.890815
vt 0.514065 0.902953
vt 0.515041 0.916117
vt 0.515371 0.929812
vt 0.515041 0.943503
vt 0.514065 0.956671
vt 0.512479 0.968805
vt 0.510345 0.979442
vt 0.507745 0.988171
vt 0.504779 0.994657
vt 0.498213 0.864966
vt 0.498213 0.871453
vt 0.498213 0.880181
vt 0.498213 0.890815
vt 0.498213 0.902953
vt 0.498213 0.916117
vt 0.498213 0.929812
vt 0.498213 0.943503
vt 0.498213 0.956671
vt 0.498213 0.968805
vt 0.498213 0.979442
vt 0.498213 0.988171
vt 0.498213 0.994657
vt 0.491647 0.864966
vt 0.488681 0.871453
vt 0.486081 0.880181
vt 0.483947 0.890815
vt 0.482361 0.902953
vt 0.481385 0.916117
vt 0.481055 0.929812
vt 0.481385 0.943503
vt 0.482361 0.956671
vt 0.483947 0.968805
vt 0.486081 0.979442
vt 0.488681 0.988171
vt 0.491647 0.994657
vt 0.485333 0.864966
vt 0.479515 0.871453
vt 0.474414 0.880181
vt 0.470229 0.890815
vt 0.467119 0.902953
vt 0.465204 0.916117
vt 0.464557 0.929812
vt 0.465204 0.943503
vt 0.467119 0.956671
vt 0.470229 0.968805
vt 0.474414 0.979442
vt 0.479515 0.988171
vt 0.485333 0.994657
vt 0.479515 0.864966
vt 0.471067 0.871453
vt 0.463663 0.880181
vt 0.457587 0.890815
vt 0.453071 0.902953
vt 0.450291 0.916117
vt 0.449352 0.929812
vt 0.450291 0.943503
vt 0.453071 0.956671
vt 0.457587 0.968805
vt 0.463663 0.979442
vt 0.471067 0.988171
vt 0.479515 0.994657
vt 0.474414 0.864966
vt 0.463663 0.871453
vt 0.454239 0.880181
vt 0.446505 0.890815
vt 0.440759 0.902953
vt 0.437219 0.916117
vt 0.436025 0.929812
vt 0.437219 0.943503
vt 0.440759 0.956671
vt 0.446505 0.968805
vt 0.454239 0.979442
vt 0.463663 0.988171
vt 0.474414 0.994657
vt 0.470229 0.864966
vt 0.457587 0.871453
vt 0.446505 0.880181
vt 0.437411 0.890815
vt 0.430654 0.902953
vt 0.426492 0.916117
vt 0.425087 0.929812
vt 0.426492 0.943503
vt 0.430654 0.956671
vt 0.437411 0.968805
vt 0.446505 0.979442
vt 0.457587 0.988171
vt 0.470229 0.994657
vt 0.467119 0.864966
vt 0.453071 0.871453
vt 0.440759 0.880181
vt 0.430654 0.890815
vt 0.423145 0.902953
vt 0.418521 0.916117
vt 0.416960 0.929812
vt 0.418521 0.943503
vt 0.423145 0.956671
vt 0.430654 0.968805
vt 0.440759 0.979442
vt 0.453071 0.988171
vt 0.467119 0.994657
vt 0.465204 0.864966
vt 0.450291 0.871453
vt 0.437219 0.880181
vt 0.426492 0.890815
vt 0.418521 0.902953
vt 0.413613 0.916117
vt 0.411955 0.929812
vt 0.413613 0.943503
vt 0.418521 0.956671
vt 0.426492 0.968805
vt 0.437219 0.979442
vt 0.450291 0.988171
vt 0.465204 0.994657
vt 0.464557 0.864966
vt 0.449352 0.871453
vt 0.436025 0.880181
vt 0.425087 0.890815
vt 0.416960 0.902953
vt 0.411955 0.916117
vt 0.410265 0.929812
vt 0.411955 0.943503
vt 0.416960 0.956671
vt 0.425087 0.968805
vt 0.436025 0.979442
vt 0.449352 0.988171
vt 0.464557 0.994657
vt 0.465204 0.864966
vt 0.450291 0.871453
vt 0.437219 0.880181
vt 0.426492 0.890815
vt 0.418521 0.902953
vt 0.413613 0.916117
vt 0.411955 0.929812
vt 0.413613 0.943503
vt 0.418521 0.956671
vt 0.426492 0.968805
vt 0.437219 0.979442
vt 0.450291 0.988171
vt 0.465204 0.994657
vt 0.467119 0.864966
vt 0.453071 0.871453
vt 0.440759 0.880181
vt 0.430654 0.890815
vt 0.423145 0.902953
vt 0.418521 0.916117
vt 0.416960 0.929812
vt 0.418521 0.943503
vt 0.423145 0.956671
vt 0.430654 0.968805
vt 0.440759 0.979442
vt 0.453071 0.988171
vt 0.467119 0.994657
vt 0.470229 0.864966
vt 0.457587 0.871453
vt 0.446505 0.880181
vt 0.437411 0.890815
vt 0.430654 0.902953
vt 0.426492 0.916117
vt 0.425087 0.929812
vt 0.426492 0.943503
vt 0.430654 0.956671
vt 0.437411 0.968805
vt 0.446505 0.979442
vt 0.457587 0.988171
vt 0.470229 0.994657
vt 0.474415 0.864966
vt 0.463663 0.871453
vt 0.454239 0.880181
vt 0.446505 0.890815
vt 0.440759 0.902953
vt 0.437219 0.916117
vt 0.436025 0.929812
vt 0.437219 0.943503
vt 0.440759 0.956671
vt 0.446505 0.968805
vt 0.454239 0.979442
vt 0.463663 0.988171
vt 0.474415 0.994657
vt 0.479515 0.864966
vt 0.471067 0.871453
vt 0.463663 0.880181
vt 0.457587 0.890815
vt 0.453071 0.902953
vt 0.450291 0.916117
vt 0.449352 0.929812
vt 0.450291 0.943503
vt 0.453071 0.956671
vt 0.457587 0.968805
vt 0.463663 0.979442
vt 0.471067 0.988171
vt 0.479515 0.994657
vt 0.485333 0.864966
vt 0.479515 0.871453
vt 0.474414 0.880181
vt 0.470229 0.890815
vt 0.467119 0.902953
vt 0.465204 0.916117
vt 0.464557 0.929812
vt 0.465204 0.943503
vt 0.467119 0.956671
vt 0.470229 0.968805
vt 0.474414 0.979442
vt 0.479515 0.988171
vt 0.485333 0.994657
vt 0.491647 0.864966
vt 0.488681 0.871453
vt 0.486081 0.880181
vt 0.483947 0.890815
vt 0.482361 0.902953
vt 0.481385 0.916117
vt 0.481055 0.929812
vt 0.481385 0.943503
vt 0.482361 0.956671
vt 0.483947 0.968805
vt 0.486081 0.979442
vt 0.488681 0.988171
vt 0.491647 0.994657
vn 0.000000 -1.000000 -0.000000
vn 0.038054 -0.980790 0.191317
vn -0.000000 -0.980791 0.195064
vn -0.000000 1.000000 -0.000007
vn 0.000000 0.980788 0.195075
vn 0.038056 0.980788 0.191330
vn 0.074647 -0.980790 0.180219
vn 0.074651 0.980788 0.180229
vn 0.108371 -0.980789 0.162197
vn 0.108377 0.980789 0.162198
vn 0.137928 -0.980789 0.137945
vn 0.137935 0.980789 0.137941
vn 0.162186 -0.980791 0.108377
vn 0.162195 0.980791 0.108362
vn 0.180213 -0.980791 0.074643
vn 0.180222 0.980791 0.074627
vn 0.191313 -0.980791 0.038053
vn 0.191323 0.980789 0.038053
vn 0.195061 -0.980791 0.000010
vn 0.195071 0.980789 0.000001
vn 0.191313 -0.980792 -0.038035
vn 0.191323 0.980789 -0.038047
vn 0.180213 -0.980792 -0.074629
vn 0.180223 0.980790 -0.074634
vn 0.162186 -0.980794 -0.108348
vn 0.162194 0.980788 -0.108386
vn 0.137928 -0.980792 -0.137923
vn 0.137935 0.980788 -0.137947
vn 0.108369 -0.980791 -0.162192
vn 0.108375 0.980790 -0.162194
vn 0.074647 -0.980792 -0.180207
vn 0.074651 0.980787 -0.180231
vn 0.038059 -0.980791 -0.191310
vn 0.038061 0.980788 -0.191329
vn -0.000000 -0.980791 -0.195063
vn -0.000000 0.980789 -0.195070
vn -0.038059 -0.980789 -0.191321
vn -0.038061 0.980789 -0.191322
vn -0.074647 -0.980789 -0.180223
vn -0.074651 0.980787 -0.180236
vn -0.108368 -0.980788 -0.162208
vn -0.108374 0.980788 -0.162204
vn -0.137928 -0.980787 -0.137956
vn -0.137936 0.980791 -0.137921
vn -0.162186 -0.980789 -0.108389
vn -0.162194 0.980791 -0.108363
vn -0.180213 -0.980791 -0.074643
vn -0.180222 0.980789 -0.074659
vn -0.191313 -0.980791 -0.038049
vn -0.191323 0.980789 -0.038060
vn -0.195061 -0.980791 -0.000008
vn -0.195071 0.980789 -0.000007
vn -0.191313 -0.980792 0.038029
vn -0.191323 0.980789 0.038045
vn -0.180213 -0.980793 0.074625
vn -0.180222 0.980790 0.074638
vn -0.162186 -0.980791 0.108373
vn -0.162195 0.980791 0.108359
vn -0.137928 -0.980790 0.137936
vn -0.137935 0.980789 0.137937
vn -0.108371 -0.980790 0.162192
vn -0.108377 0.980788 0.162202
vn -0.074647 -0.980791 0.180212
vn -0.074652 0.980790 0.180218
vn -0.038054 -0.980791 0.191315
vn -0.038056 0.980791 0.191315
vn 0.074668 -0.923857 0.375384
vn 0.000000 -0.923857 0.382738
vn 0.108380 -0.831489 0.544866
vn 0.000000 -0.831490 0.555540
vn 0.137935 -0.707182 0.693446
vn 0.000000 -0.707181 0.707032
vn 0.162206 -0.555610 0.815467
vn 0.000000 -0.555609 0.831444
vn 0.180239 -0.382700 0.906121
vn 0.000000 -0.382700 0.923873
vn 0.191340 -0.195132 0.961931
vn 0.000000 -0.195132 0.980777
vn 0.195091 0.000011 0.980785
vn 0.000000 0.000011 1.000000
vn 0.191342 0.195112 0.961935
vn -0.000000 0.195112 0.980781
vn 0.180237 0.382717 0.906114
vn -0.000000 0.382718 0.923865
vn 0.162208 0.555592 0.815479
vn -0.000000 0.555594 0.831454
vn 0.137944 0.707133 0.693495
vn -0.000000 0.707135 0.707079
vn 0.108379 0.831493 0.544860
vn 0.000000 0.831495 0.555532
vn 0.074649 0.923896 0.375291
vn 0.000001 0.923897 0.382641
vn 0.146467 -0.923856 0.353608
vn 0.212595 -0.831487 0.513257
vn 0.270569 -0.707181 0.653213
vn 0.318180 -0.555609 0.768154
vn 0.353551 -0.382700 0.853547
vn 0.375327 -0.195132 0.906120
vn 0.382683 0.000011 0.923880
vn 0.375329 0.195111 0.906124
vn 0.353548 0.382719 0.853540
vn 0.318184 0.555594 0.768163
vn 0.270588 0.707132 0.653258
vn 0.212594 0.831494 0.513247
vn 0.146430 0.923896 0.353518
vn 0.212637 -0.923855 0.318242
vn 0.308641 -0.831488 0.461919
vn 0.392806 -0.707182 0.587875
vn 0.461925 -0.555609 0.691320
vn 0.513276 -0.382702 0.768171
vn 0.544890 -0.195133 0.815487
vn 0.555567 0.000011 0.831471
vn 0.544891 0.195111 0.815491
vn 0.513271 0.382720 0.768166
vn 0.461931 0.555594 0.691328
vn 0.392834 0.707133 0.587915
vn 0.308640 0.831494 0.461909
vn 0.212584 0.923896 0.318158
vn 0.270636 -0.923855 0.270644
vn 0.392826 -0.831489 0.392828
vn 0.499945 -0.707185 0.499945
vn 0.587917 -0.555609 0.587922
vn 0.653276 -0.382701 0.653277
vn 0.693513 -0.195134 0.693515
vn 0.707105 0.000011 0.707108
vn 0.693516 0.195113 0.693518
vn 0.653269 0.382719 0.653273
vn 0.587924 0.555594 0.587929
vn 0.499979 0.707135 0.499981
vn 0.392823 0.831493 0.392822
vn 0.270567 0.923897 0.270570
vn 0.318235 -0.923856 0.212644
vn 0.461914 -0.831490 0.308643
vn 0.587874 -0.707186 0.392801
vn 0.691320 -0.555610 0.461924
vn 0.768174 -0.382699 0.513274
vn 0.815487 -0.195135 0.544888
vn 0.831471 0.000011 0.555568
vn 0.815490 0.195114 0.544891
vn 0.768167 0.382717 0.513271
vn 0.691329 0.555595 0.461929
vn 0.587915 0.707136 0.392828
vn 0.461911 0.831495 0.308634
vn 0.318154 0.923898 0.212583
vn 0.353603 -0.923856 0.146474
vn 0.513250 -0.831489 0.212605
vn 0.653210 -0.707183 0.270571
vn 0.768155 -0.555609 0.318177
vn 0.853549 -0.382698 0.353547
vn 0.906120 -0.195135 0.375324
vn 0.923880 0.000011 0.382681
vn 0.906124 0.195114 0.375327
vn 0.853541 0.382716 0.353547
vn 0.768163 0.555594 0.318183
vn 0.653256 0.707133 0.270590
vn 0.513246 0.831494 0.212595
vn 0.353513 0.923898 0.146430
vn 0.375383 -0.923857 0.074668
vn 0.544863 -0.831491 0.108384
vn 0.693444 -0.707183 0.137939
vn 0.815468 -0.555609 0.162207
vn 0.906121 -0.382698 0.180241
vn 0.961931 -0.195134 0.191342
vn 0.980785 0.000011 0.195089
vn 0.961935 0.195113 0.191342
vn 0.906113 0.382717 0.180241
vn 0.815477 0.555593 0.162214
vn 0.693492 0.707133 0.137953
vn 0.544859 0.831494 0.108379
vn 0.375287 0.923898 0.074645
vn 0.382738 -0.923857 0.000002
vn 0.555538 -0.831491 -0.000000
vn 0.707031 -0.707183 0.000000
vn 0.831444 -0.555608 -0.000002
vn 0.923873 -0.382699 -0.000001
vn 0.980777 -0.195132 0.000000
vn 1.000000 0.000011 -0.000000
vn 0.980781 0.195111 0.000000
vn 0.923865 0.382717 0.000000
vn 0.831455 0.555593 0.000001
vn 0.707079 0.707134 0.000002
vn 0.555533 0.831494 -0.000004
vn 0.382640 0.923897 -0.000007
vn 0.375383 -0.923858 -0.074666
vn 0.544863 -0.831491 -0.108382
vn 0.693444 -0.707184 -0.137936
vn 0.815468 -0.555608 -0.162208
vn 0.906121 -0.382698 -0.180242
vn 0.961931 -0.195135 -0.191342
vn 0.980785 0.000011 -0.195092
vn 0.961935 0.195114 -0.191343
vn 0.906114 0.382717 -0.180240
vn 0.815478 0.555593 -0.162210
vn 0.693491 0.707136 -0.137944
vn 0.544859 0.831494 -0.108379
vn 0.375289 0.923897 -0.074651
vn 0.353603 -0.923856 -0.146474
vn 0.513250 -0.831490 -0.212600
vn 0.653210 -0.707184 -0.270569
vn 0.768155 -0.555609 -0.318177
vn 0.853549 -0.382698 -0.353548
vn 0.906120 -0.195136 -0.375324
vn 0.923880 0.000011 -0.382682
vn 0.906124 0.195115 -0.375327
vn 0.853542 0.382717 -0.353545
vn 0.768164 0.555594 -0.318182
vn 0.653255 0.707135 -0.270586
vn 0.513247 0.831494 -0.212592
vn 0.353515 0.923897 -0.146429
vn 0.318235 -0.923856 -0.212639
vn 0.461915 -0.831491 -0.308638
vn 0.587873 -0.707187 -0.392801
vn 0.691321 -0.555610 -0.461924
vn 0.768173 -0.382701 -0.513274
vn 0.815488 -0.195136 -0.544886
vn 0.831473 0.000011 -0.555565
vn 0.815491 0.195115 -0.544890
vn 0.768166 0.382720 -0.513270
vn 0.691329 0.555594 -0.461930
vn 0.587914 0.707137 -0.392829
vn 0.461911 0.831495 -0.308632
vn 0.318154 0.923899 -0.212576
vn 0.270638 -0.923857 -0.270633
vn 0.392829 -0.831490 -0.392822
vn 0.499946 -0.707186 -0.499943
vn 0.587919 -0.555608 -0.587921
vn 0.653276 -0.382702 -0.653276
vn 0.693514 -0.195137 -0.693513
vn 0.707108 0.000011 -0.707106
vn 0.693517 0.195115 -0.693516
vn 0.653269 0.382720 -0.653272
vn 0.587927 0.555593 -0.587927
vn 0.499981 0.707137 -0.499976
vn 0.392826 0.831494 -0.392818
vn 0.270569 0.923900 -0.270557
vn 0.212636 -0.923858 -0.318232
vn 0.308641 -0.831491 -0.461913
vn 0.392804 -0.707185 -0.587873
vn 0.461924 -0.555608 -0.691322
vn 0.513275 -0.382701 -0.768172
vn 0.544889 -0.195136 -0.815486
vn 0.555569 0.000011 -0.831471
vn 0.544890 0.195114 -0.815491
vn 0.513270 0.382719 -0.768166
vn 0.461930 0.555593 -0.691330
vn 0.392831 0.707135 -0.587915
vn 0.308639 0.831493 -0.461912
vn 0.212582 0.923899 -0.318151
vn 0.146469 -0.923858 -0.353601
vn 0.212600 -0.831491 -0.513249
vn 0.270571 -0.707182 -0.653211
vn 0.318180 -0.555608 -0.768155
vn 0.353549 -0.382698 -0.853549
vn 0.375326 -0.195135 -0.906120
vn 0.382684 0.000011 -0.923879
vn 0.375327 0.195114 -0.906124
vn 0.353547 0.382718 -0.853541
vn 0.318184 0.555594 -0.768163
vn 0.270590 0.707131 -0.653259
vn 0.212597 0.831492 -0.513248
vn 0.146431 0.923897 -0.353514
vn 0.074671 -0.923857 -0.375383
vn 0.108381 -0.831491 -0.544863
vn 0.137938 -0.707182 -0.693445
vn 0.162210 -0.555607 -0.815468
vn 0.180242 -0.382697 -0.906121
vn 0.191342 -0.195133 -0.961931
vn 0.195091 0.000011 -0.980785
vn 0.191343 0.195113 -0.961935
vn 0.180240 0.382715 -0.906114
vn 0.162212 0.555592 -0.815478
vn 0.137947 0.707133 -0.693494
vn 0.108380 0.831495 -0.544858
vn 0.074652 0.923897 -0.375288
vn -0.000000 -0.923856 -0.382741
vn -0.000000 -0.831489 -0.555541
vn 0.000000 -0.707181 -0.707033
vn 0.000000 -0.555607 -0.831445
vn 0.000000 -0.382699 -0.923873
vn 0.000000 -0.195132 -0.980777
vn -0.000000 0.000011 -1.000000
vn -0.000000 0.195111 -0.980781
vn -0.000000 0.382716 -0.923866
vn -0.000000 0.555593 -0.831454
vn -0.000000 0.707136 -0.707078
vn -0.000000 0.831496 -0.555531
vn -0.000000 0.923897 -0.382642
vn -0.074671 -0.923858 -0.375382
vn -0.108381 -0.831489 -0.544866
vn -0.137937 -0.707181 -0.693447
vn -0.162209 -0.555606 -0.815469
vn -0.180242 -0.382697 -0.906121
vn -0.191342 -0.195134 -0.961931
vn -0.195091 0.000011 -0.980785
vn -0.191342 0.195112 -0.961935
vn -0.180240 0.382715 -0.906114
vn -0.162212 0.555593 -0.815477
vn -0.137947 0.707135 -0.693492
vn -0.108381 0.831495 -0.544857
vn -0.074652 0.923897 -0.375288
vn -0.146469 -0.923858 -0.353601
vn -0.212599 -0.831489 -0.513252
vn -0.270572 -0.707182 -0.653211
vn -0.318180 -0.555609 -0.768154
vn -0.353549 -0.382698 -0.853549
vn -0.375326 -0.195135 -0.906120
vn -0.382682 0.000011 -0.923880
vn -0.375326 0.195113 -0.906124
vn -0.353547 0.382717 -0.853541
vn -0.318184 0.555593 -0.768164
vn -0.270591 0.707132 -0.653257
vn -0.212598 0.831492 -0.513248
vn -0.146431 0.923895 -0.353520
vn -0.212637 -0.923857 -0.318236
vn -0.308640 -0.831491 -0.461914
vn -0.392802 -0.707185 -0.587874
vn -0.461924 -0.555610 -0.691320
vn -0.513275 -0.382701 -0.768173
vn -0.544888 -0.195135 -0.815487
vn -0.555566 0.000011 -0.831472
vn -0.544889 0.195114 -0.815491
vn -0.513272 0.382720 -0.768165
vn -0.461930 0.555594 -0.691330
vn -0.392829 0.707135 -0.587915
vn -0.308638 0.831494 -0.461911
vn -0.212582 0.923897 -0.318157
vn -0.270638 -0.923857 -0.270636
vn -0.392827 -0.831492 -0.392821
vn -0.499945 -0.707186 -0.499942
vn -0.587921 -0.555607 -0.587920
vn -0.653277 -0.382700 -0.653276
vn -0.693516 -0.195137 -0.693511
vn -0.707110 0.000011 -0.707104
vn -0.693518 0.195115 -0.693515
vn -0.653272 0.382720 -0.653270
vn -0.587928 0.555592 -0.587927
vn -0.499980 0.707136 -0.499979
vn -0.392823 0.831494 -0.392821
vn -0.270569 0.923897 -0.270566
vn -0.318235 -0.923857 -0.212636
vn -0.461915 -0.831492 -0.308635
vn -0.587874 -0.707186 -0.392801
vn -0.691322 -0.555608 -0.461925
vn -0.768174 -0.382698 -0.513275
vn -0.815489 -0.195136 -0.544886
vn -0.831473 0.000011 -0.555564
vn -0.815491 0.195114 -0.544889
vn -0.768167 0.382717 -0.513271
vn -0.691330 0.555593 -0.461929
vn -0.587915 0.707136 -0.392829
vn -0.461910 0.831493 -0.308640
vn -0.318153 0.923896 -0.212589
vn -0.353603 -0.923857 -0.146470
vn -0.513250 -0.831490 -0.212599
vn -0.653209 -0.707184 -0.270571
vn -0.768154 -0.555608 -0.318180
vn -0.853549 -0.382697 -0.353550
vn -0.906119 -0.195136 -0.375327
vn -0.923879 0.000011 -0.382685
vn -0.906123 0.195115 -0.375329
vn -0.853541 0.382716 -0.353547
vn -0.768163 0.555593 -0.318184
vn -0.653255 0.707135 -0.270588
vn -0.513247 0.831493 -0.212593
vn -0.353514 0.923897 -0.146429
vn -0.375383 -0.923858 -0.074664
vn -0.544863 -0.831491 -0.108383
vn -0.693444 -0.707184 -0.137935
vn -0.815468 -0.555608 -0.162210
vn -0.906121 -0.382698 -0.180242
vn -0.961931 -0.195135 -0.191342
vn -0.980785 0.000011 -0.195091
vn -0.961935 0.195114 -0.191344
vn -0.906113 0.382716 -0.180242
vn -0.815478 0.555593 -0.162213
vn -0.693491 0.707135 -0.137950
vn -0.544859 0.831494 -0.108383
vn -0.375289 0.923897 -0.074650
vn -0.382738 -0.923857 0.000002
vn -0.555538 -0.831491 -0.000002
vn -0.707031 -0.707183 -0.000002
vn -0.831445 -0.555608 -0.000001
vn -0.923873 -0.382699 0.000000
vn -0.980777 -0.195132 -0.000000
vn -1.000000 0.000011 0.000000
vn -0.980781 0.195112 -0.000000
vn -0.923865 0.382718 -0.000001
vn -0.831455 0.555593 -0.000001
vn -0.707078 0.707136 -0.000001
vn -0.555532 0.831495 -0.000003
vn -0.382642 0.923897 -0.000001
vn -0.375383 -0.923858 0.074667
vn -0.544863 -0.831491 0.108385
vn -0.693444 -0.707183 0.137937
vn -0.815468 -0.555608 0.162209
vn -0.906121 -0.382698 0.180242
vn -0.961931 -0.195134 0.191342
vn -0.980785 0.000011 0.195091
vn -0.961935 0.195113 0.191343
vn -0.906113 0.382717 0.180240
vn -0.815477 0.555593 0.162212
vn -0.693491 0.707135 0.137949
vn -0.544859 0.831494 0.108379
vn -0.375289 0.923897 0.074653
vn -0.353603 -0.923856 0.146474
vn -0.513250 -0.831489 0.212605
vn -0.653210 -0.707183 0.270573
vn -0.768155 -0.555609 0.318177
vn -0.853549 -0.382698 0.353548
vn -0.906120 -0.195135 0.375325
vn -0.923880 0.000011 0.382682
vn -0.906123 0.195114 0.375328
vn -0.853542 0.382717 0.353545
vn -0.768163 0.555594 0.318183
vn -0.653256 0.707135 0.270586
vn -0.513247 0.831494 0.212592
vn -0.353514 0.923897 0.146434
vn -0.318235 -0.923856 0.212642
vn -0.461913 -0.831490 0.308644
vn -0.587873 -0.707185 0.392804
vn -0.691321 -0.555610 0.461923
vn -0.768173 -0.382699 0.513275
vn -0.815487 -0.195135 0.544888
vn -0.831472 0.000011 0.555567
vn -0.815490 0.195114 0.544891
vn -0.768167 0.382718 0.513270
vn -0.691329 0.555595 0.461930
vn -0.587914 0.707136 0.392830
vn -0.461910 0.831494 0.308636
vn -0.318153 0.923896 0.212589
vn -0.270637 -0.923858 0.270634
vn -0.392826 -0.831489 0.392828
vn -0.499942 -0.707184 0.499949
vn -0.587916 -0.555609 0.587922
vn -0.653275 -0.382701 0.653278
vn -0.693512 -0.195134 0.693515
vn -0.707106 0.000011 0.707108
vn -0.693516 0.195113 0.693517
vn -0.653270 0.382720 0.653271
vn -0.587923 0.555593 0.587931
vn -0.499977 0.707134 0.499985
vn -0.392823 0.831495 0.392819
vn -0.270567 0.923898 0.270566
vn -0.212639 -0.923858 0.318230
vn -0.308642 -0.831490 0.461915
vn -0.392805 -0.707182 0.587876
vn -0.461924 -0.555609 0.691321
vn -0.513276 -0.382701 0.768172
vn -0.544890 -0.195133 0.815486
vn -0.555568 0.000011 0.831471
vn -0.544892 0.195112 0.815490
vn -0.513272 0.382721 0.768164
vn -0.461930 0.555594 0.691329
vn -0.392833 0.707132 0.587917
vn -0.308640 0.831493 0.461910
vn -0.212584 0.923898 0.318152
vn -0.146468 -0.923857 0.353604
vn -0.212595 -0.831489 0.513254
vn -0.270570 -0.707183 0.653211
vn -0.318180 -0.555609 0.768154
vn -0.353551 -0.382699 0.853547
vn -0.375327 -0.195132 0.906120
vn -0.382683 0.000011 0.923880
vn -0.375329 0.195111 0.906123
vn -0.353549 0.382719 0.853539
vn -0.318184 0.555593 0.768164
vn -0.270588 0.707132 0.653258
vn -0.212594 0.831494 0.513246
vn -0.146430 0.923898 0.353511
vn -0.074668 -0.923856 0.375385
vn -0.108380 -0.831489 0.544866
vn -0.137935 -0.707183 0.693446
vn -0.162206 -0.555608 0.815468
vn -0.180238 -0.382698 0.906121
vn -0.191340 -0.195132 0.961932
vn -0.195091 0.000011 0.980785
vn -0.191341 0.195111 0.961936
vn -0.180237 0.382717 0.906114
vn -0.162208 0.555593 0.815478
vn -0.137944 0.707134 0.693494
vn -0.108380 0.831496 0.544857
vn -0.074649 0.923899 0.375285
s 1
g head
usemtl default
f 1478/1478/1478 1479/1479/1479 1480/1480/1480
f 1481/1481/1481 1482/1482/1482 1483/1483/1483
f 1478/1478/1478 1484/1484/1484 1479/1479/1479
f 1481/1481/1481 1483/1483/1483 1485/1485/1485
f 1478/1478/1478 1486/1486/1486 1484/1484/1484
f 1481/1481/1481 1485/1485/1485 1487/1487/1487
f 1478/1478/1478 1488/1488/1488 1486/1486/1486
f 1481/1481/1481 1487/1487/1487 1489/1489/1489
f 1478/1478/1478 1490/1490/1490 1488/1488/1488
f 1481/1481/1481 1489/1489/1489 1491/1491/1491
f 1478/1478/1478 1492/1492/1492 1490/1490/1490
f 1481/1481/1481 1491/1491/1491 1493/1493/1493
f 1478/1478/1478 1494/1494/1494 1492/1492/1492
f 1481/1481/1481 1493/1493/1493 1495/1495/1495
f 1478/1478/1478 1496/1496/1496 1494/1494/1494
f 1481/1481/1481 1495/1495/1495 1497/1497/1497
f 1478/1478/1478 1498/1498/1498 1496/1496/1496
f 1481/1481/1481 1497/1497/1497 1499/1499/1499
f 1478/1478/1478 1500/1500/1500 1498/1498/1498
f 1481/1481/1481 1499/1499/1499 1501/1501/1501
f 1478/1478/1478 1502/1502/1502 1500/1500/1500
f 1481/1481/1481 1501/1501/1501 1503/1503/1503
f 1478/1478/1478 1504/1504/1504 1502/1502/1502
f 1481/1481/1481 1503/1503/1503 1505/1505/1505
f 1478/1478/1478 1506/1506/1506 1504/1504/1504
f 1481/1481/1481 1505/1505/1505 1507/1507/1507
f 1478/1478/1478 1508/1508/1508 1506/1506/1506
f 1481/1481/1481 1507/1507/1507 1509/1509/1509
f 1478/1478/1478 1510/1510/1510 1508/1508/1508
f 1481/1481/1481 1509/1509/1509 1511/1511/1511
f 1478/1478/1478 1512/1512/1512 1510/1510/1510
f 1481/1481/1481 1511/1511/1511 1513/1513/1513
f 1478/1478/1478 1514/1514/1514 1512/1512/1512
f 1481/1481/1481 1513/1513/1513 1515/1515/1515
f 1478/1478/1478 1516/1516/1516 1514/1514/1514
f 1481/1481/1481 1515/1515/1515 1517/1517/1517
f 1478/1478/1478 1518/1518/1518 1516/1516/1516
f 1481/1481/1481 1517/1517/1517 1519/1519/1519
f 1478/1478/1478 1520/1520/1520 1518/1518/1518
f 1481/1481/1481 1519/1519/1519 1521/1521/1521
f 1478/1478/1478 1522/1522/1522 1520/1520/1520
f 1481/1481/1481 1521/1521/1521 1523/1523/1523
f 1478/1478/1478 1524/1524/1524 1522/1522/1522
f 1481/1481/1481 1523/1523/1523 1525/1525/1525
f 1478/1478/1478 1526/1526/1526 1524/1524/1524
f 1481/1481/1481 1525/1525/1525 1527/1527/1527
f 1478/1478/1478 1528/1528/1528 1526/1526/1526
f 1481/1481/1481 1527/1527/1527 1529/1529/1529
f 1478/1478/1478 1530/1530/1530 1528/1528/1528
f 1481/1481/1481 1529/1529/1529 1531/1531/1531
f 1478/1478/1478 1532/1532/1532 1530/1530/1530
f 1481/1481/1481 1531/1531/1531 1533/1533/1533
f 1478/1478/1478 1534/1534/1534 1532/1532/1532
f 1481/1481/1481 1533/1533/1533 1535/1535/1535
f 1478/1478/1478 1536/1536/1536 1534/1534/1534
f 1481/1481/1481 1535/1535/1535 1537/1537/1537
f 1478/1478/1478 1538/1538/1538 1536/1536/1536
f 1481/1481/1481 1537/1537/1537 1539/1539/1539
f 1478/1478/1478 1540/1540/1540 1538/1538/1538
f 1481/1481/1481 1539/1539/1539 1541/1541/1541
f 1478/1478/1478 1542/1542/1542 1540/1540/1540
f 1481/1481/1481 1541/1541/1541 1543/1543/1543
f 1478/1478/1478 1480/1480/1480 1542/1542/1542
f 1481/1481/1481 1543/1543/1543 1482/1482/1482
f 1480/1480/1480 1479/1479/1479 1544/1544/1544 1545/1545/1545
f 1545/1545/1545 1544/1544/1544 1546/1546/1546 1547/1547/1547
f 1547/1547/1547 1546/1546/1546 1548/1548/1548 1549/1549/1549
f 1549/1549/1549 1548/1548/1548 1550/1550/1550 1551/1551/1551
f 1551/1551/1551 1550/1550/1550 1552/1552/1552 1553/1553/1553
f 1553/1553/1553 1552/1552/1552 1554/1554/1554 1555/1555/1555
f 1555/1555/1555 1554/1554/1554 1556/1556/1556 1557/1557/1557
f 1557/1557/1557 1556/1556/1556 1558/1558/1558 1559/1559/1559
f 1559/1559/1559 1558/1558/1558 1560/1560/1560 1561/1561/1561
f 1561/1561/1561 1560/1560/1560 1562/1562/1562 1563/1563/1563
f 1563/1563/1563 1562/1562/1562 1564/1564/1564 1565/1565/1565
f 1565/1565/1565 1564/1564/1564 1566/1566/1566 1567/1567/1567
f 1567/1567/1567 1566/1566/1566 1568/1568/1568 1569/1569/1569
f 1569/1569/1569 1568/1568/1568 1483/1483/1483 1482/1482/1482
f 1479/1479/1479 1484/1484/1484 1570/1570/1570 1544/1544/1544
f 1544/1544/1544 1570/1570/1570 1571/1571/1571 1546/1546/1546
f 1546/1546/1546 1571/1571/1571 1572/1572/1572 1548/1548/1548
f 1548/1548/1548 1572/1572/1572 1573/1573/1573 1550/1550/1550
f 1550/1550/1550 1573/1573/1573 1574/1574/1574 1552/1552/1552
f 1552/1552/1552 1574/1574/1574 1575/1575/1575 1554/1554/1554
f 1554/1554/1554 1575/1575/1575 1576/1576/1576 1556/1556/1556
f 1556/1556/1556 1576/1576/1576 1577/1577/1577 1558/1558/1558
f 1558/1558/1558 1577/1577/1577 1578/1578/1578 1560/1560/1560
f 1560/1560/1560 1578/1578/1578 1579/1579/1579 1562/1562/1562
f 1562/1562/1562 1579/1579/1579 1580/1580/1580 1564/1564/1564
f 1564/1564/1564 1580/1580/1580 1581/1581/1581 1566/1566/1566
f 1566/1566/1566 1581/1581/1581 1582/1582/1582 1568/1568/1568
f 1568/1568/1568 1582/1582/1582 1485/1485/1485 1483/1483/1483
f 1484/1484/1484 1486/1486/1486 1583/1583/1583 1570/1570/1570
f 1570/1570/1570 1583/1583/1583 1584/1584/1584 1571/1571/1571
f 1571/1571/1571 1584/1584/1584 1585/1585/1585 1572/1572/1572
f 1572/1572/1572 1585/1585/1585 1586/1586/1586 1573/1573/1573
f 1573/1573/1573 1586/1586/1586 1587/1587/1587 1574/1574/1574
f 1574/1574/1574 1587/1587/1587 1588/1588/1588 1575/1575/1575
f 1575/1575/1575 1588/1588/1588 1589/1589/1589 1576/1576/1576
f 1576/1576/1576 1589/1589/1589 1590/1590/1590 1577/1577/1577
f 1577/1577/1577 1590/1590/1590 1591/1591/1591 1578/1578/1578
f 1578/1578/1578 1591/1591/1591 1592/1592/1592 1579/1579/1579
f 1579/1579/1579 1592/1592/1592 1593/1593/1593 1580/1580/1580
f 1580/1580/1580 1593/1593/1593 1594/1594/1594 1581/1581/1581
f 1581/1581/1581 1594/1594/1594 1595/1595/1595 1582/1582/1582
f 1582/1582/1582 1595/1595/1595 1487/1487/1487 1485/1485/1485
f 1486/1486/1486 1488/1488/1488 1596/1596/1596 1583/1583/1583
f 1583/1583/1583 1596/1596/1596 1597/1597/1597 1584/1584/1584
f 1584/1584/1584 1597/1597/1597 1598/1598/1598 1585/1585/1585
f 1585/1585/1585 1598/1598/1598 1599/1599/1599 1586/1586/1586
f 1586/1586/1586 1599/1599/1599 1600/1600/1600 1587/1587/1587
f 1587/1587/1587 1600/1600/1600 1601/1601/1601 1588/1588/1588
f 1588/1588/1588 1601/1601/1601 1602/1602/1602 1589/1589/1589
f 1589/1589/1589 1602/1602/1602 1603/1603/1603 1590/1590/1590
f 1590/1590/1590 1603/1603/1603 1604/1604/1604 1591/1591/1591
f 1591/1591/1591 1604/1604/1604 1605/1605/1605 1592/1592/1592
f 1592/1592/1592 1605/1605/1605 1606/1606/1606 1593/1593/1593
f 1593/1593/1593 1606/1606/1606 1607/1607/1607 1594/1594/1594
f 1594/1594/1594 1607/1607/1607 1608/1608/1608 1595/1595/1595
f 1595/1595/1595 1608/1608/1608 1489/1489/1489 1487/1487/1487
f 1488/1488/1488 1490/1490/1490 1609/1609/1609 1596/1596/1596
f 1596/1596/1596 1609/1609/1609 1610/1610/1610 1597/1597/1597
f 1597/1597/1597 1610/1610/1610 1611/1611/1611 1598/1598/1598
f 1598/1598/1598 1611/1611/1611 1612/1612/1612 1599/1599/1599
f 1599/1599/1599 1612/1612/1612 1613/1613/1613 1600/1600/1600
f 1600/1600/1600 1613/1613/1613 1614/1614/1614 1601/1601/1601
f 1601/1601/1601 1614/1614/1614 1615/1615/1615 1602/1602/1602
f 1602/1602/1602 1615/1615/1615 1616/1616/1616 1603/1603/1603
f 1603/1603/1603 1616/1616/1616 1617/1617/1617 1604/1604/1604
f 1604/1604/1604 1617/1617/1617 1618/1618/1618 1605/1605/1605
f 1605/1605/1605 1618/1618/1618 1619/1619/1619 1606/1606/1606
f 1606/1606/1606 1619/1619/1619 1620/1620/1620 1607/1607/1607
f 1607/1607/1607 1620/1620/1620 1621/1621/1621 1608/1608/1608
f 1608/1608/1608 1621/1621/1621 1491/1491/1491 1489/1489/1489
f 1490/1490/1490 1492/1492/1492 1622/1622/1622 1609/1609/1609
f 1609/1609/1609 1622/1622/1622 1623/1623/1623 1610/1610/1610
f 1610/1610/1610 1623/1623/1623 1624/1624/1624 1611/1611/1611
f 1611/1611/1611 1624/1624/1624 1625/1625/1625 1612/1612/1612
f 1612/1612/1612 1625/1625/1625 1626/1626/1626 1613/1613/1613
f 1613/1613/1613 1626/1626/1626 1627/1627/1627 1614/1614/1614
f 1614/1614/1614 1627/1627/1627 1628/1628/1628 1615/1615/1615
f 1615/1615/1615 1628/1628/1628 1629/1629/1629 1616/1616/1616
f 1616/1616/1616 1629/1629/1629 1630/1630/1630 1617/1617/1617
f 1617/1617/1617 1630/1630/1630 1631/1631/1631 1618/1618/1618
f 1618/1618/1618 1631/1631/1631 1632/1632/1632 1619/1619/1619
f 1619/1619/1619 1632/1632/1632 1633/1633/1633 1620/1620/1620
f 1620/1620/1620 1633/1633/1633 1634/1634/1634 1621/1621/1621
f 1621/1621/1621 1634/1634/1634 1493/1493/1493 1491/1491/1491
f 1492/1492/1492 1494/1494/1494 1635/1635/1635 1622/1622/1622
f 1622/1622/1622 1635/1635/1635 1636/1636/1636 1623/1623/1623
f 1623/1623/1623 1636/1636/1636 1637/1637/1637 1624/1624/1624
f 1624/1624/1624 1637/1637/1637 1638/1638/1638 1625/1625/1625
f 1625/1625/1625 1638/1638/1638 1639/1639/1639 1626/1626/1626
f 1626/1626/1626 1639/1639/1639 1640/1640/1640 1627/1627/1627
f 1627/1627/1627 1640/1640/1640 1641/1641/1641 1628/1628/1628
f 1628/1628/1628 1641/1641/1641 1642/1642/1642 1629/1629/1629
f 1629/1629/1629 1642/1642/1642 1643/1643/1643 1630/1630/1630
f 1630/1630/1630 1643/1643/1643 1644/1644/1644 1631/1631/1631
f 1631/1631/1631 1644/1644/1644 1645/1645/1645 1632/1632/1632
f 1632/1632/1632 1645/1645/1645 1646/1646/1646 1633/1633/1633
f 1633/1633/1633 1646/1646/1646 1647/1647/1647 1634/1634/1634
f 1634/1634/1634 1647/1647/1647 1495/1495/1495 1493/1493/1493
f 1494/1494/1494 1496/1496/1496 1648/1648/1648 1635/1635/1635
f 1635/1635/1635 1648/1648/1648 1649/1649/1649 1636/1636/1636
f 1636/1636/1636 1649/1649/1649 1650/1650/1650 1637/1637/1637
f 1637/1637/1637 1650/1650/1650 1651/1651/1651 1638/1638/1638
f 1638/1638/1638 1651/1651/1651 1652/1652/1652 1639/1639/1639
f 1639/1639/1639 1652/1652/1652 1653/1653/1653 1640/1640/1640
f 1640/1640/1640 1653/1653/1653 1654/1654/1654 1641/1641/1641
f 1641/1641/1641 1654/1654/1654 1655/1655/1655 1642/1642/1642
f 1642/1642/1642 1655/1655/1655 1656/1656/1656 1643/1643/1643
f 1643/1643/1643 1656/1656/1656 1657/1657/1657 1644/1644/1644
f 1644/1644/1644 1657/1657/1657 1658/1658/1658 1645/1645/1645
f 1645/1645/1645 1658/1658/1658 1659/1659/1659 1646/1646/1646
f 1646/1646/1646 1659/1659/1659 1660/1660/1660 1647/1647/1647
f 1647/1647/1647 1660/1660/1660 1497/1497/1497 1495/1495/1495
f 1496/1496/1496 1498/1498/1498 1661/1661/1661 1648/1648/1648
f 1648/1648/1648 1661/1661/1661 1662/1662/1662 1649/1649/1649
f 1649/1649/1649 1662/1662/1662 1663/1663/1663 1650/1650/1650
f 1650/1650/1650 1663/1663/1663 1664/1664/1664 1651/1651/1651
f 1651/1651/1651 1664/1664/1664 1665/1665/1665 1652/1652/1652
f 1652/1652/1652 1665/1665/1665 1666/1666/1666 1653/1653/1653
f 1653/1653/1653 1666/1666/1666 1667/1667/1667 1654/1654/1654
f 1654/1654/1654 1667/1667/1667 1668/1668/1668 1655/1655/1655
f 1655/1655/1655 1668/1668/1668 1669/1669/1669 1656/1656/1656
f 1656/1656/1656 1669/1669/1669 1670/1670/1670 1657/1657/1657
f 1657/1657/1657 1670/1670/1670 1671/1671/1671 1658/1658/1658
f 1658/1658/1658 1671/1671/1671 1672/1672/1672 1659/1659/1659
f 1659/1659/1659 1672/1672/1672 1673/1673/1673 1660/1660/1660
f 1660/1660/1660 1673/1673/1673 1499/1499/1499 1497/1497/1497
f 1498/1498/1498 1500/1500/1500 1674/1674/1674 1661/1661/1661
f 1661/1661/1661 1674/1674/1674 1675/1675/1675 1662/1662/1662
f 1662/1662/1662 1675/1675/1675 1676/1676/1676 1663/1663/1663
f 1663/1663/1663 1676/1676/1676 1677/1677/1677 1664/1664/1664
f 1664/1664/1664 1677/1677/1677 1678/1678/1678 1665/1665/1665
f 1665/1665/1665 1678/1678/1678 1679/1679/1679 1666/1666/1666
f 1666/1666/1666 1679/1679/1679 1680/1680/1680 1667/1667/1667
f 1667/1667/1667 1680/1680/1680 1681/1681/1681 1668/1668/1668
f 1668/1668/1668 1681/1681/1681 1682/1682/1682 1669/1669/1669
f 1669/1669/1669 1682/1682/1682 1683/1683/1683 1670/1670/1670
f 1670/1670/1670 1683/1683/1683 1684/1684/1684 1671/1671/1671
f 1671/1671/1671 1684/1684/1684 1685/1685/1685 1672/1672/1672
f 1672/1672/1672 1685/1685/1685 1686/1686/1686 1673/1673/1673
f 1673/1673/1673 1686/1686/1686 1501/1501/1501 1499/1499/1499
f 1500/1500/1500 1502/1502/1502 1687/1687/1687 1674/1674/1674
f 1674/1674/1674 1687/1687/1687 1688/1688/1688 1675/1675/1675
f 1675/1675/1675 1688/1688/1688 1689/1689/1689 1676/1676/1676
f 1676/1676/1676 1689/1689/1689 1690/1690/1690 1677/1677/1677
f 1677/1677/1677 1690/1690/1690 1691/1691/1691 1678/1678/1678
f 1678/1678/1678 1691/1691/1691 1692/1692/1692 1679/1679/1679
f 1679/1679/1679 1692/1692/1692 1693/1693/1693 1680/1680/1680
f 1680/1680/1680 1693/1693/1693 1694/1694/1694 1681/1681/1681
f 1681/1681/1681 1694/1694/1694 1695/1695/1695 1682/1682/1682
f 1682/1682/1682 1695/1695/1695 1696/1696/1696 1683/1683/1683
f 1683/1683/1683 1696/1696/1696 1697/1697/1697 1684/1684/1684
f 1684/1684/1684 1697/1697/1697 1698/1698/1698 1685/1685/1685
f 1685/1685/1685 1698/1698/1698 1699/1699/1699 1686/1686/1686
f 1686/1686/1686 1699/1699/1699 1503/1503/1503 1501/1501/1501
f 1502/1502/1502 1504/1504/1504 1700/1700/1700 1687/1687/1687
f 1687/1687/1687 1700/1700/1700 1701/1701/1701 1688/1688/1688
f 1688/1688/1688 1701/1701/1701 1702/1702/1702 1689/1689/1689
f 1689/1689/1689 1702/1702/1702 1703/1703/1703 1690/1690/1690
f 1690/1690/1690 1703/1703/1703 1704/1704/1704 1691/1691/1691
f 1691/1691/1691 1704/1704/1704 1705/1705/1705 1692/1692/1692
f 1692/1692/1692 1705/1705/1705 1706/1706/1706 1693/1693/1693
f 1693/1693/1693 1706/1706/1706 1707/1707/1707 1694/1694/1694
f 1694/1694/1694 1707/1707/1707 1708/1708/1708 1695/1695/1695
f 1695/1695/1695 1708/1708/1708 1709/1709/1709 1696/1696/1696
f 1696/1696/1696 1709/1709/1709 1710/1710/1710 1697/1697/1697
f 1697/1697/1697 1710/1710/1710 1711/1711/1711 1698/1698/1698
f 1698/1698/1698 1711/1711/1711 1712/1712/1712 1699/1699/1699
f 1699/1699/1699 1712/1712/1712 1505/1505/1505 1503/1503/1503
f 1504/1504/1504 1506/1506/1506 1713/1713/1713 1700/1700/1700
f 1700/1700/1700 1713/1713/1713 1714/1714/1714 1701/1701/1701
f 1701/1701/1701 1714/1714/1714 1715/1715/1715 1702/1702/1702
f 1702/1702/1702 1715/1715/1715 1716/1716/1716 1703/1703/1703
f 1703/1703/1703 1716/1716/1716 1717/1717/1717 1704/1704/1704
f 1704/1704/1704 1717/1717/1717 1718/1718/1718 1705/1705/1705
f 1705/1705/1705 1718/1718/1718 1719/1719/1719 1706/1706/1706
f 1706/1706/1706 1719/1719/1719 1720/1720/1720 1707/1707/1707
f 1707/1707/1707 1720/1720/1720 1721/1721/1721 1708/1708/1708
f 1708/1708/1708 1721/1721/1721 1722/1722/1722 1709/1709/1709
f 1709/1709/1709 1722/1722/1722 1723/1723/1723 1710/1710/1710
f 1710/1710/1710 1723/1723/1723 1724/1724/1724 1711/1711/1711
f 1711/1711/1711 1724/1724/1724 1725/1725/1725 1712/1712/1712
f 1712/1712/1712 1725/1725/1725 1507/1507/1507 1505/1505/1505
f 1506/1506/1506 1508/1508/1508 1726/1726/1726 1713/1713/1713
f 1713/1713/1713 1726/1726/1726 1727/1727/1727 1714/1714/1714
f 1714/1714/1714 1727/1727/1727 1728/1728/1728 1715/1715/1715
f 1715/1715/1715 1728/1728/1728 1729/1729/1729 1716/1716/1716
f 1716/1716/1716 1729/1729/1729 1730/1730/1730 1717/1717/1717
f 1717/1717/1717 1730/1730/1730 1731/1731/1731 1718/1718/1718
f 1718/1718/1718 1731/1731/1731 1732/1732/1732 1719/1719/1719
f 1719/1719/1719 1732/1732/1732 1733/1733/1733 1720/1720/1720
f 1720/1720/1720 1733/1733/1733 1734/1734/1734 1721/1721/1721
f 1721/1721/1721 1734/1734/1734 1735/1735/1735 1722/1722/1722
f 1722/1722/1722 1735/1735/1735 1736/1736/1736 1723/1723/1723
f 1723/1723/1723 1736/1736/1736 1737/1737/1737 1724/1724/1724
f 1724/1724/1724 1737/1737/1737 1738/1738/1738 1725/1725/1725
f 1725/1725/1725 1738/1738/1738 1509/1509/1509 1507/1507/1507
f 1508/1508/1508 1510/1510/1510 1739/1739/1739 1726/1726/1726
f 1726/1726/1726 1739/1739/1739 1740/1740/1740 1727/1727/1727
f 1727/1727/1727 1740/1740/1740 1741/1741/1741 1728/1728/1728
f 1728/1728/1728 1741/1741/1741 1742/1742/1742 1729/1729/1729
f 1729/1729/1729 1742/1742/1742 1743/1743/1743 1730/1730/1730
f 1730/1730/1730 1743/1743/1743 1744/1744/1744 1731/1731/1731
f 1731/1731/1731 1744/1744/1744 1745/1745/1745 1732/1732/1732
f 1732/1732/1732 1745/1745/1745 1746/1746/1746 1733/1733/1733
f 1733/1733/1733 1746/1746/1746 1747/1747/1747 1734/1734/1734
f 1734/1734/1734 1747/1747/1747 1748/1748/1748 1735/1735/1735
f 1735/1735/1735 1748/1748/1748 1749/1749/1749 1736/1736/1736
f 1736/1736/1736 1749/1749/1749 1750/1750/1750 1737/1737/1737
f 1737/1737/1737 1750/1750/1750 1751/1751/1751 1738/1738/1738
f 1738/1738/1738 1751/1751/1751 1511/1511/1511 1509/1509/1509
f 1510/1510/1510 1512/1512/1512 1752/1752/1752 1739/1739/1739
f 1739/1739/1739 1752/1752/1752 1753/1753/1753 1740/1740/1740
f 1740/1740/1740 1753/1753/1753 1754/1754/1754 1741/1741/1741
f 1741/1741/1741 1754/1754/1754 1755/1755/1755 1742/1742/1742
f 1742/1742/1742 1755/1755/1755 1756/1756/1756 1743/1743/1743
f 1743/1743/1743 1756/1756/1756 1757/1757/1757 1744/1744/1744
f 1744/1744/1744 1757/1757/1757 1758/1758/1758 1745/1745/1745
f 1745/1745/1745 1758/1758/1758 1759/1759/1759 1746/1746/1746
f 1746/1746/1746 1759/1759/1759 1760/1760/1760 1747/1747/1747
f 1747/1747/1747 1760/1760/1760 1761/1761/1761 1748/1748/1748
f 1748/1748/1748 1761/1761/1761 1762/1762/1762 1749/1749/1749
f 1749/1749/1749 1762/1762/1762 1763/1763/1763 1750/1750/1750
f 1750/1750/1750 1763/1763/1763 1764/1764/1764 1751/1751/1751
f 1751/1751/1751 1764/1764/1764 1513/1513/1513 1511/1511/1511
f 1512/1512/1512 1514/1514/1514 1765/1765/1765 1752/1752/1752
f 1752/1752/1752 1765/1765/1765 1766/1766/1766 1753/1753/1753
f 1753/1753/1753 1766/1766/1766 1767/1767/1767 1754/1754/1754
f 1754/1754/1754 1767/1767/1767 1768/1768/1768 1755/1755/1755
f 1755/1755/1755 1768/1768/1768 1769/1769/1769 1756/1756/1756
f 1756/1756/1756 1769/1769/1769 1770/1770/1770 1757/1757/1757
f 1757/1757/1757 1770/1770/1770 1771/1771/1771 1758/1758/1758
f 1758/1758/1758 1771/1771/1771 1772/1772/1772 1759/1759/1759
f 1759/1759/1759 1772/1772/1772 1773/1773/1773 1760/1760/1760
f 1760/1760/1760 1773/1773/1773 1774/1774/1774 1761/1761/1761
f 1761/1761/1761 1774/1774/1774 1775/1775/1775 1762/1762/1762
f 1762/1762/1762 1775/1775/1775 1776/1776/1776 1763/1763/1763
f 1763/1763/1763 1776/1776/1776 1777/1777/1777 1764/1764/1764
f 1764/1764/1764 1777/1777/1777 1515/1515/1515 1513/1513/1513
f 1514/1514/1514 1516/1516/1516 1778/1778/1778 1765/1765/1765
f 1765/1765/1765 1778/1778/1778 1779/1779/1779 1766/1766/1766
f 1766/1766/1766 1779/1779/1779 1780/1780/1780 1767/1767/1767
f 1767/1767/1767 1780/1780/1780 1781/1781/1781 1768/1768/1768
f 1768/1768/1768 1781/1781/1781 1782/1782/1782 1769/1769/1769
f 1769/1769/1769 1782/1782/1782 1783/1783/1783 1770/1770/1770
f 1770/1770/1770 1783/1783/1783 1784/1784/1784 1771/1771/1771
f 1771/1771/1771 1784/1784/1784 1785/1785/1785 1772/1772/1772
f 1772/1772/1772 1785/1785/1785 1786/1786/1786 1773/1773/1773
f 1773/1773/1773 1786/1786/1786 1787/1787/1787 1774/1774/1774
f 1774/1774/1774 1787/1787/1787 1788/1788/1788 1775/1775/1775
f 1775/1775/1775 1788/1788/1788 1789/1789/1789 1776/1776/1776
f 1776/1776/1776 1789/1789/1789 1790/1790/1790 1777/1777/1777
f 1777/1777/1777 1790/1790/1790 1517/1517/1517 1515/1515/1515
f 1516/1516/1516 1518/1518/1518 1791/1791/1791 1778/1778/1778
f 1778/1778/1778 1791/1791/1791 1792/1792/1792 1779/1779/1779
f 1779/1779/1779 1792/1792/1792 1793/1793/1793 1780/1780/1780
f 1780/1780/1780 1793/1793/1793 1794/1794/1794 1781/1781/1781
f 1781/1781/1781 1794/1794/1794 1795/1795/1795 1782/1782/1782
f 1782/1782/1782 1795/1795/1795 1796/1796/1796 1783/1783/1783
f 1783/1783/1783 1796/1796/1796 1797/1797/1797 1784/1784/1784
f 1784/1784/1784 1797/1797/1797 1798/1798/1798 1785/1785/1785
f 1785/1785/1785 1798/1798/1798 1799/1799/1799 1786/1786/1786
f 1786/1786/1786 1799/1799/1799 1800/1800/1800 1787/1787/1787
f 1787/1787/1787 1800/1800/1800 1801/1801/1801 1788/1788/1788
f 1788/1788/1788 1801/1801/1801 1802/1802/1802 1789/1789/1789
f 1789/1789/1789 1802/1802/1802 1803/1803/1803 1790/1790/1790
f 1790/1790/1790 1803/1803/1803 1519/1519/1519 1517/1517/1517
f 1518/1518/1518 1520/1520/1520 1804/1804/1804 1791/1791/1791
f 1791/1791/1791 1804/1804/1804 1805/1805/1805 1792/1792/1792
f 1792/1792/1792 1805/1805/1805 1806/1806/1806 1793/1793/1793
f 1793/1793/1793 1806/1806/1806 1807/1807/1807 1794/1794/1794
f 1794/1794/1794 1807/1807/1807 1808/1808/1808 1795/1795/1795
f 1795/1795/1795 1808/1808/1808 1809/1809/1809 1796/1796/1796
f 1796/1796/1796 1809/1809/1809 1810/1810/1810 1797/1797/1797
f 1797/1797/1797 1810/1810/1810 1811/1811/1811 1798/1798/1798
f 1798/1798/1798 1811/1811/1811 1812/1812/1812 1799/1799/1799
f 1799/1799/1799 1812/1812/1812 1813/1813/1813 1800/1800/1800
f 1800/1800/1800 1813/1813/1813 1814/1814/1814 1801/1801/1801
f 1801/1801/1801 1814/1814/1814 1815/1815/1815 1802/1802/1802
f 1802/1802/1802 1815/1815/1815 1816/1816/1816 1803/1803/1803
f 1803/1803/1803 1816/1816/1816 1521/1521/1521 1519/1519/1519
f 1520/1520/1520 1522/1522/1522 1817/1817/1817 1804/1804/1804
f 1804/1804/1804 1817/1817/1817 1818/1818/1818 1805/1805/1805
f 1805/1805/1805 1818/1818/1818 1819/1819/1819 1806/1806/1806
f 1806/1806/1806 1819/1819/1819 1820/1820/1820 1807/1807/1807
f 1807/1807/1807 1820/1820/1820 1821/1821/1821 1808/1808/1808
f 1808/1808/1808 1821/1821/1821 1822/1822/1822 1809/1809/1809
f 1809/1809/1809 1822/1822/1822 1823/1823/1823 1810/1810/1810
f 1810/1810/1810 1823/1823/1823 1824/1824/1824 1811/1811/1811
f 1811/1811/1811 1824/1824/1824 1825/1825/1825 1812/1812/1812
f 1812/1812/1812 1825/1825/1825 1826/1826/1826 1813/1813/1813
f 1813/1813/1813 1826/1826/1826 1827/1827/1827 1814/1814/1814
f 1814/1814/1814 1827/1827/1827 1828/1828/1828 1815/1815/1815
f 1815/1815/1815 1828/1828/1828 1829/1829/1829 1816/1816/1816
f 1816/1816/1816 1829/1829/1829 1523/1523/1523 1521/1521/1521
f 1522/1522/1522 1524/1524/1524 1830/1830/1830 1817/1817/1817
f 1817/1817/1817 1830/1830/1830 1831/1831/1831 1818/1818/1818
f 1818/1818/1818 1831/1831/1831 1832/1832/1832 1819/1819/1819
f 1819/1819/1819 1832/1832/1832 1833/1833/1833 1820/1820/1820
f 1820/1820/1820 1833/1833/1833 1834/1834/1834 1821/1821/1821
f 1821/1821/1821 1834/1834/1834 1835/1835/1835 1822/1822/1822
f 1822/1822/1822 1835/1835/1835 1836/1836/1836 1823/1823/1823
f 1823/1823/1823 1836/1836/1836 1837/1837/1837 1824/1824/1824
f 1824/1824/1824 1837/1837/1837 1838/1838/1838 1825/1825/1825
f 1825/1825/1825 1838/1838/1838 1839/1839/1839 1826/1826/1826
f 1826/1826/1826 1839/1839/1839 1840/1840/1840 1827/1827/1827
f 1827/1827/1827 1840/1840/1840 1841/1841/1841 1828/1828/1828
f 1828/1828/1828 1841/1841/1841 1842/1842/1842 1829/1829/1829
f 1829/1829/1829 1842/1842/1842 1525/1525/1525 1523/1523/1523
f 1524/1524/1524 1526/1526/1526 1843/1843/1843 1830/1830/1830
f 1830/1830/1830 1843/1843/1843 1844/1844/1844 1831/1831/1831
f 1831/1831/1831 1844/1844/1844 1845/1845/1845 1832/1832/1832
f 1832/1832/1832 1845/1845/1845 1846/1846/1846 1833/1833/1833
f 1833/1833/1833 1846/1846/1846 1847/1847/1847 1834/1834/1834
f 1834/1834/1834 1847/1847/1847 1848/1848/1848 1835/1835/1835
f 1835/1835/1835 1848/1848/1848 1849/1849/1849 1836/1836/1836
f 1836/1836/1836 1849/1849/1849 1850/1850/1850 1837/1837/1837
f 1837/1837/1837 1850/1850/1850 1851/1851/1851 1838/1838/1838
f 1838/1838/1838 1851/1851/1851 1852/1852/1852 1839/1839/1839
f 1839/1839/1839 1852/1852/1852 1853/1853/1853 1840/1840/1840
f 1840/1840/1840 1853/1853/1853 1854/1854/1854 1841/1841/1841
f 1841/1841/1841 1854/1854/1854 1855/1855/1855 1842/1842/1842
f 1842/1842/1842 1855/1855/1855 1527/1527/1527 1525/1525/1525
f 1526/1526/1526 1528/1528/1528 1856/1856/1856 1843/1843/1843
f 1843/1843/1843 1856/1856/1856 1857/1857/1857 1844/1844/1844
f 1844/1844/1844 1857/1857/1857 1858/1858/1858 1845/1845/1845
f 1845/1845/1845 1858/1858/1858 1859/1859/1859 1846/1846/1846
f 1846/1846/1846 1859/1859/1859 1860/1860/1860 1847/1847/1847
f 1847/1847/1847 1860/1860/1860 1861/1861/1861 1848/1848/1848
f 1848/1848/1848 1861/1861/1861 1862/1862/1862 1849/1849/1849
f 1849/1849/1849 1862/1862/1862 1863/1863/1863 1850/1850/1850
f 1850/1850/1850 1863/1863/1863 1864/1864/1864 1851/1851/1851
f 1851/1851/1851 1864/1864/1864 1865/1865/1865 1852/1852/1852
f 1852/1852/1852 1865/1865/1865 1866/1866/1866 1853/1853/1853
f 1853/1853/1853 1866/1866/1866 1867/1867/1867 1854/1854/1854
f 1854/1854/1854 1867/1867/1867 1868/1868/1868 1855/1855/1855
f 1855/1855/1855 1868/1868/1868 1529/1529/1529 1527/1527/1527
f 1528/1528/1528 1530/1530/1530 1869/1869/1869 1856/1856/1856
f 1856/1856/1856 1869/1869/1869 1870/1870/1870 1857/1857/1857
f 1857/1857/1857 1870/1870/1870 1871/1871/1871 1858/1858/1858
f 1858/1858/1858 1871/1871/1871 1872/1872/1872 1859/1859/1859
f 1859/1859/1859 1872/1872/1872 1873/1873/1873 1860/1860/1860
f 1860/1860/1860 1873/1873/1873 1874/1874/1874 1861/1861/1861
f 1861/1861/1861 1874/1874/1874 1875/1875/1875 1862/1862/1862
f 1862/1862/1862 1875/1875/1875 1876/1876/1876 1863/1863/1863
f 1863/1863/1863 1876/1876/1876 1877/1877/1877 1864/1864/1864
f 1864/1864/1864 1877/1877/1877 1878/1878/1878 1865/1865/1865
f 1865/1865/1865 1878/1878/1878 1879/1879/1879 1866/1866/1866
f 1866/1866/1866 1879/1879/1879 1880/1880/1880 1867/1867/1867
f 1867/1867/1867 1880/1880/1880 1881/1881/1881 1868/1868/1868
f 1868/1868/1868 1881/1881/1881 1531/1531/1531 1529/1529/1529
f 1530/1530/1530 1532/1532/1532 1882/1882/1882 1869/1869/1869
f 1869/1869/1869 1882/1882/1882 1883/1883/1883 1870/1870/1870
f 1870/1870/1870 1883/1883/1883 1884/1884/1884 1871/1871/1871
f 1871/1871/1871 1884/1884/1884 1885/1885/1885 1872/1872/1872
f 1872/1872/1872 1885/1885/1885 1886/1886/1886 1873/1873/1873
f 1873/1873/1873 1886/1886/1886 1887/1887/1887 1874/1874/1874
f 1874/1874/1874 1887/1887/1887 1888/1888/1888 1875/1875/1875
f 1875/1875/1875 1888/1888/1888 1889/1889/1889 1876/1876/1876
f 1876/1876/1876 1889/1889/1889 1890/1890/1890 1877/1877/1877
f 1877/1877/1877 1890/1890/1890 1891/1891/1891 1878/1878/1878
f 1878/1878/1878 1891/1891/1891 1892/1892/1892 1879/1879/1879
f 1879/1879/1879 1892/1892/1892 1893/1893/1893 1880/1880/1880
f 1880/1880/1880 1893/1893/1893 1894/1894/1894 1881/1881/1881
f 1881/1881/1881 1894/1894/1894 1533/1533/1533 1531/1531/1531
f 1532/1532/1532 1534/1534/1534 1895/1895/1895 1882/1882/1882
f 1882/1882/1882 1895/1895/1895 1896/1896/1896 1883/1883/1883
f 1883/1883/1883 1896/1896/1896 1897/1897/1897 1884/1884/1884
f 1884/1884/1884 1897/1897/1897 1898/1898/1898 1885/1885/1885
f 1885/1885/1885 1898/1898/1898 1899/1899/1899 1886/1886/1886
f 1886/1886/1886 1899/1899/1899 1900/1900/1900 1887/1887/1887
f 1887/1887/1887 1900/1900/1900 1901/1901/1901 1888/1888/1888
f 1888/1888/1888 1901/1901/1901 1902/1902/1902 1889/1889/1889
f 1889/1889/1889 1902/1902/1902 1903/1903/1903 1890/1890/1890
f 1890/1890/1890 1903/1903/1903 1904/1904/1904 1891/1891/1891
f 1891/1891/1891 1904/1904/1904 1905/1905/1905 1892/1892/1892
f 1892/1892/1892 1905/1905/1905 1906/1906/1906 1893/1893/1893
f 1893/1893/1893 1906/1906/1906 1907/1907/1907 1894/1894/1894
f 1894/1894/1894 1907/1907/1907 1535/1535/1535 1533/1533/1533
f 1534/1534/1534 1536/1536/1536 1908/1908/1908 1895/1895/1895
f 1895/1895/1895 1908/1908/1908 1909/1909/1909 1896/1896/1896
f 1896/1896/1896 1909/1909/1909 1910/1910/1910 1897/1897/1897
f 1897/1897/1897 1910/1910/1910 1911/1911/1911 1898/1898/1898
f 1898/1898/1898 1911/1911/1911 1912/1912/1912 1899/1899/1899
f 1899/1899/1899 1912/1912/1912 1913/1913/1913 1900/1900/1900
f 1900/1900/1900 1913/1913/1913 1914/1914/1914 1901/1901/1901
f 1901/1901/1901 1914/1914/1914 1915/1915/1915 1902/1902/1902
f 1902/1902/1902 1915/1915/1915 1916/1916/1916 1903/1903/1903
f 1903/1903/1903 1916/1916/1916 1917/1917/1917 1904/1904/1904
f 1904/1904/1904 1917/1917/1917 1918/1918/1918 1905/1905/1905
f 1905/1905/1905 1918/1918/1918 1919/1919/1919 1906/1906/1906
f 1906/1906/1906 1919/1919/1919 1920/1920/1920 1907/1907/1907
f 1907/1907/1907 1920/1920/1920 1537/1537/1537 1535/1535/1535
f 1536/1536/1536 1538/1538/1538 1921/1921/1921 1908/1908/1908
f 1908/1908/1908 1921/1921/1921 1922/1922/1922 1909/1909/1909
f 1909/1909/1909 1922/1922/1922 1923/1923/1923 1910/1910/1910
f 1910/1910/1910 1923/1923/1923 1924/1924/1924 1911/1911/1911
f 1911/1911/1911 1924/1924/1924 1925/1925/1925 1912/1912/1912
f 1912/1912/1912 1925/1925/1925 1926/1926/1926 1913/1913/1913
f 1913/1913/1913 1926/1926/1926 1927/1927/1927 1914/1914/1914
f 1914/1914/1914 1927/1927/1927 1928/1928/1928 1915/1915/1915
f 1915/1915/1915 1928/1928/1928 1929/1929/1929 1916/1916/1916
f 1916/1916/1916 1929/1929/1929 1930/1930/1930 1917/1917/1917
f 1917/1917/1917 1930/1930/1930 1931/1931/1931 1918/1918/1918
f 1918/1918/1918 1931/1931/1931 1932/1932/1932 1919/1919/1919
f 1919/1919/1919 1932/1932/1932 1933/1933/1933 1920/1920/1920
f 1920/1920/1920 1933/1933/1933 1539/1539/1539 1537/1537/1537
f 1538/1538/1538 1540/1540/1540 1934/1934/1934 1921/1921/1921
f 1921/1921/1921 1934/1934/1934 1935/1935/1935 1922/1922/1922
f 1922/1922/1922 1935/1935/1935 1936/1936/1936 1923/1923/1923
f 1923/1923/1923 1936/1936/1936 1937/1937/1937 1924/1924/1924
f 1924/1924/1924 1937/1937/1937 1938/1938/1938 1925/1925/1925
f 1925/1925/1925 1938/1938/1938 1939/1939/1939 1926/1926/1926
f 1926/1926/1926 1939/1939/1939 1940/1940/1940 1927/1927/1927
f 1927/1927/1927 1940/1940/1940 1941/1941/1941 1928/1928/1928
f 1928/1928/1928 1941/1941/1941 1942/1942/1942 1929/1929/1929
f 1929/1929/1929 1942/1942/1942 1943/1943/1943 1930/1930/1930
f 1930/1930/1930 1943/1943/1943 1944/1944/1944 1931/1931/1931
f 1931/1931/1931 1944/1944/1944 1945/1945/1945 1932/1932/1932
f 1932/1932/1932 1945/1945/1945 1946/1946/1946 1933/1933/1933
f 1933/1933/1933 1946/1946/1946 1541/1541/1541 1539/1539/1539
f 1540/1540/1540 1542/1542/1542 1947/1947/1947 1934/1934/1934
f 1934/1934/1934 1947/1947/1947 1948/1948/1948 1935/1935/1935
f 1935/1935/1935 1948/1948/1948 1949/1949/1949 1936/1936/1936
f 1936/1936/1936 1949/1949/1949 1950/1950/1950 1937/1937/1937
f 1937/1937/1937 1950/1950/1950 1951/1951/1951 1938/1938/1938
f 1938/1938/1938 1951/1951/1951 1952/1952/1952 1939/1939/1939
f 1939/1939/1939 1952/1952/1952 1953/1953/1953 1940/1940/1940
f 1940/1940/1940 1953/1953/1953 1954/1954/1954 1941/1941/1941
f 1941/1941/1941 1954/1954/1954 1955/1955/1955 1942/1942/1942
f 1942/1942/1942 1955/1955/1955 1956/1956/1956 1943/1943/1943
f 1943/1943/1943 1956/1956/1956 1957/1957/1957 1944/1944/1944
f 1944/1944/1944 1957/1957/1957 1958/1958/1958 1945/1945/1945
f 1945/1945/1945 1958/1958/1958 1959/1959/1959 1946/1946/1946
f 1946/1946/1946 1959/1959/1959 1543/1543/1543 1541/1541/1541
f 1542/1542/1542 1480/1480/1480 1545/1545/1545 1947/1947/1947
f 1947/1947/1947 1545/1545/1545 1547/1547/1547 1948/1948/1948
f 1948/1948/1948 1547/1547/1547 1549/1549/1549 1949/1949/1949
f 1949/1949/1949 1549/1549/1549 1551/1551/1551 1950/1950/1950
f 1950/1950/1950 1551/1551/1551 1553/1553/1553 1951/1951/1951
f 1951/1951/1951 1553/1553/1553 1555/1555/1555 1952/1952/1952
f 1952/1952/1952 1555/1555/1555 1557/1557/1557 1953/1953/1953
f 1953/1953/1953 1557/1557/1557 1559/1559/1559 1954/1954/1954
f 1954/1954/1954 1559/1559/1559 1561/1561/1561 1955/1955/1955
f 1955/1955/1955 1561/1561/1561 1563/1563/1563 1956/1956/1956
f 1956/1956/1956 1563/1563/1563 1565/1565/1565 1957/1957/1957
f 1957/1957/1957 1565/1565/1565 1567/1567/1567 1958/1958/1958
f 1958/1958/1958 1567/1567/1567 1569/1569/1569 1959/1959/1959
f 1959/1959/1959 1569/1569/1569 1482/1482/1482 1543/1543/1543
g default
v -0.033000 -0.001416 -0.030054
v -0.032063 -0.001531 -0.025324
v -0.033000 -0.001543 -0.025232
v -0.031163 -0.001497 -0.025595
v -0.030333 -0.001442 -0.026035
v -0.029606 -0.001368 -0.026628
v -0.029009 -0.001278 -0.027349
v -0.028565 -0.001175 -0.028173
v -0.028292 -0.001063 -0.029066
v -0.028199 -0.000947 -0.029996
v -0.028292 -0.000831 -0.030925
v -0.028565 -0.000719 -0.031819
v -0.029009 -0.000616 -0.032642
v -0.029606 -0.000526 -0.033364
v -0.030333 -0.000451 -0.033956
v -0.031163 -0.000396 -0.034396
v -0.032063 -0.000362 -0.034667
v -0.033000 -0.000351 -0.034759
v -0.033937 -0.000362 -0.034667
v -0.034837 -0.000396 -0.034396
v -0.035667 -0.000451 -0.033956
v -0.036394 -0.000526 -0.033364
v -0.036991 -0.000616 -0.032642
v -0.037435 -0.000719 -0.031819
v -0.037708 -0.000831 -0.030925
v -0.037800 -0.000947 -0.029996
v -0.037708 -0.001063 -0.029066
v -0.037435 -0.001175 -0.028173
v -0.036991 -0.001278 -0.027349
v -0.036394 -0.001368 -0.026628
v -0.035667 -0.001442 -0.026035
v -0.034837 -0.001497 -0.025595
v -0.033937 -0.001531 -0.025324
v -0.031163 -0.000704 -0.020658
v -0.033000 -0.000726 -0.020478
v -0.030333 0.001035 -0.016235
v -0.033000 0.001002 -0.015975
v -0.029606 0.003617 -0.012227
v -0.033000 0.003576 -0.011895
v -0.029009 0.006944 -0.008786
v -0.033000 0.006896 -0.008396
v -0.028565 0.010889 -0.006045
v -0.033000 0.010835 -0.005611
v -0.028292 0.015299 -0.004109
v -0.033000 0.015241 -0.003649
v -0.028199 0.020004 -0.003053
v -0.033000 0.019946 -0.002584
v -0.029397 -0.000637 -0.021190
v -0.027769 0.001131 -0.017007
v -0.026342 0.003740 -0.013209
v -0.025170 0.007089 -0.009941
v -0.024300 0.011049 -0.007328
v -0.023765 0.015469 -0.005472
v -0.023584 0.020178 -0.004443
v -0.027769 -0.000529 -0.022053
v -0.025405 0.001288 -0.018261
v -0.023333 0.003939 -0.014805
v -0.021633 0.007324 -0.011817
v -0.020370 0.011310 -0.009413
v -0.019592 0.015746 -0.007685
v -0.019329 0.020460 -0.006699
v -0.026342 -0.000384 -0.023215
v -0.023333 0.001499 -0.019948
v -0.020697 0.004208 -0.016952
v -0.018533 0.007639 -0.014342
v -0.016925 0.011661 -0.012218
v -0.015935 0.016118 -0.010663
v -0.015601 0.020840 -0.009735
v -0.025170 -0.000207 -0.024631
v -0.021633 0.001756 -0.022003
v -0.018533 0.004535 -0.019568
v -0.015989 0.008024 -0.017418
v -0.014098 0.012089 -0.015637
v -0.012934 0.016572 -0.014292
v -0.012541 0.021303 -0.013435
v -0.024300 -0.000005 -0.026246
v -0.020370 0.002049 -0.024349
v -0.016925 0.004909 -0.022553
v -0.014098 0.008463 -0.020928
v -0.011997 0.012577 -0.019537
v -0.010704 0.017090 -0.018432
v -0.010267 0.021831 -0.017656
v -0.023765 0.000215 -0.027999
v -0.019592 0.002368 -0.026893
v -0.015935 0.005314 -0.025792
v -0.012934 0.008940 -0.024736
v -0.010704 0.013106 -0.023768
v -0.009330 0.017652 -0.022924
v -0.008867 0.022404 -0.022237
v -0.023584 0.000443 -0.029822
v -0.019329 0.002699 -0.029540
v -0.015601 0.005735 -0.029160
v -0.012541 0.009435 -0.028697
v -0.010267 0.013656 -0.028169
v -0.008867 0.018237 -0.027596
v -0.008394 0.023000 -0.027000
v -0.023765 0.000671 -0.031645
v -0.019592 0.003030 -0.032186
v -0.015935 0.006157 -0.032528
v -0.012934 0.009931 -0.032657
v -0.010704 0.014207 -0.032570
v -0.009330 0.018821 -0.032268
v -0.008867 0.023596 -0.031763
v -0.024300 0.000890 -0.033397
v -0.020370 0.003348 -0.034731
v -0.016925 0.006562 -0.035767
v -0.014098 0.010407 -0.036466
v -0.011997 0.014736 -0.036801
v -0.010704 0.019383 -0.036760
v -0.010267 0.024169 -0.036344
v -0.025170 0.001092 -0.035013
v -0.021633 0.003642 -0.037076
v -0.018533 0.006935 -0.038751
v -0.015989 0.010846 -0.039976
v -0.014098 0.015224 -0.040701
v -0.012934 0.019901 -0.040900
v -0.012541 0.024697 -0.040565
v -0.026342 0.001269 -0.036429
v -0.023333 0.003899 -0.039131
v -0.020697 0.007262 -0.041368
v -0.018533 0.011231 -0.043052
v -0.016925 0.015652 -0.044119
v -0.015935 0.020355 -0.044529
v -0.015601 0.025160 -0.044265
v -0.027769 0.001414 -0.037591
v -0.025405 0.004110 -0.040818
v -0.023333 0.007531 -0.043515
v -0.021633 0.011547 -0.045577
v -0.020370 0.016003 -0.046925
v -0.019592 0.020727 -0.047507
v -0.019329 0.025540 -0.047301
v -0.029397 0.001522 -0.038454
v -0.027769 0.004267 -0.042072
v -0.026342 0.007731 -0.045110
v -0.025170 0.011781 -0.047453
v -0.024300 0.016263 -0.049009
v -0.023765 0.021004 -0.049720
v -0.023584 0.025822 -0.049557
v -0.031163 0.001589 -0.038986
v -0.030333 0.004363 -0.042844
v -0.029606 0.007854 -0.046093
v -0.029009 0.011926 -0.048608
v -0.028565 0.016424 -0.050293
v -0.028292 0.021175 -0.051083
v -0.028199 0.025996 -0.050947
v -0.033000 0.001611 -0.039165
v -0.033000 0.004396 -0.043104
v -0.033000 0.007895 -0.046424
v -0.033000 0.011975 -0.048998
v -0.033000 0.016478 -0.050726
v -0.033000 0.021232 -0.051543
v -0.033000 0.026054 -0.051416
v -0.034837 0.001589 -0.038986
v -0.035667 0.004363 -0.042844
v -0.036394 0.007854 -0.046093
v -0.036991 0.011926 -0.048608
v -0.037435 0.016424 -0.050293
v -0.037708 0.021175 -0.051083
v -0.037800 0.025996 -0.050947
v -0.036603 0.001522 -0.038454
v -0.038231 0.004267 -0.042072
v -0.039658 0.007731 -0.045110
v -0.040829 0.011781 -0.047453
v -0.041700 0.016263 -0.049009
v -0.042236 0.021004 -0.049720
v -0.042416 0.025822 -0.049557
v -0.038231 0.001414 -0.037591
v -0.040595 0.004110 -0.040818
v -0.042666 0.007531 -0.043515
v -0.044367 0.011547 -0.045577
v -0.045630 0.016003 -0.046925
v -0.046408 0.020727 -0.047507
v -0.046671 0.025540 -0.047301
v -0.039658 0.001269 -0.036429
v -0.042666 0.003899 -0.039131
v -0.045303 0.007262 -0.041368
v -0.047467 0.011231 -0.043052
v -0.049075 0.015652 -0.044119
v -0.050065 0.020355 -0.044529
v -0.050399 0.025160 -0.044265
v -0.040829 0.001092 -0.035013
v -0.044367 0.003642 -0.037076
v -0.047467 0.006935 -0.038751
v -0.050011 0.010846 -0.039976
v -0.051902 0.015224 -0.040701
v -0.053066 0.019901 -0.040900
v -0.053459 0.024697 -0.040565
v -0.041700 0.000890 -0.033397
v -0.045630 0.003348 -0.034731
v -0.049075 0.006562 -0.035767
v -0.051902 0.010407 -0.036466
v -0.054003 0.014736 -0.036801
v -0.055296 0.019383 -0.036760
v -0.055733 0.024169 -0.036344
v -0.042236 0.000671 -0.031645
v -0.046408 0.003030 -0.032186
v -0.050065 0.006157 -0.032528
v -0.053066 0.009931 -0.032657
v -0.055296 0.014207 -0.032570
v -0.056670 0.018821 -0.032268
v -0.057133 0.023596 -0.031763
v -0.042416 0.000443 -0.029822
v -0.046671 0.002699 -0.029540
v -0.050399 0.005735 -0.029160
v -0.053459 0.009435 -0.028697
v -0.055733 0.013656 -0.028169
v -0.057133 0.018237 -0.027596
v -0.057606 0.023000 -0.027000
v -0.042236 0.000215 -0.027999
v -0.046408 0.002368 -0.026893
v -0.050065 0.005314 -0.025792
v -0.053066 0.008940 -0.024736
v -0.055296 0.013106 -0.023768
v -0.056670 0.017652 -0.022924
v -0.057133 0.022404 -0.022237
v -0.041700 -0.000005 -0.026246
v -0.045630 0.002049 -0.024349
v -0.049075 0.004909 -0.022553
v -0.051902 0.008463 -0.020928
v -0.054003 0.012577 -0.019537
v -0.055296 0.017090 -0.018432
v -0.055733 0.021831 -0.017656
v -0.040829 -0.000207 -0.024631
v -0.044367 0.001756 -0.022003
v -0.047467 0.004535 -0.019568
v -0.050011 0.008024 -0.017418
v -0.051902 0.012089 -0.015637
v -0.053066 0.016572 -0.014292
v -0.053459 0.021303 -0.013435
v -0.039658 -0.000384 -0.023215
v -0.042666 0.001499 -0.019948
v -0.045303 0.004208 -0.016952
v -0.047467 0.007639 -0.014342
v -0.049075 0.011661 -0.012218
v -0.050065 0.016118 -0.010663
v -0.050399 0.020840 -0.009735
v -0.038231 -0.000529 -0.022053
v -0.040595 0.001288 -0.018261
v -0.042666 0.003939 -0.014805
v -0.044367 0.007324 -0.011817
v -0.045630 0.011310 -0.009413
v -0.046408 0.015746 -0.007685
v -0.046671 0.020460 -0.006699
v -0.036603 -0.000637 -0.021190
v -0.038231 0.001131 -0.017007
v -0.039658 0.003740 -0.013209
v -0.040829 0.007089 -0.009941
v -0.041700 0.011049 -0.007328
v -0.042236 0.015469 -0.005472
v -0.042416 0.020178 -0.004443
v -0.034837 -0.000704 -0.020658
v -0.035667 0.001035 -0.016235
v -0.036394 0.003617 -0.012227
v -0.036991 0.006944 -0.008786
v -0.037435 0.010889 -0.006045
v -0.037708 0.015299 -0.004109
v -0.037800 0.020004 -0.003053
v -0.053399 0.210160 -0.023265
v -0.049671 0.210540 -0.026301
v -0.056459 0.209697 -0.019565
v -0.058733 0.209169 -0.015344
v -0.060134 0.208596 -0.010763
v -0.060606 0.208000 -0.006000
v -0.060134 0.207404 -0.001237
v -0.058733 0.206831 0.003344
v -0.056459 0.206303 0.007565
v -0.053399 0.205840 0.011265
v -0.049671 0.205460 0.014301
v -0.045416 0.205178 0.016557
v -0.040800 0.205004 0.017947
v -0.036000 0.204946 0.018416
v -0.031199 0.205004 0.017947
v -0.026584 0.205178 0.016557
v -0.022329 0.205460 0.014301
v -0.018601 0.205840 0.011265
v -0.015541 0.206303 0.007565
v -0.013267 0.206831 0.003344
v -0.011867 0.207404 -0.001237
v -0.011394 0.208000 -0.006000
v -0.011867 0.208596 -0.010763
v -0.013267 0.209169 -0.015344
v -0.015541 0.209697 -0.019565
v -0.018601 0.210160 -0.023265
v -0.022329 0.210540 -0.026301
v -0.026584 0.210822 -0.028557
v -0.031199 0.210996 -0.029947
v -0.036000 0.211054 -0.030416
v -0.040801 0.210996 -0.029947
v -0.045416 0.210822 -0.028557
v -0.052458 0.215212 -0.021684
v -0.048931 0.215572 -0.024556
v -0.055352 0.214775 -0.018184
v -0.057503 0.214275 -0.014191
v -0.058828 0.213733 -0.009859
v -0.059275 0.213170 -0.005353
v -0.058828 0.212606 -0.000848
v -0.057503 0.212064 0.003485
v -0.055352 0.211564 0.007477
v -0.052458 0.211127 0.010977
v -0.048931 0.210767 0.013849
v -0.044907 0.210500 0.015984
v -0.040541 0.210336 0.017298
v -0.036000 0.210280 0.017742
v -0.031459 0.210336 0.017298
v -0.027093 0.210500 0.015984
v -0.023069 0.210767 0.013849
v -0.019542 0.211127 0.010977
v -0.016648 0.211564 0.007477
v -0.014497 0.212064 0.003485
v -0.013172 0.212606 -0.000848
v -0.012725 0.213170 -0.005353
v -0.013172 0.213733 -0.009859
v -0.014497 0.214275 -0.014191
v -0.016648 0.214775 -0.018184
v -0.019542 0.215212 -0.021684
v -0.023069 0.215572 -0.024556
v -0.027093 0.215839 -0.026690
v -0.031459 0.216003 -0.028004
v -0.036000 0.216059 -0.028448
v -0.040541 0.216003 -0.028004
v -0.044907 0.215839 -0.026690
vt 0.441026 0.000181
vt 0.442700 0.000016
vt 0.441026 0.000000
vt 0.444309 0.000065
vt 0.445792 0.000143
vt 0.447092 0.000249
vt 0.448159 0.000378
vt 0.448952 0.000525
vt 0.449440 0.000684
vt 0.449605 0.000850
vt 0.449440 0.001016
vt 0.448952 0.001175
vt 0.448159 0.001322
vt 0.447092 0.001451
vt 0.445792 0.001556
vt 0.444309 0.001635
vt 0.442700 0.001683
vt 0.441026 0.001700
vt 0.439352 0.001683
vt 0.437743 0.001635
vt 0.436260 0.001556
vt 0.434960 0.001451
vt 0.433893 0.001322
vt 0.433100 0.001175
vt 0.432612 0.001016
vt 0.432447 0.000850
vt 0.432612 0.000684
vt 0.433100 0.000525
vt 0.433893 0.000378
vt 0.434960 0.000249
vt 0.436260 0.000143
vt 0.437743 0.000065
vt 0.439352 0.000016
vt 0.444309 0.001196
vt 0.441026 0.001164
vt 0.445792 0.003676
vt 0.441026 0.003629
vt 0.447092 0.007359
vt 0.441026 0.007300
vt 0.448159 0.012105
vt 0.441026 0.012035
vt 0.448952 0.017730
vt 0.441026 0.017653
vt 0.449440 0.024020
vt 0.441026 0.023938
vt 0.449605 0.030731
vt 0.441026 0.030648
vt 0.447466 0.001291
vt 0.450375 0.003814
vt 0.452925 0.007534
vt 0.455018 0.012311
vt 0.456573 0.017959
vt 0.457531 0.024263
vt 0.457854 0.030979
vt 0.450375 0.001445
vt 0.454599 0.004037
vt 0.458301 0.007819
vt 0.461339 0.012646
vt 0.463597 0.018331
vt 0.464987 0.024658
vt 0.465456 0.031382
vt 0.452925 0.001653
vt 0.458301 0.004338
vt 0.463013 0.008202
vt 0.466880 0.013096
vt 0.469753 0.018832
vt 0.471523 0.025189
vt 0.472120 0.031924
vt 0.455018 0.001905
vt 0.461339 0.004705
vt 0.466880 0.008669
vt 0.471427 0.013645
vt 0.474806 0.019442
vt 0.476886 0.025836
vt 0.477589 0.032584
vt 0.456573 0.002194
vt 0.463597 0.005123
vt 0.469753 0.009201
vt 0.474806 0.014271
vt 0.478560 0.020138
vt 0.480872 0.026575
vt 0.481652 0.033337
vt 0.457531 0.002506
vt 0.464987 0.005577
vt 0.471523 0.009779
vt 0.476886 0.014951
vt 0.480872 0.020893
vt 0.483326 0.027377
vt 0.484155 0.034154
vt 0.457854 0.002831
vt 0.465456 0.006049
vt 0.472120 0.010380
vt 0.477589 0.015657
vt 0.481652 0.021678
vt 0.484155 0.028210
vt 0.485000 0.035004
vt 0.457531 0.003157
vt 0.464987 0.006522
vt 0.471523 0.010981
vt 0.476886 0.016364
vt 0.480872 0.022463
vt 0.483326 0.029044
vt 0.484155 0.035854
vt 0.456573 0.003469
vt 0.463597 0.006976
vt 0.469753 0.011559
vt 0.474806 0.017043
vt 0.478560 0.023218
vt 0.480872 0.029845
vt 0.481652 0.036671
vt 0.455018 0.003758
vt 0.461339 0.007394
vt 0.466880 0.012092
vt 0.471427 0.017670
vt 0.474806 0.023914
vt 0.476886 0.030584
vt 0.477589 0.037424
vt 0.452925 0.004010
vt 0.458301 0.007761
vt 0.463013 0.012558
vt 0.466880 0.018218
vt 0.469753 0.024524
vt 0.471523 0.031231
vt 0.472120 0.038084
vt 0.450375 0.004218
vt 0.454599 0.008062
vt 0.458301 0.012941
vt 0.461339 0.018669
vt 0.463597 0.025024
vt 0.464987 0.031763
vt 0.465456 0.038626
vt 0.447466 0.004372
vt 0.450375 0.008285
vt 0.452925 0.013226
vt 0.455018 0.019004
vt 0.456573 0.025396
vt 0.457531 0.032157
vt 0.457854 0.039029
vt 0.444309 0.004467
vt 0.445792 0.008423
vt 0.447092 0.013401
vt 0.448159 0.019210
vt 0.448952 0.025625
vt 0.449440 0.032401
vt 0.449605 0.039276
vt 0.441026 0.004499
vt 0.441026 0.008470
vt 0.441026 0.013461
vt 0.441026 0.019279
vt 0.441026 0.025702
vt 0.441026 0.032483
vt 0.441026 0.039360
vt 0.437743 0.004467
vt 0.436260 0.008423
vt 0.434960 0.013401
vt 0.433893 0.019210
vt 0.433100 0.025625
vt 0.432612 0.032401
vt 0.432447 0.039276
vt 0.434586 0.004372
vt 0.431677 0.008285
vt 0.429127 0.013226
vt 0.427034 0.019004
vt 0.425479 0.025396
vt 0.424521 0.032157
vt 0.424198 0.039029
vt 0.431677 0.004218
vt 0.427453 0.008062
vt 0.423751 0.012941
vt 0.420713 0.018669
vt 0.418455 0.025024
vt 0.417065 0.031763
vt 0.416595 0.038626
vt 0.429127 0.004010
vt 0.423751 0.007761
vt 0.419039 0.012558
vt 0.415172 0.018218
vt 0.412299 0.024524
vt 0.410529 0.031231
vt 0.409932 0.038084
vt 0.427034 0.003758
vt 0.420713 0.007394
vt 0.415172 0.012092
vt 0.410625 0.017670
vt 0.407246 0.023914
vt 0.405166 0.030584
vt 0.404463 0.037424
vt 0.425479 0.003469
vt 0.418455 0.006976
vt 0.412299 0.011559
vt 0.407246 0.017043
vt 0.403492 0.023218
vt 0.401180 0.029845
vt 0.400399 0.036671
vt 0.424521 0.003157
vt 0.417065 0.006522
vt 0.410529 0.010981
vt 0.405166 0.016364
vt 0.401180 0.022463
vt 0.398726 0.029044
vt 0.397897 0.035854
vt 0.424198 0.002831
vt 0.416595 0.006049
vt 0.409932 0.010380
vt 0.404463 0.015657
vt 0.400399 0.021678
vt 0.397897 0.028210
vt 0.397052 0.035004
vt 0.424521 0.002506
vt 0.417065 0.005577
vt 0.410529 0.009779
vt 0.405166 0.014951
vt 0.401180 0.020893
vt 0.398726 0.027377
vt 0.397897 0.034154
vt 0.425479 0.002194
vt 0.418455 0.005123
vt 0.412299 0.009201
vt 0.407246 0.014271
vt 0.403492 0.020138
vt 0.401180 0.026575
vt 0.400399 0.033337
vt 0.427034 0.001905
vt 0.420713 0.004705
vt 0.415172 0.008669
vt 0.410625 0.013645
vt 0.407246 0.019442
vt 0.405166 0.025836
vt 0.404463 0.032584
vt 0.429127 0.001653
vt 0.423751 0.004338
vt 0.419039 0.008202
vt 0.415172 0.013096
vt 0.412299 0.018832
vt 0.410529 0.025189
vt 0.409932 0.031924
vt 0.431677 0.001445
vt 0.427453 0.004037
vt 0.423751 0.007819
vt 0.420713 0.012646
vt 0.418455 0.018331
vt 0.417065 0.024658
vt 0.416595 0.031382
vt 0.434586 0.001291
vt 0.431677 0.003814
vt 0.429127 0.007534
vt 0.427034 0.012311
vt 0.425479 0.017959
vt 0.424521 0.024263
vt 0.424198 0.030979
vt 0.437743 0.001196
vt 0.436260 0.003676
vt 0.434960 0.007359
vt 0.433893 0.012105
vt 0.433100 0.017730
vt 0.432612 0.024020
vt 0.432447 0.030731
vt 0.404570 0.301939
vt 0.411234 0.302481
vt 0.399102 0.301279
vt 0.395038 0.300526
vt 0.392536 0.299709
vt 0.391691 0.298859
vt 0.392536 0.298009
vt 0.395038 0.297192
vt 0.399102 0.296439
vt 0.404570 0.295779
vt 0.411234 0.295237
vt 0.418837 0.294834
vt 0.427086 0.294586
vt 0.435665 0.294503
vt 0.444244 0.294586
vt 0.452493 0.294834
vt 0.460095 0.295237
vt 0.466759 0.295779
vt 0.472228 0.296439
vt 0.476291 0.297192
vt 0.478793 0.298009
vt 0.479638 0.298859
vt 0.478793 0.299709
vt 0.476291 0.300526
vt 0.472228 0.301279
vt 0.466759 0.301939
vt 0.460095 0.302481
vt 0.452493 0.302884
vt 0.444244 0.303132
vt 0.435665 0.303215
vt 0.427086 0.303132
vt 0.418837 0.302884
vt 0.406253 0.309146
vt 0.412556 0.309658
vt 0.401080 0.308521
vt 0.397236 0.307809
vt 0.394870 0.307036
vt 0.394070 0.306232
vt 0.394870 0.305428
vt 0.397236 0.304655
vt 0.401080 0.303943
vt 0.406253 0.303318
vt 0.412556 0.302806
vt 0.419747 0.302425
vt 0.427550 0.302191
vt 0.435665 0.302111
vt 0.443779 0.302191
vt 0.451582 0.302425
vt 0.458773 0.302806
vt 0.465076 0.303318
vt 0.470249 0.303943
vt 0.474093 0.304655
vt 0.476460 0.305428
vt 0.477259 0.306232
vt 0.476460 0.307036
vt 0.474093 0.307809
vt 0.470249 0.308521
vt 0.465076 0.309146
vt 0.458773 0.309658
vt 0.451582 0.310039
vt 0.443779 0.310273
vt 0.435665 0.310353
vt 0.427550 0.310273
vt 0.419747 0.310039
vn -0.000000 -0.992266 -0.124129
vn 0.038056 -0.996952 0.068100
vn -0.000000 -0.997418 0.071820
vn 0.074652 -0.995574 0.057086
vn 0.108378 -0.993337 0.039197
vn 0.137937 -0.990325 0.015126
vn 0.162196 -0.986656 -0.014205
vn 0.180224 -0.982470 -0.047670
vn 0.191324 -0.977928 -0.083977
vn 0.195073 -0.973203 -0.121744
vn 0.191324 -0.968479 -0.159512
vn 0.180224 -0.963937 -0.195819
vn 0.162196 -0.959751 -0.229283
vn 0.137937 -0.956081 -0.258615
vn 0.108378 -0.953070 -0.282686
vn 0.074653 -0.950832 -0.300574
vn 0.038061 -0.949454 -0.311589
vn -0.000000 -0.948989 -0.315309
vn -0.038060 -0.949454 -0.311589
vn -0.074653 -0.950832 -0.300575
vn -0.108378 -0.953070 -0.282686
vn -0.137937 -0.956081 -0.258615
vn -0.162196 -0.959751 -0.229283
vn -0.180224 -0.963937 -0.195819
vn -0.191324 -0.968480 -0.159507
vn -0.195074 -0.973203 -0.121744
vn -0.191325 -0.977927 -0.083983
vn -0.180224 -0.982470 -0.047670
vn -0.162196 -0.986656 -0.014205
vn -0.137938 -0.990325 0.015126
vn -0.108378 -0.993337 0.039197
vn -0.074651 -0.995574 0.057086
vn -0.038055 -0.996952 0.068101
vn 0.074652 -0.963333 0.257713
vn -0.000000 -0.964246 0.265010
vn 0.108380 -0.892696 0.437433
vn -0.000000 -0.894021 0.448026
vn 0.137945 -0.787752 0.600348
vn 0.000000 -0.789438 0.613830
vn 0.162207 -0.652531 0.740197
vn 0.000000 -0.654514 0.756050
vn 0.180237 -0.492230 0.851601
vn 0.000000 -0.494434 0.869215
vn 0.191342 -0.313005 0.930277
vn 0.000000 -0.315344 0.948977
vn 0.194920 -0.163217 0.967144
vn -0.000001 -0.167041 0.985950
vn 0.146437 -0.960629 0.236108
vn 0.212598 -0.888771 0.406065
vn 0.270587 -0.782758 0.560422
vn 0.318181 -0.646658 0.693249
vn 0.353548 -0.485705 0.799434
vn 0.375328 -0.306077 0.874898
vn 0.382366 -0.154987 0.910920
vn 0.212591 -0.956240 0.201021
vn 0.308638 -0.882400 0.355125
vn 0.392826 -0.774649 0.495587
vn 0.461926 -0.637119 0.617011
vn 0.513273 -0.475108 0.714719
vn 0.544892 -0.294828 0.784965
vn 0.555126 -0.142671 0.819439
vn 0.270577 -0.950333 0.153803
vn 0.392822 -0.873824 0.286571
vn 0.499975 -0.763735 0.408331
vn 0.587922 -0.624283 0.514411
vn 0.653271 -0.460847 0.600714
vn 0.693516 -0.279689 0.663935
vn 0.706559 -0.126741 0.696212
vn 0.318164 -0.943136 0.096265
vn 0.461910 -0.863374 0.203038
vn 0.587911 -0.750434 0.302010
vn 0.691325 -0.608644 0.389387
vn 0.768167 -0.443468 0.461797
vn 0.815490 -0.261240 0.516458
vn 0.830831 -0.107812 0.545982
vn 0.353524 -0.934924 0.030623
vn 0.513246 -0.851452 0.107742
vn 0.653250 -0.735259 0.180719
vn 0.768157 -0.590802 0.246754
vn 0.853543 -0.423639 0.303306
vn 0.906125 -0.240192 0.348203
vn 0.923161 -0.086612 0.374529
vn 0.375298 -0.926014 -0.040605
vn 0.544858 -0.838517 0.004330
vn 0.693487 -0.718794 0.049102
vn 0.815471 -0.571441 0.091989
vn 0.906115 -0.402126 0.131341
vn 0.961935 -0.217353 0.165644
vn 0.979998 -0.063950 0.188450
vn 0.382653 -0.916747 -0.114682
vn 0.555533 -0.825063 -0.103212
vn 0.707074 -0.701670 -0.087776
vn 0.831448 -0.551305 -0.068966
vn 0.923867 -0.379754 -0.047506
vn 0.980781 -0.193601 -0.024218
vn 0.999158 -0.040703 -0.005092
vn 0.375298 -0.907481 -0.188759
vn 0.544858 -0.811611 -0.210755
vn 0.693487 -0.684548 -0.224656
vn 0.815471 -0.531171 -0.229922
vn 0.906115 -0.357379 -0.226353
vn 0.961935 -0.169852 -0.214082
vn 0.979908 -0.017769 -0.198658
vn 0.353524 -0.898570 -0.259987
vn 0.513245 -0.798673 -0.314167
vn 0.653250 -0.668083 -0.356273
vn 0.768158 -0.511811 -0.384687
vn 0.853543 -0.335868 -0.398317
vn 0.906124 -0.147016 -0.396642
vn 0.922992 0.003977 -0.384799
vn 0.318164 -0.890358 -0.325628
vn 0.461910 -0.786753 -0.409461
vn 0.587913 -0.652912 -0.477561
vn 0.691327 -0.493966 -0.527319
vn 0.768167 -0.316044 -0.556808
vn 0.815491 -0.125967 -0.564895
vn 0.830608 0.023699 -0.556353
vn 0.270577 -0.883160 -0.383166
vn 0.392820 -0.776304 -0.492995
vn 0.499975 -0.639612 -0.583885
vn 0.587924 -0.478323 -0.652344
vn 0.653271 -0.298668 -0.695726
vn 0.693516 -0.107519 -0.712372
vn 0.706312 0.040634 -0.706734
vn 0.212591 -0.877254 -0.430385
vn 0.308635 -0.767727 -0.561550
vn 0.392823 -0.628696 -0.671142
vn 0.461925 -0.465490 -0.754946
vn 0.513272 -0.284405 -0.809732
vn 0.544890 -0.092378 -0.833404
vn 0.554891 0.054128 -0.830160
vn 0.146437 -0.872864 -0.465472
vn 0.212599 -0.761354 -0.612489
vn 0.270588 -0.620584 -0.735974
vn 0.318181 -0.455955 -0.831183
vn 0.353546 -0.273804 -0.894448
vn 0.375326 -0.081128 -0.923336
vn 0.382180 0.063667 -0.921892
vn 0.074653 -0.870162 -0.487078
vn 0.108380 -0.757431 -0.643857
vn 0.137945 -0.615589 -0.775900
vn 0.162209 -0.450082 -0.878131
vn 0.180240 -0.267278 -0.946613
vn 0.191343 -0.074199 -0.978715
vn 0.194815 0.068890 -0.978418
vn -0.000000 -0.869248 -0.494376
vn 0.000000 -0.756105 -0.654450
vn 0.000000 -0.613902 -0.789382
vn 0.000000 -0.448098 -0.893984
vn -0.000000 -0.265075 -0.964228
vn 0.000000 -0.071857 -0.997415
vn 0.000001 0.069597 -0.997575
vn -0.074653 -0.870162 -0.487078
vn -0.108379 -0.757431 -0.643857
vn -0.137945 -0.615589 -0.775900
vn -0.162210 -0.450082 -0.878131
vn -0.180240 -0.267278 -0.946613
vn -0.191343 -0.074199 -0.978715
vn -0.194779 0.065755 -0.978640
vn -0.146437 -0.872864 -0.465472
vn -0.212599 -0.761354 -0.612489
vn -0.270588 -0.620584 -0.735974
vn -0.318181 -0.455955 -0.831183
vn -0.353546 -0.273804 -0.894447
vn -0.375326 -0.081128 -0.923335
vn -0.382051 0.057519 -0.922349
vn -0.212591 -0.877254 -0.430385
vn -0.308638 -0.767727 -0.561550
vn -0.392826 -0.628696 -0.671140
vn -0.461926 -0.465492 -0.754945
vn -0.513272 -0.284405 -0.809732
vn -0.544890 -0.092378 -0.833403
vn -0.554624 0.045210 -0.830872
vn -0.270577 -0.883160 -0.383166
vn -0.392822 -0.776303 -0.492996
vn -0.499975 -0.639612 -0.583884
vn -0.587923 -0.478326 -0.652342
vn -0.653273 -0.298667 -0.695725
vn -0.693519 -0.107520 -0.712370
vn -0.705885 0.029291 -0.707720
vn -0.318164 -0.890358 -0.325628
vn -0.461910 -0.786752 -0.409463
vn -0.587910 -0.652912 -0.477564
vn -0.691325 -0.493967 -0.527320
vn -0.768168 -0.316042 -0.556808
vn -0.815492 -0.125968 -0.564894
vn -0.830026 0.010373 -0.557628
vn -0.353526 -0.898570 -0.259985
vn -0.513247 -0.798674 -0.314163
vn -0.653250 -0.668084 -0.356270
vn -0.768158 -0.511810 -0.384686
vn -0.853543 -0.335867 -0.398319
vn -0.906123 -0.147015 -0.396646
vn -0.922287 -0.010811 -0.386355
vn -0.375300 -0.907480 -0.188757
vn -0.544858 -0.811611 -0.210755
vn -0.693485 -0.684550 -0.224656
vn -0.815472 -0.531170 -0.229922
vn -0.906115 -0.357380 -0.226353
vn -0.961935 -0.169852 -0.214082
vn -0.979131 -0.033448 -0.200461
vn -0.382654 -0.916746 -0.114682
vn -0.555532 -0.825064 -0.103213
vn -0.707072 -0.701673 -0.087777
vn -0.831448 -0.551305 -0.068966
vn -0.923867 -0.379755 -0.047506
vn -0.980781 -0.193601 -0.024219
vn -0.998368 -0.056670 -0.007088
vn -0.375300 -0.926013 -0.040607
vn -0.544858 -0.838517 0.004330
vn -0.693485 -0.718796 0.049102
vn -0.815471 -0.571441 0.091989
vn -0.906115 -0.402127 0.131341
vn -0.961935 -0.217354 0.165644
vn -0.979255 -0.079594 0.186347
vn -0.353526 -0.934923 0.030621
vn -0.513247 -0.851452 0.107737
vn -0.653250 -0.735260 0.180716
vn -0.768157 -0.590802 0.246753
vn -0.853543 -0.423639 0.303306
vn -0.906124 -0.240193 0.348205
vn -0.922515 -0.101333 0.372422
vn -0.318164 -0.943136 0.096265
vn -0.461910 -0.863374 0.203038
vn -0.587910 -0.750434 0.302011
vn -0.691325 -0.608644 0.389387
vn -0.768167 -0.443468 0.461797
vn -0.815491 -0.261240 0.516458
vn -0.830319 -0.121049 0.543982
vn -0.270577 -0.950333 0.153803
vn -0.392822 -0.873824 0.286572
vn -0.499974 -0.763735 0.408333
vn -0.587922 -0.624283 0.514411
vn -0.653271 -0.460847 0.600714
vn -0.693516 -0.279690 0.663935
vn -0.706196 -0.137989 0.694440
vn -0.212591 -0.956240 0.201021
vn -0.308638 -0.882400 0.355125
vn -0.392826 -0.774649 0.495587
vn -0.461926 -0.637119 0.617012
vn -0.513273 -0.475108 0.714719
vn -0.544892 -0.294828 0.784964
vn -0.554906 -0.151503 0.818001
vn -0.146436 -0.960630 0.236108
vn -0.212597 -0.888771 0.406064
vn -0.270587 -0.782758 0.560422
vn -0.318181 -0.646658 0.693249
vn -0.353548 -0.485705 0.799434
vn -0.375327 -0.306077 0.874898
vn -0.382262 -0.161069 0.909908
vn -0.074650 -0.963333 0.257713
vn -0.108380 -0.892696 0.437433
vn -0.137944 -0.787752 0.600348
vn -0.162207 -0.652531 0.740197
vn -0.180237 -0.492230 0.851601
vn -0.191341 -0.313005 0.930278
vn -0.194892 -0.166316 0.966621
vn -0.702404 0.201436 -0.682680
vn -0.551842 0.217268 -0.805149
vn -0.825953 0.182618 -0.533341
vn -0.917723 0.161538 -0.362890
vn -0.974182 0.139009 -0.177894
vn -0.993155 0.115901 0.014500
vn -0.973926 0.093104 0.206881
vn -0.917249 0.071496 0.391845
vn -0.825329 0.051909 0.562261
vn -0.701723 0.035097 0.711585
vn -0.551205 0.021703 0.834087
vn -0.379586 0.012240 0.925075
vn -0.193465 0.007069 0.981082
vn -0.000001 0.006385 0.999980
vn 0.193387 0.010211 0.981069
vn 0.379280 0.018397 0.925099
vn 0.550561 0.030628 0.834233
vn 0.700685 0.046435 0.711958
vn 0.823904 0.065209 0.562965
vn 0.915505 0.086235 0.392956
vn 0.971976 0.108706 0.208438
vn 0.991144 0.131761 0.016483
vn 0.972265 0.154519 -0.175571
vn 0.916037 0.176108 -0.360364
vn 0.824598 0.195698 -0.530793
vn 0.701431 0.212536 -0.680311
vn 0.551245 0.225973 -0.803160
vn 0.379796 0.235491 -0.894594
vn 0.193659 0.240720 -0.951078
vn 0.000001 0.241457 -0.970412
vn -0.193731 0.237670 -0.951831
vn -0.380078 0.229502 -0.896030
vn -0.685087 0.330737 -0.649053
vn -0.538268 0.345693 -0.768611
vn -0.805577 0.312512 -0.503371
vn -0.895108 0.291721 -0.337164
vn -0.950243 0.269160 -0.156814
vn -0.968859 0.245698 0.030736
vn -0.950243 0.222237 0.218287
vn -0.895109 0.199676 0.398635
vn -0.805576 0.178883 0.564843
vn -0.685085 0.160658 0.710526
vn -0.538267 0.145702 0.830084
vn -0.370766 0.134588 0.918923
vn -0.189015 0.127744 0.973630
vn -0.000000 0.125434 0.992102
vn 0.189017 0.127744 0.973629
vn 0.370768 0.134588 0.918922
vn 0.538267 0.145702 0.830084
vn 0.685085 0.160658 0.710526
vn 0.805576 0.178883 0.564843
vn 0.895110 0.199676 0.398633
vn 0.950244 0.222236 0.218285
vn 0.968859 0.245698 0.030736
vn 0.950243 0.269160 -0.156814
vn 0.895109 0.291721 -0.337164
vn 0.805577 0.312512 -0.503371
vn 0.685086 0.330737 -0.649053
vn 0.538268 0.345693 -0.768612
vn 0.370767 0.356806 -0.857450
vn 0.189012 0.363650 -0.912159
vn 0.000000 0.365960 -0.930630
vn -0.189012 0.363650 -0.912158
vn -0.370768 0.356807 -0.857450
s 1
g rShin
usemtl default
f 1960/1960/1960 1961/1961/1961 1962/1962/1962
f 1960/1960/1960 1963/1963/1963 1961/1961/1961
f 1960/1960/1960 1964/1964/1964 1963/1963/1963
f 1960/1960/1960 1965/1965/1965 1964/1964/1964
f 1960/1960/1960 1966/1966/1966 1965/1965/1965
f 1960/1960/1960 1967/1967/1967 1966/1966/1966
f 1960/1960/1960 1968/1968/1968 1967/1967/1967
f 1960/1960/1960 1969/1969/1969 1968/1968/1968
f 1960/1960/1960 1970/1970/1970 1969/1969/1969
f 1960/1960/1960 1971/1971/1971 1970/1970/1970
f 1960/1960/1960 1972/1972/1972 1971/1971/1971
f 1960/1960/1960 1973/1973/1973 1972/1972/1972
f 1960/1960/1960 1974/1974/1974 1973/1973/1973
f 1960/1960/1960 1975/1975/1975 1974/1974/1974
f 1960/1960/1960 1976/1976/1976 1975/1975/1975
f 1960/1960/1960 1977/1977/1977 1976/1976/1976
f 1960/1960/1960 1978/1978/1978 1977/1977/1977
f 1960/1960/1960 1979/1979/1979 1978/1978/1978
f 1960/1960/1960 1980/1980/1980 1979/1979/1979
f 1960/1960/1960 1981/1981/1981 1980/1980/1980
f 1960/1960/1960 1982/1982/1982 1981/1981/1981
f 1960/1960/1960 1983/1983/1983 1982/1982/1982
f 1960/1960/1960 1984/1984/1984 1983/1983/1983
f 1960/1960/1960 1985/1985/1985 1984/1984/1984
f 1960/1960/1960 1986/1986/1986 1985/1985/1985
f 1960/1960/1960 1987/1987/1987 1986/1986/1986
f 1960/1960/1960 1988/1988/1988 1987/1987/1987
f 1960/1960/1960 1989/1989/1989 1988/1988/1988
f 1960/1960/1960 1990/1990/1990 1989/1989/1989
f 1960/1960/1960 1991/1991/1991 1990/1990/1990
f 1960/1960/1960 1992/1992/1992 1991/1991/1991
f 1960/1960/1960 1962/1962/1962 1992/1992/1992
f 1962/1962/1962 1961/1961/1961 1993/1993/1993 1994/1994/1994
f 1994/1994/1994 1993/1993/1993 1995/1995/1995 1996/1996/1996
f 1996/1996/1996 1995/1995/1995 1997/1997/1997 1998/1998/1998
f 1998/1998/1998 1997/1997/1997 1999/1999/1999 2000/2000/2000
f 2000/2000/2000 1999/1999/1999 2001/2001/2001 2002/2002/2002
f 2002/2002/2002 2001/2001/2001 2003/2003/2003 2004/2004/2004
f 2004/2004/2004 2003/2003/2003 2005/2005/2005 2006/2006/2006
f 1961/1961/1961 1963/1963/1963 2007/2007/2007 1993/1993/1993
f 1993/1993/1993 2007/2007/2007 2008/2008/2008 1995/1995/1995
f 1995/1995/1995 2008/2008/2008 2009/2009/2009 1997/1997/1997
f 1997/1997/1997 2009/2009/2009 2010/2010/2010 1999/1999/1999
f 1999/1999/1999 2010/2010/2010 2011/2011/2011 2001/2001/2001
f 2001/2001/2001 2011/2011/2011 2012/2012/2012 2003/2003/2003
f 2003/2003/2003 2012/2012/2012 2013/2013/2013 2005/2005/2005
f 1963/1963/1963 1964/1964/1964 2014/2014/2014 2007/2007/2007
f 2007/2007/2007 2014/2014/2014 2015/2015/2015 2008/2008/2008
f 2008/2008/2008 2015/2015/2015 2016/2016/2016 2009/2009/2009
f 2009/2009/2009 2016/2016/2016 2017/2017/2017 2010/2010/2010
f 2010/2010/2010 2017/2017/2017 2018/2018/2018 2011/2011/2011
f 2011/2011/2011 2018/2018/2018 2019/2019/2019 2012/2012/2012
f 2012/2012/2012 2019/2019/2019 2020/2020/2020 2013/2013/2013
f 1964/1964/1964 1965/1965/1965 2021/2021/2021 2014/2014/2014
f 2014/2014/2014 2021/2021/2021 2022/2022/2022 2015/2015/2015
f 2015/2015/2015 2022/2022/2022 2023/2023/2023 2016/2016/2016
f 2016/2016/2016 2023/2023/2023 2024/2024/2024 2017/2017/2017
f 2017/2017/2017 2024/2024/2024 2025/2025/2025 2018/2018/2018
f 2018/2018/2018 2025/2025/2025 2026/2026/2026 2019/2019/2019
f 2019/2019/2019 2026/2026/2026 2027/2027/2027 2020/2020/2020
f 1965/1965/1965 1966/1966/1966 2028/2028/2028 2021/2021/2021
f 2021/2021/2021 2028/2028/2028 2029/2029/2029 2022/2022/2022
f 2022/2022/2022 2029/2029/2029 2030/2030/2030 2023/2023/2023
f 2023/2023/2023 2030/2030/2030 2031/2031/2031 2024/2024/2024
f 2024/2024/2024 2031/2031/2031 2032/2032/2032 2025/2025/2025
f 2025/2025/2025 2032/2032/2032 2033/2033/2033 2026/2026/2026
f 2026/2026/2026 2033/2033/2033 2034/2034/2034 2027/2027/2027
f 1966/1966/1966 1967/1967/1967 2035/2035/2035 2028/2028/2028
f 2028/2028/2028 2035/2035/2035 2036/2036/2036 2029/2029/2029
f 2029/2029/2029 2036/2036/2036 2037/2037/2037 2030/2030/2030
f 2030/2030/2030 2037/2037/2037 2038/2038/2038 2031/2031/2031
f 2031/2031/2031 2038/2038/2038 2039/2039/2039 2032/2032/2032
f 2032/2032/2032 2039/2039/2039 2040/2040/2040 2033/2033/2033
f 2033/2033/2033 2040/2040/2040 2041/2041/2041 2034/2034/2034
f 1967/1967/1967 1968/1968/1968 2042/2042/2042 2035/2035/2035
f 2035/2035/2035 2042/2042/2042 2043/2043/2043 2036/2036/2036
f 2036/2036/2036 2043/2043/2043 2044/2044/2044 2037/2037/2037
f 2037/2037/2037 2044/2044/2044 2045/2045/2045 2038/2038/2038
f 2038/2038/2038 2045/2045/2045 2046/2046/2046 2039/2039/2039
f 2039/2039/2039 2046/2046/2046 2047/2047/2047 2040/2040/2040
f 2040/2040/2040 2047/2047/2047 2048/2048/2048 2041/2041/2041
f 1968/1968/1968 1969/1969/1969 2049/2049/2049 2042/2042/2042
f 2042/2042/2042 2049/2049/2049 2050/2050/2050 2043/2043/2043
f 2043/2043/2043 2050/2050/2050 2051/2051/2051 2044/2044/2044
f 2044/2044/2044 2051/2051/2051 2052/2052/2052 2045/2045/2045
f 2045/2045/2045 2052/2052/2052 2053/2053/2053 2046/2046/2046
f 2046/2046/2046 2053/2053/2053 2054/2054/2054 2047/2047/2047
f 2047/2047/2047 2054/2054/2054 2055/2055/2055 2048/2048/2048
f 1969/1969/1969 1970/1970/1970 2056/2056/2056 2049/2049/2049
f 2049/2049/2049 2056/2056/2056 2057/2057/2057 2050/2050/2050
f 2050/2050/2050 2057/2057/2057 2058/2058/2058 2051/2051/2051
f 2051/2051/2051 2058/2058/2058 2059/2059/2059 2052/2052/2052
f 2052/2052/2052 2059/2059/2059 2060/2060/2060 2053/2053/2053
f 2053/2053/2053 2060/2060/2060 2061/2061/2061 2054/2054/2054
f 2054/2054/2054 2061/2061/2061 2062/2062/2062 2055/2055/2055
f 1970/1970/1970 1971/1971/1971 2063/2063/2063 2056/2056/2056
f 2056/2056/2056 2063/2063/2063 2064/2064/2064 2057/2057/2057
f 2057/2057/2057 2064/2064/2064 2065/2065/2065 2058/2058/2058
f 2058/2058/2058 2065/2065/2065 2066/2066/2066 2059/2059/2059
f 2059/2059/2059 2066/2066/2066 2067/2067/2067 2060/2060/2060
f 2060/2060/2060 2067/2067/2067 2068/2068/2068 2061/2061/2061
f 2061/2061/2061 2068/2068/2068 2069/2069/2069 2062/2062/2062
f 1971/1971/1971 1972/1972/1972 2070/2070/2070 2063/2063/2063
f 2063/2063/2063 2070/2070/2070 2071/2071/2071 2064/2064/2064
f 2064/2064/2064 2071/2071/2071 2072/2072/2072 2065/2065/2065
f 2065/2065/2065 2072/2072/2072 2073/2073/2073 2066/2066/2066
f 2066/2066/2066 2073/2073/2073 2074/2074/2074 2067/2067/2067
f 2067/2067/2067 2074/2074/2074 2075/2075/2075 2068/2068/2068
f 2068/2068/2068 2075/2075/2075 2076/2076/2076 2069/2069/2069
f 1972/1972/1972 1973/1973/1973 2077/2077/2077 2070/2070/2070
f 2070/2070/2070 2077/2077/2077 2078/2078/2078 2071/2071/2071
f 2071/2071/2071 2078/2078/2078 2079/2079/2079 2072/2072/2072
f 2072/2072/2072 2079/2079/2079 2080/2080/2080 2073/2073/2073
f 2073/2073/2073 2080/2080/2080 2081/2081/2081 2074/2074/2074
f 2074/2074/2074 2081/2081/2081 2082/2082/2082 2075/2075/2075
f 2075/2075/2075 2082/2082/2082 2083/2083/2083 2076/2076/2076
f 1973/1973/1973 1974/1974/1974 2084/2084/2084 2077/2077/2077
f 2077/2077/2077 2084/2084/2084 2085/2085/2085 2078/2078/2078
f 2078/2078/2078 2085/2085/2085 2086/2086/2086 2079/2079/2079
f 2079/2079/2079 2086/2086/2086 2087/2087/2087 2080/2080/2080
f 2080/2080/2080 2087/2087/2087 2088/2088/2088 2081/2081/2081
f 2081/2081/2081 2088/2088/2088 2089/2089/2089 2082/2082/2082
f 2082/2082/2082 2089/2089/2089 2090/2090/2090 2083/2083/2083
f 1974/1974/1974 1975/1975/1975 2091/2091/2091 2084/2084/2084
f 2084/2084/2084 2091/2091/2091 2092/2092/2092 2085/2085/2085
f 2085/2085/2085 2092/2092/2092 2093/2093/2093 2086/2086/2086
f 2086/2086/2086 2093/2093/2093 2094/2094/2094 2087/2087/2087
f 2087/2087/2087 2094/2094/2094 2095/2095/2095 2088/2088/2088
f 2088/2088/2088 2095/2095/2095 2096/2096/2096 2089/2089/2089
f 2089/2089/2089 2096/2096/2096 2097/2097/2097 2090/2090/2090
f 1975/1975/1975 1976/1976/1976 2098/2098/2098 2091/2091/2091
f 2091/2091/2091 2098/2098/2098 2099/2099/2099 2092/2092/2092
f 2092/2092/2092 2099/2099/2099 2100/2100/2100 2093/2093/2093
f 2093/2093/2093 2100/2100/2100 2101/2101/2101 2094/2094/2094
f 2094/2094/2094 2101/2101/2101 2102/2102/2102 2095/2095/2095
f 2095/2095/2095 2102/2102/2102 2103/2103/2103 2096/2096/2096
f 2096/2096/2096 2103/2103/2103 2104/2104/2104 2097/2097/2097
f 1976/1976/1976 1977/1977/1977 2105/2105/2105 2098/2098/2098
f 2098/2098/2098 2105/2105/2105 2106/2106/2106 2099/2099/2099
f 2099/2099/2099 2106/2106/2106 2107/2107/2107 2100/2100/2100
f 2100/2100/2100 2107/2107/2107 2108/2108/2108 2101/2101/2101
f 2101/2101/2101 2108/2108/2108 2109/2109/2109 2102/2102/2102
f 2102/2102/2102 2109/2109/2109 2110/2110/2110 2103/2103/2103
f 2103/2103/2103 2110/2110/2110 2111/2111/2111 2104/2104/2104
f 1977/1977/1977 1978/1978/1978 2112/2112/2112 2105/2105/2105
f 2105/2105/2105 2112/2112/2112 2113/2113/2113 2106/2106/2106
f 2106/2106/2106 2113/2113/2113 2114/2114/2114 2107/2107/2107
f 2107/2107/2107 2114/2114/2114 2115/2115/2115 2108/2108/2108
f 2108/2108/2108 2115/2115/2115 2116/2116/2116 2109/2109/2109
f 2109/2109/2109 2116/2116/2116 2117/2117/2117 2110/2110/2110
f 2110/2110/2110 2117/2117/2117 2118/2118/2118 2111/2111/2111
f 1978/1978/1978 1979/1979/1979 2119/2119/2119 2112/2112/2112
f 2112/2112/2112 2119/2119/2119 2120/2120/2120 2113/2113/2113
f 2113/2113/2113 2120/2120/2120 2121/2121/2121 2114/2114/2114
f 2114/2114/2114 2121/2121/2121 2122/2122/2122 2115/2115/2115
f 2115/2115/2115 2122/2122/2122 2123/2123/2123 2116/2116/2116
f 2116/2116/2116 2123/2123/2123 2124/2124/2124 2117/2117/2117
f 2117/2117/2117 2124/2124/2124 2125/2125/2125 2118/2118/2118
f 1979/1979/1979 1980/1980/1980 2126/2126/2126 2119/2119/2119
f 2119/2119/2119 2126/2126/2126 2127/2127/2127 2120/2120/2120
f 2120/2120/2120 2127/2127/2127 2128/2128/2128 2121/2121/2121
f 2121/2121/2121 2128/2128/2128 2129/2129/2129 2122/2122/2122
f 2122/2122/2122 2129/2129/2129 2130/2130/2130 2123/2123/2123
f 2123/2123/2123 2130/2130/2130 2131/2131/2131 2124/2124/2124
f 2124/2124/2124 2131/2131/2131 2132/2132/2132 2125/2125/2125
f 1980/1980/1980 1981/1981/1981 2133/2133/2133 2126/2126/2126
f 2126/2126/2126 2133/2133/2133 2134/2134/2134 2127/2127/2127
f 2127/2127/2127 2134/2134/2134 2135/2135/2135 2128/2128/2128
f 2128/2128/2128 2135/2135/2135 2136/2136/2136 2129/2129/2129
f 2129/2129/2129 2136/2136/2136 2137/2137/2137 2130/2130/2130
f 2130/2130/2130 2137/2137/2137 2138/2138/2138 2131/2131/2131
f 2131/2131/2131 2138/2138/2138 2139/2139/2139 2132/2132/2132
f 1981/1981/1981 1982/1982/1982 2140/2140/2140 2133/2133/2133
f 2133/2133/2133 2140/2140/2140 2141/2141/2141 2134/2134/2134
f 2134/2134/2134 2141/2141/2141 2142/2142/2142 2135/2135/2135
f 2135/2135/2135 2142/2142/2142 2143/2143/2143 2136/2136/2136
f 2136/2136/2136 2143/2143/2143 2144/2144/2144 2137/2137/2137
f 2137/2137/2137 2144/2144/2144 2145/2145/2145 2138/2138/2138
f 2138/2138/2138 2145/2145/2145 2146/2146/2146 2139/2139/2139
f 1982/1982/1982 1983/1983/1983 2147/2147/2147 2140/2140/2140
f 2140/2140/2140 2147/2147/2147 2148/2148/2148 2141/2141/2141
f 2141/2141/2141 2148/2148/2148 2149/2149/2149 2142/2142/2142
f 2142/2142/2142 2149/2149/2149 2150/2150/2150 2143/2143/2143
f 2143/2143/2143 2150/2150/2150 2151/2151/2151 2144/2144/2144
f 2144/2144/2144 2151/2151/2151 2152/2152/2152 2145/2145/2145
f 2145/2145/2145 2152/2152/2152 2153/2153/2153 2146/2146/2146
f 1983/1983/1983 1984/1984/1984 2154/2154/2154 2147/2147/2147
f 2147/2147/2147 2154/2154/2154 2155/2155/2155 2148/2148/2148
f 2148/2148/2148 2155/2155/2155 2156/2156/2156 2149/2149/2149
f 2149/2149/2149 2156/2156/2156 2157/2157/2157 2150/2150/2150
f 2150/2150/2150 2157/2157/2157 2158/2158/2158 2151/2151/2151
f 2151/2151/2151 2158/2158/2158 2159/2159/2159 2152/2152/2152
f 2152/2152/2152 2159/2159/2159 2160/2160/2160 2153/2153/2153
f 1984/1984/1984 1985/1985/1985 2161/2161/2161 2154/2154/2154
f 2154/2154/2154 2161/2161/2161 2162/2162/2162 2155/2155/2155
f 2155/2155/2155 2162/2162/2162 2163/2163/2163 2156/2156/2156
f 2156/2156/2156 2163/2163/2163 2164/2164/2164 2157/2157/2157
f 2157/2157/2157 2164/2164/2164 2165/2165/2165 2158/2158/2158
f 2158/2158/2158 2165/2165/2165 2166/2166/2166 2159/2159/2159
f 2159/2159/2159 2166/2166/2166 2167/2167/2167 2160/2160/2160
f 1985/1985/1985 1986/1986/1986 2168/2168/2168 2161/2161/2161
f 2161/2161/2161 2168/2168/2168 2169/2169/2169 2162/2162/2162
f 2162/2162/2162 2169/2169/2169 2170/2170/2170 2163/2163/2163
f 2163/2163/2163 2170/2170/2170 2171/2171/2171 2164/2164/2164
f 2164/2164/2164 2171/2171/2171 2172/2172/2172 2165/2165/2165
f 2165/2165/2165 2172/2172/2172 2173/2173/2173 2166/2166/2166
f 2166/2166/2166 2173/2173/2173 2174/2174/2174 2167/2167/2167
f 1986/1986/1986 1987/1987/1987 2175/2175/2175 2168/2168/2168
f 2168/2168/2168 2175/2175/2175 2176/2176/2176 2169/2169/2169
f 2169/2169/2169 2176/2176/2176 2177/2177/2177 2170/2170/2170
f 2170/2170/2170 2177/2177/2177 2178/2178/2178 2171/2171/2171
f 2171/2171/2171 2178/2178/2178 2179/2179/2179 2172/2172/2172
f 2172/2172/2172 2179/2179/2179 2180/2180/2180 2173/2173/2173
f 2173/2173/2173 2180/2180/2180 2181/2181/2181 2174/2174/2174
f 1987/1987/1987 1988/1988/1988 2182/2182/2182 2175/2175/2175
f 2175/2175/2175 2182/2182/2182 2183/2183/2183 2176/2176/2176
f 2176/2176/2176 2183/2183/2183 2184/2184/2184 2177/2177/2177
f 2177/2177/2177 2184/2184/2184 2185/2185/2185 2178/2178/2178
f 2178/2178/2178 2185/2185/2185 2186/2186/2186 2179/2179/2179
f 2179/2179/2179 2186/2186/2186 2187/2187/2187 2180/2180/2180
f 2180/2180/2180 2187/2187/2187 2188/2188/2188 2181/2181/2181
f 1988/1988/1988 1989/1989/1989 2189/2189/2189 2182/2182/2182
f 2182/2182/2182 2189/2189/2189 2190/2190/2190 2183/2183/2183
f 2183/2183/2183 2190/2190/2190 2191/2191/2191 2184/2184/2184
f 2184/2184/2184 2191/2191/2191 2192/2192/2192 2185/2185/2185
f 2185/2185/2185 2192/2192/2192 2193/2193/2193 2186/2186/2186
f 2186/2186/2186 2193/2193/2193 2194/2194/2194 2187/2187/2187
f 2187/2187/2187 2194/2194/2194 2195/2195/2195 2188/2188/2188
f 1989/1989/1989 1990/1990/1990 2196/2196/2196 2189/2189/2189
f 2189/2189/2189 2196/2196/2196 2197/2197/2197 2190/2190/2190
f 2190/2190/2190 2197/2197/2197 2198/2198/2198 2191/2191/2191
f 2191/2191/2191 2198/2198/2198 2199/2199/2199 2192/2192/2192
f 2192/2192/2192 2199/2199/2199 2200/2200/2200 2193/2193/2193
f 2193/2193/2193 2200/2200/2200 2201/2201/2201 2194/2194/2194
f 2194/2194/2194 2201/2201/2201 2202/2202/2202 2195/2195/2195
f 1990/1990/1990 1991/1991/1991 2203/2203/2203 2196/2196/2196
f 2196/2196/2196 2203/2203/2203 2204/2204/2204 2197/2197/2197
f 2197/2197/2197 2204/2204/2204 2205/2205/2205 2198/2198/2198
f 2198/2198/2198 2205/2205/2205 2206/2206/2206 2199/2199/2199
f 2199/2199/2199 2206/2206/2206 2207/2207/2207 2200/2200/2200
f 2200/2200/2200 2207/2207/2207 2208/2208/2208 2201/2201/2201
f 2201/2201/2201 2208/2208/2208 2209/2209/2209 2202/2202/2202
f 1991/1991/1991 1992/1992/1992 2210/2210/2210 2203/2203/2203
f 2203/2203/2203 2210/2210/2210 2211/2211/2211 2204/2204/2204
f 2204/2204/2204 2211/2211/2211 2212/2212/2212 2205/2205/2205
f 2205/2205/2205 2212/2212/2212 2213/2213/2213 2206/2206/2206
f 2206/2206/2206 2213/2213/2213 2214/2214/2214 2207/2207/2207
f 2207/2207/2207 2214/2214/2214 2215/2215/2215 2208/2208/2208
f 2208/2208/2208 2215/2215/2215 2216/2216/2216 2209/2209/2209
f 1992/1992/1992 1962/1962/1962 1994/1994/1994 2210/2210/2210
f 2210/2210/2210 1994/1994/1994 1996/1996/1996 2211/2211/2211
f 2211/2211/2211 1996/1996/1996 1998/1998/1998 2212/2212/2212
f 2212/2212/2212 1998/1998/1998 2000/2000/2000 2213/2213/2213
f 2213/2213/2213 2000/2000/2000 2002/2002/2002 2214/2214/2214
f 2214/2214/2214 2002/2002/2002 2004/2004/2004 2215/2215/2215
f 2215/2215/2215 2004/2004/2004 2006/2006/2006 2216/2216/2216
f 2132/2132/2132 2139/2139/2139 2217/2217/2217 2218/2218/2218
f 2139/2139/2139 2146/2146/2146 2219/2219/2219 2217/2217/2217
f 2146/2146/2146 2153/2153/2153 2220/2220/2220 2219/2219/2219
f 2153/2153/2153 2160/2160/2160 2221/2221/2221 2220/2220/2220
f 2160/2160/2160 2167/2167/2167 2222/2222/2222 2221/2221/2221
f 2167/2167/2167 2174/2174/2174 2223/2223/2223 2222/2222/2222
f 2174/2174/2174 2181/2181/2181 2224/2224/2224 2223/2223/2223
f 2181/2181/2181 2188/2188/2188 2225/2225/2225 2224/2224/2224
f 2188/2188/2188 2195/2195/2195 2226/2226/2226 2225/2225/2225
f 2195/2195/2195 2202/2202/2202 2227/2227/2227 2226/2226/2226
f 2202/2202/2202 2209/2209/2209 2228/2228/2228 2227/2227/2227
f 2209/2209/2209 2216/2216/2216 2229/2229/2229 2228/2228/2228
f 2216/2216/2216 2006/2006/2006 2230/2230/2230 2229/2229/2229
f 2006/2006/2006 2005/2005/2005 2231/2231/2231 2230/2230/2230
f 2005/2005/2005 2013/2013/2013 2232/2232/2232 2231/2231/2231
f 2013/2013/2013 2020/2020/2020 2233/2233/2233 2232/2232/2232
f 2020/2020/2020 2027/2027/2027 2234/2234/2234 2233/2233/2233
f 2027/2027/2027 2034/2034/2034 2235/2235/2235 2234/2234/2234
f 2034/2034/2034 2041/2041/2041 2236/2236/2236 2235/2235/2235
f 2041/2041/2041 2048/2048/2048 2237/2237/2237 2236/2236/2236
f 2048/2048/2048 2055/2055/2055 2238/2238/2238 2237/2237/2237
f 2055/2055/2055 2062/2062/2062 2239/2239/2239 2238/2238/2238
f 2062/2062/2062 2069/2069/2069 2240/2240/2240 2239/2239/2239
f 2069/2069/2069 2076/2076/2076 2241/2241/2241 2240/2240/2240
f 2076/2076/2076 2083/2083/2083 2242/2242/2242 2241/2241/2241
f 2083/2083/2083 2090/2090/2090 2243/2243/2243 2242/2242/2242
f 2090/2090/2090 2097/2097/2097 2244/2244/2244 2243/2243/2243
f 2097/2097/2097 2104/2104/2104 2245/2245/2245 2244/2244/2244
f 2104/2104/2104 2111/2111/2111 2246/2246/2246 2245/2245/2245
f 2111/2111/2111 2118/2118/2118 2247/2247/2247 2246/2246/2246
f 2118/2118/2118 2125/2125/2125 2248/2248/2248 2247/2247/2247
f 2125/2125/2125 2132/2132/2132 2218/2218/2218 2248/2248/2248
f 2218/2218/2218 2217/2217/2217 2249/2249/2249 2250/2250/2250
f 2217/2217/2217 2219/2219/2219 2251/2251/2251 2249/2249/2249
f 2219/2219/2219 2220/2220/2220 2252/2252/2252 2251/2251/2251
f 2220/2220/2220 2221/2221/2221 2253/2253/2253 2252/2252/2252
f 2221/2221/2221 2222/2222/2222 2254/2254/2254 2253/2253/2253
f 2222/2222/2222 2223/2223/2223 2255/2255/2255 2254/2254/2254
f 2223/2223/2223 2224/2224/2224 2256/2256/2256 2255/2255/2255
f 2224/2224/2224 2225/2225/2225 2257/2257/2257 2256/2256/2256
f 2225/2225/2225 2226/2226/2226 2258/2258/2258 2257/2257/2257
f 2226/2226/2226 2227/2227/2227 2259/2259/2259 2258/2258/2258
f 2227/2227/2227 2228/2228/2228 2260/2260/2260 2259/2259/2259
f 2228/2228/2228 2229/2229/2229 2261/2261/2261 2260/2260/2260
f 2229/2229/2229 2230/2230/2230 2262/2262/2262 2261/2261/2261
f 2230/2230/2230 2231/2231/2231 2263/2263/2263 2262/2262/2262
f 2231/2231/2231 2232/2232/2232 2264/2264/2264 2263/2263/2263
f 2232/2232/2232 2233/2233/2233 2265/2265/2265 2264/2264/2264
f 2233/2233/2233 2234/2234/2234 2266/2266/2266 2265/2265/2265
f 2234/2234/2234 2235/2235/2235 2267/2267/2267 2266/2266/2266
f 2235/2235/2235 2236/2236/2236 2268/2268/2268 2267/2267/2267
f 2236/2236/2236 2237/2237/2237 2269/2269/2269 2268/2268/2268
f 2237/2237/2237 2238/2238/2238 2270/2270/2270 2269/2269/2269
f 2238/2238/2238 2239/2239/2239 2271/2271/2271 2270/2270/2270
f 2239/2239/2239 2240/2240/2240 2272/2272/2272 2271/2271/2271
f 2240/2240/2240 2241/2241/2241 2273/2273/2273 2272/2272/2272
f 2241/2241/2241 2242/2242/2242 2274/2274/2274 2273/2273/2273
f 2242/2242/2242 2243/2243/2243 2275/2275/2275 2274/2274/2274
f 2243/2243/2243 2244/2244/2244 2276/2276/2276 2275/2275/2275
f 2244/2244/2244 2245/2245/2245 2277/2277/2277 2276/2276/2276
f 2245/2245/2245 2246/2246/2246 2278/2278/2278 2277/2277/2277
f 2246/2246/2246 2247/2247/2247 2279/2279/2279 2278/2278/2278
f 2247/2247/2247 2248/2248/2248 2280/2280/2280 2279/2279/2279
f 2248/2248/2248 2218/2218/2218 2250/2250/2250 2280/2280/2280
g default
v 0.036000 0.381615 0.019016
v 0.036000 0.377605 0.021698
v 0.036936 0.377677 0.021640
v 0.037837 0.377888 0.021466
v 0.038667 0.378231 0.021185
v 0.039394 0.378692 0.020806
v 0.039991 0.379254 0.020344
v 0.040435 0.379896 0.019818
v 0.040708 0.380592 0.019246
v 0.040800 0.381315 0.018652
v 0.040708 0.382039 0.018057
v 0.040435 0.382735 0.017486
v 0.039991 0.383377 0.016959
v 0.039394 0.383939 0.016498
v 0.038667 0.384400 0.016119
v 0.037837 0.384743 0.015837
v 0.036936 0.384954 0.015664
v 0.036000 0.385025 0.015605
v 0.035064 0.384954 0.015664
v 0.034163 0.384743 0.015837
v 0.033333 0.384400 0.016119
v 0.032606 0.383939 0.016498
v 0.032009 0.383377 0.016959
v 0.031565 0.382735 0.017486
v 0.031292 0.382039 0.018057
v 0.031199 0.381315 0.018652
v 0.031292 0.380592 0.019246
v 0.031565 0.379896 0.019818
v 0.032009 0.379254 0.020344
v 0.032606 0.378692 0.020806
v 0.033333 0.378231 0.021185
v 0.034163 0.377888 0.021466
v 0.035064 0.377677 0.021640
v 0.040800 0.347349 0.015315
v 0.036000 0.346983 0.015615
v 0.040708 0.350753 0.018730
v 0.036000 0.350395 0.019025
v 0.040435 0.354744 0.021426
v 0.036000 0.354406 0.021704
v 0.039991 0.359168 0.023300
v 0.036000 0.358864 0.023549
v 0.039394 0.363853 0.024276
v 0.036000 0.363595 0.024488
v 0.038667 0.368621 0.024320
v 0.036000 0.368418 0.024487
v 0.037837 0.373289 0.023430
v 0.036000 0.373149 0.023545
v 0.045416 0.348431 0.014426
v 0.045235 0.351815 0.017859
v 0.044700 0.355744 0.020605
v 0.043830 0.360067 0.022561
v 0.042658 0.364618 0.023648
v 0.041232 0.369222 0.023826
v 0.039604 0.373703 0.023090
v 0.049670 0.350188 0.012983
v 0.049408 0.353538 0.016444
v 0.048630 0.357367 0.019272
v 0.047367 0.361529 0.021361
v 0.045667 0.365861 0.022627
v 0.043595 0.370199 0.023025
v 0.041232 0.374375 0.022537
v 0.053399 0.352553 0.011041
v 0.053065 0.355858 0.014539
v 0.052075 0.359552 0.017478
v 0.050467 0.363495 0.019746
v 0.048303 0.367533 0.021254
v 0.045667 0.371513 0.021946
v 0.042658 0.375281 0.021794
v 0.056459 0.355435 0.008675
v 0.056066 0.358684 0.012218
v 0.054902 0.362215 0.015292
v 0.053011 0.365891 0.017779
v 0.050467 0.369571 0.019581
v 0.047367 0.373114 0.020631
v 0.043830 0.376383 0.020889
v 0.058733 0.358723 0.005976
v 0.058296 0.361909 0.009570
v 0.057003 0.365252 0.012798
v 0.054902 0.368625 0.015534
v 0.052075 0.371895 0.017672
v 0.048630 0.374940 0.019131
v 0.044700 0.377641 0.019856
v 0.060133 0.362290 0.003046
v 0.059670 0.365407 0.006697
v 0.058296 0.368548 0.010092
v 0.056066 0.371591 0.013098
v 0.053065 0.374418 0.015601
v 0.049408 0.376922 0.017504
v 0.045235 0.379007 0.018735
v 0.060606 0.366000 -0.000000
v 0.060133 0.369046 0.003710
v 0.058733 0.371975 0.007277
v 0.056459 0.374676 0.010565
v 0.053399 0.377041 0.013447
v 0.049670 0.378983 0.015811
v 0.045416 0.380426 0.017569
v 0.060133 0.369710 -0.003046
v 0.059670 0.372685 0.000722
v 0.058296 0.375403 0.004463
v 0.056066 0.377760 0.008033
v 0.053065 0.379665 0.011293
v 0.049408 0.381044 0.014119
v 0.045235 0.381846 0.016403
v 0.058733 0.373277 -0.005976
v 0.058296 0.376184 -0.002151
v 0.057003 0.378699 0.001756
v 0.054902 0.380727 0.005597
v 0.052075 0.382187 0.009221
v 0.048630 0.383026 0.012492
v 0.044700 0.383211 0.015282
v 0.056459 0.376565 -0.008675
v 0.056066 0.379408 -0.004799
v 0.054902 0.381736 -0.000738
v 0.053011 0.383460 0.003352
v 0.050467 0.384512 0.007312
v 0.047367 0.384853 0.010992
v 0.043830 0.384469 0.014249
v 0.053399 0.379447 -0.011042
v 0.053065 0.382235 -0.007120
v 0.052075 0.384399 -0.002924
v 0.050467 0.385856 0.001385
v 0.048303 0.386550 0.005639
v 0.045667 0.386454 0.009677
v 0.042658 0.385572 0.013344
v 0.049670 0.381812 -0.012984
v 0.049408 0.384554 -0.009024
v 0.048630 0.386584 -0.004718
v 0.047367 0.387823 -0.000230
v 0.045667 0.388222 0.004266
v 0.043595 0.387768 0.008598
v 0.041232 0.386477 0.012600
v 0.045416 0.383569 -0.014427
v 0.045235 0.386278 -0.010440
v 0.044700 0.388207 -0.006051
v 0.043830 0.389284 -0.001430
v 0.042658 0.389465 0.003246
v 0.041232 0.388744 0.007797
v 0.039604 0.387150 0.012048
v 0.040800 0.384651 -0.015315
v 0.040708 0.387339 -0.011311
v 0.040435 0.389207 -0.006872
v 0.039991 0.390184 -0.002169
v 0.039394 0.390230 0.002617
v 0.038667 0.389346 0.007303
v 0.037837 0.387564 0.011708
v 0.036000 0.385017 -0.015615
v 0.036000 0.387697 -0.011606
v 0.036000 0.389545 -0.007149
v 0.036000 0.390487 -0.002418
v 0.036000 0.390488 0.002405
v 0.036000 0.389548 0.007136
v 0.036000 0.387704 0.011593
v 0.031199 0.384651 -0.015315
v 0.031292 0.387339 -0.011311
v 0.031565 0.389207 -0.006872
v 0.032009 0.390184 -0.002169
v 0.032606 0.390230 0.002617
v 0.033333 0.389345 0.007303
v 0.034163 0.387564 0.011708
v 0.026584 0.383569 -0.014427
v 0.026765 0.386278 -0.010440
v 0.027300 0.388207 -0.006051
v 0.028170 0.389284 -0.001430
v 0.029342 0.389465 0.003246
v 0.030769 0.388744 0.007797
v 0.032396 0.387150 0.012048
v 0.022329 0.381812 -0.012984
v 0.022592 0.384554 -0.009024
v 0.023370 0.386584 -0.004718
v 0.024633 0.387823 -0.000230
v 0.026333 0.388222 0.004266
v 0.028405 0.387768 0.008598
v 0.030769 0.386477 0.012600
v 0.018601 0.379447 -0.011042
v 0.018935 0.382235 -0.007120
v 0.019925 0.384399 -0.002924
v 0.021533 0.385856 0.001385
v 0.023697 0.386550 0.005639
v 0.026333 0.386454 0.009677
v 0.029342 0.385572 0.013344
v 0.015541 0.376565 -0.008675
v 0.015934 0.379408 -0.004799
v 0.017098 0.381736 -0.000738
v 0.018989 0.383460 0.003352
v 0.021533 0.384512 0.007312
v 0.024633 0.384853 0.010992
v 0.028170 0.384469 0.014249
v 0.013267 0.373277 -0.005976
v 0.013704 0.376184 -0.002151
v 0.014997 0.378699 0.001756
v 0.017098 0.380727 0.005597
v 0.019925 0.382187 0.009221
v 0.023370 0.383026 0.012492
v 0.027300 0.383211 0.015282
v 0.011866 0.369710 -0.003046
v 0.012330 0.372685 0.000722
v 0.013704 0.375403 0.004463
v 0.015934 0.377760 0.008033
v 0.018935 0.379665 0.011293
v 0.022592 0.381044 0.014119
v 0.026765 0.381846 0.016403
v 0.011394 0.366000 -0.000000
v 0.011866 0.369046 0.003710
v 0.013267 0.371975 0.007277
v 0.015541 0.374676 0.010565
v 0.018601 0.377041 0.013447
v 0.022329 0.378983 0.015811
v 0.026584 0.380426 0.017569
v 0.011866 0.362290 0.003046
v 0.012330 0.365407 0.006697
v 0.013704 0.368548 0.010092
v 0.015934 0.371591 0.013098
v 0.018935 0.374418 0.015601
v 0.022592 0.376922 0.017504
v 0.026765 0.379007 0.018735
v 0.013267 0.358723 0.005976
v 0.013704 0.361909 0.009570
v 0.014997 0.365252 0.012798
v 0.017098 0.368625 0.015534
v 0.019925 0.371895 0.017672
v 0.023370 0.374940 0.019131
v 0.027300 0.377641 0.019856
v 0.015541 0.355435 0.008675
v 0.015934 0.358684 0.012218
v 0.017098 0.362215 0.015292
v 0.018989 0.365891 0.017779
v 0.021533 0.369571 0.019581
v 0.024633 0.373114 0.020631
v 0.028170 0.376383 0.020889
v 0.018601 0.352553 0.011041
v 0.018935 0.355858 0.014539
v 0.019925 0.359552 0.017478
v 0.021533 0.363495 0.019746
v 0.023697 0.367533 0.021254
v 0.026333 0.371513 0.021946
v 0.029342 0.375280 0.021794
v 0.022329 0.350188 0.012983
v 0.022592 0.353538 0.016444
v 0.023370 0.357367 0.019272
v 0.024633 0.361529 0.021361
v 0.026333 0.365861 0.022627
v 0.028405 0.370199 0.023025
v 0.030769 0.374375 0.022537
v 0.026584 0.348431 0.014426
v 0.026765 0.351815 0.017859
v 0.027300 0.355744 0.020605
v 0.028170 0.360067 0.022561
v 0.029342 0.364618 0.023648
v 0.030769 0.369222 0.023826
v 0.032396 0.373703 0.023090
v 0.031199 0.347349 0.015315
v 0.031292 0.350753 0.018730
v 0.031565 0.354744 0.021426
v 0.032009 0.359168 0.023300
v 0.032606 0.363853 0.024276
v 0.033333 0.368621 0.024320
v 0.034163 0.373289 0.023430
v 0.060133 0.355290 -0.005954
v 0.058733 0.351723 -0.003024
v 0.056459 0.348435 -0.000325
v 0.053399 0.345553 0.002042
v 0.049670 0.343188 0.003983
v 0.045416 0.341431 0.005426
v 0.040800 0.340349 0.006315
v 0.036000 0.339983 0.006615
v 0.031199 0.340349 0.006315
v 0.026584 0.341431 0.005426
v 0.022329 0.343188 0.003983
v 0.018601 0.345553 0.002042
v 0.015541 0.348435 -0.000325
v 0.013267 0.351723 -0.003024
v 0.011866 0.355290 -0.005954
v 0.011394 0.359000 -0.009000
v 0.011866 0.362710 -0.012046
v 0.013267 0.366277 -0.014976
v 0.015541 0.369565 -0.017675
v 0.018601 0.372447 -0.020042
v 0.022329 0.374812 -0.021984
v 0.026584 0.376569 -0.023427
v 0.031199 0.377651 -0.024315
v 0.036000 0.378017 -0.024615
v 0.040800 0.377651 -0.024315
v 0.045416 0.376569 -0.023427
v 0.049670 0.374812 -0.021984
v 0.053399 0.372447 -0.020042
v 0.056459 0.369565 -0.017675
v 0.058733 0.366277 -0.014976
v 0.060133 0.362710 -0.012046
v 0.060606 0.359000 -0.009000
v 0.059443 0.353371 -0.008507
v 0.058083 0.349906 -0.005662
v 0.055874 0.346712 -0.003039
v 0.052901 0.343913 -0.000741
v 0.049279 0.341615 0.001146
v 0.045147 0.339908 0.002547
v 0.040663 0.338857 0.003410
v 0.036000 0.338502 0.003702
v 0.031337 0.338857 0.003410
v 0.026853 0.339908 0.002547
v 0.022721 0.341615 0.001146
v 0.019099 0.343913 -0.000741
v 0.016126 0.346712 -0.003039
v 0.013917 0.349906 -0.005662
v 0.012557 0.353371 -0.008507
v 0.012098 0.356975 -0.011466
v 0.012557 0.360579 -0.014426
v 0.013917 0.364044 -0.017271
v 0.016126 0.367238 -0.019893
v 0.019099 0.370037 -0.022192
v 0.022721 0.372334 -0.024078
v 0.026853 0.374041 -0.025480
v 0.031337 0.375093 -0.026343
v 0.036000 0.375447 -0.026635
v 0.040663 0.375093 -0.026343
v 0.045147 0.374041 -0.025480
v 0.049279 0.372334 -0.024078
v 0.052901 0.370037 -0.022192
v 0.055874 0.367238 -0.019893
v 0.058083 0.364044 -0.017271
v 0.059443 0.360579 -0.014426
v 0.059902 0.356975 -0.011466
vt 0.564335 0.546476
vt 0.564335 0.540758
vt 0.566009 0.540859
vt 0.567618 0.541160
vt 0.569102 0.541649
vt 0.570401 0.542307
vt 0.571468 0.543109
vt 0.572261 0.544024
vt 0.572749 0.545017
vt 0.572914 0.546049
vt 0.572749 0.547081
vt 0.572261 0.548074
vt 0.571468 0.548989
vt 0.570401 0.549791
vt 0.569102 0.550449
vt 0.567618 0.550937
vt 0.566009 0.551239
vt 0.564335 0.551340
vt 0.562662 0.551239
vt 0.561052 0.550937
vt 0.559569 0.550449
vt 0.558269 0.549791
vt 0.557202 0.548989
vt 0.556410 0.548074
vt 0.555921 0.547081
vt 0.555756 0.546049
vt 0.555921 0.545017
vt 0.556410 0.544024
vt 0.557202 0.543109
vt 0.558269 0.542307
vt 0.559569 0.541649
vt 0.561052 0.541160
vt 0.562662 0.540859
vt 0.564335 0.497083
vt 0.572914 0.497604
vt 0.572749 0.502460
vt 0.564335 0.501949
vt 0.572261 0.508151
vt 0.564335 0.507670
vt 0.571468 0.514461
vt 0.564335 0.514027
vt 0.570401 0.521143
vt 0.564335 0.520775
vt 0.569102 0.527944
vt 0.564335 0.527654
vt 0.567618 0.534601
vt 0.564335 0.534402
vt 0.581163 0.499148
vt 0.580840 0.503974
vt 0.579882 0.509577
vt 0.578327 0.515744
vt 0.576235 0.522234
vt 0.573685 0.528801
vt 0.570775 0.535192
vt 0.588766 0.501654
vt 0.588296 0.506432
vt 0.586906 0.511893
vt 0.584648 0.517828
vt 0.581610 0.524007
vt 0.577908 0.530194
vt 0.573685 0.536151
vt 0.595429 0.505027
vt 0.594832 0.509740
vt 0.593063 0.515009
vt 0.590189 0.520633
vt 0.586322 0.526392
vt 0.581610 0.532068
vt 0.576235 0.537442
vt 0.600898 0.509137
vt 0.600196 0.513771
vt 0.598115 0.518806
vt 0.594736 0.524050
vt 0.590189 0.529298
vt 0.584648 0.534351
vt 0.578327 0.539015
vt 0.604962 0.513826
vt 0.604181 0.518370
vt 0.601869 0.523139
vt 0.598115 0.527949
vt 0.593063 0.532614
vt 0.586906 0.536956
vt 0.579882 0.540809
vt 0.607464 0.518914
vt 0.606635 0.523360
vt 0.604181 0.527839
vt 0.600196 0.532179
vt 0.594832 0.536212
vt 0.588296 0.539783
vt 0.580840 0.542756
vt 0.608309 0.524206
vt 0.607464 0.528550
vt 0.604962 0.532728
vt 0.600898 0.536579
vt 0.595429 0.539953
vt 0.588766 0.542723
vt 0.581163 0.544781
vt 0.607464 0.529497
vt 0.606635 0.533740
vt 0.604181 0.537616
vt 0.600196 0.540979
vt 0.594832 0.543695
vt 0.588296 0.545663
vt 0.580840 0.546806
vt 0.604962 0.534585
vt 0.604181 0.538730
vt 0.601869 0.542317
vt 0.598115 0.545209
vt 0.593063 0.547292
vt 0.586906 0.548489
vt 0.579882 0.548753
vt 0.600898 0.539274
vt 0.600196 0.543329
vt 0.598115 0.546649
vt 0.594736 0.549108
vt 0.590189 0.550608
vt 0.584648 0.551094
vt 0.578327 0.550547
vt 0.595429 0.543384
vt 0.594832 0.547360
vt 0.593063 0.550447
vt 0.590189 0.552525
vt 0.586322 0.553514
vt 0.581610 0.553378
vt 0.576235 0.552120
vt 0.588766 0.546757
vt 0.588296 0.550668
vt 0.586906 0.553563
vt 0.584648 0.555330
vt 0.581610 0.555900
vt 0.577908 0.555252
vt 0.573685 0.553411
vt 0.581163 0.549264
vt 0.580840 0.553126
vt 0.579882 0.555878
vt 0.578327 0.557414
vt 0.576235 0.557672
vt 0.573685 0.556644
vt 0.570775 0.554370
vt 0.572914 0.550807
vt 0.572749 0.554640
vt 0.572261 0.557304
vt 0.571468 0.558697
vt 0.570401 0.558763
vt 0.569102 0.557502
vt 0.567618 0.554961
vt 0.564335 0.551328
vt 0.564335 0.555151
vt 0.564335 0.557786
vt 0.564335 0.559131
vt 0.564335 0.559132
vt 0.564335 0.557791
vt 0.564335 0.555160
vt 0.555756 0.550807
vt 0.555921 0.554640
vt 0.556410 0.557304
vt 0.557202 0.558697
vt 0.558269 0.558763
vt 0.559569 0.557502
vt 0.561052 0.554961
vt 0.547507 0.549264
vt 0.547831 0.553126
vt 0.548788 0.555878
vt 0.550343 0.557414
vt 0.552436 0.557672
vt 0.554986 0.556644
vt 0.557896 0.554370
vt 0.539905 0.546757
vt 0.540374 0.550668
vt 0.541765 0.553563
vt 0.544022 0.555330
vt 0.547060 0.555900
vt 0.550763 0.555252
vt 0.554986 0.553411
vt 0.533241 0.543384
vt 0.533839 0.547360
vt 0.535608 0.550447
vt 0.538481 0.552525
vt 0.542348 0.553514
vt 0.547060 0.553378
vt 0.552436 0.552120
vt 0.527772 0.539274
vt 0.528475 0.543329
vt 0.530556 0.546649
vt 0.533934 0.549108
vt 0.538481 0.550608
vt 0.544022 0.551094
vt 0.550343 0.550547
vt 0.523709 0.534585
vt 0.524490 0.538730
vt 0.526801 0.542317
vt 0.530556 0.545209
vt 0.535608 0.547293
vt 0.541765 0.548489
vt 0.548788 0.548753
vt 0.521207 0.529497
vt 0.522035 0.533740
vt 0.524490 0.537616
vt 0.528475 0.540979
vt 0.533839 0.543695
vt 0.540374 0.545663
vt 0.547831 0.546806
vt 0.520362 0.524206
vt 0.521207 0.528550
vt 0.523709 0.532728
vt 0.527772 0.536579
vt 0.533241 0.539953
vt 0.539905 0.542723
vt 0.547507 0.544781
vt 0.521207 0.518914
vt 0.522035 0.523360
vt 0.524490 0.527839
vt 0.528475 0.532179
vt 0.533839 0.536212
vt 0.540374 0.539783
vt 0.547831 0.542756
vt 0.523709 0.513826
vt 0.524490 0.518370
vt 0.526801 0.523139
vt 0.530556 0.527949
vt 0.535608 0.532614
vt 0.541765 0.536956
vt 0.548788 0.540809
vt 0.527772 0.509137
vt 0.528475 0.513771
vt 0.530556 0.518806
vt 0.533934 0.524050
vt 0.538481 0.529298
vt 0.544022 0.534351
vt 0.550343 0.539015
vt 0.533241 0.505027
vt 0.533839 0.509740
vt 0.535608 0.515009
vt 0.538481 0.520633
vt 0.542349 0.526392
vt 0.547060 0.532068
vt 0.552436 0.537442
vt 0.539905 0.501654
vt 0.540374 0.506432
vt 0.541765 0.511893
vt 0.544022 0.517828
vt 0.547060 0.524007
vt 0.550763 0.530194
vt 0.554986 0.536151
vt 0.547507 0.499148
vt 0.547831 0.503974
vt 0.548788 0.509577
vt 0.550343 0.515744
vt 0.552436 0.522234
vt 0.554986 0.528801
vt 0.557896 0.535192
vt 0.555756 0.497604
vt 0.555921 0.502460
vt 0.556410 0.508151
vt 0.557202 0.514461
vt 0.558269 0.521143
vt 0.559569 0.527944
vt 0.561052 0.534601
vt 0.604962 0.503842
vt 0.607464 0.508930
vt 0.600898 0.499153
vt 0.595429 0.495043
vt 0.588766 0.491670
vt 0.581163 0.489164
vt 0.572914 0.487620
vt 0.564335 0.487099
vt 0.555756 0.487620
vt 0.547507 0.489164
vt 0.539905 0.491670
vt 0.533241 0.495043
vt 0.527772 0.499153
vt 0.523709 0.503842
vt 0.521207 0.508930
vt 0.520362 0.514222
vt 0.521207 0.519513
vt 0.523709 0.524601
vt 0.527772 0.529290
vt 0.533241 0.533400
vt 0.539905 0.536773
vt 0.547507 0.539280
vt 0.555756 0.540823
vt 0.564335 0.541344
vt 0.572914 0.540823
vt 0.581163 0.539280
vt 0.588766 0.536773
vt 0.595429 0.533400
vt 0.600898 0.529290
vt 0.604962 0.524601
vt 0.607464 0.519513
vt 0.608309 0.514222
vt 0.603799 0.501251
vt 0.606230 0.506194
vt 0.599852 0.496696
vt 0.594540 0.492704
vt 0.588067 0.489427
vt 0.580682 0.486993
vt 0.572669 0.485493
vt 0.564335 0.484987
vt 0.556002 0.485493
vt 0.547989 0.486993
vt 0.540604 0.489427
vt 0.534131 0.492704
vt 0.528819 0.496696
vt 0.524871 0.501251
vt 0.522441 0.506194
vt 0.521620 0.511333
vt 0.522441 0.516473
vt 0.524871 0.521416
vt 0.528819 0.525971
vt 0.534131 0.529963
vt 0.540604 0.533240
vt 0.547989 0.535674
vt 0.556002 0.537174
vt 0.564335 0.537680
vt 0.572669 0.537174
vt 0.580682 0.535674
vt 0.588067 0.533240
vt 0.594540 0.529963
vt 0.599852 0.525971
vt 0.603799 0.521416
vt 0.606230 0.516473
vt 0.607051 0.511333
vn 0.000000 0.634604 0.772838
vn 0.000008 0.471651 0.881785
vn 0.038057 0.474551 0.879405
vn 0.074647 0.483127 0.872362
vn 0.108399 0.497070 0.860913
vn 0.137932 0.515800 0.845533
vn 0.162170 0.538635 0.826785
vn 0.180220 0.564720 0.805364
vn 0.191324 0.593001 0.782142
vn 0.195071 0.622403 0.757999
vn 0.191318 0.651819 0.733846
vn 0.180220 0.680105 0.710618
vn 0.162201 0.706159 0.689225
vn 0.137939 0.729007 0.670464
vn 0.108343 0.747772 0.655057
vn 0.074609 0.761704 0.643615
vn 0.038048 0.770272 0.636579
vn 0.000008 0.773166 0.634203
vn -0.038046 0.770270 0.636582
vn -0.074618 0.761701 0.643617
vn -0.108346 0.747765 0.655064
vn -0.137939 0.729002 0.670469
vn -0.162195 0.706172 0.689213
vn -0.180214 0.680109 0.710616
vn -0.191318 0.651820 0.733845
vn -0.195071 0.622404 0.757998
vn -0.191324 0.593001 0.782141
vn -0.180220 0.564725 0.805361
vn -0.162168 0.538636 0.826785
vn -0.137936 0.515806 0.845528
vn -0.108407 0.497075 0.860909
vn -0.074655 0.483129 0.872361
vn -0.038055 0.474548 0.879407
vn 0.000001 -0.749587 0.661906
vn 0.194961 -0.734578 0.649912
vn 0.191342 -0.619605 0.761234
vn 0.000000 -0.634171 0.773193
vn 0.180244 -0.457457 0.870773
vn -0.000000 -0.471175 0.882039
vn 0.162211 -0.277637 0.946892
vn 0.000000 -0.289986 0.957031
vn 0.137941 -0.087142 0.986600
vn 0.000003 -0.097644 0.995221
vn 0.108383 0.106571 0.988380
vn 0.000010 0.098320 0.995155
vn 0.074669 0.296162 0.952215
vn 0.000015 0.290479 0.956881
vn 0.382424 -0.690129 0.614389
vn 0.375329 -0.576470 0.725817
vn 0.353555 -0.416825 0.837410
vn 0.318179 -0.241070 0.916868
vn 0.270570 -0.056050 0.961067
vn 0.212595 0.131000 0.968319
vn 0.146466 0.312999 0.938392
vn 0.555164 -0.617958 0.556705
vn 0.544889 -0.506426 0.668303
vn 0.513282 -0.350841 0.783232
vn 0.461922 -0.181691 0.868111
vn 0.392800 -0.005557 0.919607
vn 0.308635 0.170674 0.935743
vn 0.212641 0.340336 0.915945
vn 0.706549 -0.520837 0.479079
vn 0.693515 -0.412158 0.590899
vn 0.653284 -0.262041 0.710320
vn 0.587917 -0.101781 0.802492
vn 0.499943 0.062399 0.863808
vn 0.392823 0.224071 0.891898
vn 0.270629 0.377116 0.885745
vn 0.830748 -0.402507 0.384507
vn 0.815492 -0.297293 0.496579
vn 0.768183 -0.153841 0.621473
vn 0.691321 -0.004404 0.722534
vn 0.587874 0.145209 0.795813
vn 0.461918 0.289135 0.838470
vn 0.318234 0.421941 0.848936
vn 0.922984 -0.267531 0.276635
vn 0.906124 -0.166249 0.388974
vn 0.853559 -0.030400 0.520108
vn 0.768153 0.106687 0.631315
vn 0.653207 0.239673 0.718246
vn 0.513253 0.363363 0.777521
vn 0.353613 0.473088 0.806936
vn 0.979725 -0.121102 0.159604
vn 0.961935 -0.024061 0.272217
vn 0.906132 0.103539 0.410127
vn 0.815466 0.227227 0.532338
vn 0.693438 0.342177 0.634081
vn 0.544860 0.443906 0.711390
vn 0.375392 0.528577 0.761372
vn 0.998795 0.031142 0.037925
vn 0.980781 0.123817 0.150789
vn 0.923885 0.242843 0.295742
vn 0.831443 0.352590 0.429399
vn 0.707026 0.448777 0.546546
vn 0.555534 0.527655 0.642621
vn 0.382744 0.586262 0.714005
vn 0.979477 0.183348 -0.083719
vn 0.961935 0.271695 0.029365
vn 0.906133 0.382140 0.181360
vn 0.815467 0.477951 0.326461
vn 0.693442 0.555381 0.459009
vn 0.544860 0.611420 0.573841
vn 0.375382 0.643980 0.666616
vn 0.922526 0.329669 -0.200659
vn 0.906125 0.413885 -0.087388
vn 0.853561 0.516080 0.071380
vn 0.768153 0.598491 0.227485
vn 0.653209 0.657885 0.374839
vn 0.513243 0.691971 0.507698
vn 0.353599 0.699486 0.621037
vn 0.830147 0.464479 -0.308406
vn 0.815491 0.544932 -0.194994
vn 0.768182 0.639529 -0.029982
vn 0.691320 0.709583 0.136266
vn 0.587872 0.752351 0.297277
vn 0.461911 0.766191 0.446755
vn 0.318245 0.750607 0.579059
vn 0.705898 0.582615 -0.402825
vn 0.693512 0.659801 -0.289314
vn 0.653281 0.747732 -0.118830
vn 0.587919 0.806958 0.056304
vn 0.499945 0.835155 0.229285
vn 0.392832 0.831247 0.393333
vn 0.270652 0.795428 0.542256
vn 0.554567 0.679543 -0.480288
vn 0.544888 0.754066 -0.366717
vn 0.513282 0.836526 -0.191745
vn 0.461923 0.886871 -0.009315
vn 0.392797 0.903114 0.173482
vn 0.308638 0.884650 0.349481
vn 0.212631 0.832227 0.512041
vn 0.381965 0.751555 -0.537836
vn 0.375328 0.824109 -0.424232
vn 0.353554 0.902508 -0.245924
vn 0.318177 0.946251 -0.058070
vn 0.270570 0.953606 0.132014
vn 0.212597 0.924325 0.316900
vn 0.146447 0.859563 0.489597
vn 0.194712 0.795894 -0.573272
vn 0.191341 0.867241 -0.459653
vn 0.180242 0.943140 -0.279285
vn 0.162207 0.982816 -0.088095
vn 0.137945 0.984700 0.106478
vn 0.108387 0.948753 0.296850
vn 0.074658 0.876387 0.475786
vn 0.000001 0.810863 -0.585237
vn 0.000000 0.881805 -0.471615
vn 0.000000 0.956860 -0.290550
vn 0.000000 0.995163 -0.098238
vn -0.000003 0.995201 0.097851
vn -0.000001 0.957003 0.290077
vn 0.000010 0.882069 0.471120
vn -0.194713 0.795894 -0.573271
vn -0.191342 0.867242 -0.459653
vn -0.180242 0.943140 -0.279286
vn -0.162207 0.982816 -0.088098
vn -0.137945 0.984700 0.106479
vn -0.108389 0.948754 0.296847
vn -0.074658 0.876387 0.475785
vn -0.381965 0.751555 -0.537836
vn -0.375325 0.824110 -0.424233
vn -0.353553 0.902509 -0.245924
vn -0.318176 0.946251 -0.058071
vn -0.270567 0.953607 0.132014
vn -0.212597 0.924326 0.316898
vn -0.146459 0.859560 0.489599
vn -0.554568 0.679541 -0.480290
vn -0.544890 0.754065 -0.366717
vn -0.513281 0.836527 -0.191742
vn -0.461922 0.886872 -0.009318
vn -0.392794 0.903116 0.173479
vn -0.308636 0.884651 0.349481
vn -0.212633 0.832226 0.512042
vn -0.705901 0.582612 -0.402823
vn -0.693518 0.659797 -0.289311
vn -0.653283 0.747730 -0.118828
vn -0.587919 0.806958 0.056300
vn -0.499944 0.835156 0.229282
vn -0.392830 0.831248 0.393334
vn -0.270652 0.795429 0.542255
vn -0.830148 0.464480 -0.308404
vn -0.815492 0.544932 -0.194994
vn -0.768184 0.639527 -0.029981
vn -0.691324 0.709579 0.136264
vn -0.587873 0.752353 0.297272
vn -0.461907 0.766197 0.446750
vn -0.318238 0.750616 0.579051
vn -0.922526 0.329671 -0.200659
vn -0.906124 0.413887 -0.087390
vn -0.853560 0.516082 0.071381
vn -0.768155 0.598489 0.227482
vn -0.653211 0.657887 0.374832
vn -0.513241 0.691978 0.507691
vn -0.353594 0.699490 0.621035
vn -0.979477 0.183349 -0.083719
vn -0.961935 0.271696 0.029365
vn -0.906132 0.382144 0.181359
vn -0.815467 0.477953 0.326457
vn -0.693446 0.555377 0.459008
vn -0.544862 0.611416 0.573843
vn -0.375383 0.643978 0.666618
vn -0.998795 0.031142 0.037925
vn -0.980781 0.123818 0.150789
vn -0.923885 0.242844 0.295741
vn -0.831443 0.352592 0.429397
vn -0.707029 0.448776 0.546543
vn -0.555536 0.527655 0.642620
vn -0.382743 0.586267 0.714002
vn -0.979725 -0.121101 0.159604
vn -0.961935 -0.024060 0.272218
vn -0.906132 0.103540 0.410126
vn -0.815466 0.227228 0.532337
vn -0.693443 0.342178 0.634075
vn -0.544861 0.443912 0.711385
vn -0.375390 0.528583 0.761369
vn -0.922984 -0.267531 0.276636
vn -0.906124 -0.166248 0.388974
vn -0.853559 -0.030400 0.520108
vn -0.768152 0.106687 0.631316
vn -0.653208 0.239667 0.718247
vn -0.513250 0.363357 0.777526
vn -0.353607 0.473089 0.806938
vn -0.830747 -0.402508 0.384508
vn -0.815491 -0.297293 0.496579
vn -0.768182 -0.153841 0.621473
vn -0.691321 -0.004403 0.722534
vn -0.587876 0.145206 0.795812
vn -0.461913 0.289128 0.838475
vn -0.318224 0.421933 0.848944
vn -0.706550 -0.520838 0.479077
vn -0.693517 -0.412157 0.590898
vn -0.653284 -0.262040 0.710320
vn -0.587918 -0.101782 0.802491
vn -0.499944 0.062400 0.863807
vn -0.392822 0.224074 0.891898
vn -0.270630 0.377116 0.885744
vn -0.555165 -0.617959 0.556703
vn -0.544889 -0.506426 0.668303
vn -0.513281 -0.350839 0.783233
vn -0.461921 -0.181693 0.868111
vn -0.392797 -0.005560 0.919608
vn -0.308635 0.170676 0.935742
vn -0.212651 0.340343 0.915940
vn -0.382425 -0.690128 0.614389
vn -0.375327 -0.576471 0.725818
vn -0.353552 -0.416826 0.837411
vn -0.318179 -0.241069 0.916868
vn -0.270573 -0.056051 0.961066
vn -0.212606 0.130998 0.968317
vn -0.146481 0.313002 0.938388
vn -0.194962 -0.734577 0.649913
vn -0.191342 -0.619604 0.761235
vn -0.180244 -0.457456 0.870773
vn -0.162211 -0.277637 0.946892
vn -0.137941 -0.087145 0.986599
vn -0.108384 0.106568 0.988381
vn -0.074668 0.296164 0.952214
vn 0.917918 -0.365819 0.153631
vn 0.974730 -0.220250 0.037289
vn 0.825888 -0.499898 0.260789
vn 0.702196 -0.617360 0.354666
vn 0.551602 -0.713715 0.431677
vn 0.379894 -0.785288 0.488880
vn 0.193646 -0.829351 0.524097
vn 0.000001 -0.844227 0.535986
vn -0.193648 -0.829351 0.524096
vn -0.379897 -0.785287 0.488880
vn -0.551602 -0.713715 0.431678
vn -0.702196 -0.617359 0.354666
vn -0.825888 -0.499899 0.260789
vn -0.917918 -0.365820 0.153631
vn -0.974731 -0.220249 0.037289
vn -0.994109 -0.068782 -0.083766
vn -0.975279 0.082769 -0.204889
vn -0.918932 0.228581 -0.321426
vn -0.827211 0.363022 -0.428878
vn -0.703627 0.480910 -0.523101
vn -0.552926 0.577692 -0.600454
vn -0.380910 0.649625 -0.657948
vn -0.194197 0.693930 -0.693360
vn 0.000001 0.708891 -0.705318
vn 0.194194 0.693931 -0.693360
vn 0.380907 0.649626 -0.657948
vn 0.552927 0.577691 -0.600454
vn 0.703628 0.480909 -0.523101
vn 0.827211 0.363022 -0.428878
vn 0.918932 0.228580 -0.321427
vn 0.975279 0.082768 -0.204890
vn 0.994109 -0.068782 -0.083767
vn 0.902177 -0.425547 0.070621
vn 0.957747 -0.283970 -0.045633
vn 0.811938 -0.556020 0.177758
vn 0.690498 -0.670380 0.271665
vn 0.542521 -0.764234 0.348737
vn 0.373693 -0.833974 0.406006
vn 0.190504 -0.876920 0.441271
vn 0.000001 -0.891420 0.453178
vn -0.190505 -0.876919 0.441271
vn -0.373696 -0.833973 0.406005
vn -0.542520 -0.764234 0.348737
vn -0.690498 -0.670380 0.271666
vn -0.811938 -0.556020 0.177758
vn -0.902177 -0.425547 0.070621
vn -0.957747 -0.283968 -0.045633
vn -0.976510 -0.136739 -0.166526
vn -0.957748 0.010490 -0.287419
vn -0.902177 0.152069 -0.403672
vn -0.811937 0.282544 -0.510810
vn -0.690495 0.396904 -0.604719
vn -0.542517 0.490759 -0.681785
vn -0.373694 0.560497 -0.739050
vn -0.190505 0.603443 -0.774315
vn 0.000001 0.617944 -0.786222
vn 0.190502 0.603444 -0.774315
vn 0.373691 0.560498 -0.739051
vn 0.542518 0.490757 -0.681785
vn 0.690496 0.396902 -0.604718
vn 0.811938 0.282543 -0.510810
vn 0.902177 0.152067 -0.403674
vn 0.957747 0.010489 -0.287421
vn 0.976510 -0.136740 -0.166527
s 1
g lButtock
usemtl default
f 2281/2281/2281 2282/2282/2282 2283/2283/2283
f 2281/2281/2281 2283/2283/2283 2284/2284/2284
f 2281/2281/2281 2284/2284/2284 2285/2285/2285
f 2281/2281/2281 2285/2285/2285 2286/2286/2286
f 2281/2281/2281 2286/2286/2286 2287/2287/2287
f 2281/2281/2281 2287/2287/2287 2288/2288/2288
f 2281/2281/2281 2288/2288/2288 2289/2289/2289
f 2281/2281/2281 2289/2289/2289 2290/2290/2290
f 2281/2281/2281 2290/2290/2290 2291/2291/2291
f 2281/2281/2281 2291/2291/2291 2292/2292/2292
f 2281/2281/2281 2292/2292/2292 2293/2293/2293
f 2281/2281/2281 2293/2293/2293 2294/2294/2294
f 2281/2281/2281 2294/2294/2294 2295/2295/2295
f 2281/2281/2281 2295/2295/2295 2296/2296/2296
f 2281/2281/2281 2296/2296/2296 2297/2297/2297
f 2281/2281/2281 2297/2297/2297 2298/2298/2298
f 2281/2281/2281 2298/2298/2298 2299/2299/2299
f 2281/2281/2281 2299/2299/2299 2300/2300/2300
f 2281/2281/2281 2300/2300/2300 2301/2301/2301
f 2281/2281/2281 2301/2301/2301 2302/2302/2302
f 2281/2281/2281 2302/2302/2302 2303/2303/2303
f 2281/2281/2281 2303/2303/2303 2304/2304/2304
f 2281/2281/2281 2304/2304/2304 2305/2305/2305
f 2281/2281/2281 2305/2305/2305 2306/2306/2306
f 2281/2281/2281 2306/2306/2306 2307/2307/2307
f 2281/2281/2281 2307/2307/2307 2308/2308/2308
f 2281/2281/2281 2308/2308/2308 2309/2309/2309
f 2281/2281/2281 2309/2309/2309 2310/2310/2310
f 2281/2281/2281 2310/2310/2310 2311/2311/2311
f 2281/2281/2281 2311/2311/2311 2312/2312/2312
f 2281/2281/2281 2312/2312/2312 2313/2313/2313
f 2281/2281/2281 2313/2313/2313 2282/2282/2282
f 2315/2314/2314 2314/2315/2315 2316/2316/2316 2317/2317/2317
f 2317/2317/2317 2316/2316/2316 2318/2318/2318 2319/2319/2319
f 2319/2319/2319 2318/2318/2318 2320/2320/2320 2321/2321/2321
f 2321/2321/2321 2320/2320/2320 2322/2322/2322 2323/2323/2323
f 2323/2323/2323 2322/2322/2322 2324/2324/2324 2325/2325/2325
f 2325/2325/2325 2324/2324/2324 2326/2326/2326 2327/2327/2327
f 2327/2327/2327 2326/2326/2326 2283/2283/2283 2282/2282/2282
f 2314/2315/2315 2328/2328/2328 2329/2329/2329 2316/2316/2316
f 2316/2316/2316 2329/2329/2329 2330/2330/2330 2318/2318/2318
f 2318/2318/2318 2330/2330/2330 2331/2331/2331 2320/2320/2320
f 2320/2320/2320 2331/2331/2331 2332/2332/2332 2322/2322/2322
f 2322/2322/2322 2332/2332/2332 2333/2333/2333 2324/2324/2324
f 2324/2324/2324 2333/2333/2333 2334/2334/2334 2326/2326/2326
f 2326/2326/2326 2334/2334/2334 2284/2284/2284 2283/2283/2283
f 2328/2328/2328 2335/2335/2335 2336/2336/2336 2329/2329/2329
f 2329/2329/2329 2336/2336/2336 2337/2337/2337 2330/2330/2330
f 2330/2330/2330 2337/2337/2337 2338/2338/2338 2331/2331/2331
f 2331/2331/2331 2338/2338/2338 2339/2339/2339 2332/2332/2332
f 2332/2332/2332 2339/2339/2339 2340/2340/2340 2333/2333/2333
f 2333/2333/2333 2340/2340/2340 2341/2341/2341 2334/2334/2334
f 2334/2334/2334 2341/2341/2341 2285/2285/2285 2284/2284/2284
f 2335/2335/2335 2342/2342/2342 2343/2343/2343 2336/2336/2336
f 2336/2336/2336 2343/2343/2343 2344/2344/2344 2337/2337/2337
f 2337/2337/2337 2344/2344/2344 2345/2345/2345 2338/2338/2338
f 2338/2338/2338 2345/2345/2345 2346/2346/2346 2339/2339/2339
f 2339/2339/2339 2346/2346/2346 2347/2347/2347 2340/2340/2340
f 2340/2340/2340 2347/2347/2347 2348/2348/2348 2341/2341/2341
f 2341/2341/2341 2348/2348/2348 2286/2286/2286 2285/2285/2285
f 2342/2342/2342 2349/2349/2349 2350/2350/2350 2343/2343/2343
f 2343/2343/2343 2350/2350/2350 2351/2351/2351 2344/2344/2344
f 2344/2344/2344 2351/2351/2351 2352/2352/2352 2345/2345/2345
f 2345/2345/2345 2352/2352/2352 2353/2353/2353 2346/2346/2346
f 2346/2346/2346 2353/2353/2353 2354/2354/2354 2347/2347/2347
f 2347/2347/2347 2354/2354/2354 2355/2355/2355 2348/2348/2348
f 2348/2348/2348 2355/2355/2355 2287/2287/2287 2286/2286/2286
f 2349/2349/2349 2356/2356/2356 2357/2357/2357 2350/2350/2350
f 2350/2350/2350 2357/2357/2357 2358/2358/2358 2351/2351/2351
f 2351/2351/2351 2358/2358/2358 2359/2359/2359 2352/2352/2352
f 2352/2352/2352 2359/2359/2359 2360/2360/2360 2353/2353/2353
f 2353/2353/2353 2360/2360/2360 2361/2361/2361 2354/2354/2354
f 2354/2354/2354 2361/2361/2361 2362/2362/2362 2355/2355/2355
f 2355/2355/2355 2362/2362/2362 2288/2288/2288 2287/2287/2287
f 2356/2356/2356 2363/2363/2363 2364/2364/2364 2357/2357/2357
f 2357/2357/2357 2364/2364/2364 2365/2365/2365 2358/2358/2358
f 2358/2358/2358 2365/2365/2365 2366/2366/2366 2359/2359/2359
f 2359/2359/2359 2366/2366/2366 2367/2367/2367 2360/2360/2360
f 2360/2360/2360 2367/2367/2367 2368/2368/2368 2361/2361/2361
f 2361/2361/2361 2368/2368/2368 2369/2369/2369 2362/2362/2362
f 2362/2362/2362 2369/2369/2369 2289/2289/2289 2288/2288/2288
f 2363/2363/2363 2370/2370/2370 2371/2371/2371 2364/2364/2364
f 2364/2364/2364 2371/2371/2371 2372/2372/2372 2365/2365/2365
f 2365/2365/2365 2372/2372/2372 2373/2373/2373 2366/2366/2366
f 2366/2366/2366 2373/2373/2373 2374/2374/2374 2367/2367/2367
f 2367/2367/2367 2374/2374/2374 2375/2375/2375 2368/2368/2368
f 2368/2368/2368 2375/2375/2375 2376/2376/2376 2369/2369/2369
f 2369/2369/2369 2376/2376/2376 2290/2290/2290 2289/2289/2289
f 2370/2370/2370 2377/2377/2377 2378/2378/2378 2371/2371/2371
f 2371/2371/2371 2378/2378/2378 2379/2379/2379 2372/2372/2372
f 2372/2372/2372 2379/2379/2379 2380/2380/2380 2373/2373/2373
f 2373/2373/2373 2380/2380/2380 2381/2381/2381 2374/2374/2374
f 2374/2374/2374 2381/2381/2381 2382/2382/2382 2375/2375/2375
f 2375/2375/2375 2382/2382/2382 2383/2383/2383 2376/2376/2376
f 2376/2376/2376 2383/2383/2383 2291/2291/2291 2290/2290/2290
f 2377/2377/2377 2384/2384/2384 2385/2385/2385 2378/2378/2378
f 2378/2378/2378 2385/2385/2385 2386/2386/2386 2379/2379/2379
f 2379/2379/2379 2386/2386/2386 2387/2387/2387 2380/2380/2380
f 2380/2380/2380 2387/2387/2387 2388/2388/2388 2381/2381/2381
f 2381/2381/2381 2388/2388/2388 2389/2389/2389 2382/2382/2382
f 2382/2382/2382 2389/2389/2389 2390/2390/2390 2383/2383/2383
f 2383/2383/2383 2390/2390/2390 2292/2292/2292 2291/2291/2291
f 2384/2384/2384 2391/2391/2391 2392/2392/2392 2385/2385/2385
f 2385/2385/2385 2392/2392/2392 2393/2393/2393 2386/2386/2386
f 2386/2386/2386 2393/2393/2393 2394/2394/2394 2387/2387/2387
f 2387/2387/2387 2394/2394/2394 2395/2395/2395 2388/2388/2388
f 2388/2388/2388 2395/2395/2395 2396/2396/2396 2389/2389/2389
f 2389/2389/2389 2396/2396/2396 2397/2397/2397 2390/2390/2390
f 2390/2390/2390 2397/2397/2397 2293/2293/2293 2292/2292/2292
f 2391/2391/2391 2398/2398/2398 2399/2399/2399 2392/2392/2392
f 2392/2392/2392 2399/2399/2399 2400/2400/2400 2393/2393/2393
f 2393/2393/2393 2400/2400/2400 2401/2401/2401 2394/2394/2394
f 2394/2394/2394 2401/2401/2401 2402/2402/2402 2395/2395/2395
f 2395/2395/2395 2402/2402/2402 2403/2403/2403 2396/2396/2396
f 2396/2396/2396 2403/2403/2403 2404/2404/2404 2397/2397/2397
f 2397/2397/2397 2404/2404/2404 2294/2294/2294 2293/2293/2293
f 2398/2398/2398 2405/2405/2405 2406/2406/2406 2399/2399/2399
f 2399/2399/2399 2406/2406/2406 2407/2407/2407 2400/2400/2400
f 2400/2400/2400 2407/2407/2407 2408/2408/2408 2401/2401/2401
f 2401/2401/2401 2408/2408/2408 2409/2409/2409 2402/2402/2402
f 2402/2402/2402 2409/2409/2409 2410/2410/2410 2403/2403/2403
f 2403/2403/2403 2410/2410/2410 2411/2411/2411 2404/2404/2404
f 2404/2404/2404 2411/2411/2411 2295/2295/2295 2294/2294/2294
f 2405/2405/2405 2412/2412/2412 2413/2413/2413 2406/2406/2406
f 2406/2406/2406 2413/2413/2413 2414/2414/2414 2407/2407/2407
f 2407/2407/2407 2414/2414/2414 2415/2415/2415 2408/2408/2408
f 2408/2408/2408 2415/2415/2415 2416/2416/2416 2409/2409/2409
f 2409/2409/2409 2416/2416/2416 2417/2417/2417 2410/2410/2410
f 2410/2410/2410 2417/2417/2417 2418/2418/2418 2411/2411/2411
f 2411/2411/2411 2418/2418/2418 2296/2296/2296 2295/2295/2295
f 2412/2412/2412 2419/2419/2419 2420/2420/2420 2413/2413/2413
f 2413/2413/2413 2420/2420/2420 2421/2421/2421 2414/2414/2414
f 2414/2414/2414 2421/2421/2421 2422/2422/2422 2415/2415/2415
f 2415/2415/2415 2422/2422/2422 2423/2423/2423 2416/2416/2416
f 2416/2416/2416 2423/2423/2423 2424/2424/2424 2417/2417/2417
f 2417/2417/2417 2424/2424/2424 2425/2425/2425 2418/2418/2418
f 2418/2418/2418 2425/2425/2425 2297/2297/2297 2296/2296/2296
f 2419/2419/2419 2426/2426/2426 2427/2427/2427 2420/2420/2420
f 2420/2420/2420 2427/2427/2427 2428/2428/2428 2421/2421/2421
f 2421/2421/2421 2428/2428/2428 2429/2429/2429 2422/2422/2422
f 2422/2422/2422 2429/2429/2429 2430/2430/2430 2423/2423/2423
f 2423/2423/2423 2430/2430/2430 2431/2431/2431 2424/2424/2424
f 2424/2424/2424 2431/2431/2431 2432/2432/2432 2425/2425/2425
f 2425/2425/2425 2432/2432/2432 2298/2298/2298 2297/2297/2297
f 2426/2426/2426 2433/2433/2433 2434/2434/2434 2427/2427/2427
f 2427/2427/2427 2434/2434/2434 2435/2435/2435 2428/2428/2428
f 2428/2428/2428 2435/2435/2435 2436/2436/2436 2429/2429/2429
f 2429/2429/2429 2436/2436/2436 2437/2437/2437 2430/2430/2430
f 2430/2430/2430 2437/2437/2437 2438/2438/2438 2431/2431/2431
f 2431/2431/2431 2438/2438/2438 2439/2439/2439 2432/2432/2432
f 2432/2432/2432 2439/2439/2439 2299/2299/2299 2298/2298/2298
f 2433/2433/2433 2440/2440/2440 2441/2441/2441 2434/2434/2434
f 2434/2434/2434 2441/2441/2441 2442/2442/2442 2435/2435/2435
f 2435/2435/2435 2442/2442/2442 2443/2443/2443 2436/2436/2436
f 2436/2436/2436 2443/2443/2443 2444/2444/2444 2437/2437/2437
f 2437/2437/2437 2444/2444/2444 2445/2445/2445 2438/2438/2438
f 2438/2438/2438 2445/2445/2445 2446/2446/2446 2439/2439/2439
f 2439/2439/2439 2446/2446/2446 2300/2300/2300 2299/2299/2299
f 2440/2440/2440 2447/2447/2447 2448/2448/2448 2441/2441/2441
f 2441/2441/2441 2448/2448/2448 2449/2449/2449 2442/2442/2442
f 2442/2442/2442 2449/2449/2449 2450/2450/2450 2443/2443/2443
f 2443/2443/2443 2450/2450/2450 2451/2451/2451 2444/2444/2444
f 2444/2444/2444 2451/2451/2451 2452/2452/2452 2445/2445/2445
f 2445/2445/2445 2452/2452/2452 2453/2453/2453 2446/2446/2446
f 2446/2446/2446 2453/2453/2453 2301/2301/2301 2300/2300/2300
f 2447/2447/2447 2454/2454/2454 2455/2455/2455 2448/2448/2448
f 2448/2448/2448 2455/2455/2455 2456/2456/2456 2449/2449/2449
f 2449/2449/2449 2456/2456/2456 2457/2457/2457 2450/2450/2450
f 2450/2450/2450 2457/2457/2457 2458/2458/2458 2451/2451/2451
f 2451/2451/2451 2458/2458/2458 2459/2459/2459 2452/2452/2452
f 2452/2452/2452 2459/2459/2459 2460/2460/2460 2453/2453/2453
f 2453/2453/2453 2460/2460/2460 2302/2302/2302 2301/2301/2301
f 2454/2454/2454 2461/2461/2461 2462/2462/2462 2455/2455/2455
f 2455/2455/2455 2462/2462/2462 2463/2463/2463 2456/2456/2456
f 2456/2456/2456 2463/2463/2463 2464/2464/2464 2457/2457/2457
f 2457/2457/2457 2464/2464/2464 2465/2465/2465 2458/2458/2458
f 2458/2458/2458 2465/2465/2465 2466/2466/2466 2459/2459/2459
f 2459/2459/2459 2466/2466/2466 2467/2467/2467 2460/2460/2460
f 2460/2460/2460 2467/2467/2467 2303/2303/2303 2302/2302/2302
f 2461/2461/2461 2468/2468/2468 2469/2469/2469 2462/2462/2462
f 2462/2462/2462 2469/2469/2469 2470/2470/2470 2463/2463/2463
f 2463/2463/2463 2470/2470/2470 2471/2471/2471 2464/2464/2464
f 2464/2464/2464 2471/2471/2471 2472/2472/2472 2465/2465/2465
f 2465/2465/2465 2472/2472/2472 2473/2473/2473 2466/2466/2466
f 2466/2466/2466 2473/2473/2473 2474/2474/2474 2467/2467/2467
f 2467/2467/2467 2474/2474/2474 2304/2304/2304 2303/2303/2303
f 2468/2468/2468 2475/2475/2475 2476/2476/2476 2469/2469/2469
f 2469/2469/2469 2476/2476/2476 2477/2477/2477 2470/2470/2470
f 2470/2470/2470 2477/2477/2477 2478/2478/2478 2471/2471/2471
f 2471/2471/2471 2478/2478/2478 2479/2479/2479 2472/2472/2472
f 2472/2472/2472 2479/2479/2479 2480/2480/2480 2473/2473/2473
f 2473/2473/2473 2480/2480/2480 2481/2481/2481 2474/2474/2474
f 2474/2474/2474 2481/2481/2481 2305/2305/2305 2304/2304/2304
f 2475/2475/2475 2482/2482/2482 2483/2483/2483 2476/2476/2476
f 2476/2476/2476 2483/2483/2483 2484/2484/2484 2477/2477/2477
f 2477/2477/2477 2484/2484/2484 2485/2485/2485 2478/2478/2478
f 2478/2478/2478 2485/2485/2485 2486/2486/2486 2479/2479/2479
f 2479/2479/2479 2486/2486/2486 2487/2487/2487 2480/2480/2480
f 2480/2480/2480 2487/2487/2487 2488/2488/2488 2481/2481/2481
f 2481/2481/2481 2488/2488/2488 2306/2306/2306 2305/2305/2305
f 2482/2482/2482 2489/2489/2489 2490/2490/2490 2483/2483/2483
f 2483/2483/2483 2490/2490/2490 2491/2491/2491 2484/2484/2484
f 2484/2484/2484 2491/2491/2491 2492/2492/2492 2485/2485/2485
f 2485/2485/2485 2492/2492/2492 2493/2493/2493 2486/2486/2486
f 2486/2486/2486 2493/2493/2493 2494/2494/2494 2487/2487/2487
f 2487/2487/2487 2494/2494/2494 2495/2495/2495 2488/2488/2488
f 2488/2488/2488 2495/2495/2495 2307/2307/2307 2306/2306/2306
f 2489/2489/2489 2496/2496/2496 2497/2497/2497 2490/2490/2490
f 2490/2490/2490 2497/2497/2497 2498/2498/2498 2491/2491/2491
f 2491/2491/2491 2498/2498/2498 2499/2499/2499 2492/2492/2492
f 2492/2492/2492 2499/2499/2499 2500/2500/2500 2493/2493/2493
f 2493/2493/2493 2500/2500/2500 2501/2501/2501 2494/2494/2494
f 2494/2494/2494 2501/2501/2501 2502/2502/2502 2495/2495/2495
f 2495/2495/2495 2502/2502/2502 2308/2308/2308 2307/2307/2307
f 2496/2496/2496 2503/2503/2503 2504/2504/2504 2497/2497/2497
f 2497/2497/2497 2504/2504/2504 2505/2505/2505 2498/2498/2498
f 2498/2498/2498 2505/2505/2505 2506/2506/2506 2499/2499/2499
f 2499/2499/2499 2506/2506/2506 2507/2507/2507 2500/2500/2500
f 2500/2500/2500 2507/2507/2507 2508/2508/2508 2501/2501/2501
f 2501/2501/2501 2508/2508/2508 2509/2509/2509 2502/2502/2502
f 2502/2502/2502 2509/2509/2509 2309/2309/2309 2308/2308/2308
f 2503/2503/2503 2510/2510/2510 2511/2511/2511 2504/2504/2504
f 2504/2504/2504 2511/2511/2511 2512/2512/2512 2505/2505/2505
f 2505/2505/2505 2512/2512/2512 2513/2513/2513 2506/2506/2506
f 2506/2506/2506 2513/2513/2513 2514/2514/2514 2507/2507/2507
f 2507/2507/2507 2514/2514/2514 2515/2515/2515 2508/2508/2508
f 2508/2508/2508 2515/2515/2515 2516/2516/2516 2509/2509/2509
f 2509/2509/2509 2516/2516/2516 2310/2310/2310 2309/2309/2309
f 2510/2510/2510 2517/2517/2517 2518/2518/2518 2511/2511/2511
f 2511/2511/2511 2518/2518/2518 2519/2519/2519 2512/2512/2512
f 2512/2512/2512 2519/2519/2519 2520/2520/2520 2513/2513/2513
f 2513/2513/2513 2520/2520/2520 2521/2521/2521 2514/2514/2514
f 2514/2514/2514 2521/2521/2521 2522/2522/2522 2515/2515/2515
f 2515/2515/2515 2522/2522/2522 2523/2523/2523 2516/2516/2516
f 2516/2516/2516 2523/2523/2523 2311/2311/2311 2310/2310/2310
f 2517/2517/2517 2524/2524/2524 2525/2525/2525 2518/2518/2518
f 2518/2518/2518 2525/2525/2525 2526/2526/2526 2519/2519/2519
f 2519/2519/2519 2526/2526/2526 2527/2527/2527 2520/2520/2520
f 2520/2520/2520 2527/2527/2527 2528/2528/2528 2521/2521/2521
f 2521/2521/2521 2528/2528/2528 2529/2529/2529 2522/2522/2522
f 2522/2522/2522 2529/2529/2529 2530/2530/2530 2523/2523/2523
f 2523/2523/2523 2530/2530/2530 2312/2312/2312 2311/2311/2311
f 2524/2524/2524 2531/2531/2531 2532/2532/2532 2525/2525/2525
f 2525/2525/2525 2532/2532/2532 2533/2533/2533 2526/2526/2526
f 2526/2526/2526 2533/2533/2533 2534/2534/2534 2527/2527/2527
f 2527/2527/2527 2534/2534/2534 2535/2535/2535 2528/2528/2528
f 2528/2528/2528 2535/2535/2535 2536/2536/2536 2529/2529/2529
f 2529/2529/2529 2536/2536/2536 2537/2537/2537 2530/2530/2530
f 2530/2530/2530 2537/2537/2537 2313/2313/2313 2312/2312/2312
f 2531/2531/2531 2315/2314/2314 2317/2317/2317 2532/2532/2532
f 2532/2532/2532 2317/2317/2317 2319/2319/2319 2533/2533/2533
f 2533/2533/2533 2319/2319/2319 2321/2321/2321 2534/2534/2534
f 2534/2534/2534 2321/2321/2321 2323/2323/2323 2535/2535/2535
f 2535/2535/2535 2323/2323/2323 2325/2325/2325 2536/2536/2536
f 2536/2536/2536 2325/2325/2325 2327/2327/2327 2537/2537/2537
f 2537/2537/2537 2327/2327/2327 2282/2282/2282 2313/2313/2313
f 2363/2363/2363 2356/2356/2356 2539/2538/2538 2538/2539/2539
f 2356/2356/2356 2349/2349/2349 2540/2540/2540 2539/2538/2538
f 2349/2349/2349 2342/2342/2342 2541/2541/2541 2540/2540/2540
f 2342/2342/2342 2335/2335/2335 2542/2542/2542 2541/2541/2541
f 2335/2335/2335 2328/2328/2328 2543/2543/2543 2542/2542/2542
f 2328/2328/2328 2314/2315/2315 2544/2544/2544 2543/2543/2543
f 2314/2315/2315 2315/2314/2314 2545/2545/2545 2544/2544/2544
f 2315/2314/2314 2531/2531/2531 2546/2546/2546 2545/2545/2545
f 2531/2531/2531 2524/2524/2524 2547/2547/2547 2546/2546/2546
f 2524/2524/2524 2517/2517/2517 2548/2548/2548 2547/2547/2547
f 2517/2517/2517 2510/2510/2510 2549/2549/2549 2548/2548/2548
f 2510/2510/2510 2503/2503/2503 2550/2550/2550 2549/2549/2549
f 2503/2503/2503 2496/2496/2496 2551/2551/2551 2550/2550/2550
f 2496/2496/2496 2489/2489/2489 2552/2552/2552 2551/2551/2551
f 2489/2489/2489 2482/2482/2482 2553/2553/2553 2552/2552/2552
f 2482/2482/2482 2475/2475/2475 2554/2554/2554 2553/2553/2553
f 2475/2475/2475 2468/2468/2468 2555/2555/2555 2554/2554/2554
f 2468/2468/2468 2461/2461/2461 2556/2556/2556 2555/2555/2555
f 2461/2461/2461 2454/2454/2454 2557/2557/2557 2556/2556/2556
f 2454/2454/2454 2447/2447/2447 2558/2558/2558 2557/2557/2557
f 2447/2447/2447 2440/2440/2440 2559/2559/2559 2558/2558/2558
f 2440/2440/2440 2433/2433/2433 2560/2560/2560 2559/2559/2559
f 2433/2433/2433 2426/2426/2426 2561/2561/2561 2560/2560/2560
f 2426/2426/2426 2419/2419/2419 2562/2562/2562 2561/2561/2561
f 2419/2419/2419 2412/2412/2412 2563/2563/2563 2562/2562/2562
f 2412/2412/2412 2405/2405/2405 2564/2564/2564 2563/2563/2563
f 2405/2405/2405 2398/2398/2398 2565/2565/2565 2564/2564/2564
f 2398/2398/2398 2391/2391/2391 2566/2566/2566 2565/2565/2565
f 2391/2391/2391 2384/2384/2384 2567/2567/2567 2566/2566/2566
f 2384/2384/2384 2377/2377/2377 2568/2568/2568 2567/2567/2567
f 2377/2377/2377 2370/2370/2370 2569/2569/2569 2568/2568/2568
f 2370/2370/2370 2363/2363/2363 2538/2539/2539 2569/2569/2569
f 2538/2539/2539 2539/2538/2538 2571/2570/2570 2570/2571/2571
f 2539/2538/2538 2540/2540/2540 2572/2572/2572 2571/2570/2570
f 2540/2540/2540 2541/2541/2541 2573/2573/2573 2572/2572/2572
f 2541/2541/2541 2542/2542/2542 2574/2574/2574 2573/2573/2573
f 2542/2542/2542 2543/2543/2543 2575/2575/2575 2574/2574/2574
f 2543/2543/2543 2544/2544/2544 2576/2576/2576 2575/2575/2575
f 2544/2544/2544 2545/2545/2545 2577/2577/2577 2576/2576/2576
f 2545/2545/2545 2546/2546/2546 2578/2578/2578 2577/2577/2577
f 2546/2546/2546 2547/2547/2547 2579/2579/2579 2578/2578/2578
f 2547/2547/2547 2548/2548/2548 2580/2580/2580 2579/2579/2579
f 2548/2548/2548 2549/2549/2549 2581/2581/2581 2580/2580/2580
f 2549/2549/2549 2550/2550/2550 2582/2582/2582 2581/2581/2581
f 2550/2550/2550 2551/2551/2551 2583/2583/2583 2582/2582/2582
f 2551/2551/2551 2552/2552/2552 2584/2584/2584 2583/2583/2583
f 2552/2552/2552 2553/2553/2553 2585/2585/2585 2584/2584/2584
f 2553/2553/2553 2554/2554/2554 2586/2586/2586 2585/2585/2585
f 2554/2554/2554 2555/2555/2555 2587/2587/2587 2586/2586/2586
f 2555/2555/2555 2556/2556/2556 2588/2588/2588 2587/2587/2587
f 2556/2556/2556 2557/2557/2557 2589/2589/2589 2588/2588/2588
f 2557/2557/2557 2558/2558/2558 2590/2590/2590 2589/2589/2589
f 2558/2558/2558 2559/2559/2559 2591/2591/2591 2590/2590/2590
f 2559/2559/2559 2560/2560/2560 2592/2592/2592 2591/2591/2591
f 2560/2560/2560 2561/2561/2561 2593/2593/2593 2592/2592/2592
f 2561/2561/2561 2562/2562/2562 2594/2594/2594 2593/2593/2593
f 2562/2562/2562 2563/2563/2563 2595/2595/2595 2594/2594/2594
f 2563/2563/2563 2564/2564/2564 2596/2596/2596 2595/2595/2595
f 2564/2564/2564 2565/2565/2565 2597/2597/2597 2596/2596/2596
f 2565/2565/2565 2566/2566/2566 2598/2598/2598 2597/2597/2597
f 2566/2566/2566 2567/2567/2567 2599/2599/2599 2598/2598/2598
f 2567/2567/2567 2568/2568/2568 2600/2600/2600 2599/2599/2599
f 2568/2568/2568 2569/2569/2569 2601/2601/2601 2600/2600/2600
f 2569/2569/2569 2538/2539/2539 2570/2571/2571 2601/2601/2601
g default
v 0.033000 -0.001416 -0.030054
v 0.033937 -0.001531 -0.025324
v 0.033000 -0.001543 -0.025232
v 0.034837 -0.001497 -0.025595
v 0.035667 -0.001442 -0.026035
v 0.036394 -0.001368 -0.026628
v 0.036991 -0.001278 -0.027349
v 0.037435 -0.001175 -0.028173
v 0.037708 -0.001063 -0.029066
v 0.037800 -0.000947 -0.029996
v 0.037708 -0.000831 -0.030925
v 0.037435 -0.000719 -0.031819
v 0.036991 -0.000616 -0.032642
v 0.036394 -0.000526 -0.033364
v 0.035667 -0.000451 -0.033956
v 0.034837 -0.000396 -0.034396
v 0.033937 -0.000362 -0.034667
v 0.033000 -0.000351 -0.034759
v 0.032063 -0.000362 -0.034667
v 0.031163 -0.000396 -0.034396
v 0.030333 -0.000451 -0.033956
v 0.029606 -0.000526 -0.033364
v 0.029009 -0.000616 -0.032642
v 0.028565 -0.000719 -0.031819
v 0.028292 -0.000831 -0.030925
v 0.028199 -0.000947 -0.029996
v 0.028292 -0.001063 -0.029066
v 0.028565 -0.001175 -0.028173
v 0.029009 -0.001278 -0.027349
v 0.029606 -0.001368 -0.026628
v 0.030333 -0.001442 -0.026035
v 0.031163 -0.001497 -0.025595
v 0.032063 -0.001531 -0.025324
v 0.034837 -0.000704 -0.020658
v 0.033000 -0.000726 -0.020478
v 0.035667 0.001035 -0.016235
v 0.033000 0.001002 -0.015975
v 0.036394 0.003617 -0.012227
v 0.033000 0.003576 -0.011895
v 0.036991 0.006944 -0.008786
v 0.033000 0.006896 -0.008396
v 0.037435 0.010889 -0.006045
v 0.033000 0.010835 -0.005611
v 0.037708 0.015299 -0.004109
v 0.033000 0.015241 -0.003649
v 0.037800 0.020004 -0.003053
v 0.033000 0.019946 -0.002584
v 0.036603 -0.000637 -0.021190
v 0.038231 0.001131 -0.017007
v 0.039658 0.003740 -0.013209
v 0.040829 0.007089 -0.009941
v 0.041700 0.011049 -0.007328
v 0.042236 0.015469 -0.005472
v 0.042416 0.020178 -0.004443
v 0.038231 -0.000529 -0.022053
v 0.040595 0.001288 -0.018261
v 0.042666 0.003939 -0.014805
v 0.044367 0.007324 -0.011817
v 0.045630 0.011310 -0.009413
v 0.046408 0.015746 -0.007685
v 0.046671 0.020460 -0.006699
v 0.039658 -0.000384 -0.023215
v 0.042666 0.001499 -0.019948
v 0.045303 0.004208 -0.016952
v 0.047467 0.007639 -0.014342
v 0.049075 0.011661 -0.012218
v 0.050065 0.016118 -0.010663
v 0.050399 0.020840 -0.009735
v 0.040829 -0.000207 -0.024631
v 0.044367 0.001756 -0.022003
v 0.047467 0.004535 -0.019568
v 0.050011 0.008024 -0.017418
v 0.051902 0.012089 -0.015637
v 0.053066 0.016572 -0.014292
v 0.053459 0.021303 -0.013435
v 0.041700 -0.000005 -0.026246
v 0.045630 0.002049 -0.024349
v 0.049075 0.004909 -0.022553
v 0.051902 0.008463 -0.020928
v 0.054003 0.012577 -0.019537
v 0.055296 0.017090 -0.018432
v 0.055733 0.021831 -0.017656
v 0.042236 0.000215 -0.027999
v 0.046408 0.002368 -0.026893
v 0.050065 0.005314 -0.025792
v 0.053066 0.008940 -0.024736
v 0.055296 0.013106 -0.023768
v 0.056670 0.017652 -0.022924
v 0.057133 0.022404 -0.022237
v 0.042416 0.000443 -0.029822
v 0.046671 0.002699 -0.029540
v 0.050399 0.005735 -0.029160
v 0.053459 0.009435 -0.028697
v 0.055733 0.013656 -0.028169
v 0.057133 0.018237 -0.027596
v 0.057606 0.023000 -0.027000
v 0.042236 0.000671 -0.031645
v 0.046408 0.003030 -0.032186
v 0.050065 0.006157 -0.032528
v 0.053066 0.009931 -0.032657
v 0.055296 0.014207 -0.032570
v 0.056670 0.018821 -0.032268
v 0.057133 0.023596 -0.031763
v 0.041700 0.000890 -0.033397
v 0.045630 0.003348 -0.034731
v 0.049075 0.006562 -0.035767
v 0.051902 0.010407 -0.036466
v 0.054003 0.014736 -0.036801
v 0.055296 0.019383 -0.036760
v 0.055733 0.024169 -0.036344
v 0.040829 0.001092 -0.035013
v 0.044367 0.003642 -0.037076
v 0.047467 0.006935 -0.038751
v 0.050011 0.010846 -0.039976
v 0.051902 0.015224 -0.040701
v 0.053066 0.019901 -0.040900
v 0.053459 0.024697 -0.040565
v 0.039658 0.001269 -0.036429
v 0.042666 0.003899 -0.039131
v 0.045303 0.007262 -0.041368
v 0.047467 0.011231 -0.043052
v 0.049075 0.015652 -0.044119
v 0.050065 0.020355 -0.044529
v 0.050399 0.025160 -0.044265
v 0.038231 0.001414 -0.037591
v 0.040595 0.004110 -0.040818
v 0.042666 0.007531 -0.043515
v 0.044367 0.011547 -0.045577
v 0.045630 0.016003 -0.046925
v 0.046408 0.020727 -0.047507
v 0.046671 0.025540 -0.047301
v 0.036603 0.001522 -0.038454
v 0.038231 0.004267 -0.042072
v 0.039658 0.007731 -0.045110
v 0.040829 0.011781 -0.047453
v 0.041700 0.016263 -0.049009
v 0.042236 0.021004 -0.049720
v 0.042416 0.025822 -0.049557
v 0.034837 0.001589 -0.038986
v 0.035667 0.004363 -0.042844
v 0.036394 0.007854 -0.046093
v 0.036991 0.011926 -0.048608
v 0.037435 0.016424 -0.050293
v 0.037708 0.021175 -0.051083
v 0.037800 0.025996 -0.050947
v 0.033000 0.001611 -0.039165
v 0.033000 0.004396 -0.043104
v 0.033000 0.007895 -0.046424
v 0.033000 0.011975 -0.048998
v 0.033000 0.016478 -0.050726
v 0.033000 0.021232 -0.051543
v 0.033000 0.026054 -0.051416
v 0.031163 0.001589 -0.038986
v 0.030333 0.004363 -0.042844
v 0.029606 0.007854 -0.046093
v 0.029009 0.011926 -0.048608
v 0.028565 0.016424 -0.050293
v 0.028292 0.021175 -0.051083
v 0.028199 0.025996 -0.050947
v 0.029397 0.001522 -0.038454
v 0.027769 0.004267 -0.042072
v 0.026342 0.007731 -0.045110
v 0.025170 0.011781 -0.047453
v 0.024300 0.016263 -0.049009
v 0.023765 0.021004 -0.049720
v 0.023584 0.025822 -0.049557
v 0.027769 0.001414 -0.037591
v 0.025405 0.004110 -0.040818
v 0.023333 0.007531 -0.043515
v 0.021633 0.011547 -0.045577
v 0.020370 0.016003 -0.046925
v 0.019592 0.020727 -0.047507
v 0.019329 0.025540 -0.047301
v 0.026342 0.001269 -0.036429
v 0.023333 0.003899 -0.039131
v 0.020697 0.007262 -0.041368
v 0.018533 0.011231 -0.043052
v 0.016925 0.015652 -0.044119
v 0.015935 0.020355 -0.044529
v 0.015601 0.025160 -0.044265
v 0.025170 0.001092 -0.035013
v 0.021633 0.003642 -0.037076
v 0.018533 0.006935 -0.038751
v 0.015989 0.010846 -0.039976
v 0.014098 0.015224 -0.040701
v 0.012934 0.019901 -0.040900
v 0.012541 0.024697 -0.040565
v 0.024300 0.000890 -0.033397
v 0.020370 0.003348 -0.034731
v 0.016925 0.006562 -0.035767
v 0.014098 0.010407 -0.036466
v 0.011997 0.014736 -0.036801
v 0.010704 0.019383 -0.036760
v 0.010267 0.024169 -0.036344
v 0.023765 0.000671 -0.031645
v 0.019592 0.003030 -0.032186
v 0.015935 0.006157 -0.032528
v 0.012934 0.009931 -0.032657
v 0.010704 0.014207 -0.032570
v 0.009330 0.018821 -0.032268
v 0.008867 0.023596 -0.031763
v 0.023584 0.000443 -0.029822
v 0.019329 0.002699 -0.029540
v 0.015601 0.005735 -0.029160
v 0.012541 0.009435 -0.028697
v 0.010267 0.013656 -0.028169
v 0.008867 0.018237 -0.027596
v 0.008394 0.023000 -0.027000
v 0.023765 0.000215 -0.027999
v 0.019592 0.002368 -0.026893
v 0.015935 0.005314 -0.025792
v 0.012934 0.008940 -0.024736
v 0.010704 0.013106 -0.023768
v 0.009330 0.017652 -0.022924
v 0.008867 0.022404 -0.022237
v 0.024300 -0.000005 -0.026246
v 0.020370 0.002049 -0.024349
v 0.016925 0.004909 -0.022553
v 0.014098 0.008463 -0.020928
v 0.011997 0.012577 -0.019537
v 0.010704 0.017090 -0.018432
v 0.010267 0.021831 -0.017656
v 0.025170 -0.000207 -0.024631
v 0.021633 0.001756 -0.022003
v 0.018533 0.004535 -0.019568
v 0.015989 0.008024 -0.017418
v 0.014098 0.012089 -0.015637
v 0.012934 0.016572 -0.014292
v 0.012541 0.021303 -0.013435
v 0.026342 -0.000384 -0.023215
v 0.023333 0.001499 -0.019948
v 0.020697 0.004208 -0.016952
v 0.018533 0.007639 -0.014342
v 0.016925 0.011661 -0.012218
v 0.015935 0.016118 -0.010663
v 0.015601 0.020840 -0.009735
v 0.027769 -0.000529 -0.022053
v 0.025405 0.001288 -0.018261
v 0.023333 0.003939 -0.014805
v 0.021633 0.007324 -0.011817
v 0.020370 0.011310 -0.009413
v 0.019592 0.015746 -0.007685
v 0.019329 0.020460 -0.006699
v 0.029397 -0.000637 -0.021190
v 0.027769 0.001131 -0.017007
v 0.026342 0.003740 -0.013209
v 0.025170 0.007089 -0.009941
v 0.024300 0.011049 -0.007328
v 0.023765 0.015469 -0.005472
v 0.023584 0.020178 -0.004443
v 0.031163 -0.000704 -0.020658
v 0.030333 0.001035 -0.016235
v 0.029606 0.003617 -0.012227
v 0.029009 0.006944 -0.008786
v 0.028565 0.010889 -0.006045
v 0.028292 0.015299 -0.004109
v 0.028199 0.020004 -0.003053
v 0.022329 0.210540 -0.026301
v 0.026584 0.210822 -0.028557
v 0.018601 0.210160 -0.023265
v 0.015541 0.209697 -0.019565
v 0.013267 0.209169 -0.015344
v 0.011867 0.208596 -0.010763
v 0.011394 0.208000 -0.006000
v 0.011867 0.207404 -0.001237
v 0.013267 0.206831 0.003344
v 0.015541 0.206303 0.007565
v 0.018601 0.205840 0.011265
v 0.022329 0.205460 0.014301
v 0.026584 0.205178 0.016557
v 0.031199 0.205004 0.017947
v 0.036000 0.204946 0.018416
v 0.040800 0.205004 0.017947
v 0.045416 0.205178 0.016557
v 0.049670 0.205460 0.014301
v 0.053399 0.205840 0.011265
v 0.056459 0.206303 0.007565
v 0.058733 0.206831 0.003344
v 0.060133 0.207404 -0.001237
v 0.060606 0.208000 -0.006000
v 0.060133 0.208596 -0.010763
v 0.058733 0.209169 -0.015344
v 0.056459 0.209697 -0.019565
v 0.053399 0.210160 -0.023265
v 0.049670 0.210540 -0.026301
v 0.045416 0.210822 -0.028557
v 0.040800 0.210996 -0.029947
v 0.036000 0.211054 -0.030416
v 0.031199 0.210996 -0.029947
v 0.023377 0.214834 -0.024184
v 0.027305 0.215094 -0.026268
v 0.019934 0.214483 -0.021381
v 0.017108 0.214055 -0.017964
v 0.015008 0.213568 -0.014066
v 0.013715 0.213039 -0.009837
v 0.013279 0.212488 -0.005438
v 0.013715 0.211938 -0.001040
v 0.015008 0.211409 0.003189
v 0.017108 0.210922 0.007087
v 0.019934 0.210494 0.010504
v 0.023377 0.210143 0.013307
v 0.027305 0.209883 0.015391
v 0.031567 0.209722 0.016674
v 0.036000 0.209668 0.017107
v 0.040433 0.209722 0.016674
v 0.044695 0.209883 0.015391
v 0.048623 0.210143 0.013307
v 0.052066 0.210494 0.010504
v 0.054892 0.210922 0.007087
v 0.056992 0.211409 0.003189
v 0.058285 0.211938 -0.001040
v 0.058721 0.212488 -0.005438
v 0.058285 0.213039 -0.009837
v 0.056992 0.213568 -0.014066
v 0.054892 0.214055 -0.017964
v 0.052066 0.214483 -0.021381
v 0.048623 0.214834 -0.024184
v 0.044695 0.215094 -0.026268
v 0.040433 0.215255 -0.027551
v 0.036000 0.215309 -0.027984
v 0.031567 0.215255 -0.027551
vt 0.558974 0.000181
vt 0.560648 0.000016
vt 0.558974 0.000000
vt 0.562257 0.000065
vt 0.563740 0.000143
vt 0.565040 0.000249
vt 0.566107 0.000378
vt 0.566900 0.000525
vt 0.567388 0.000684
vt 0.567553 0.000850
vt 0.567388 0.001016
vt 0.566900 0.001175
vt 0.566107 0.001322
vt 0.565040 0.001451
vt 0.563740 0.001556
vt 0.562257 0.001635
vt 0.560648 0.001683
vt 0.558974 0.001700
vt 0.557300 0.001683
vt 0.555691 0.001635
vt 0.554208 0.001556
vt 0.552908 0.001451
vt 0.551841 0.001322
vt 0.551048 0.001175
vt 0.550560 0.001016
vt 0.550395 0.000850
vt 0.550560 0.000684
vt 0.551048 0.000525
vt 0.551841 0.000378
vt 0.552908 0.000249
vt 0.554208 0.000143
vt 0.555691 0.000065
vt 0.557300 0.000016
vt 0.562257 0.001196
vt 0.558974 0.001164
vt 0.563740 0.003676
vt 0.558974 0.003629
vt 0.565040 0.007359
vt 0.558974 0.007300
vt 0.566107 0.012105
vt 0.558974 0.012035
vt 0.566900 0.017730
vt 0.558974 0.017653
vt 0.567388 0.024020
vt 0.558974 0.023938
vt 0.567553 0.030731
vt 0.558974 0.030648
vt 0.565414 0.001291
vt 0.568323 0.003814
vt 0.570873 0.007534
vt 0.572966 0.012311
vt 0.574521 0.017959
vt 0.575479 0.024263
vt 0.575802 0.030979
vt 0.568323 0.001445
vt 0.572547 0.004037
vt 0.576249 0.007819
vt 0.579287 0.012646
vt 0.581545 0.018331
vt 0.582935 0.024658
vt 0.583405 0.031382
vt 0.570873 0.001653
vt 0.576249 0.004338
vt 0.580961 0.008202
vt 0.584828 0.013096
vt 0.587701 0.018832
vt 0.589471 0.025189
vt 0.590068 0.031924
vt 0.572966 0.001905
vt 0.579287 0.004705
vt 0.584828 0.008669
vt 0.589375 0.013645
vt 0.592754 0.019442
vt 0.594834 0.025836
vt 0.595537 0.032584
vt 0.574521 0.002194
vt 0.581545 0.005123
vt 0.587701 0.009201
vt 0.592754 0.014271
vt 0.596508 0.020138
vt 0.598820 0.026575
vt 0.599601 0.033337
vt 0.575479 0.002506
vt 0.582935 0.005577
vt 0.589471 0.009779
vt 0.594834 0.014951
vt 0.598820 0.020893
vt 0.601274 0.027377
vt 0.602103 0.034154
vt 0.575802 0.002831
vt 0.583405 0.006049
vt 0.590068 0.010380
vt 0.595537 0.015657
vt 0.599601 0.021678
vt 0.602103 0.028210
vt 0.602948 0.035004
vt 0.575479 0.003157
vt 0.582935 0.006522
vt 0.589471 0.010981
vt 0.594834 0.016364
vt 0.598820 0.022463
vt 0.601274 0.029044
vt 0.602103 0.035854
vt 0.574521 0.003469
vt 0.581545 0.006976
vt 0.587701 0.011559
vt 0.592754 0.017043
vt 0.596508 0.023218
vt 0.598820 0.029845
vt 0.599601 0.036671
vt 0.572966 0.003758
vt 0.579287 0.007394
vt 0.584828 0.012092
vt 0.589375 0.017670
vt 0.592754 0.023914
vt 0.594834 0.030584
vt 0.595537 0.037424
vt 0.570873 0.004010
vt 0.576249 0.007761
vt 0.580961 0.012558
vt 0.584828 0.018218
vt 0.587701 0.024524
vt 0.589471 0.031231
vt 0.590068 0.038084
vt 0.568323 0.004218
vt 0.572547 0.008062
vt 0.576249 0.012941
vt 0.579287 0.018669
vt 0.581545 0.025024
vt 0.582935 0.031763
vt 0.583405 0.038626
vt 0.565414 0.004372
vt 0.568323 0.008285
vt 0.570873 0.013226
vt 0.572966 0.019004
vt 0.574521 0.025396
vt 0.575479 0.032157
vt 0.575802 0.039029
vt 0.562257 0.004467
vt 0.563740 0.008423
vt 0.565040 0.013401
vt 0.566107 0.019210
vt 0.566900 0.025625
vt 0.567388 0.032401
vt 0.567553 0.039276
vt 0.558974 0.004499
vt 0.558974 0.008470
vt 0.558974 0.013461
vt 0.558974 0.019279
vt 0.558974 0.025702
vt 0.558974 0.032483
vt 0.558974 0.039360
vt 0.555691 0.004467
vt 0.554208 0.008423
vt 0.552908 0.013401
vt 0.551841 0.019210
vt 0.551048 0.025625
vt 0.550560 0.032401
vt 0.550395 0.039276
vt 0.552534 0.004372
vt 0.549625 0.008285
vt 0.547075 0.013226
vt 0.544982 0.019004
vt 0.543427 0.025396
vt 0.542469 0.032157
vt 0.542146 0.039029
vt 0.549625 0.004218
vt 0.545401 0.008062
vt 0.541699 0.012941
vt 0.538661 0.018669
vt 0.536403 0.025024
vt 0.535013 0.031763
vt 0.534544 0.038626
vt 0.547075 0.004010
vt 0.541699 0.007761
vt 0.536987 0.012558
vt 0.533120 0.018218
vt 0.530247 0.024524
vt 0.528477 0.031231
vt 0.527880 0.038084
vt 0.544982 0.003758
vt 0.538661 0.007394
vt 0.533120 0.012092
vt 0.528573 0.017670
vt 0.525194 0.023914
vt 0.523114 0.030584
vt 0.522411 0.037424
vt 0.543427 0.003469
vt 0.536403 0.006976
vt 0.530247 0.011559
vt 0.525194 0.017043
vt 0.521440 0.023218
vt 0.519128 0.029845
vt 0.518348 0.036671
vt 0.542469 0.003157
vt 0.535013 0.006522
vt 0.528477 0.010981
vt 0.523114 0.016364
vt 0.519128 0.022463
vt 0.516674 0.029044
vt 0.515845 0.035854
vt 0.542146 0.002831
vt 0.534544 0.006049
vt 0.527880 0.010380
vt 0.522411 0.015657
vt 0.518348 0.021678
vt 0.515845 0.028210
vt 0.515000 0.035004
vt 0.542469 0.002506
vt 0.535013 0.005577
vt 0.528477 0.009779
vt 0.523114 0.014951
vt 0.519128 0.020893
vt 0.516674 0.027377
vt 0.515845 0.034154
vt 0.543427 0.002194
vt 0.536403 0.005123
vt 0.530247 0.009201
vt 0.525194 0.014271
vt 0.521440 0.020138
vt 0.519128 0.026575
vt 0.518348 0.033337
vt 0.544982 0.001905
vt 0.538661 0.004705
vt 0.533120 0.008669
vt 0.528573 0.013645
vt 0.525194 0.019442
vt 0.523114 0.025836
vt 0.522411 0.032584
vt 0.547075 0.001653
vt 0.541699 0.004338
vt 0.536987 0.008202
vt 0.533120 0.013096
vt 0.530247 0.018832
vt 0.528477 0.025189
vt 0.527880 0.031924
vt 0.549625 0.001445
vt 0.545401 0.004037
vt 0.541699 0.007819
vt 0.538661 0.012646
vt 0.536403 0.018331
vt 0.535013 0.024658
vt 0.534544 0.031382
vt 0.552534 0.001291
vt 0.549625 0.003814
vt 0.547075 0.007534
vt 0.544982 0.012311
vt 0.543427 0.017959
vt 0.542469 0.024263
vt 0.542146 0.030979
vt 0.555691 0.001196
vt 0.554208 0.003676
vt 0.552908 0.007359
vt 0.551841 0.012105
vt 0.551048 0.017730
vt 0.550560 0.024020
vt 0.550395 0.030731
vt 0.539905 0.302481
vt 0.547507 0.302884
vt 0.533241 0.301939
vt 0.527772 0.301279
vt 0.523709 0.300526
vt 0.521207 0.299709
vt 0.520362 0.298859
vt 0.521207 0.298009
vt 0.523709 0.297192
vt 0.527772 0.296439
vt 0.533241 0.295779
vt 0.539905 0.295237
vt 0.547507 0.294834
vt 0.555756 0.294586
vt 0.564335 0.294503
vt 0.572914 0.294586
vt 0.581163 0.294834
vt 0.588766 0.295237
vt 0.595429 0.295779
vt 0.600898 0.296439
vt 0.604962 0.297192
vt 0.607464 0.298009
vt 0.608309 0.298859
vt 0.607464 0.299709
vt 0.604962 0.300526
vt 0.600898 0.301279
vt 0.595429 0.301939
vt 0.588766 0.302481
vt 0.581163 0.302884
vt 0.572914 0.303132
vt 0.564335 0.303215
vt 0.555756 0.303132
vt 0.541776 0.308605
vt 0.548796 0.308977
vt 0.535623 0.308105
vt 0.530573 0.307495
vt 0.526821 0.306800
vt 0.524511 0.306045
vt 0.523730 0.305261
vt 0.524511 0.304476
vt 0.526821 0.303721
vt 0.530573 0.303026
vt 0.535623 0.302416
vt 0.541776 0.301916
vt 0.548796 0.301544
vt 0.556414 0.301315
vt 0.564335 0.301238
vt 0.572257 0.301315
vt 0.579874 0.301544
vt 0.586894 0.301916
vt 0.593047 0.302416
vt 0.598097 0.303026
vt 0.601850 0.303721
vt 0.604160 0.304476
vt 0.604940 0.305261
vt 0.604160 0.306045
vt 0.601850 0.306800
vt 0.598097 0.307495
vt 0.593047 0.308105
vt 0.586894 0.308605
vt 0.579874 0.308977
vt 0.572257 0.309206
vt 0.564335 0.309283
vt 0.556414 0.309206
vn 0.000000 -0.992266 -0.124129
vn 0.038056 -0.996952 0.068101
vn 0.000000 -0.997418 0.071820
vn 0.074652 -0.995574 0.057086
vn 0.108378 -0.993337 0.039197
vn 0.137937 -0.990325 0.015126
vn 0.162196 -0.986656 -0.014205
vn 0.180224 -0.982470 -0.047670
vn 0.191325 -0.977927 -0.083982
vn 0.195073 -0.973203 -0.121744
vn 0.191324 -0.968480 -0.159507
vn 0.180224 -0.963937 -0.195819
vn 0.162196 -0.959751 -0.229283
vn 0.137937 -0.956081 -0.258615
vn 0.108376 -0.953070 -0.282687
vn 0.074652 -0.950832 -0.300575
vn 0.038062 -0.949454 -0.311589
vn -0.000000 -0.948989 -0.315309
vn -0.038060 -0.949454 -0.311589
vn -0.074652 -0.950832 -0.300574
vn -0.108378 -0.953070 -0.282686
vn -0.137937 -0.956081 -0.258615
vn -0.162196 -0.959751 -0.229283
vn -0.180224 -0.963937 -0.195819
vn -0.191325 -0.968479 -0.159512
vn -0.195074 -0.973203 -0.121744
vn -0.191325 -0.977928 -0.083977
vn -0.180224 -0.982470 -0.047670
vn -0.162196 -0.986656 -0.014205
vn -0.137938 -0.990325 0.015126
vn -0.108378 -0.993337 0.039197
vn -0.074652 -0.995574 0.057086
vn -0.038056 -0.996952 0.068100
vn 0.074651 -0.963333 0.257713
vn 0.000000 -0.964245 0.265011
vn 0.108380 -0.892696 0.437433
vn 0.000000 -0.894020 0.448026
vn 0.137944 -0.787752 0.600348
vn 0.000000 -0.789438 0.613830
vn 0.162207 -0.652531 0.740197
vn 0.000000 -0.654514 0.756050
vn 0.180237 -0.492230 0.851601
vn 0.000000 -0.494434 0.869215
vn 0.191341 -0.313004 0.930278
vn 0.000001 -0.315345 0.948977
vn 0.194893 -0.166315 0.966621
vn 0.000002 -0.167041 0.985950
vn 0.146437 -0.960630 0.236108
vn 0.212598 -0.888771 0.406064
vn 0.270587 -0.782758 0.560422
vn 0.318181 -0.646658 0.693249
vn 0.353548 -0.485705 0.799434
vn 0.375327 -0.306076 0.874898
vn 0.382262 -0.161068 0.909908
vn 0.212591 -0.956240 0.201021
vn 0.308640 -0.882399 0.355125
vn 0.392829 -0.774649 0.495585
vn 0.461927 -0.637120 0.617010
vn 0.513273 -0.475108 0.714719
vn 0.544892 -0.294828 0.784964
vn 0.554906 -0.151503 0.818001
vn 0.270577 -0.950333 0.153803
vn 0.392823 -0.873823 0.286573
vn 0.499974 -0.763735 0.408332
vn 0.587921 -0.624285 0.514410
vn 0.653271 -0.460847 0.600714
vn 0.693516 -0.279689 0.663935
vn 0.706196 -0.137989 0.694440
vn 0.318164 -0.943136 0.096265
vn 0.461910 -0.863374 0.203040
vn 0.587908 -0.750435 0.302013
vn 0.691323 -0.608645 0.389388
vn 0.768167 -0.443468 0.461797
vn 0.815490 -0.261240 0.516458
vn 0.830319 -0.121048 0.543983
vn 0.353524 -0.934924 0.030623
vn 0.513245 -0.851452 0.107742
vn 0.653250 -0.735259 0.180719
vn 0.768157 -0.590802 0.246754
vn 0.853543 -0.423639 0.303306
vn 0.906124 -0.240192 0.348204
vn 0.922516 -0.101332 0.372420
vn 0.375298 -0.926014 -0.040608
vn 0.544858 -0.838517 0.004330
vn 0.693487 -0.718794 0.049102
vn 0.815472 -0.571440 0.091989
vn 0.906115 -0.402127 0.131341
vn 0.961935 -0.217353 0.165644
vn 0.979255 -0.079593 0.186346
vn 0.382653 -0.916747 -0.114684
vn 0.555533 -0.825063 -0.103218
vn 0.707073 -0.701671 -0.087779
vn 0.831448 -0.551306 -0.068966
vn 0.923867 -0.379754 -0.047506
vn 0.980781 -0.193600 -0.024218
vn 0.998368 -0.056670 -0.007088
vn 0.375300 -0.907480 -0.188757
vn 0.544858 -0.811611 -0.210755
vn 0.693485 -0.684550 -0.224656
vn 0.815471 -0.531171 -0.229922
vn 0.906115 -0.357380 -0.226353
vn 0.961935 -0.169852 -0.214082
vn 0.979131 -0.033447 -0.200461
vn 0.353526 -0.898570 -0.259985
vn 0.513247 -0.798674 -0.314163
vn 0.653249 -0.668084 -0.356270
vn 0.768158 -0.511811 -0.384686
vn 0.853543 -0.335868 -0.398318
vn 0.906124 -0.147015 -0.396643
vn 0.922287 -0.010810 -0.386354
vn 0.318164 -0.890358 -0.325628
vn 0.461910 -0.786752 -0.409463
vn 0.587910 -0.652912 -0.477564
vn 0.691325 -0.493967 -0.527320
vn 0.768167 -0.316044 -0.556808
vn 0.815491 -0.125967 -0.564895
vn 0.830026 0.010376 -0.557628
vn 0.270577 -0.883160 -0.383166
vn 0.392821 -0.776303 -0.492996
vn 0.499974 -0.639612 -0.583886
vn 0.587923 -0.478326 -0.652343
vn 0.653270 -0.298666 -0.695727
vn 0.693514 -0.107519 -0.712375
vn 0.705883 0.029291 -0.707723
vn 0.212590 -0.877254 -0.430385
vn 0.308637 -0.767727 -0.561550
vn 0.392825 -0.628696 -0.671140
vn 0.461926 -0.465492 -0.754945
vn 0.513272 -0.284402 -0.809733
vn 0.544889 -0.092378 -0.833404
vn 0.554623 0.045207 -0.830873
vn 0.146437 -0.872865 -0.465471
vn 0.212599 -0.761354 -0.612488
vn 0.270588 -0.620584 -0.735974
vn 0.318181 -0.455955 -0.831183
vn 0.353548 -0.273803 -0.894447
vn 0.375328 -0.081127 -0.923335
vn 0.382050 0.057519 -0.922350
vn 0.074654 -0.870162 -0.487077
vn 0.108380 -0.757431 -0.643857
vn 0.137945 -0.615589 -0.775900
vn 0.162209 -0.450082 -0.878131
vn 0.180240 -0.267278 -0.946613
vn 0.191342 -0.074198 -0.978715
vn 0.194778 0.065756 -0.978641
vn -0.000000 -0.869248 -0.494376
vn 0.000000 -0.756105 -0.654450
vn 0.000000 -0.613902 -0.789382
vn 0.000000 -0.448098 -0.893984
vn -0.000000 -0.265075 -0.964228
vn 0.000000 -0.071857 -0.997415
vn -0.000000 0.069597 -0.997575
vn -0.074653 -0.870162 -0.487078
vn -0.108379 -0.757431 -0.643857
vn -0.137945 -0.615589 -0.775900
vn -0.162210 -0.450082 -0.878131
vn -0.180241 -0.267278 -0.946613
vn -0.191343 -0.074199 -0.978715
vn -0.194815 0.068890 -0.978418
vn -0.146437 -0.872864 -0.465472
vn -0.212598 -0.761354 -0.612489
vn -0.270588 -0.620584 -0.735974
vn -0.318181 -0.455955 -0.831183
vn -0.353546 -0.273804 -0.894447
vn -0.375326 -0.081128 -0.923335
vn -0.382180 0.063667 -0.921892
vn -0.212591 -0.877254 -0.430385
vn -0.308638 -0.767727 -0.561550
vn -0.392826 -0.628696 -0.671140
vn -0.461926 -0.465492 -0.754945
vn -0.513272 -0.284405 -0.809732
vn -0.544890 -0.092378 -0.833403
vn -0.554891 0.054128 -0.830160
vn -0.270577 -0.883160 -0.383166
vn -0.392822 -0.776303 -0.492996
vn -0.499975 -0.639612 -0.583884
vn -0.587923 -0.478326 -0.652342
vn -0.653273 -0.298666 -0.695725
vn -0.693519 -0.107520 -0.712370
vn -0.706313 0.040632 -0.706733
vn -0.318164 -0.890358 -0.325628
vn -0.461910 -0.786752 -0.409463
vn -0.587910 -0.652912 -0.477564
vn -0.691325 -0.493967 -0.527320
vn -0.768168 -0.316042 -0.556808
vn -0.815492 -0.125967 -0.564894
vn -0.830608 0.023696 -0.556353
vn -0.353524 -0.898570 -0.259987
vn -0.513245 -0.798673 -0.314167
vn -0.653250 -0.668083 -0.356273
vn -0.768158 -0.511811 -0.384687
vn -0.853543 -0.335867 -0.398318
vn -0.906123 -0.147015 -0.396645
vn -0.922991 0.003976 -0.384800
vn -0.375298 -0.907481 -0.188759
vn -0.544858 -0.811611 -0.210755
vn -0.693487 -0.684548 -0.224656
vn -0.815472 -0.531170 -0.229922
vn -0.906115 -0.357379 -0.226353
vn -0.961935 -0.169852 -0.214082
vn -0.979908 -0.017769 -0.198658
vn -0.382653 -0.916747 -0.114682
vn -0.555533 -0.825064 -0.103212
vn -0.707074 -0.701670 -0.087776
vn -0.831448 -0.551305 -0.068966
vn -0.923867 -0.379754 -0.047506
vn -0.980781 -0.193601 -0.024219
vn -0.999158 -0.040703 -0.005093
vn -0.375298 -0.926014 -0.040605
vn -0.544858 -0.838517 0.004330
vn -0.693487 -0.718794 0.049102
vn -0.815471 -0.571441 0.091989
vn -0.906115 -0.402126 0.131341
vn -0.961935 -0.217355 0.165644
vn -0.979998 -0.063952 0.188451
vn -0.353524 -0.934924 0.030623
vn -0.513246 -0.851452 0.107742
vn -0.653250 -0.735259 0.180719
vn -0.768157 -0.590802 0.246754
vn -0.853543 -0.423639 0.303306
vn -0.906124 -0.240193 0.348204
vn -0.923160 -0.086613 0.374531
vn -0.318164 -0.943136 0.096265
vn -0.461910 -0.863374 0.203038
vn -0.587910 -0.750434 0.302011
vn -0.691325 -0.608644 0.389387
vn -0.768167 -0.443468 0.461797
vn -0.815491 -0.261241 0.516458
vn -0.830831 -0.107812 0.545982
vn -0.270577 -0.950333 0.153803
vn -0.392822 -0.873824 0.286571
vn -0.499974 -0.763735 0.408332
vn -0.587922 -0.624283 0.514411
vn -0.653271 -0.460847 0.600714
vn -0.693516 -0.279690 0.663935
vn -0.706559 -0.126741 0.696212
vn -0.212591 -0.956240 0.201021
vn -0.308638 -0.882400 0.355125
vn -0.392826 -0.774649 0.495587
vn -0.461926 -0.637119 0.617012
vn -0.513273 -0.475108 0.714719
vn -0.544892 -0.294828 0.784964
vn -0.555126 -0.142671 0.819439
vn -0.146437 -0.960630 0.236108
vn -0.212598 -0.888771 0.406065
vn -0.270587 -0.782758 0.560422
vn -0.318181 -0.646658 0.693249
vn -0.353548 -0.485705 0.799434
vn -0.375328 -0.306078 0.874897
vn -0.382367 -0.154988 0.910919
vn -0.074651 -0.963333 0.257713
vn -0.108380 -0.892696 0.437433
vn -0.137944 -0.787752 0.600348
vn -0.162207 -0.652531 0.740197
vn -0.180237 -0.492230 0.851601
vn -0.191341 -0.313006 0.930277
vn -0.194919 -0.163217 0.967143
vn -0.544801 0.295633 -0.784725
vn -0.375410 0.305056 -0.875219
vn -0.693132 0.282340 -0.663214
vn -0.814728 0.265691 -0.515390
vn -0.904955 0.246330 -0.346955
vn -0.960394 0.224998 -0.164375
vn -0.978951 0.202517 0.025334
vn -0.959949 0.179747 0.214916
vn -0.904135 0.157556 0.397135
vn -0.813659 0.136794 0.565019
vn -0.691979 0.118251 0.712166
vn -0.543740 0.102637 0.832954
vn -0.374606 0.090551 0.922752
vn -0.191020 0.082455 0.978117
vn 0.000003 0.078664 0.996901
vn 0.191144 0.079324 0.978351
vn 0.375078 0.084418 0.923141
vn 0.544739 0.093754 0.833349
vn 0.693591 0.106979 0.712381
vn 0.815877 0.123587 0.564864
vn 0.906862 0.142945 0.396444
vn 0.963006 0.164305 0.213597
vn 0.982111 0.186846 0.023376
vn 0.963417 0.209699 -0.166893
vn 0.907624 0.231982 -0.349863
vn 0.816878 0.252831 -0.518446
vn 0.694680 0.271442 -0.666137
vn 0.545752 0.287096 -0.787230
vn 0.375857 0.299188 -0.877051
vn 0.191562 0.307254 -0.932148
vn 0.000000 0.310985 -0.950415
vn -0.191449 0.310242 -0.931181
vn -0.512825 0.476947 -0.713815
vn -0.353242 0.487536 -0.798454
vn -0.652703 0.462698 -0.599907
vn -0.767498 0.445335 -0.461111
vn -0.852796 0.425526 -0.302764
vn -0.905325 0.404031 -0.130939
vn -0.923061 0.381678 0.047747
vn -0.905326 0.359325 0.226431
vn -0.852797 0.337831 0.398256
vn -0.767498 0.318022 0.556605
vn -0.652703 0.300658 0.695402
vn -0.512823 0.286408 0.809310
vn -0.353242 0.275820 0.893948
vn -0.180082 0.269300 0.946070
vn 0.000002 0.267099 0.963669
vn 0.180081 0.269300 0.946070
vn 0.353238 0.275819 0.893950
vn 0.512823 0.286407 0.809311
vn 0.652703 0.300657 0.695402
vn 0.767497 0.318020 0.556608
vn 0.852797 0.337832 0.398255
vn 0.905326 0.359326 0.226430
vn 0.923061 0.381677 0.047749
vn 0.905326 0.404030 -0.130939
vn 0.852796 0.425526 -0.302765
vn 0.767498 0.445335 -0.461112
vn 0.652703 0.462698 -0.599908
vn 0.512825 0.476948 -0.713815
vn 0.353239 0.487536 -0.798455
vn 0.180075 0.494056 -0.850577
vn 0.000001 0.496257 -0.868176
vn -0.180077 0.494056 -0.850577
s 1
g lShin
usemtl default
f 2602/2602/2602 2603/2603/2603 2604/2604/2604
f 2602/2602/2602 2605/2605/2605 2603/2603/2603
f 2602/2602/2602 2606/2606/2606 2605/2605/2605
f 2602/2602/2602 2607/2607/2607 2606/2606/2606
f 2602/2602/2602 2608/2608/2608 2607/2607/2607
f 2602/2602/2602 2609/2609/2609 2608/2608/2608
f 2602/2602/2602 2610/2610/2610 2609/2609/2609
f 2602/2602/2602 2611/2611/2611 2610/2610/2610
f 2602/2602/2602 2612/2612/2612 2611/2611/2611
f 2602/2602/2602 2613/2613/2613 2612/2612/2612
f 2602/2602/2602 2614/2614/2614 2613/2613/2613
f 2602/2602/2602 2615/2615/2615 2614/2614/2614
f 2602/2602/2602 2616/2616/2616 2615/2615/2615
f 2602/2602/2602 2617/2617/2617 2616/2616/2616
f 2602/2602/2602 2618/2618/2618 2617/2617/2617
f 2602/2602/2602 2619/2619/2619 2618/2618/2618
f 2602/2602/2602 2620/2620/2620 2619/2619/2619
f 2602/2602/2602 2621/2621/2621 2620/2620/2620
f 2602/2602/2602 2622/2622/2622 2621/2621/2621
f 2602/2602/2602 2623/2623/2623 2622/2622/2622
f 2602/2602/2602 2624/2624/2624 2623/2623/2623
f 2602/2602/2602 2625/2625/2625 2624/2624/2624
f 2602/2602/2602 2626/2626/2626 2625/2625/2625
f 2602/2602/2602 2627/2627/2627 2626/2626/2626
f 2602/2602/2602 2628/2628/2628 2627/2627/2627
f 2602/2602/2602 2629/2629/2629 2628/2628/2628
f 2602/2602/2602 2630/2630/2630 2629/2629/2629
f 2602/2602/2602 2631/2631/2631 2630/2630/2630
f 2602/2602/2602 2632/2632/2632 2631/2631/2631
f 2602/2602/2602 2633/2633/2633 2632/2632/2632
f 2602/2602/2602 2634/2634/2634 2633/2633/2633
f 2602/2602/2602 2604/2604/2604 2634/2634/2634
f 2604/2604/2604 2603/2603/2603 2635/2635/2635 2636/2636/2636
f 2636/2636/2636 2635/2635/2635 2637/2637/2637 2638/2638/2638
f 2638/2638/2638 2637/2637/2637 2639/2639/2639 2640/2640/2640
f 2640/2640/2640 2639/2639/2639 2641/2641/2641 2642/2642/2642
f 2642/2642/2642 2641/2641/2641 2643/2643/2643 2644/2644/2644
f 2644/2644/2644 2643/2643/2643 2645/2645/2645 2646/2646/2646
f 2646/2646/2646 2645/2645/2645 2647/2647/2647 2648/2648/2648
f 2603/2603/2603 2605/2605/2605 2649/2649/2649 2635/2635/2635
f 2635/2635/2635 2649/2649/2649 2650/2650/2650 2637/2637/2637
f 2637/2637/2637 2650/2650/2650 2651/2651/2651 2639/2639/2639
f 2639/2639/2639 2651/2651/2651 2652/2652/2652 2641/2641/2641
f 2641/2641/2641 2652/2652/2652 2653/2653/2653 2643/2643/2643
f 2643/2643/2643 2653/2653/2653 2654/2654/2654 2645/2645/2645
f 2645/2645/2645 2654/2654/2654 2655/2655/2655 2647/2647/2647
f 2605/2605/2605 2606/2606/2606 2656/2656/2656 2649/2649/2649
f 2649/2649/2649 2656/2656/2656 2657/2657/2657 2650/2650/2650
f 2650/2650/2650 2657/2657/2657 2658/2658/2658 2651/2651/2651
f 2651/2651/2651 2658/2658/2658 2659/2659/2659 2652/2652/2652
f 2652/2652/2652 2659/2659/2659 2660/2660/2660 2653/2653/2653
f 2653/2653/2653 2660/2660/2660 2661/2661/2661 2654/2654/2654
f 2654/2654/2654 2661/2661/2661 2662/2662/2662 2655/2655/2655
f 2606/2606/2606 2607/2607/2607 2663/2663/2663 2656/2656/2656
f 2656/2656/2656 2663/2663/2663 2664/2664/2664 2657/2657/2657
f 2657/2657/2657 2664/2664/2664 2665/2665/2665 2658/2658/2658
f 2658/2658/2658 2665/2665/2665 2666/2666/2666 2659/2659/2659
f 2659/2659/2659 2666/2666/2666 2667/2667/2667 2660/2660/2660
f 2660/2660/2660 2667/2667/2667 2668/2668/2668 2661/2661/2661
f 2661/2661/2661 2668/2668/2668 2669/2669/2669 2662/2662/2662
f 2607/2607/2607 2608/2608/2608 2670/2670/2670 2663/2663/2663
f 2663/2663/2663 2670/2670/2670 2671/2671/2671 2664/2664/2664
f 2664/2664/2664 2671/2671/2671 2672/2672/2672 2665/2665/2665
f 2665/2665/2665 2672/2672/2672 2673/2673/2673 2666/2666/2666
f 2666/2666/2666 2673/2673/2673 2674/2674/2674 2667/2667/2667
f 2667/2667/2667 2674/2674/2674 2675/2675/2675 2668/2668/2668
f 2668/2668/2668 2675/2675/2675 2676/2676/2676 2669/2669/2669
f 2608/2608/2608 2609/2609/2609 2677/2677/2677 2670/2670/2670
f 2670/2670/2670 2677/2677/2677 2678/2678/2678 2671/2671/2671
f 2671/2671/2671 2678/2678/2678 2679/2679/2679 2672/2672/2672
f 2672/2672/2672 2679/2679/2679 2680/2680/2680 2673/2673/2673
f 2673/2673/2673 2680/2680/2680 2681/2681/2681 2674/2674/2674
f 2674/2674/2674 2681/2681/2681 2682/2682/2682 2675/2675/2675
f 2675/2675/2675 2682/2682/2682 2683/2683/2683 2676/2676/2676
f 2609/2609/2609 2610/2610/2610 2684/2684/2684 2677/2677/2677
f 2677/2677/2677 2684/2684/2684 2685/2685/2685 2678/2678/2678
f 2678/2678/2678 2685/2685/2685 2686/2686/2686 2679/2679/2679
f 2679/2679/2679 2686/2686/2686 2687/2687/2687 2680/2680/2680
f 2680/2680/2680 2687/2687/2687 2688/2688/2688 2681/2681/2681
f 2681/2681/2681 2688/2688/2688 2689/2689/2689 2682/2682/2682
f 2682/2682/2682 2689/2689/2689 2690/2690/2690 2683/2683/2683
f 2610/2610/2610 2611/2611/2611 2691/2691/2691 2684/2684/2684
f 2684/2684/2684 2691/2691/2691 2692/2692/2692 2685/2685/2685
f 2685/2685/2685 2692/2692/2692 2693/2693/2693 2686/2686/2686
f 2686/2686/2686 2693/2693/2693 2694/2694/2694 2687/2687/2687
f 2687/2687/2687 2694/2694/2694 2695/2695/2695 2688/2688/2688
f 2688/2688/2688 2695/2695/2695 2696/2696/2696 2689/2689/2689
f 2689/2689/2689 2696/2696/2696 2697/2697/2697 2690/2690/2690
f 2611/2611/2611 2612/2612/2612 2698/2698/2698 2691/2691/2691
f 2691/2691/2691 2698/2698/2698 2699/2699/2699 2692/2692/2692
f 2692/2692/2692 2699/2699/2699 2700/2700/2700 2693/2693/2693
f 2693/2693/2693 2700/2700/2700 2701/2701/2701 2694/2694/2694
f 2694/2694/2694 2701/2701/2701 2702/2702/2702 2695/2695/2695
f 2695/2695/2695 2702/2702/2702 2703/2703/2703 2696/2696/2696
f 2696/2696/2696 2703/2703/2703 2704/2704/2704 2697/2697/2697
f 2612/2612/2612 2613/2613/2613 2705/2705/2705 2698/2698/2698
f 2698/2698/2698 2705/2705/2705 2706/2706/2706 2699/2699/2699
f 2699/2699/2699 2706/2706/2706 2707/2707/2707 2700/2700/2700
f 2700/2700/2700 2707/2707/2707 2708/2708/2708 2701/2701/2701
f 2701/2701/2701 2708/2708/2708 2709/2709/2709 2702/2702/2702
f 2702/2702/2702 2709/2709/2709 2710/2710/2710 2703/2703/2703
f 2703/2703/2703 2710/2710/2710 2711/2711/2711 2704/2704/2704
f 2613/2613/2613 2614/2614/2614 2712/2712/2712 2705/2705/2705
f 2705/2705/2705 2712/2712/2712 2713/2713/2713 2706/2706/2706
f 2706/2706/2706 2713/2713/2713 2714/2714/2714 2707/2707/2707
f 2707/2707/2707 2714/2714/2714 2715/2715/2715 2708/2708/2708
f 2708/2708/2708 2715/2715/2715 2716/2716/2716 2709/2709/2709
f 2709/2709/2709 2716/2716/2716 2717/2717/2717 2710/2710/2710
f 2710/2710/2710 2717/2717/2717 2718/2718/2718 2711/2711/2711
f 2614/2614/2614 2615/2615/2615 2719/2719/2719 2712/2712/2712
f 2712/2712/2712 2719/2719/2719 2720/2720/2720 2713/2713/2713
f 2713/2713/2713 2720/2720/2720 2721/2721/2721 2714/2714/2714
f 2714/2714/2714 2721/2721/2721 2722/2722/2722 2715/2715/2715
f 2715/2715/2715 2722/2722/2722 2723/2723/2723 2716/2716/2716
f 2716/2716/2716 2723/2723/2723 2724/2724/2724 2717/2717/2717
f 2717/2717/2717 2724/2724/2724 2725/2725/2725 2718/2718/2718
f 2615/2615/2615 2616/2616/2616 2726/2726/2726 2719/2719/2719
f 2719/2719/2719 2726/2726/2726 2727/2727/2727 2720/2720/2720
f 2720/2720/2720 2727/2727/2727 2728/2728/2728 2721/2721/2721
f 2721/2721/2721 2728/2728/2728 2729/2729/2729 2722/2722/2722
f 2722/2722/2722 2729/2729/2729 2730/2730/2730 2723/2723/2723
f 2723/2723/2723 2730/2730/2730 2731/2731/2731 2724/2724/2724
f 2724/2724/2724 2731/2731/2731 2732/2732/2732 2725/2725/2725
f 2616/2616/2616 2617/2617/2617 2733/2733/2733 2726/2726/2726
f 2726/2726/2726 2733/2733/2733 2734/2734/2734 2727/2727/2727
f 2727/2727/2727 2734/2734/2734 2735/2735/2735 2728/2728/2728
f 2728/2728/2728 2735/2735/2735 2736/2736/2736 2729/2729/2729
f 2729/2729/2729 2736/2736/2736 2737/2737/2737 2730/2730/2730
f 2730/2730/2730 2737/2737/2737 2738/2738/2738 2731/2731/2731
f 2731/2731/2731 2738/2738/2738 2739/2739/2739 2732/2732/2732
f 2617/2617/2617 2618/2618/2618 2740/2740/2740 2733/2733/2733
f 2733/2733/2733 2740/2740/2740 2741/2741/2741 2734/2734/2734
f 2734/2734/2734 2741/2741/2741 2742/2742/2742 2735/2735/2735
f 2735/2735/2735 2742/2742/2742 2743/2743/2743 2736/2736/2736
f 2736/2736/2736 2743/2743/2743 2744/2744/2744 2737/2737/2737
f 2737/2737/2737 2744/2744/2744 2745/2745/2745 2738/2738/2738
f 2738/2738/2738 2745/2745/2745 2746/2746/2746 2739/2739/2739
f 2618/2618/2618 2619/2619/2619 2747/2747/2747 2740/2740/2740
f 2740/2740/2740 2747/2747/2747 2748/2748/2748 2741/2741/2741
f 2741/2741/2741 2748/2748/2748 2749/2749/2749 2742/2742/2742
f 2742/2742/2742 2749/2749/2749 2750/2750/2750 2743/2743/2743
f 2743/2743/2743 2750/2750/2750 2751/2751/2751 2744/2744/2744
f 2744/2744/2744 2751/2751/2751 2752/2752/2752 2745/2745/2745
f 2745/2745/2745 2752/2752/2752 2753/2753/2753 2746/2746/2746
f 2619/2619/2619 2620/2620/2620 2754/2754/2754 2747/2747/2747
f 2747/2747/2747 2754/2754/2754 2755/2755/2755 2748/2748/2748
f 2748/2748/2748 2755/2755/2755 2756/2756/2756 2749/2749/2749
f 2749/2749/2749 2756/2756/2756 2757/2757/2757 2750/2750/2750
f 2750/2750/2750 2757/2757/2757 2758/2758/2758 2751/2751/2751
f 2751/2751/2751 2758/2758/2758 2759/2759/2759 2752/2752/2752
f 2752/2752/2752 2759/2759/2759 2760/2760/2760 2753/2753/2753
f 2620/2620/2620 2621/2621/2621 2761/2761/2761 2754/2754/2754
f 2754/2754/2754 2761/2761/2761 2762/2762/2762 2755/2755/2755
f 2755/2755/2755 2762/2762/2762 2763/2763/2763 2756/2756/2756
f 2756/2756/2756 2763/2763/2763 2764/2764/2764 2757/2757/2757
f 2757/2757/2757 2764/2764/2764 2765/2765/2765 2758/2758/2758
f 2758/2758/2758 2765/2765/2765 2766/2766/2766 2759/2759/2759
f 2759/2759/2759 2766/2766/2766 2767/2767/2767 2760/2760/2760
f 2621/2621/2621 2622/2622/2622 2768/2768/2768 2761/2761/2761
f 2761/2761/2761 2768/2768/2768 2769/2769/2769 2762/2762/2762
f 2762/2762/2762 2769/2769/2769 2770/2770/2770 2763/2763/2763
f 2763/2763/2763 2770/2770/2770 2771/2771/2771 2764/2764/2764
f 2764/2764/2764 2771/2771/2771 2772/2772/2772 2765/2765/2765
f 2765/2765/2765 2772/2772/2772 2773/2773/2773 2766/2766/2766
f 2766/2766/2766 2773/2773/2773 2774/2774/2774 2767/2767/2767
f 2622/2622/2622 2623/2623/2623 2775/2775/2775 2768/2768/2768
f 2768/2768/2768 2775/2775/2775 2776/2776/2776 2769/2769/2769
f 2769/2769/2769 2776/2776/2776 2777/2777/2777 2770/2770/2770
f 2770/2770/2770 2777/2777/2777 2778/2778/2778 2771/2771/2771
f 2771/2771/2771 2778/2778/2778 2779/2779/2779 2772/2772/2772
f 2772/2772/2772 2779/2779/2779 2780/2780/2780 2773/2773/2773
f 2773/2773/2773 2780/2780/2780 2781/2781/2781 2774/2774/2774
f 2623/2623/2623 2624/2624/2624 2782/2782/2782 2775/2775/2775
f 2775/2775/2775 2782/2782/2782 2783/2783/2783 2776/2776/2776
f 2776/2776/2776 2783/2783/2783 2784/2784/2784 2777/2777/2777
f 2777/2777/2777 2784/2784/2784 2785/2785/2785 2778/2778/2778
f 2778/2778/2778 2785/2785/2785 2786/2786/2786 2779/2779/2779
f 2779/2779/2779 2786/2786/2786 2787/2787/2787 2780/2780/2780
f 2780/2780/2780 2787/2787/2787 2788/2788/2788 2781/2781/2781
f 2624/2624/2624 2625/2625/2625 2789/2789/2789 2782/2782/2782
f 2782/2782/2782 2789/2789/2789 2790/2790/2790 2783/2783/2783
f 2783/2783/2783 2790/2790/2790 2791/2791/2791 2784/2784/2784
f 2784/2784/2784 2791/2791/2791 2792/2792/2792 2785/2785/2785
f 2785/2785/2785 2792/2792/2792 2793/2793/2793 2786/2786/2786
f 2786/2786/2786 2793/2793/2793 2794/2794/2794 2787/2787/2787
f 2787/2787/2787 2794/2794/2794 2795/2795/2795 2788/2788/2788
f 2625/2625/2625 2626/2626/2626 2796/2796/2796 2789/2789/2789
f 2789/2789/2789 2796/2796/2796 2797/2797/2797 2790/2790/2790
f 2790/2790/2790 2797/2797/2797 2798/2798/2798 2791/2791/2791
f 2791/2791/2791 2798/2798/2798 2799/2799/2799 2792/2792/2792
f 2792/2792/2792 2799/2799/2799 2800/2800/2800 2793/2793/2793
f 2793/2793/2793 2800/2800/2800 2801/2801/2801 2794/2794/2794
f 2794/2794/2794 2801/2801/2801 2802/2802/2802 2795/2795/2795
f 2626/2626/2626 2627/2627/2627 2803/2803/2803 2796/2796/2796
f 2796/2796/2796 2803/2803/2803 2804/2804/2804 2797/2797/2797
f 2797/2797/2797 2804/2804/2804 2805/2805/2805 2798/2798/2798
f 2798/2798/2798 2805/2805/2805 2806/2806/2806 2799/2799/2799
f 2799/2799/2799 2806/2806/2806 2807/2807/2807 2800/2800/2800
f 2800/2800/2800 2807/2807/2807 2808/2808/2808 2801/2801/2801
f 2801/2801/2801 2808/2808/2808 2809/2809/2809 2802/2802/2802
f 2627/2627/2627 2628/2628/2628 2810/2810/2810 2803/2803/2803
f 2803/2803/2803 2810/2810/2810 2811/2811/2811 2804/2804/2804
f 2804/2804/2804 2811/2811/2811 2812/2812/2812 2805/2805/2805
f 2805/2805/2805 2812/2812/2812 2813/2813/2813 2806/2806/2806
f 2806/2806/2806 2813/2813/2813 2814/2814/2814 2807/2807/2807
f 2807/2807/2807 2814/2814/2814 2815/2815/2815 2808/2808/2808
f 2808/2808/2808 2815/2815/2815 2816/2816/2816 2809/2809/2809
f 2628/2628/2628 2629/2629/2629 2817/2817/2817 2810/2810/2810
f 2810/2810/2810 2817/2817/2817 2818/2818/2818 2811/2811/2811
f 2811/2811/2811 2818/2818/2818 2819/2819/2819 2812/2812/2812
f 2812/2812/2812 2819/2819/2819 2820/2820/2820 2813/2813/2813
f 2813/2813/2813 2820/2820/2820 2821/2821/2821 2814/2814/2814
f 2814/2814/2814 2821/2821/2821 2822/2822/2822 2815/2815/2815
f 2815/2815/2815 2822/2822/2822 2823/2823/2823 2816/2816/2816
f 2629/2629/2629 2630/2630/2630 2824/2824/2824 2817/2817/2817
f 2817/2817/2817 2824/2824/2824 2825/2825/2825 2818/2818/2818
f 2818/2818/2818 2825/2825/2825 2826/2826/2826 2819/2819/2819
f 2819/2819/2819 2826/2826/2826 2827/2827/2827 2820/2820/2820
f 2820/2820/2820 2827/2827/2827 2828/2828/2828 2821/2821/2821
f 2821/2821/2821 2828/2828/2828 2829/2829/2829 2822/2822/2822
f 2822/2822/2822 2829/2829/2829 2830/2830/2830 2823/2823/2823
f 2630/2630/2630 2631/2631/2631 2831/2831/2831 2824/2824/2824
f 2824/2824/2824 2831/2831/2831 2832/2832/2832 2825/2825/2825
f 2825/2825/2825 2832/2832/2832 2833/2833/2833 2826/2826/2826
f 2826/2826/2826 2833/2833/2833 2834/2834/2834 2827/2827/2827
f 2827/2827/2827 2834/2834/2834 2835/2835/2835 2828/2828/2828
f 2828/2828/2828 2835/2835/2835 2836/2836/2836 2829/2829/2829
f 2829/2829/2829 2836/2836/2836 2837/2837/2837 2830/2830/2830
f 2631/2631/2631 2632/2632/2632 2838/2838/2838 2831/2831/2831
f 2831/2831/2831 2838/2838/2838 2839/2839/2839 2832/2832/2832
f 2832/2832/2832 2839/2839/2839 2840/2840/2840 2833/2833/2833
f 2833/2833/2833 2840/2840/2840 2841/2841/2841 2834/2834/2834
f 2834/2834/2834 2841/2841/2841 2842/2842/2842 2835/2835/2835
f 2835/2835/2835 2842/2842/2842 2843/2843/2843 2836/2836/2836
f 2836/2836/2836 2843/2843/2843 2844/2844/2844 2837/2837/2837
f 2632/2632/2632 2633/2633/2633 2845/2845/2845 2838/2838/2838
f 2838/2838/2838 2845/2845/2845 2846/2846/2846 2839/2839/2839
f 2839/2839/2839 2846/2846/2846 2847/2847/2847 2840/2840/2840
f 2840/2840/2840 2847/2847/2847 2848/2848/2848 2841/2841/2841
f 2841/2841/2841 2848/2848/2848 2849/2849/2849 2842/2842/2842
f 2842/2842/2842 2849/2849/2849 2850/2850/2850 2843/2843/2843
f 2843/2843/2843 2850/2850/2850 2851/2851/2851 2844/2844/2844
f 2633/2633/2633 2634/2634/2634 2852/2852/2852 2845/2845/2845
f 2845/2845/2845 2852/2852/2852 2853/2853/2853 2846/2846/2846
f 2846/2846/2846 2853/2853/2853 2854/2854/2854 2847/2847/2847
f 2847/2847/2847 2854/2854/2854 2855/2855/2855 2848/2848/2848
f 2848/2848/2848 2855/2855/2855 2856/2856/2856 2849/2849/2849
f 2849/2849/2849 2856/2856/2856 2857/2857/2857 2850/2850/2850
f 2850/2850/2850 2857/2857/2857 2858/2858/2858 2851/2851/2851
f 2634/2634/2634 2604/2604/2604 2636/2636/2636 2852/2852/2852
f 2852/2852/2852 2636/2636/2636 2638/2638/2638 2853/2853/2853
f 2853/2853/2853 2638/2638/2638 2640/2640/2640 2854/2854/2854
f 2854/2854/2854 2640/2640/2640 2642/2642/2642 2855/2855/2855
f 2855/2855/2855 2642/2642/2642 2644/2644/2644 2856/2856/2856
f 2856/2856/2856 2644/2644/2644 2646/2646/2646 2857/2857/2857
f 2857/2857/2857 2646/2646/2646 2648/2648/2648 2858/2858/2858
f 2767/2767/2767 2774/2774/2774 2859/2859/2859 2860/2860/2860
f 2774/2774/2774 2781/2781/2781 2861/2861/2861 2859/2859/2859
f 2781/2781/2781 2788/2788/2788 2862/2862/2862 2861/2861/2861
f 2788/2788/2788 2795/2795/2795 2863/2863/2863 2862/2862/2862
f 2795/2795/2795 2802/2802/2802 2864/2864/2864 2863/2863/2863
f 2802/2802/2802 2809/2809/2809 2865/2865/2865 2864/2864/2864
f 2809/2809/2809 2816/2816/2816 2866/2866/2866 2865/2865/2865
f 2816/2816/2816 2823/2823/2823 2867/2867/2867 2866/2866/2866
f 2823/2823/2823 2830/2830/2830 2868/2868/2868 2867/2867/2867
f 2830/2830/2830 2837/2837/2837 2869/2869/2869 2868/2868/2868
f 2837/2837/2837 2844/2844/2844 2870/2870/2870 2869/2869/2869
f 2844/2844/2844 2851/2851/2851 2871/2871/2871 2870/2870/2870
f 2851/2851/2851 2858/2858/2858 2872/2872/2872 2871/2871/2871
f 2858/2858/2858 2648/2648/2648 2873/2873/2873 2872/2872/2872
f 2648/2648/2648 2647/2647/2647 2874/2874/2874 2873/2873/2873
f 2647/2647/2647 2655/2655/2655 2875/2875/2875 2874/2874/2874
f 2655/2655/2655 2662/2662/2662 2876/2876/2876 2875/2875/2875
f 2662/2662/2662 2669/2669/2669 2877/2877/2877 2876/2876/2876
f 2669/2669/2669 2676/2676/2676 2878/2878/2878 2877/2877/2877
f 2676/2676/2676 2683/2683/2683 2879/2879/2879 2878/2878/2878
f 2683/2683/2683 2690/2690/2690 2880/2880/2880 2879/2879/2879
f 2690/2690/2690 2697/2697/2697 2881/2881/2881 2880/2880/2880
f 2697/2697/2697 2704/2704/2704 2882/2882/2882 2881/2881/2881
f 2704/2704/2704 2711/2711/2711 2883/2883/2883 2882/2882/2882
f 2711/2711/2711 2718/2718/2718 2884/2884/2884 2883/2883/2883
f 2718/2718/2718 2725/2725/2725 2885/2885/2885 2884/2884/2884
f 2725/2725/2725 2732/2732/2732 2886/2886/2886 2885/2885/2885
f 2732/2732/2732 2739/2739/2739 2887/2887/2887 2886/2886/2886
f 2739/2739/2739 2746/2746/2746 2888/2888/2888 2887/2887/2887
f 2746/2746/2746 2753/2753/2753 2889/2889/2889 2888/2888/2888
f 2753/2753/2753 2760/2760/2760 2890/2890/2890 2889/2889/2889
f 2760/2760/2760 2767/2767/2767 2860/2860/2860 2890/2890/2890
f 2860/2860/2860 2859/2859/2859 2891/2891/2891 2892/2892/2892
f 2859/2859/2859 2861/2861/2861 2893/2893/2893 2891/2891/2891
f 2861/2861/2861 2862/2862/2862 2894/2894/2894 2893/2893/2893
f 2862/2862/2862 2863/2863/2863 2895/2895/2895 2894/2894/2894
f 2863/2863/2863 2864/2864/2864 2896/2896/2896 2895/2895/2895
f 2864/2864/2864 2865/2865/2865 2897/2897/2897 2896/2896/2896
f 2865/2865/2865 2866/2866/2866 2898/2898/2898 2897/2897/2897
f 2866/2866/2866 2867/2867/2867 2899/2899/2899 2898/2898/2898
f 2867/2867/2867 2868/2868/2868 2900/2900/2900 2899/2899/2899
f 2868/2868/2868 2869/2869/2869 2901/2901/2901 2900/2900/2900
f 2869/2869/2869 2870/2870/2870 2902/2902/2902 2901/2901/2901
f 2870/2870/2870 2871/2871/2871 2903/2903/2903 2902/2902/2902
f 2871/2871/2871 2872/2872/2872 2904/2904/2904 2903/2903/2903
f 2872/2872/2872 2873/2873/2873 2905/2905/2905 2904/2904/2904
f 2873/2873/2873 2874/2874/2874 2906/2906/2906 2905/2905/2905
f 2874/2874/2874 2875/2875/2875 2907/2907/2907 2906/2906/2906
f 2875/2875/2875 2876/2876/2876 2908/2908/2908 2907/2907/2907
f 2876/2876/2876 2877/2877/2877 2909/2909/2909 2908/2908/2908
f 2877/2877/2877 2878/2878/2878 2910/2910/2910 2909/2909/2909
f 2878/2878/2878 2879/2879/2879 2911/2911/2911 2910/2910/2910
f 2879/2879/2879 2880/2880/2880 2912/2912/2912 2911/2911/2911
f 2880/2880/2880 2881/2881/2881 2913/2913/2913 2912/2912/2912
f 2881/2881/2881 2882/2882/2882 2914/2914/2914 2913/2913/2913
f 2882/2882/2882 2883/2883/2883 2915/2915/2915 2914/2914/2914
f 2883/2883/2883 2884/2884/2884 2916/2916/2916 2915/2915/2915
f 2884/2884/2884 2885/2885/2885 2917/2917/2917 2916/2916/2916
f 2885/2885/2885 2886/2886/2886 2918/2918/2918 2917/2917/2917
f 2886/2886/2886 2887/2887/2887 2919/2919/2919 2918/2918/2918
f 2887/2887/2887 2888/2888/2888 2920/2920/2920 2919/2919/2919
f 2888/2888/2888 2889/2889/2889 2921/2921/2921 2920/2920/2920
f 2889/2889/2889 2890/2890/2890 2922/2922/2922 2921/2921/2921
f 2890/2890/2890 2860/2860/2860 2892/2892/2892 2922/2922/2922
g default
v 0.005624 0.535992 -0.030468
v 0.004873 0.536553 -0.025736
v 0.016376 0.584006 -0.029533
v 0.015418 0.583645 -0.024819
v 0.003991 0.536756 -0.025994
v 0.014536 0.583848 -0.025077
v 0.003175 0.536947 -0.026423
v 0.013720 0.584039 -0.025506
v 0.002458 0.537119 -0.027007
v 0.013003 0.584211 -0.026090
v 0.001866 0.537265 -0.027724
v 0.012411 0.584357 -0.026807
v 0.001423 0.537380 -0.028546
v 0.011968 0.584472 -0.027629
v 0.001145 0.537460 -0.029442
v 0.011690 0.584552 -0.028525
v 0.001044 0.537501 -0.030377
v 0.011588 0.584593 -0.029459
v 0.001122 0.537502 -0.031314
v 0.011667 0.584594 -0.030397
v 0.001377 0.537462 -0.032219
v 0.011922 0.584554 -0.031302
v 0.001800 0.537384 -0.033057
v 0.012344 0.584476 -0.032139
v 0.002373 0.537270 -0.033794
v 0.012918 0.584362 -0.032877
v 0.003075 0.537124 -0.034403
v 0.013620 0.584217 -0.033486
v 0.003880 0.536953 -0.034861
v 0.014424 0.584046 -0.033944
v 0.004755 0.536763 -0.035149
v 0.015300 0.583855 -0.034232
v 0.005667 0.536561 -0.035258
v 0.016212 0.583653 -0.034340
v 0.006582 0.536354 -0.035181
v 0.017127 0.583446 -0.034264
v 0.004357 0.538015 -0.021168
v 0.004096 0.540322 -0.016940
v 0.004100 0.543384 -0.013213
v 0.004370 0.547085 -0.010132
v 0.004894 0.551283 -0.007814
v 0.005654 0.555816 -0.006349
v 0.006618 0.560509 -0.005792
v 0.007751 0.565183 -0.006166
v 0.009009 0.569657 -0.007456
v 0.010343 0.573761 -0.009612
v 0.011703 0.577335 -0.012552
v 0.013035 0.580244 -0.016162
v 0.014290 0.582374 -0.020304
v 0.002626 0.538412 -0.021674
v 0.001584 0.540898 -0.017674
v 0.000903 0.544118 -0.014147
v 0.000610 0.547948 -0.011230
v 0.000717 0.552243 -0.009034
v 0.001219 0.556834 -0.007644
v 0.002096 0.561547 -0.007113
v 0.003316 0.566202 -0.007462
v 0.004831 0.570616 -0.008677
v 0.006584 0.574625 -0.010711
v 0.008505 0.578069 -0.013486
v 0.010523 0.580820 -0.016896
v 0.012559 0.582771 -0.020810
v 0.001027 0.538787 -0.022516
v -0.000738 0.541442 -0.018896
v -0.002052 0.544810 -0.015703
v -0.002865 0.548762 -0.013060
v -0.003144 0.553147 -0.011067
v -0.002880 0.557794 -0.009802
v -0.002083 0.562526 -0.009314
v -0.000783 0.567162 -0.009620
v 0.000970 0.571520 -0.010710
v 0.003109 0.575438 -0.012540
v 0.005550 0.578761 -0.015042
v 0.008201 0.581364 -0.018119
v 0.010960 0.583146 -0.021652
v -0.000380 0.539124 -0.023662
v -0.002781 0.541932 -0.020560
v -0.004652 0.545434 -0.017821
v -0.005922 0.549495 -0.015550
v -0.006541 0.553961 -0.013835
v -0.006486 0.558659 -0.012740
v -0.005760 0.563408 -0.012309
v -0.004389 0.568026 -0.012558
v -0.002427 0.572335 -0.013477
v 0.000051 0.576172 -0.015031
v 0.002950 0.579385 -0.017160
v 0.006158 0.581854 -0.019783
v 0.009553 0.583483 -0.022798
v -0.001541 0.539411 -0.025068
v -0.004466 0.542349 -0.022602
v -0.006797 0.545965 -0.020420
v -0.008443 0.550119 -0.018606
v -0.009343 0.554655 -0.017230
v -0.009461 0.559395 -0.016345
v -0.008792 0.564158 -0.015985
v -0.007363 0.568762 -0.016163
v -0.005229 0.573029 -0.016872
v -0.002470 0.576796 -0.018087
v 0.000806 0.579916 -0.019759
v 0.004474 0.582271 -0.021825
v 0.008392 0.583770 -0.024205
v -0.002410 0.539637 -0.026681
v -0.005728 0.542677 -0.024943
v -0.008403 0.546382 -0.023400
v -0.010333 0.550610 -0.022110
v -0.011442 0.555201 -0.021123
v -0.011689 0.559975 -0.020478
v -0.011064 0.564749 -0.020198
v -0.009592 0.569342 -0.020295
v -0.007328 0.573574 -0.020766
v -0.004359 0.577287 -0.021590
v -0.000801 0.580333 -0.022739
v 0.003211 0.582599 -0.024166
v 0.007523 0.583997 -0.025817
v -0.002955 0.539794 -0.028438
v -0.006519 0.542904 -0.027494
v -0.009410 0.546671 -0.026646
v -0.011517 0.550950 -0.025927
v -0.012758 0.555578 -0.025365
v -0.013086 0.560375 -0.024980
v -0.012488 0.565158 -0.024789
v -0.010988 0.569742 -0.024798
v -0.008643 0.573952 -0.025007
v -0.005543 0.577626 -0.025407
v -0.001808 0.580622 -0.025985
v 0.002420 0.582826 -0.026716
v 0.006978 0.584153 -0.027574
v -0.003155 0.539874 -0.030271
v -0.006809 0.543021 -0.030155
v -0.009779 0.546820 -0.030033
v -0.011950 0.551125 -0.029910
v -0.013239 0.555772 -0.029791
v -0.013597 0.560581 -0.029679
v -0.013010 0.565367 -0.029580
v -0.011500 0.569948 -0.029497
v -0.009125 0.574146 -0.029433
v -0.005977 0.577801 -0.029391
v -0.002176 0.580771 -0.029372
v 0.002130 0.582943 -0.029378
v 0.006778 0.584233 -0.029407
v -0.003001 0.539875 -0.032111
v -0.006586 0.543023 -0.032826
v -0.009495 0.546822 -0.033432
v -0.011617 0.551128 -0.033907
v -0.012869 0.555776 -0.034232
v -0.013204 0.560585 -0.034394
v -0.012609 0.565371 -0.034387
v -0.011106 0.569952 -0.034211
v -0.008754 0.574149 -0.033874
v -0.005643 0.577804 -0.033388
v -0.001893 0.580773 -0.032771
v 0.002353 0.582945 -0.032048
v 0.006932 0.584235 -0.031247
v -0.002500 0.539798 -0.033886
v -0.005859 0.542910 -0.035403
v -0.008570 0.546679 -0.036712
v -0.010529 0.550959 -0.037764
v -0.011660 0.555588 -0.038517
v -0.011920 0.560386 -0.038943
v -0.011300 0.565169 -0.039025
v -0.009823 0.569753 -0.038760
v -0.007546 0.573962 -0.038159
v -0.004555 0.577636 -0.037244
v -0.000967 0.580630 -0.036051
v 0.003080 0.582832 -0.034625
v 0.007433 0.584157 -0.033022
v -0.001672 0.539644 -0.035528
v -0.004656 0.542687 -0.037787
v -0.007039 0.546395 -0.039747
v -0.008728 0.550625 -0.041332
v -0.009659 0.555218 -0.042482
v -0.009797 0.559992 -0.043152
v -0.009135 0.564767 -0.043317
v -0.007699 0.569360 -0.042970
v -0.005545 0.573591 -0.042124
v -0.002755 0.577302 -0.040813
v 0.000564 0.580346 -0.039086
v 0.004283 0.582609 -0.037010
v 0.008261 0.584004 -0.034664
v -0.000547 0.539421 -0.036974
v -0.003023 0.542362 -0.039887
v -0.004960 0.545982 -0.042420
v -0.006284 0.550139 -0.044475
v -0.006944 0.554678 -0.045974
v -0.006914 0.559419 -0.046859
v -0.006195 0.564183 -0.047096
v -0.004816 0.568787 -0.046677
v -0.002829 0.573051 -0.045616
v -0.000311 0.576816 -0.043955
v 0.002642 0.579933 -0.041758
v 0.005916 0.582284 -0.039110
v 0.009386 0.583780 -0.036111
v 0.000831 0.539135 -0.038170
v -0.001023 0.541948 -0.041622
v -0.002415 0.545455 -0.044628
v -0.003291 0.549520 -0.047071
v -0.003618 0.553989 -0.048859
v -0.003383 0.558688 -0.049922
v -0.002595 0.563438 -0.050219
v -0.001285 0.568056 -0.049740
v 0.000497 0.572362 -0.048501
v 0.002683 0.576196 -0.046552
v 0.005188 0.579406 -0.043967
v 0.007916 0.581870 -0.040844
v 0.010764 0.583495 -0.037306
v 0.002408 0.538800 -0.039067
v 0.001267 0.541461 -0.042925
v 0.000500 0.544834 -0.046286
v 0.000137 0.548790 -0.049022
v 0.000191 0.553178 -0.051026
v 0.000660 0.557828 -0.052223
v 0.001527 0.562560 -0.052565
v 0.002758 0.567195 -0.052040
v 0.004305 0.571552 -0.050668
v 0.006110 0.575467 -0.048502
v 0.008103 0.578785 -0.045625
v 0.010207 0.581383 -0.042148
v 0.012341 0.583159 -0.038203
v 0.004125 0.538426 -0.039633
v 0.003760 0.540919 -0.043747
v 0.003673 0.544144 -0.047332
v 0.003867 0.547979 -0.050251
v 0.004336 0.552277 -0.052392
v 0.005061 0.556870 -0.053673
v 0.006014 0.561584 -0.054044
v 0.007158 0.566238 -0.053490
v 0.008450 0.570650 -0.052034
v 0.009841 0.574655 -0.049732
v 0.011275 0.578095 -0.046671
v 0.012699 0.580841 -0.042969
v 0.014058 0.582786 -0.038769
v 0.005916 0.538029 -0.039845
v 0.006359 0.540343 -0.044055
v 0.006981 0.543411 -0.047724
v 0.007757 0.547117 -0.050713
v 0.008658 0.551319 -0.052905
v 0.009649 0.555854 -0.054217
v 0.010692 0.560547 -0.054598
v 0.011747 0.565221 -0.054034
v 0.012772 0.569692 -0.052547
v 0.013731 0.573793 -0.050193
v 0.014583 0.577363 -0.047063
v 0.015298 0.580265 -0.043277
v 0.015849 0.582389 -0.038981
v 0.007710 0.537625 -0.039696
v 0.008965 0.539755 -0.043838
v 0.010297 0.542664 -0.047448
v 0.011657 0.546237 -0.050388
v 0.012991 0.550342 -0.052544
v 0.014249 0.554816 -0.053834
v 0.015382 0.559490 -0.054208
v 0.016347 0.564183 -0.053651
v 0.017105 0.568715 -0.052186
v 0.017630 0.572914 -0.049868
v 0.017900 0.576614 -0.046787
v 0.017904 0.579677 -0.043060
v 0.017643 0.581984 -0.038832
v 0.052853 0.573995 -0.033449
v 0.052337 0.575457 -0.028881
v 0.053114 0.571688 -0.037678
v 0.053109 0.568625 -0.041404
v 0.052840 0.564925 -0.044486
v 0.052315 0.560726 -0.046803
v 0.051556 0.556194 -0.048269
v 0.050591 0.551501 -0.048825
v 0.049459 0.546827 -0.048451
v 0.048201 0.542353 -0.047161
v 0.046866 0.538248 -0.045005
v 0.045507 0.534675 -0.042065
v 0.044174 0.531766 -0.038455
v 0.042920 0.529636 -0.034313
v 0.041792 0.528365 -0.029799
v 0.040834 0.528003 -0.025085
v 0.040082 0.528564 -0.020353
v 0.039566 0.530026 -0.015785
v 0.039305 0.532333 -0.011557
v 0.039310 0.535395 -0.007831
v 0.039579 0.539096 -0.004749
v 0.040104 0.543294 -0.002431
v 0.040863 0.547827 -0.000966
v 0.041828 0.552520 -0.000410
v 0.042961 0.557194 -0.000784
v 0.044218 0.561668 -0.002074
v 0.045553 0.565772 -0.004230
v 0.046912 0.569346 -0.007169
v 0.048245 0.572255 -0.010780
v 0.049499 0.574385 -0.014922
v 0.050627 0.575656 -0.019436
v 0.051585 0.576017 -0.024150
v 0.056526 0.572211 -0.032360
v 0.056031 0.573614 -0.027977
v 0.056777 0.569997 -0.036418
v 0.056772 0.567058 -0.039994
v 0.056514 0.563507 -0.042951
v 0.056010 0.559477 -0.045175
v 0.055282 0.555129 -0.046582
v 0.054356 0.550624 -0.047116
v 0.053269 0.546139 -0.046757
v 0.052062 0.541846 -0.045519
v 0.050781 0.537907 -0.043450
v 0.049477 0.534477 -0.040629
v 0.048198 0.531686 -0.037164
v 0.046994 0.529642 -0.033189
v 0.045912 0.528423 -0.028857
v 0.044992 0.528075 -0.024334
v 0.044271 0.528614 -0.019793
v 0.043776 0.530016 -0.015410
v 0.043526 0.532230 -0.011352
v 0.043530 0.535169 -0.007776
v 0.043789 0.538720 -0.004819
v 0.044292 0.542749 -0.002594
v 0.045021 0.547099 -0.001188
v 0.045946 0.551603 -0.000654
v 0.047033 0.556088 -0.001013
v 0.048240 0.560381 -0.002251
v 0.049521 0.564320 -0.004320
v 0.050825 0.567750 -0.007141
v 0.052104 0.570540 -0.010606
v 0.053308 0.572585 -0.014581
v 0.054391 0.573805 -0.018913
v 0.055310 0.574151 -0.023436
vt 0.510051 0.766656
vt 0.507132 0.767745
vt 0.508708 0.767456
vt 0.529265 0.835136
vt 0.527553 0.834621
vt 0.525976 0.834910
vt 0.505674 0.768017
vt 0.524519 0.835182
vt 0.504393 0.768263
vt 0.523237 0.835427
vt 0.503335 0.768471
vt 0.522180 0.835636
vt 0.502543 0.768636
vt 0.521388 0.835800
vt 0.502047 0.768749
vt 0.520891 0.835914
vt 0.501865 0.768808
vt 0.520710 0.835973
vt 0.502005 0.768809
vt 0.520849 0.835974
vt 0.502461 0.768752
vt 0.521306 0.835917
vt 0.503216 0.768641
vt 0.522061 0.835805
vt 0.504241 0.768478
vt 0.523085 0.835643
vt 0.505496 0.768271
vt 0.524341 0.835436
vt 0.506933 0.768027
vt 0.525778 0.835192
vt 0.508497 0.767755
vt 0.527342 0.834920
vt 0.510128 0.767467
vt 0.528973 0.834631
vt 0.511763 0.767172
vt 0.530608 0.834337
vt 0.504693 0.770107
vt 0.507786 0.769540
vt 0.502830 0.773653
vt 0.507320 0.772830
vt 0.501614 0.778246
vt 0.507328 0.777199
vt 0.501091 0.783708
vt 0.507809 0.782477
vt 0.501281 0.789833
vt 0.508747 0.788465
vt 0.502178 0.796382
vt 0.510104 0.794930
vt 0.503747 0.803104
vt 0.511827 0.801623
vt 0.505927 0.809742
vt 0.513852 0.808290
vt 0.508634 0.816038
vt 0.516099 0.814670
vt 0.511766 0.821755
vt 0.518484 0.820524
vt 0.515200 0.826668
vt 0.520914 0.825621
vt 0.518806 0.830592
vt 0.523295 0.829769
vt 0.522444 0.833374
vt 0.525537 0.832807
vt 0.501835 0.770641
vt 0.498681 0.774429
vt 0.496332 0.779233
vt 0.494880 0.784869
vt 0.494381 0.791123
vt 0.494853 0.797751
vt 0.496277 0.804499
vt 0.498601 0.811111
vt 0.501733 0.817328
vt 0.505555 0.822916
vt 0.509918 0.827655
vt 0.514656 0.831367
vt 0.519586 0.833908
vt 0.499321 0.771123
vt 0.495030 0.775127
vt 0.491686 0.780122
vt 0.489417 0.785914
vt 0.488310 0.792284
vt 0.488408 0.798984
vt 0.489707 0.805757
vt 0.492157 0.812344
vt 0.495663 0.818489
vt 0.500092 0.823961
vt 0.505272 0.828544
vt 0.511006 0.832066
vt 0.517072 0.834390
vt 0.497247 0.771532
vt 0.492019 0.775722
vt 0.487854 0.780879
vt 0.484911 0.786804
vt 0.483303 0.793273
vt 0.483093 0.800034
vt 0.484287 0.806827
vt 0.486841 0.813394
vt 0.490656 0.819479
vt 0.495586 0.824851
vt 0.501440 0.829301
vt 0.507995 0.832660
vt 0.514998 0.834799
vt 0.495693 0.771855
vt 0.489763 0.776190
vt 0.484983 0.781475
vt 0.481535 0.787505
vt 0.479552 0.794052
vt 0.479111 0.800861
vt 0.480227 0.807670
vt 0.482859 0.814221
vt 0.486905 0.820257
vt 0.492210 0.825552
vt 0.498569 0.829897
vt 0.505739 0.833129
vt 0.513444 0.835122
vt 0.494719 0.772078
vt 0.488350 0.776514
vt 0.483183 0.781887
vt 0.479419 0.787989
vt 0.477201 0.794590
vt 0.476614 0.801432
vt 0.477682 0.808253
vt 0.480363 0.814792
vt 0.484553 0.820795
vt 0.490094 0.826036
vt 0.496769 0.830309
vt 0.504325 0.833452
vt 0.512470 0.835345
vt 0.494362 0.772192
vt 0.487832 0.776680
vt 0.482524 0.782099
vt 0.478644 0.788238
vt 0.476340 0.794867
vt 0.475700 0.801726
vt 0.476750 0.808552
vt 0.479449 0.815086
vt 0.483692 0.821072
vt 0.489319 0.826285
vt 0.496110 0.830521
vt 0.503807 0.833619
vt 0.512113 0.835459
vt 0.494637 0.772194
vt 0.488230 0.776683
vt 0.483031 0.782102
vt 0.479240 0.788243
vt 0.477002 0.794872
vt 0.476404 0.801731
vt 0.477467 0.808557
vt 0.480152 0.815091
vt 0.484355 0.821077
vt 0.489915 0.826290
vt 0.496618 0.830525
vt 0.504206 0.833622
vt 0.512388 0.835461
vt 0.495531 0.772084
vt 0.489529 0.776523
vt 0.484685 0.781898
vt 0.481184 0.788002
vt 0.479163 0.794605
vt 0.478697 0.801448
vt 0.479805 0.808268
vt 0.482446 0.814807
vt 0.486515 0.820810
vt 0.491859 0.826049
vt 0.498271 0.830320
vt 0.505505 0.833461
vt 0.513283 0.835351
vt 0.497012 0.771865
vt 0.491679 0.776205
vt 0.487421 0.781493
vt 0.484402 0.787526
vt 0.482738 0.794076
vt 0.482493 0.800886
vt 0.483675 0.807696
vt 0.486241 0.814246
vt 0.490091 0.820281
vt 0.495077 0.825574
vt 0.501007 0.829915
vt 0.507655 0.833143
vt 0.514764 0.835132
vt 0.499023 0.771546
vt 0.494598 0.775741
vt 0.491136 0.780904
vt 0.488770 0.786833
vt 0.487591 0.793306
vt 0.487645 0.800068
vt 0.488928 0.806862
vt 0.491393 0.813429
vt 0.494944 0.819511
vt 0.499445 0.824880
vt 0.504722 0.829326
vt 0.510573 0.832680
vt 0.516774 0.834813
vt 0.501485 0.771139
vt 0.498172 0.775151
vt 0.495685 0.780152
vt 0.494119 0.785949
vt 0.493535 0.792323
vt 0.493955 0.799026
vt 0.495362 0.805799
vt 0.497703 0.812386
vt 0.500887 0.818529
vt 0.504794 0.823997
vt 0.509271 0.828574
vt 0.514147 0.832089
vt 0.519236 0.834406
vt 0.504304 0.770660
vt 0.502265 0.774456
vt 0.500894 0.779267
vt 0.500245 0.784909
vt 0.500341 0.791167
vt 0.501180 0.797798
vt 0.502729 0.804548
vt 0.504929 0.811158
vt 0.507694 0.817372
vt 0.510920 0.822956
vt 0.514481 0.827689
vt 0.518241 0.831394
vt 0.522055 0.833927
vt 0.507372 0.770127
vt 0.506720 0.773682
vt 0.506564 0.778283
vt 0.506911 0.783752
vt 0.507749 0.789881
vt 0.509044 0.796433
vt 0.510747 0.803156
vt 0.512793 0.809793
vt 0.515102 0.816087
vt 0.517586 0.821799
vt 0.520150 0.826705
vt 0.522695 0.830621
vt 0.525123 0.833395
vt 0.510572 0.769561
vt 0.511364 0.772861
vt 0.512476 0.777237
vt 0.513863 0.782522
vt 0.515473 0.788516
vt 0.517244 0.794983
vt 0.519107 0.801677
vt 0.520992 0.808343
vt 0.522825 0.814721
vt 0.524538 0.820569
vt 0.526062 0.825660
vt 0.527340 0.829799
vt 0.528323 0.832828
vt 0.513779 0.768984
vt 0.516021 0.772023
vt 0.518402 0.776171
vt 0.520832 0.781268
vt 0.523216 0.787122
vt 0.525464 0.793503
vt 0.527489 0.800169
vt 0.529213 0.806863
vt 0.530569 0.813327
vt 0.531507 0.819315
vt 0.531988 0.824593
vt 0.531996 0.828961
vt 0.531530 0.832251
vt 0.594453 0.820857
vt 0.593531 0.822943
vt 0.594919 0.817567
vt 0.594911 0.813199
vt 0.594429 0.807921
vt 0.593492 0.801932
vt 0.592135 0.795469
vt 0.590412 0.788774
vt 0.588387 0.782109
vt 0.586139 0.775727
vt 0.583754 0.769874
vt 0.581325 0.764776
vt 0.578944 0.760628
vt 0.576702 0.757590
vt 0.574686 0.755778
vt 0.572974 0.755262
vt 0.571631 0.756062
vt 0.570708 0.758146
vt 0.570242 0.761436
vt 0.570250 0.765804
vt 0.570732 0.771082
vt 0.571670 0.777071
vt 0.573026 0.783535
vt 0.574750 0.790229
vt 0.576775 0.796895
vt 0.579022 0.803276
vt 0.581407 0.809130
vt 0.583836 0.814227
vt 0.586218 0.818375
vt 0.588460 0.821413
vt 0.590476 0.823226
vt 0.592188 0.823741
vt 0.601018 0.818312
vt 0.600133 0.820314
vt 0.601465 0.815155
vt 0.601457 0.810963
vt 0.600995 0.805898
vt 0.600095 0.800151
vt 0.598794 0.793949
vt 0.597140 0.787525
vt 0.595197 0.781128
vt 0.593040 0.775004
vt 0.590751 0.769387
vt 0.588420 0.764495
vt 0.586134 0.760515
vt 0.583983 0.757599
vt 0.582049 0.755860
vt 0.580406 0.755364
vt 0.579117 0.756132
vt 0.578232 0.758133
vt 0.577784 0.761290
vt 0.577792 0.765482
vt 0.578254 0.770547
vt 0.579154 0.776293
vt 0.580456 0.782497
vt 0.582110 0.788920
vt 0.584053 0.795318
vt 0.586210 0.801441
vt 0.588498 0.807058
vt 0.590830 0.811950
vt 0.593115 0.815930
vt 0.595266 0.818846
vt 0.597201 0.820586
vt 0.598844 0.821080
vn -0.271888 -0.961893 -0.028957
vn -0.284858 -0.944645 0.162796
vn -0.255301 -0.951420 0.172107
vn 0.164489 0.986338 0.009015
vn 0.173238 0.962367 0.209375
vn 0.143745 0.969172 0.200105
vn -0.318039 -0.936876 0.145311
vn 0.110566 0.976949 0.182609
vn -0.347147 -0.929891 0.121624
vn 0.081363 0.983945 0.158849
vn -0.371142 -0.923956 0.092520
vn 0.057371 0.989884 0.129763
vn -0.389206 -0.919259 0.059009
vn 0.039357 0.994570 0.096339
vn -0.400493 -0.916020 0.022651
vn 0.028067 0.997806 0.059955
vn -0.404615 -0.914359 -0.015300
vn 0.023935 0.999472 0.021989
vn -0.401441 -0.914326 -0.053418
vn 0.027115 0.999502 -0.016114
vn -0.391078 -0.915930 -0.090169
vn 0.037488 0.997895 -0.052913
vn -0.373904 -0.919114 -0.124198
vn 0.054657 0.994713 -0.086943
vn -0.350593 -0.923753 -0.154159
vn 0.077941 0.990083 -0.116880
vn -0.322052 -0.929661 -0.178923
vn 0.106445 0.984181 -0.141624
vn -0.289371 -0.936615 -0.197525
vn 0.139127 0.977226 -0.160228
vn -0.253808 -0.944350 -0.209245
vn 0.174805 0.969469 -0.171967
vn -0.216717 -0.952570 -0.213643
vn 0.211907 0.961242 -0.176378
vn -0.191657 -0.958116 -0.212794
vn 0.236854 0.955559 -0.175520
vn -0.340308 -0.877331 0.338350
vn -0.282300 -0.890591 0.356586
vn -0.382683 -0.776302 0.500907
vn -0.298433 -0.795524 0.527332
vn -0.410335 -0.645491 0.644179
vn -0.303084 -0.669939 0.677732
vn -0.422233 -0.489779 0.762782
vn -0.296077 -0.518556 0.802146
vn -0.417897 -0.315235 0.852050
vn -0.277688 -0.347278 0.895705
vn -0.397510 -0.128661 0.908533
vn -0.248658 -0.162776 0.954816
vn -0.361843 0.062900 0.930115
vn -0.210089 0.028003 0.977281
vn -0.312255 0.252082 0.915943
vn -0.163453 0.217745 0.962222
vn -0.250685 0.431504 0.866580
vn -0.110562 0.399077 0.910227
vn -0.179464 0.594389 0.783897
vn -0.053410 0.565158 0.823252
vn -0.101334 0.734446 0.671059
vn 0.005820 0.709580 0.704601
vn -0.019357 0.846204 0.532508
vn 0.064813 0.826682 0.558924
vn 0.063360 0.925444 0.373548
vn 0.121325 0.912027 0.391774
vn -0.405307 -0.862111 0.304124
vn -0.477032 -0.754207 0.451234
vn -0.530425 -0.617370 0.580950
vn -0.563462 -0.456706 0.688425
vn -0.574826 -0.278490 0.769427
vn -0.564100 -0.089652 0.820825
vn -0.531695 0.102675 0.840689
vn -0.478841 0.291093 0.828237
vn -0.407608 0.468249 0.783964
vn -0.320683 0.627458 0.709548
vn -0.221419 0.762571 0.607832
vn -0.113717 0.868301 0.482827
vn -0.001663 0.940672 0.339314
vn -0.462463 -0.848408 0.257549
vn -0.560031 -0.734307 0.383612
vn -0.636069 -0.592034 0.494887
vn -0.687696 -0.426914 0.587212
vn -0.712874 -0.245391 0.656958
vn -0.710652 -0.054512 0.701429
vn -0.681119 0.138505 0.718953
vn -0.625391 0.326233 0.708843
vn -0.545654 0.501350 0.671498
vn -0.444922 0.657253 0.608328
vn -0.327069 0.787907 0.521756
vn -0.196727 0.888204 0.415201
vn -0.058864 0.954386 0.292715
vn -0.509617 -0.836738 0.200401
vn -0.628507 -0.717357 0.300630
vn -0.723207 -0.570464 0.389286
vn -0.790161 -0.401553 0.463034
vn -0.826737 -0.217204 0.518968
vn -0.831529 -0.024592 0.554936
vn -0.804364 0.169010 0.569591
vn -0.746269 0.356152 0.562350
vn -0.659520 0.529538 0.533501
vn -0.547396 0.682619 0.484136
vn -0.414211 0.809472 0.416155
vn -0.265193 0.905149 0.332231
vn -0.106018 0.966060 0.235560
vn -0.544961 -0.827545 0.134857
vn -0.679806 -0.704016 0.205487
vn -0.788496 -0.553487 0.268191
vn -0.866938 -0.381591 0.320636
vn -0.912046 -0.195018 0.360748
vn -0.922088 -0.001045 0.386979
vn -0.896697 0.193021 0.398343
vn -0.836827 0.379706 0.394390
vn -0.744825 0.551723 0.375283
vn -0.624168 0.702580 0.341753
vn -0.479495 0.826445 0.295081
vn -0.316488 0.918488 0.237098
vn -0.141359 0.975249 0.170019
vn -0.567104 -0.821196 0.063474
vn -0.711962 -0.694793 0.101843
vn -0.829418 -0.541750 0.136283
vn -0.915056 -0.367798 0.165517
vn -0.965516 -0.179691 0.188390
vn -0.978851 0.015230 0.204004
vn -0.954574 0.209615 0.211780
vn -0.893589 0.395980 0.211418
vn -0.798293 0.567050 0.202935
vn -0.672288 0.716374 0.186649
vn -0.520412 0.838178 0.163181
vn -0.348640 0.927707 0.133456
vn -0.163510 0.981600 0.098615
vn -0.575212 -0.817930 -0.011013
vn -0.723733 -0.690051 -0.006301
vn -0.844399 -0.535712 -0.001353
vn -0.932674 -0.360702 0.003651
vn -0.985094 -0.171807 0.008513
vn -0.999636 0.023607 0.013048
vn -0.975765 0.218152 0.017082
vn -0.914375 0.404350 0.020462
vn -0.817874 0.574936 0.023054
vn -0.689906 0.723475 0.024759
vn -0.535393 0.844218 0.025516
vn -0.360412 0.932450 0.025288
vn -0.171621 0.984869 0.024087
vn -0.568970 -0.817870 -0.085796
vn -0.714665 -0.689975 -0.114842
vn -0.832867 -0.535612 -0.139471
vn -0.919119 -0.360571 -0.158771
vn -0.970029 -0.171662 -0.171974
vn -0.983643 0.023756 -0.178556
vn -0.959459 0.218305 -0.178273
vn -0.898382 0.404502 -0.171138
vn -0.802808 0.575078 -0.157432
vn -0.676349 0.723600 -0.137674
vn -0.523866 0.844324 -0.112615
vn -0.351355 0.932535 -0.083238
vn -0.165380 0.984927 -0.050671
vn -0.548638 -0.821012 -0.157909
vn -0.685125 -0.694550 -0.219556
vn -0.795265 -0.541440 -0.272757
vn -0.874905 -0.367417 -0.315509
vn -0.920900 -0.179268 -0.346129
vn -0.931488 0.015677 -0.363434
vn -0.906282 0.210068 -0.366776
vn -0.846227 0.396424 -0.356016
vn -0.753680 0.567471 -0.331577
vn -0.632137 0.716753 -0.294393
vn -0.486270 0.838498 -0.245889
vn -0.321813 0.927960 -0.187955
vn -0.145028 0.981776 -0.122810
vn -0.514969 -0.827257 -0.224616
vn -0.636244 -0.703609 -0.316430
vn -0.733044 -0.552969 -0.396069
vn -0.801732 -0.380977 -0.460524
vn -0.839592 -0.194338 -0.507265
vn -0.845175 -0.000320 -0.534489
vn -0.818278 0.193758 -0.541182
vn -0.759916 0.380427 -0.527070
vn -0.672373 0.552405 -0.492710
vn -0.558964 0.703193 -0.439407
vn -0.424049 0.826967 -0.369199
vn -0.272922 0.918898 -0.284852
vn -0.111343 0.975531 -0.189584
vn -0.469246 -0.836350 -0.283420
vn -0.569877 -0.716804 -0.401787
vn -0.648584 -0.569765 -0.504685
vn -0.702415 -0.400728 -0.588243
vn -0.729234 -0.216286 -0.649183
vn -0.728018 -0.023622 -0.685151
vn -0.698827 0.170001 -0.694796
vn -0.642759 0.357131 -0.677730
vn -0.562016 0.530460 -0.634627
vn -0.459655 0.683440 -0.567122
vn -0.339594 0.810174 -0.477801
vn -0.206563 0.905701 -0.370185
vn -0.065631 0.966439 -0.248373
vn -0.413260 -0.847941 -0.331982
vn -0.488602 -0.733627 -0.472292
vn -0.545146 -0.591176 -0.594413
vn -0.580771 -0.425915 -0.693759
vn -0.594065 -0.244269 -0.766433
vn -0.584522 -0.053329 -0.809624
vn -0.552515 0.139712 -0.821710
vn -0.499257 0.327424 -0.802207
vn -0.426847 0.502468 -0.751882
vn -0.338006 0.658257 -0.672644
vn -0.236143 0.788764 -0.567528
vn -0.125283 0.888876 -0.440685
vn -0.009647 0.954848 -0.296939
vn -0.349154 -0.861587 -0.368456
vn -0.395533 -0.753438 -0.525247
vn -0.426701 -0.616385 -0.661812
vn -0.441476 -0.455562 -0.773022
vn -0.439276 -0.277214 -0.854511
vn -0.420203 -0.088301 -0.903124
vn -0.384976 0.104055 -0.917042
vn -0.334939 0.292449 -0.895706
vn -0.272057 0.469516 -0.839964
vn -0.198695 0.628606 -0.751914
vn -0.117688 0.763550 -0.634934
vn -0.032225 0.869065 -0.493647
vn 0.054452 0.941201 -0.333430
vn -0.279387 -0.876763 -0.391446
vn -0.294234 -0.775476 -0.558626
vn -0.297777 -0.644430 -0.704301
vn -0.289871 -0.488531 -0.822990
vn -0.270821 -0.313852 -0.910029
vn -0.241376 -0.127198 -0.962059
vn -0.202645 0.064397 -0.977132
vn -0.156118 0.253552 -0.954641
vn -0.103612 0.432880 -0.895477
vn -0.047110 0.595631 -0.801876
vn 0.011206 0.735507 -0.677425
vn 0.069060 0.847035 -0.527031
vn 0.124281 0.926019 -0.356431
vn -0.206637 -0.892884 -0.400075
vn -0.188609 -0.798882 -0.571152
vn -0.163337 -0.674222 -0.720240
vn -0.131780 -0.523564 -0.841733
vn -0.095164 -0.352781 -0.930854
vn -0.054907 -0.168522 -0.984167
vn -0.012525 0.022264 -0.999674
vn 0.030350 0.212227 -0.976749
vn 0.072037 0.393957 -0.916302
vn 0.110966 0.560599 -0.820619
vn 0.145644 0.705718 -0.693362
vn 0.174714 0.823627 -0.539549
vn 0.197084 0.909884 -0.365059
vn -0.157465 -0.903631 -0.398316
vn -0.117208 -0.814355 -0.568408
vn -0.072477 -0.693860 -0.716453
vn -0.024976 -0.546732 -0.836935
vn 0.023443 -0.378738 -0.925207
vn 0.070911 -0.196411 -0.977954
vn 0.115663 -0.006565 -0.993267
vn 0.155995 0.183563 -0.970551
vn 0.190344 0.366638 -0.910684
vn 0.217425 0.535826 -0.815853
vn 0.236192 0.684600 -0.689592
vn 0.245882 0.807074 -0.536818
vn 0.246108 0.898577 -0.363305
vn 0.376134 0.863227 -0.336694
vn 0.357999 0.921339 -0.151564
vn 0.384165 0.770940 -0.508005
vn 0.381799 0.647957 -0.659077
vn 0.369106 0.498876 -0.784145
vn 0.346565 0.329585 -0.878218
vn 0.315063 0.146637 -0.937674
vn 0.275782 -0.043063 -0.960255
vn 0.230260 -0.232065 -0.945054
vn 0.180266 -0.413047 -0.892690
vn 0.127695 -0.579171 -0.805143
vn 0.074594 -0.723945 -0.685813
vn 0.023052 -0.841721 -0.539420
vn -0.025008 -0.928099 -0.371493
vn -0.067706 -0.979717 -0.188601
vn -0.103403 -0.994637 0.002226
vn -0.130738 -0.972322 0.193645
vn -0.148668 -0.913669 0.378295
vn -0.156520 -0.820967 0.549104
vn -0.154003 -0.697848 0.699493
vn -0.141215 -0.548933 0.823851
vn -0.118660 -0.380017 0.917337
vn -0.087217 -0.197654 0.976384
vn -0.048076 -0.008694 0.998806
vn -0.002729 0.179644 0.983728
vn 0.047065 0.360068 0.931738
vn 0.099443 0.525791 0.844781
vn 0.152396 0.670443 0.726142
vn 0.203856 0.788369 0.580445
vn 0.251875 0.875107 0.413215
vn 0.294658 0.927351 0.230642
vn 0.330482 0.942966 0.039967
vn 0.487907 0.817104 -0.307062
vn 0.467516 0.874882 -0.126528
vn 0.498192 0.726024 -0.474019
vn 0.498013 0.605088 -0.621169
vn 0.487365 0.458819 -0.742940
vn 0.466639 0.292993 -0.834508
vn 0.436661 0.113994 -0.892375
vn 0.398548 -0.071446 -0.914360
vn 0.353785 -0.256076 -0.899589
vn 0.304107 -0.432779 -0.848659
vn 0.251388 -0.594910 -0.763470
vn 0.197665 -0.736153 -0.647308
vn 0.145053 -0.850999 -0.504738
vn 0.095499 -0.935161 -0.341107
vn 0.050934 -0.985347 -0.162778
vn 0.013085 -0.999640 0.023420
vn -0.016604 -0.977490 0.210328
vn -0.036987 -0.919749 0.390761
vn -0.047290 -0.828630 0.557796
vn -0.047111 -0.707679 0.704962
vn -0.036451 -0.561426 0.826724
vn -0.015729 -0.395569 0.918302
vn 0.014254 -0.216564 0.976164
vn 0.052359 -0.031171 0.998142
vn 0.097122 0.153481 0.983367
vn 0.146794 0.330206 0.932425
vn 0.199513 0.492315 0.847243
vn 0.253239 0.633556 0.731079
vn 0.305864 0.748402 0.588508
vn 0.355395 0.832522 0.424972
vn 0.399979 0.882738 0.246557
vn 0.437820 0.897034 0.060363
s 1
g lCollar
usemtl default
f 2923/2923/2923 2927/2924/2924 2924/2925/2925
f 2925/2926/2926 2926/2927/2927 2928/2928/2928
f 2923/2923/2923 2929/2929/2929 2927/2924/2924
f 2925/2926/2926 2928/2928/2928 2930/2930/2930
f 2923/2923/2923 2931/2931/2931 2929/2929/2929
f 2925/2926/2926 2930/2930/2930 2932/2932/2932
f 2923/2923/2923 2933/2933/2933 2931/2931/2931
f 2925/2926/2926 2932/2932/2932 2934/2934/2934
f 2923/2923/2923 2935/2935/2935 2933/2933/2933
f 2925/2926/2926 2934/2934/2934 2936/2936/2936
f 2923/2923/2923 2937/2937/2937 2935/2935/2935
f 2925/2926/2926 2936/2936/2936 2938/2938/2938
f 2923/2923/2923 2939/2939/2939 2937/2937/2937
f 2925/2926/2926 2938/2938/2938 2940/2940/2940
f 2923/2923/2923 2941/2941/2941 2939/2939/2939
f 2925/2926/2926 2940/2940/2940 2942/2942/2942
f 2923/2923/2923 2943/2943/2943 2941/2941/2941
f 2925/2926/2926 2942/2942/2942 2944/2944/2944
f 2923/2923/2923 2945/2945/2945 2943/2943/2943
f 2925/2926/2926 2944/2944/2944 2946/2946/2946
f 2923/2923/2923 2947/2947/2947 2945/2945/2945
f 2925/2926/2926 2946/2946/2946 2948/2948/2948
f 2923/2923/2923 2949/2949/2949 2947/2947/2947
f 2925/2926/2926 2948/2948/2948 2950/2950/2950
f 2923/2923/2923 2951/2951/2951 2949/2949/2949
f 2925/2926/2926 2950/2950/2950 2952/2952/2952
f 2923/2923/2923 2953/2953/2953 2951/2951/2951
f 2925/2926/2926 2952/2952/2952 2954/2954/2954
f 2923/2923/2923 2955/2955/2955 2953/2953/2953
f 2925/2926/2926 2954/2954/2954 2956/2956/2956
f 2923/2923/2923 2957/2957/2957 2955/2955/2955
f 2925/2926/2926 2956/2956/2956 2958/2958/2958
f 2924/2925/2925 2927/2924/2924 2972/2959/2959 2959/2960/2960
f 2959/2960/2960 2972/2959/2959 2973/2961/2961 2960/2962/2962
f 2960/2962/2962 2973/2961/2961 2974/2963/2963 2961/2964/2964
f 2961/2964/2964 2974/2963/2963 2975/2965/2965 2962/2966/2966
f 2962/2966/2966 2975/2965/2965 2976/2967/2967 2963/2968/2968
f 2963/2968/2968 2976/2967/2967 2977/2969/2969 2964/2970/2970
f 2964/2970/2970 2977/2969/2969 2978/2971/2971 2965/2972/2972
f 2965/2972/2972 2978/2971/2971 2979/2973/2973 2966/2974/2974
f 2966/2974/2974 2979/2973/2973 2980/2975/2975 2967/2976/2976
f 2967/2976/2976 2980/2975/2975 2981/2977/2977 2968/2978/2978
f 2968/2978/2978 2981/2977/2977 2982/2979/2979 2969/2980/2980
f 2969/2980/2980 2982/2979/2979 2983/2981/2981 2970/2982/2982
f 2970/2982/2982 2983/2981/2981 2984/2983/2983 2971/2984/2984
f 2971/2984/2984 2984/2983/2983 2928/2928/2928 2926/2927/2927
f 2927/2924/2924 2929/2929/2929 2985/2985/2985 2972/2959/2959
f 2972/2959/2959 2985/2985/2985 2986/2986/2986 2973/2961/2961
f 2973/2961/2961 2986/2986/2986 2987/2987/2987 2974/2963/2963
f 2974/2963/2963 2987/2987/2987 2988/2988/2988 2975/2965/2965
f 2975/2965/2965 2988/2988/2988 2989/2989/2989 2976/2967/2967
f 2976/2967/2967 2989/2989/2989 2990/2990/2990 2977/2969/2969
f 2977/2969/2969 2990/2990/2990 2991/2991/2991 2978/2971/2971
f 2978/2971/2971 2991/2991/2991 2992/2992/2992 2979/2973/2973
f 2979/2973/2973 2992/2992/2992 2993/2993/2993 2980/2975/2975
f 2980/2975/2975 2993/2993/2993 2994/2994/2994 2981/2977/2977
f 2981/2977/2977 2994/2994/2994 2995/2995/2995 2982/2979/2979
f 2982/2979/2979 2995/2995/2995 2996/2996/2996 2983/2981/2981
f 2983/2981/2981 2996/2996/2996 2997/2997/2997 2984/2983/2983
f 2984/2983/2983 2997/2997/2997 2930/2930/2930 2928/2928/2928
f 2929/2929/2929 2931/2931/2931 2998/2998/2998 2985/2985/2985
f 2985/2985/2985 2998/2998/2998 2999/2999/2999 2986/2986/2986
f 2986/2986/2986 2999/2999/2999 3000/3000/3000 2987/2987/2987
f 2987/2987/2987 3000/3000/3000 3001/3001/3001 2988/2988/2988
f 2988/2988/2988 3001/3001/3001 3002/3002/3002 2989/2989/2989
f 2989/2989/2989 3002/3002/3002 3003/3003/3003 2990/2990/2990
f 2990/2990/2990 3003/3003/3003 3004/3004/3004 2991/2991/2991
f 2991/2991/2991 3004/3004/3004 3005/3005/3005 2992/2992/2992
f 2992/2992/2992 3005/3005/3005 3006/3006/3006 2993/2993/2993
f 2993/2993/2993 3006/3006/3006 3007/3007/3007 2994/2994/2994
f 2994/2994/2994 3007/3007/3007 3008/3008/3008 2995/2995/2995
f 2995/2995/2995 3008/3008/3008 3009/3009/3009 2996/2996/2996
f 2996/2996/2996 3009/3009/3009 3010/3010/3010 2997/2997/2997
f 2997/2997/2997 3010/3010/3010 2932/2932/2932 2930/2930/2930
f 2931/2931/2931 2933/2933/2933 3011/3011/3011 2998/2998/2998
f 2998/2998/2998 3011/3011/3011 3012/3012/3012 2999/2999/2999
f 2999/2999/2999 3012/3012/3012 3013/3013/3013 3000/3000/3000
f 3000/3000/3000 3013/3013/3013 3014/3014/3014 3001/3001/3001
f 3001/3001/3001 3014/3014/3014 3015/3015/3015 3002/3002/3002
f 3002/3002/3002 3015/3015/3015 3016/3016/3016 3003/3003/3003
f 3003/3003/3003 3016/3016/3016 3017/3017/3017 3004/3004/3004
f 3004/3004/3004 3017/3017/3017 3018/3018/3018 3005/3005/3005
f 3005/3005/3005 3018/3018/3018 3019/3019/3019 3006/3006/3006
f 3006/3006/3006 3019/3019/3019 3020/3020/3020 3007/3007/3007
f 3007/3007/3007 3020/3020/3020 3021/3021/3021 3008/3008/3008
f 3008/3008/3008 3021/3021/3021 3022/3022/3022 3009/3009/3009
f 3009/3009/3009 3022/3022/3022 3023/3023/3023 3010/3010/3010
f 3010/3010/3010 3023/3023/3023 2934/2934/2934 2932/2932/2932
f 2933/2933/2933 2935/2935/2935 3024/3024/3024 3011/3011/3011
f 3011/3011/3011 3024/3024/3024 3025/3025/3025 3012/3012/3012
f 3012/3012/3012 3025/3025/3025 3026/3026/3026 3013/3013/3013
f 3013/3013/3013 3026/3026/3026 3027/3027/3027 3014/3014/3014
f 3014/3014/3014 3027/3027/3027 3028/3028/3028 3015/3015/3015
f 3015/3015/3015 3028/3028/3028 3029/3029/3029 3016/3016/3016
f 3016/3016/3016 3029/3029/3029 3030/3030/3030 3017/3017/3017
f 3017/3017/3017 3030/3030/3030 3031/3031/3031 3018/3018/3018
f 3018/3018/3018 3031/3031/3031 3032/3032/3032 3019/3019/3019
f 3019/3019/3019 3032/3032/3032 3033/3033/3033 3020/3020/3020
f 3020/3020/3020 3033/3033/3033 3034/3034/3034 3021/3021/3021
f 3021/3021/3021 3034/3034/3034 3035/3035/3035 3022/3022/3022
f 3022/3022/3022 3035/3035/3035 3036/3036/3036 3023/3023/3023
f 3023/3023/3023 3036/3036/3036 2936/2936/2936 2934/2934/2934
f 2935/2935/2935 2937/2937/2937 3037/3037/3037 3024/3024/3024
f 3024/3024/3024 3037/3037/3037 3038/3038/3038 3025/3025/3025
f 3025/3025/3025 3038/3038/3038 3039/3039/3039 3026/3026/3026
f 3026/3026/3026 3039/3039/3039 3040/3040/3040 3027/3027/3027
f 3027/3027/3027 3040/3040/3040 3041/3041/3041 3028/3028/3028
f 3028/3028/3028 3041/3041/3041 3042/3042/3042 3029/3029/3029
f 3029/3029/3029 3042/3042/3042 3043/3043/3043 3030/3030/3030
f 3030/3030/3030 3043/3043/3043 3044/3044/3044 3031/3031/3031
f 3031/3031/3031 3044/3044/3044 3045/3045/3045 3032/3032/3032
f 3032/3032/3032 3045/3045/3045 3046/3046/3046 3033/3033/3033
f 3033/3033/3033 3046/3046/3046 3047/3047/3047 3034/3034/3034
f 3034/3034/3034 3047/3047/3047 3048/3048/3048 3035/3035/3035
f 3035/3035/3035 3048/3048/3048 3049/3049/3049 3036/3036/3036
f 3036/3036/3036 3049/3049/3049 2938/2938/2938 2936/2936/2936
f 2937/2937/2937 2939/2939/2939 3050/3050/3050 3037/3037/3037
f 3037/3037/3037 3050/3050/3050 3051/3051/3051 3038/3038/3038
f 3038/3038/3038 3051/3051/3051 3052/3052/3052 3039/3039/3039
f 3039/3039/3039 3052/3052/3052 3053/3053/3053 3040/3040/3040
f 3040/3040/3040 3053/3053/3053 3054/3054/3054 3041/3041/3041
f 3041/3041/3041 3054/3054/3054 3055/3055/3055 3042/3042/3042
f 3042/3042/3042 3055/3055/3055 3056/3056/3056 3043/3043/3043
f 3043/3043/3043 3056/3056/3056 3057/3057/3057 3044/3044/3044
f 3044/3044/3044 3057/3057/3057 3058/3058/3058 3045/3045/3045
f 3045/3045/3045 3058/3058/3058 3059/3059/3059 3046/3046/3046
f 3046/3046/3046 3059/3059/3059 3060/3060/3060 3047/3047/3047
f 3047/3047/3047 3060/3060/3060 3061/3061/3061 3048/3048/3048
f 3048/3048/3048 3061/3061/3061 3062/3062/3062 3049/3049/3049
f 3049/3049/3049 3062/3062/3062 2940/2940/2940 2938/2938/2938
f 2939/2939/2939 2941/2941/2941 3063/3063/3063 3050/3050/3050
f 3050/3050/3050 3063/3063/3063 3064/3064/3064 3051/3051/3051
f 3051/3051/3051 3064/3064/3064 3065/3065/3065 3052/3052/3052
f 3052/3052/3052 3065/3065/3065 3066/3066/3066 3053/3053/3053
f 3053/3053/3053 3066/3066/3066 3067/3067/3067 3054/3054/3054
f 3054/3054/3054 3067/3067/3067 3068/3068/3068 3055/3055/3055
f 3055/3055/3055 3068/3068/3068 3069/3069/3069 3056/3056/3056
f 3056/3056/3056 3069/3069/3069 3070/3070/3070 3057/3057/3057
f 3057/3057/3057 3070/3070/3070 3071/3071/3071 3058/3058/3058
f 3058/3058/3058 3071/3071/3071 3072/3072/3072 3059/3059/3059
f 3059/3059/3059 3072/3072/3072 3073/3073/3073 3060/3060/3060
f 3060/3060/3060 3073/3073/3073 3074/3074/3074 3061/3061/3061
f 3061/3061/3061 3074/3074/3074 3075/3075/3075 3062/3062/3062
f 3062/3062/3062 3075/3075/3075 2942/2942/2942 2940/2940/2940
f 2941/2941/2941 2943/2943/2943 3076/3076/3076 3063/3063/3063
f 3063/3063/3063 3076/3076/3076 3077/3077/3077 3064/3064/3064
f 3064/3064/3064 3077/3077/3077 3078/3078/3078 3065/3065/3065
f 3065/3065/3065 3078/3078/3078 3079/3079/3079 3066/3066/3066
f 3066/3066/3066 3079/3079/3079 3080/3080/3080 3067/3067/3067
f 3067/3067/3067 3080/3080/3080 3081/3081/3081 3068/3068/3068
f 3068/3068/3068 3081/3081/3081 3082/3082/3082 3069/3069/3069
f 3069/3069/3069 3082/3082/3082 3083/3083/3083 3070/3070/3070
f 3070/3070/3070 3083/3083/3083 3084/3084/3084 3071/3071/3071
f 3071/3071/3071 3084/3084/3084 3085/3085/3085 3072/3072/3072
f 3072/3072/3072 3085/3085/3085 3086/3086/3086 3073/3073/3073
f 3073/3073/3073 3086/3086/3086 3087/3087/3087 3074/3074/3074
f 3074/3074/3074 3087/3087/3087 3088/3088/3088 3075/3075/3075
f 3075/3075/3075 3088/3088/3088 2944/2944/2944 2942/2942/2942
f 2943/2943/2943 2945/2945/2945 3089/3089/3089 3076/3076/3076
f 3076/3076/3076 3089/3089/3089 3090/3090/3090 3077/3077/3077
f 3077/3077/3077 3090/3090/3090 3091/3091/3091 3078/3078/3078
f 3078/3078/3078 3091/3091/3091 3092/3092/3092 3079/3079/3079
f 3079/3079/3079 3092/3092/3092 3093/3093/3093 3080/3080/3080
f 3080/3080/3080 3093/3093/3093 3094/3094/3094 3081/3081/3081
f 3081/3081/3081 3094/3094/3094 3095/3095/3095 3082/3082/3082
f 3082/3082/3082 3095/3095/3095 3096/3096/3096 3083/3083/3083
f 3083/3083/3083 3096/3096/3096 3097/3097/3097 3084/3084/3084
f 3084/3084/3084 3097/3097/3097 3098/3098/3098 3085/3085/3085
f 3085/3085/3085 3098/3098/3098 3099/3099/3099 3086/3086/3086
f 3086/3086/3086 3099/3099/3099 3100/3100/3100 3087/3087/3087
f 3087/3087/3087 3100/3100/3100 3101/3101/3101 3088/3088/3088
f 3088/3088/3088 3101/3101/3101 2946/2946/2946 2944/2944/2944
f 2945/2945/2945 2947/2947/2947 3102/3102/3102 3089/3089/3089
f 3089/3089/3089 3102/3102/3102 3103/3103/3103 3090/3090/3090
f 3090/3090/3090 3103/3103/3103 3104/3104/3104 3091/3091/3091
f 3091/3091/3091 3104/3104/3104 3105/3105/3105 3092/3092/3092
f 3092/3092/3092 3105/3105/3105 3106/3106/3106 3093/3093/3093
f 3093/3093/3093 3106/3106/3106 3107/3107/3107 3094/3094/3094
f 3094/3094/3094 3107/3107/3107 3108/3108/3108 3095/3095/3095
f 3095/3095/3095 3108/3108/3108 3109/3109/3109 3096/3096/3096
f 3096/3096/3096 3109/3109/3109 3110/3110/3110 3097/3097/3097
f 3097/3097/3097 3110/3110/3110 3111/3111/3111 3098/3098/3098
f 3098/3098/3098 3111/3111/3111 3112/3112/3112 3099/3099/3099
f 3099/3099/3099 3112/3112/3112 3113/3113/3113 3100/3100/3100
f 3100/3100/3100 3113/3113/3113 3114/3114/3114 3101/3101/3101
f 3101/3101/3101 3114/3114/3114 2948/2948/2948 2946/2946/2946
f 2947/2947/2947 2949/2949/2949 3115/3115/3115 3102/3102/3102
f 3102/3102/3102 3115/3115/3115 3116/3116/3116 3103/3103/3103
f 3103/3103/3103 3116/3116/3116 3117/3117/3117 3104/3104/3104
f 3104/3104/3104 3117/3117/3117 3118/3118/3118 3105/3105/3105
f 3105/3105/3105 3118/3118/3118 3119/3119/3119 3106/3106/3106
f 3106/3106/3106 3119/3119/3119 3120/3120/3120 3107/3107/3107
f 3107/3107/3107 3120/3120/3120 3121/3121/3121 3108/3108/3108
f 3108/3108/3108 3121/3121/3121 3122/3122/3122 3109/3109/3109
f 3109/3109/3109 3122/3122/3122 3123/3123/3123 3110/3110/3110
f 3110/3110/3110 3123/3123/3123 3124/3124/3124 3111/3111/3111
f 3111/3111/3111 3124/3124/3124 3125/3125/3125 3112/3112/3112
f 3112/3112/3112 3125/3125/3125 3126/3126/3126 3113/3113/3113
f 3113/3113/3113 3126/3126/3126 3127/3127/3127 3114/3114/3114
f 3114/3114/3114 3127/3127/3127 2950/2950/2950 2948/2948/2948
f 2949/2949/2949 2951/2951/2951 3128/3128/3128 3115/3115/3115
f 3115/3115/3115 3128/3128/3128 3129/3129/3129 3116/3116/3116
f 3116/3116/3116 3129/3129/3129 3130/3130/3130 3117/3117/3117
f 3117/3117/3117 3130/3130/3130 3131/3131/3131 3118/3118/3118
f 3118/3118/3118 3131/3131/3131 3132/3132/3132 3119/3119/3119
f 3119/3119/3119 3132/3132/3132 3133/3133/3133 3120/3120/3120
f 3120/3120/3120 3133/3133/3133 3134/3134/3134 3121/3121/3121
f 3121/3121/3121 3134/3134/3134 3135/3135/3135 3122/3122/3122
f 3122/3122/3122 3135/3135/3135 3136/3136/3136 3123/3123/3123
f 3123/3123/3123 3136/3136/3136 3137/3137/3137 3124/3124/3124
f 3124/3124/3124 3137/3137/3137 3138/3138/3138 3125/3125/3125
f 3125/3125/3125 3138/3138/3138 3139/3139/3139 3126/3126/3126
f 3126/3126/3126 3139/3139/3139 3140/3140/3140 3127/3127/3127
f 3127/3127/3127 3140/3140/3140 2952/2952/2952 2950/2950/2950
f 2951/2951/2951 2953/2953/2953 3141/3141/3141 3128/3128/3128
f 3128/3128/3128 3141/3141/3141 3142/3142/3142 3129/3129/3129
f 3129/3129/3129 3142/3142/3142 3143/3143/3143 3130/3130/3130
f 3130/3130/3130 3143/3143/3143 3144/3144/3144 3131/3131/3131
f 3131/3131/3131 3144/3144/3144 3145/3145/3145 3132/3132/3132
f 3132/3132/3132 3145/3145/3145 3146/3146/3146 3133/3133/3133
f 3133/3133/3133 3146/3146/3146 3147/3147/3147 3134/3134/3134
f 3134/3134/3134 3147/3147/3147 3148/3148/3148 3135/3135/3135
f 3135/3135/3135 3148/3148/3148 3149/3149/3149 3136/3136/3136
f 3136/3136/3136 3149/3149/3149 3150/3150/3150 3137/3137/3137
f 3137/3137/3137 3150/3150/3150 3151/3151/3151 3138/3138/3138
f 3138/3138/3138 3151/3151/3151 3152/3152/3152 3139/3139/3139
f 3139/3139/3139 3152/3152/3152 3153/3153/3153 3140/3140/3140
f 3140/3140/3140 3153/3153/3153 2954/2954/2954 2952/2952/2952
f 2953/2953/2953 2955/2955/2955 3154/3154/3154 3141/3141/3141
f 3141/3141/3141 3154/3154/3154 3155/3155/3155 3142/3142/3142
f 3142/3142/3142 3155/3155/3155 3156/3156/3156 3143/3143/3143
f 3143/3143/3143 3156/3156/3156 3157/3157/3157 3144/3144/3144
f 3144/3144/3144 3157/3157/3157 3158/3158/3158 3145/3145/3145
f 3145/3145/3145 3158/3158/3158 3159/3159/3159 3146/3146/3146
f 3146/3146/3146 3159/3159/3159 3160/3160/3160 3147/3147/3147
f 3147/3147/3147 3160/3160/3160 3161/3161/3161 3148/3148/3148
f 3148/3148/3148 3161/3161/3161 3162/3162/3162 3149/3149/3149
f 3149/3149/3149 3162/3162/3162 3163/3163/3163 3150/3150/3150
f 3150/3150/3150 3163/3163/3163 3164/3164/3164 3151/3151/3151
f 3151/3151/3151 3164/3164/3164 3165/3165/3165 3152/3152/3152
f 3152/3152/3152 3165/3165/3165 3166/3166/3166 3153/3153/3153
f 3153/3153/3153 3166/3166/3166 2956/2956/2956 2954/2954/2954
f 2955/2955/2955 2957/2957/2957 3167/3167/3167 3154/3154/3154
f 3154/3154/3154 3167/3167/3167 3168/3168/3168 3155/3155/3155
f 3155/3155/3155 3168/3168/3168 3169/3169/3169 3156/3156/3156
f 3156/3156/3156 3169/3169/3169 3170/3170/3170 3157/3157/3157
f 3157/3157/3157 3170/3170/3170 3171/3171/3171 3158/3158/3158
f 3158/3158/3158 3171/3171/3171 3172/3172/3172 3159/3159/3159
f 3159/3159/3159 3172/3172/3172 3173/3173/3173 3160/3160/3160
f 3160/3160/3160 3173/3173/3173 3174/3174/3174 3161/3161/3161
f 3161/3161/3161 3174/3174/3174 3175/3175/3175 3162/3162/3162
f 3162/3162/3162 3175/3175/3175 3176/3176/3176 3163/3163/3163
f 3163/3163/3163 3176/3176/3176 3177/3177/3177 3164/3164/3164
f 3164/3164/3164 3177/3177/3177 3178/3178/3178 3165/3165/3165
f 3165/3165/3165 3178/3178/3178 3179/3179/3179 3166/3166/3166
f 3166/3166/3166 3179/3179/3179 2958/2958/2958 2956/2956/2956
f 2958/2958/2958 3179/3179/3179 3180/3180/3180 3181/3181/3181
f 3179/3179/3179 3178/3178/3178 3182/3182/3182 3180/3180/3180
f 3178/3178/3178 3177/3177/3177 3183/3183/3183 3182/3182/3182
f 3177/3177/3177 3176/3176/3176 3184/3184/3184 3183/3183/3183
f 3176/3176/3176 3175/3175/3175 3185/3185/3185 3184/3184/3184
f 3175/3175/3175 3174/3174/3174 3186/3186/3186 3185/3185/3185
f 3174/3174/3174 3173/3173/3173 3187/3187/3187 3186/3186/3186
f 3173/3173/3173 3172/3172/3172 3188/3188/3188 3187/3187/3187
f 3172/3172/3172 3171/3171/3171 3189/3189/3189 3188/3188/3188
f 3171/3171/3171 3170/3170/3170 3190/3190/3190 3189/3189/3189
f 3170/3170/3170 3169/3169/3169 3191/3191/3191 3190/3190/3190
f 3169/3169/3169 3168/3168/3168 3192/3192/3192 3191/3191/3191
f 3168/3168/3168 3167/3167/3167 3193/3193/3193 3192/3192/3192
f 3167/3167/3167 2957/2957/2957 3194/3194/3194 3193/3193/3193
f 2957/2957/2957 2923/2923/2923 3195/3195/3195 3194/3194/3194
f 2923/2923/2923 2924/2925/2925 3196/3196/3196 3195/3195/3195
f 2924/2925/2925 2959/2960/2960 3197/3197/3197 3196/3196/3196
f 2959/2960/2960 2960/2962/2962 3198/3198/3198 3197/3197/3197
f 2960/2962/2962 2961/2964/2964 3199/3199/3199 3198/3198/3198
f 2961/2964/2964 2962/2966/2966 3200/3200/3200 3199/3199/3199
f 2962/2966/2966 2963/2968/2968 3201/3201/3201 3200/3200/3200
f 2963/2968/2968 2964/2970/2970 3202/3202/3202 3201/3201/3201
f 2964/2970/2970 2965/2972/2972 3203/3203/3203 3202/3202/3202
f 2965/2972/2972 2966/2974/2974 3204/3204/3204 3203/3203/3203
f 2966/2974/2974 2967/2976/2976 3205/3205/3205 3204/3204/3204
f 2967/2976/2976 2968/2978/2978 3206/3206/3206 3205/3205/3205
f 2968/2978/2978 2969/2980/2980 3207/3207/3207 3206/3206/3206
f 2969/2980/2980 2970/2982/2982 3208/3208/3208 3207/3207/3207
f 2970/2982/2982 2971/2984/2984 3209/3209/3209 3208/3208/3208
f 2971/2984/2984 2926/2927/2927 3210/3210/3210 3209/3209/3209
f 2926/2927/2927 2925/2926/2926 3211/3211/3211 3210/3210/3210
f 2925/2926/2926 2958/2958/2958 3181/3181/3181 3211/3211/3211
f 3181/3181/3181 3180/3180/3180 3212/3212/3212 3213/3213/3213
f 3180/3180/3180 3182/3182/3182 3214/3214/3214 3212/3212/3212
f 3182/3182/3182 3183/3183/3183 3215/3215/3215 3214/3214/3214
f 3183/3183/3183 3184/3184/3184 3216/3216/3216 3215/3215/3215
f 3184/3184/3184 3185/3185/3185 3217/3217/3217 3216/3216/3216
f 3185/3185/3185 3186/3186/3186 3218/3218/3218 3217/3217/3217
f 3186/3186/3186 3187/3187/3187 3219/3219/3219 3218/3218/3218
f 3187/3187/3187 3188/3188/3188 3220/3220/3220 3219/3219/3219
f 3188/3188/3188 3189/3189/3189 3221/3221/3221 3220/3220/3220
f 3189/3189/3189 3190/3190/3190 3222/3222/3222 3221/3221/3221
f 3190/3190/3190 3191/3191/3191 3223/3223/3223 3222/3222/3222
f 3191/3191/3191 3192/3192/3192 3224/3224/3224 3223/3223/3223
f 3192/3192/3192 3193/3193/3193 3225/3225/3225 3224/3224/3224
f 3193/3193/3193 3194/3194/3194 3226/3226/3226 3225/3225/3225
f 3194/3194/3194 3195/3195/3195 3227/3227/3227 3226/3226/3226
f 3195/3195/3195 3196/3196/3196 3228/3228/3228 3227/3227/3227
f 3196/3196/3196 3197/3197/3197 3229/3229/3229 3228/3228/3228
f 3197/3197/3197 3198/3198/3198 3230/3230/3230 3229/3229/3229
f 3198/3198/3198 3199/3199/3199 3231/3231/3231 3230/3230/3230
f 3199/3199/3199 3200/3200/3200 3232/3232/3232 3231/3231/3231
f 3200/3200/3200 3201/3201/3201 3233/3233/3233 3232/3232/3232
f 3201/3201/3201 3202/3202/3202 3234/3234/3234 3233/3233/3233
f 3202/3202/3202 3203/3203/3203 3235/3235/3235 3234/3234/3234
f 3203/3203/3203 3204/3204/3204 3236/3236/3236 3235/3235/3235
f 3204/3204/3204 3205/3205/3205 3237/3237/3237 3236/3236/3236
f 3205/3205/3205 3206/3206/3206 3238/3238/3238 3237/3237/3237
f 3206/3206/3206 3207/3207/3207 3239/3239/3239 3238/3238/3238
f 3207/3207/3207 3208/3208/3208 3240/3240/3240 3239/3239/3239
f 3208/3208/3208 3209/3209/3209 3241/3241/3241 3240/3240/3240
f 3209/3209/3209 3210/3210/3210 3242/3242/3242 3241/3241/3241
f 3210/3210/3210 3211/3211/3211 3243/3243/3243 3242/3242/3242
f 3211/3211/3211 3181/3181/3181 3213/3213/3213 3243/3243/3243
g default
v 0.162544 0.520375 -0.022000
v 0.162544 0.569587 -0.022000
v 0.160707 0.520847 -0.017565
v 0.160707 0.569115 -0.017565
v 0.159877 0.520847 -0.018009
v 0.159877 0.569115 -0.018009
v 0.159150 0.520847 -0.018606
v 0.159150 0.569115 -0.018606
v 0.158553 0.520847 -0.019333
v 0.158553 0.569115 -0.019333
v 0.158109 0.520847 -0.020163
v 0.158109 0.569115 -0.020163
v 0.157836 0.520847 -0.021063
v 0.157836 0.569115 -0.021063
v 0.157744 0.520847 -0.022000
v 0.157744 0.569115 -0.022000
v 0.157836 0.520847 -0.022937
v 0.157836 0.569115 -0.022937
v 0.158109 0.520847 -0.023837
v 0.158109 0.569115 -0.023837
v 0.158553 0.520847 -0.024667
v 0.158553 0.569115 -0.024667
v 0.159150 0.520847 -0.025394
v 0.159150 0.569115 -0.025394
v 0.159877 0.520847 -0.025991
v 0.159877 0.569115 -0.025991
v 0.160707 0.520847 -0.026435
v 0.160707 0.569115 -0.026435
v 0.161607 0.520847 -0.026708
v 0.161607 0.569115 -0.026708
v 0.162544 0.520847 -0.026800
v 0.162544 0.569115 -0.026800
v 0.163481 0.520847 -0.026708
v 0.163481 0.569115 -0.026708
v 0.164381 0.520847 -0.026435
v 0.164381 0.569115 -0.026435
v 0.158940 0.522248 -0.013300
v 0.157313 0.524522 -0.009370
v 0.155886 0.527582 -0.005925
v 0.154715 0.531310 -0.003098
v 0.153844 0.535565 -0.000997
v 0.153308 0.540181 0.000296
v 0.153128 0.544981 0.000733
v 0.153308 0.549782 0.000296
v 0.153844 0.554397 -0.000997
v 0.154715 0.558652 -0.003098
v 0.155886 0.562380 -0.005925
v 0.157313 0.565440 -0.009370
v 0.158940 0.567714 -0.013300
v 0.157313 0.522248 -0.014171
v 0.154949 0.524522 -0.010633
v 0.152877 0.527582 -0.007533
v 0.151177 0.531310 -0.004989
v 0.149914 0.535565 -0.003098
v 0.149136 0.540181 -0.001934
v 0.148873 0.544981 -0.001541
v 0.149136 0.549782 -0.001934
v 0.149914 0.554397 -0.003098
v 0.151177 0.558652 -0.004989
v 0.152877 0.562380 -0.007533
v 0.154949 0.565440 -0.010633
v 0.157313 0.567714 -0.014171
v 0.155886 0.522248 -0.015342
v 0.152877 0.524522 -0.012334
v 0.150241 0.527582 -0.009697
v 0.148077 0.531310 -0.007533
v 0.146469 0.535565 -0.005925
v 0.145479 0.540181 -0.004935
v 0.145145 0.544981 -0.004601
v 0.145479 0.549782 -0.004935
v 0.146469 0.554397 -0.005925
v 0.148077 0.558652 -0.007533
v 0.150241 0.562380 -0.009697
v 0.152877 0.565440 -0.012334
v 0.155886 0.567714 -0.015342
v 0.154715 0.522248 -0.016769
v 0.151177 0.524522 -0.014405
v 0.148077 0.527582 -0.012334
v 0.145533 0.531310 -0.010633
v 0.143642 0.535565 -0.009370
v 0.142478 0.540181 -0.008592
v 0.142085 0.544981 -0.008329
v 0.142478 0.549782 -0.008592
v 0.143642 0.554397 -0.009370
v 0.145533 0.558652 -0.010633
v 0.148077 0.562380 -0.012334
v 0.151177 0.565440 -0.014405
v 0.154715 0.567714 -0.016769
v 0.153844 0.522248 -0.018397
v 0.149914 0.524522 -0.016769
v 0.146469 0.527582 -0.015342
v 0.143642 0.531310 -0.014171
v 0.141541 0.535565 -0.013300
v 0.140248 0.540181 -0.012765
v 0.139811 0.544981 -0.012584
v 0.140248 0.549782 -0.012765
v 0.141541 0.554397 -0.013300
v 0.143642 0.558652 -0.014171
v 0.146469 0.562380 -0.015342
v 0.149914 0.565440 -0.016769
v 0.153844 0.567714 -0.018397
v 0.153308 0.522248 -0.020163
v 0.149136 0.524522 -0.019333
v 0.145479 0.527582 -0.018606
v 0.142478 0.531310 -0.018009
v 0.140248 0.535565 -0.017565
v 0.138874 0.540181 -0.017292
v 0.138410 0.544981 -0.017200
v 0.138874 0.549782 -0.017292
v 0.140248 0.554397 -0.017565
v 0.142478 0.558652 -0.018009
v 0.145479 0.562380 -0.018606
v 0.149136 0.565440 -0.019333
v 0.153309 0.567714 -0.020163
v 0.153128 0.522248 -0.022000
v 0.148873 0.524522 -0.022000
v 0.145145 0.527582 -0.022000
v 0.142085 0.531310 -0.022000
v 0.139811 0.535565 -0.022000
v 0.138410 0.540181 -0.022000
v 0.137938 0.544981 -0.022000
v 0.138410 0.549782 -0.022000
v 0.139811 0.554397 -0.022000
v 0.142085 0.558652 -0.022000
v 0.145145 0.562380 -0.022000
v 0.148873 0.565440 -0.022000
v 0.153128 0.567714 -0.022000
v 0.153308 0.522248 -0.023837
v 0.149136 0.524522 -0.024667
v 0.145479 0.527582 -0.025394
v 0.142478 0.531310 -0.025991
v 0.140248 0.535565 -0.026435
v 0.138874 0.540181 -0.026708
v 0.138410 0.544981 -0.026800
v 0.138874 0.549782 -0.026708
v 0.140248 0.554397 -0.026435
v 0.142478 0.558652 -0.025991
v 0.145479 0.562380 -0.025394
v 0.149136 0.565440 -0.024667
v 0.153309 0.567714 -0.023837
v 0.153844 0.522248 -0.025603
v 0.149914 0.524522 -0.027231
v 0.146469 0.527582 -0.028658
v 0.143642 0.531310 -0.029830
v 0.141541 0.535565 -0.030700
v 0.140248 0.540181 -0.031235
v 0.139811 0.544981 -0.031416
v 0.140248 0.549782 -0.031235
v 0.141541 0.554397 -0.030700
v 0.143642 0.558652 -0.029830
v 0.146469 0.562380 -0.028658
v 0.149914 0.565440 -0.027231
v 0.153844 0.567714 -0.025603
v 0.154715 0.522248 -0.027231
v 0.151177 0.524522 -0.029595
v 0.148077 0.527582 -0.031666
v 0.145533 0.531310 -0.033367
v 0.143642 0.535565 -0.034630
v 0.142478 0.540181 -0.035408
v 0.142085 0.544981 -0.035671
v 0.142478 0.549782 -0.035408
v 0.143642 0.554397 -0.034630
v 0.145533 0.558652 -0.033367
v 0.148077 0.562380 -0.031666
v 0.151177 0.565440 -0.029595
v 0.154715 0.567714 -0.027231
v 0.155886 0.522248 -0.028658
v 0.152877 0.524522 -0.031666
v 0.150241 0.527582 -0.034303
v 0.148077 0.531310 -0.036467
v 0.146469 0.535565 -0.038075
v 0.145479 0.540181 -0.039065
v 0.145145 0.544981 -0.039399
v 0.145479 0.549782 -0.039065
v 0.146469 0.554397 -0.038075
v 0.148077 0.558652 -0.036467
v 0.150241 0.562380 -0.034303
v 0.152877 0.565440 -0.031666
v 0.155886 0.567714 -0.028658
v 0.157313 0.522248 -0.029830
v 0.154949 0.524522 -0.033367
v 0.152877 0.527582 -0.036467
v 0.151177 0.531310 -0.039011
v 0.149914 0.535565 -0.040902
v 0.149136 0.540181 -0.042066
v 0.148873 0.544981 -0.042459
v 0.149136 0.549782 -0.042066
v 0.149914 0.554397 -0.040902
v 0.151177 0.558652 -0.039011
v 0.152877 0.562380 -0.036467
v 0.154949 0.565440 -0.033367
v 0.157313 0.567714 -0.029830
v 0.158940 0.522248 -0.030700
v 0.157313 0.524522 -0.034630
v 0.155886 0.527582 -0.038075
v 0.154715 0.531310 -0.040902
v 0.153844 0.535565 -0.043003
v 0.153309 0.540181 -0.044296
v 0.153128 0.544981 -0.044733
v 0.153309 0.549782 -0.044296
v 0.153844 0.554397 -0.043003
v 0.154715 0.558652 -0.040902
v 0.155886 0.562380 -0.038075
v 0.157313 0.565440 -0.034630
v 0.158940 0.567714 -0.030700
v 0.160707 0.522248 -0.031235
v 0.159877 0.524522 -0.035408
v 0.159150 0.527582 -0.039065
v 0.158553 0.531310 -0.042066
v 0.158109 0.535565 -0.044296
v 0.157836 0.540181 -0.045670
v 0.157744 0.544981 -0.046133
v 0.157836 0.549782 -0.045670
v 0.158109 0.554397 -0.044296
v 0.158553 0.558652 -0.042066
v 0.159150 0.562380 -0.039065
v 0.159877 0.565440 -0.035408
v 0.160707 0.567714 -0.031235
v 0.162544 0.522248 -0.031416
v 0.162544 0.524522 -0.035671
v 0.162544 0.527582 -0.039399
v 0.162544 0.531310 -0.042459
v 0.162544 0.535565 -0.044733
v 0.162544 0.540181 -0.046133
v 0.162544 0.544981 -0.046606
v 0.162544 0.549782 -0.046133
v 0.162544 0.554397 -0.044733
v 0.162544 0.558652 -0.042459
v 0.162544 0.562380 -0.039399
v 0.162544 0.565440 -0.035671
v 0.162544 0.567714 -0.031416
v 0.164381 0.522248 -0.031235
v 0.165211 0.524522 -0.035408
v 0.165938 0.527582 -0.039065
v 0.166535 0.531310 -0.042066
v 0.166979 0.535565 -0.044296
v 0.167252 0.540181 -0.045670
v 0.167344 0.544981 -0.046133
v 0.167252 0.549782 -0.045670
v 0.166979 0.554397 -0.044296
v 0.166535 0.558652 -0.042066
v 0.165938 0.562380 -0.039065
v 0.165211 0.565440 -0.035408
v 0.164381 0.567714 -0.031235
v 0.166148 0.522248 -0.030700
v 0.167775 0.524522 -0.034630
v 0.169202 0.527582 -0.038075
v 0.170373 0.531310 -0.040902
v 0.171244 0.535565 -0.043003
v 0.171779 0.540181 -0.044296
v 0.171960 0.544981 -0.044733
v 0.171779 0.549782 -0.044296
v 0.171244 0.554397 -0.043003
v 0.170373 0.558652 -0.040902
v 0.169202 0.562380 -0.038075
v 0.167775 0.565440 -0.034630
v 0.166148 0.567714 -0.030700
v 0.255178 0.523546 0.007000
v 0.254241 0.524018 0.011708
v 0.255178 0.524018 0.011800
v 0.255178 0.572758 0.007000
v 0.255178 0.572285 0.011800
v 0.254241 0.572285 0.011708
v 0.253341 0.524018 0.011435
v 0.253341 0.572285 0.011435
v 0.257015 0.524018 0.002565
v 0.257015 0.572285 0.002565
v 0.257845 0.524018 0.003009
v 0.257845 0.572285 0.003009
v 0.258572 0.524018 0.003606
v 0.258572 0.572285 0.003606
v 0.259169 0.524018 0.004333
v 0.259169 0.572285 0.004333
v 0.259613 0.524018 0.005163
v 0.259613 0.572285 0.005163
v 0.259886 0.524018 0.006063
v 0.259886 0.572285 0.006063
v 0.259979 0.524018 0.007000
v 0.259979 0.572285 0.007000
v 0.259886 0.524018 0.007937
v 0.259886 0.572285 0.007937
v 0.259613 0.524018 0.008837
v 0.259613 0.572285 0.008837
v 0.259169 0.524018 0.009667
v 0.259169 0.572285 0.009667
v 0.258572 0.524018 0.010394
v 0.258572 0.572285 0.010394
v 0.257845 0.524018 0.010991
v 0.257845 0.572285 0.010991
v 0.257015 0.524018 0.011435
v 0.257015 0.572285 0.011435
v 0.256115 0.524018 0.011708
v 0.256115 0.572285 0.011708
v 0.253341 0.525419 0.016236
v 0.255178 0.525419 0.016416
v 0.252511 0.527693 0.020408
v 0.255178 0.527693 0.020670
v 0.251784 0.530753 0.024065
v 0.255178 0.530753 0.024399
v 0.251187 0.534481 0.027066
v 0.255178 0.534481 0.027459
v 0.250743 0.538736 0.029296
v 0.255178 0.538736 0.029733
v 0.250470 0.543352 0.030670
v 0.255178 0.543352 0.031134
v 0.250378 0.548152 0.031134
v 0.255178 0.548152 0.031606
v 0.250470 0.552952 0.030670
v 0.255178 0.552952 0.031134
v 0.250743 0.557568 0.029296
v 0.255178 0.557568 0.029733
v 0.251187 0.561822 0.027066
v 0.255178 0.561822 0.027459
v 0.251784 0.565551 0.024065
v 0.255178 0.565551 0.024399
v 0.252511 0.568611 0.020408
v 0.255178 0.568611 0.020670
v 0.253341 0.570885 0.016236
v 0.255178 0.570885 0.016416
v 0.251575 0.525419 0.015700
v 0.249947 0.527693 0.019630
v 0.248520 0.530753 0.023075
v 0.247349 0.534481 0.025902
v 0.246478 0.538736 0.028003
v 0.245943 0.543352 0.029296
v 0.245762 0.548152 0.029733
v 0.245943 0.552952 0.029296
v 0.246478 0.557568 0.028003
v 0.247349 0.561822 0.025902
v 0.248520 0.565551 0.023075
v 0.249947 0.568611 0.019630
v 0.251575 0.570885 0.015700
v 0.258782 0.525419 -0.001700
v 0.260410 0.527693 -0.005630
v 0.261836 0.530753 -0.009075
v 0.263008 0.534481 -0.011902
v 0.263878 0.538736 -0.014003
v 0.264414 0.543352 -0.015296
v 0.264594 0.548152 -0.015733
v 0.264414 0.552952 -0.015296
v 0.263878 0.557568 -0.014003
v 0.263007 0.561822 -0.011902
v 0.261836 0.565551 -0.009075
v 0.260410 0.568611 -0.005630
v 0.258782 0.570885 -0.001700
v 0.260410 0.525419 -0.000829
v 0.262773 0.527693 -0.004367
v 0.264845 0.530753 -0.007467
v 0.266545 0.534481 -0.010011
v 0.267808 0.538736 -0.011902
v 0.268586 0.543352 -0.013066
v 0.268849 0.548152 -0.013459
v 0.268586 0.552952 -0.013066
v 0.267808 0.557568 -0.011902
v 0.266545 0.561822 -0.010011
v 0.264845 0.565551 -0.007467
v 0.262773 0.568611 -0.004367
v 0.260410 0.570885 -0.000829
v 0.261836 0.525419 0.000342
v 0.264845 0.527693 -0.002667
v 0.267481 0.530753 -0.005303
v 0.269645 0.534481 -0.007467
v 0.271253 0.538736 -0.009075
v 0.272243 0.543352 -0.010065
v 0.272577 0.548152 -0.010399
v 0.272243 0.552952 -0.010065
v 0.271253 0.557568 -0.009075
v 0.269645 0.561822 -0.007467
v 0.267481 0.565551 -0.005303
v 0.264845 0.568611 -0.002667
v 0.261836 0.570885 0.000342
v 0.263008 0.525419 0.001769
v 0.266545 0.527693 -0.000595
v 0.269645 0.530753 -0.002667
v 0.272189 0.534481 -0.004367
v 0.274080 0.538736 -0.005630
v 0.275244 0.543352 -0.006408
v 0.275637 0.548152 -0.006671
v 0.275244 0.552952 -0.006408
v 0.274080 0.557568 -0.005630
v 0.272189 0.561822 -0.004367
v 0.269645 0.565551 -0.002667
v 0.266545 0.568611 -0.000595
v 0.263007 0.570885 0.001769
v 0.263878 0.525419 0.003396
v 0.267808 0.527693 0.001769
v 0.271253 0.530753 0.000342
v 0.274080 0.534481 -0.000829
v 0.276181 0.538736 -0.001700
v 0.277474 0.543352 -0.002235
v 0.277911 0.548152 -0.002416
v 0.277474 0.552952 -0.002235
v 0.276181 0.557568 -0.001700
v 0.274080 0.561822 -0.000829
v 0.271253 0.565551 0.000342
v 0.267808 0.568611 0.001769
v 0.263878 0.570885 0.003396
v 0.264414 0.525419 0.005163
v 0.268586 0.527693 0.004333
v 0.272243 0.530753 0.003606
v 0.275244 0.534481 0.003009
v 0.277474 0.538736 0.002565
v 0.278848 0.543352 0.002292
v 0.279312 0.548152 0.002200
v 0.278848 0.552952 0.002292
v 0.277474 0.557568 0.002565
v 0.275244 0.561822 0.003009
v 0.272243 0.565551 0.003606
v 0.268586 0.568611 0.004333
v 0.264414 0.570885 0.005163
v 0.264594 0.525419 0.007000
v 0.268849 0.527693 0.007000
v 0.272577 0.530753 0.007000
v 0.275637 0.534481 0.007000
v 0.277911 0.538736 0.007000
v 0.279312 0.543352 0.007000
v 0.279784 0.548152 0.007000
v 0.279312 0.552952 0.007000
v 0.277911 0.557568 0.007000
v 0.275637 0.561822 0.007000
v 0.272577 0.565551 0.007000
v 0.268849 0.568611 0.007000
v 0.264594 0.570885 0.007000
v 0.264414 0.525419 0.008837
v 0.268586 0.527693 0.009667
v 0.272243 0.530753 0.010394
v 0.275244 0.534481 0.010991
v 0.277474 0.538736 0.011435
v 0.278848 0.543352 0.011708
v 0.279312 0.548152 0.011800
v 0.278848 0.552952 0.011708
v 0.277474 0.557568 0.011435
v 0.275244 0.561822 0.010991
v 0.272243 0.565551 0.010394
v 0.268586 0.568611 0.009667
v 0.264414 0.570885 0.008837
v 0.263878 0.525419 0.010603
v 0.267808 0.527693 0.012231
v 0.271253 0.530753 0.013658
v 0.274080 0.534481 0.014829
v 0.276181 0.538736 0.015700
v 0.277474 0.543352 0.016236
v 0.277911 0.548152 0.016416
v 0.277474 0.552952 0.016236
v 0.276181 0.557568 0.015700
v 0.274080 0.561822 0.014829
v 0.271253 0.565551 0.013658
v 0.267808 0.568611 0.012231
v 0.263878 0.570885 0.010603
v 0.263007 0.525419 0.012231
v 0.266545 0.527693 0.014595
v 0.269645 0.530753 0.016666
v 0.272189 0.534481 0.018367
v 0.274080 0.538736 0.019630
v 0.275244 0.543352 0.020408
v 0.275637 0.548152 0.020670
v 0.275244 0.552952 0.020408
v 0.274080 0.557568 0.019630
v 0.272189 0.561822 0.018367
v 0.269645 0.565551 0.016666
v 0.266545 0.568611 0.014595
v 0.263007 0.570885 0.012231
v 0.261836 0.525419 0.013658
v 0.264845 0.527693 0.016666
v 0.267481 0.530753 0.019303
v 0.269645 0.534481 0.021467
v 0.271253 0.538736 0.023075
v 0.272243 0.543352 0.024065
v 0.272577 0.548152 0.024399
v 0.272243 0.552952 0.024065
v 0.271253 0.557568 0.023075
v 0.269645 0.561822 0.021467
v 0.267481 0.565551 0.019303
v 0.264845 0.568611 0.016666
v 0.261836 0.570885 0.013658
v 0.260410 0.525419 0.014829
v 0.262773 0.527693 0.018367
v 0.264845 0.530753 0.021467
v 0.266545 0.534481 0.024011
v 0.267808 0.538736 0.025902
v 0.268586 0.543352 0.027066
v 0.268849 0.548152 0.027459
v 0.268586 0.552952 0.027066
v 0.267808 0.557568 0.025902
v 0.266545 0.561822 0.024011
v 0.264845 0.565551 0.021467
v 0.262773 0.568611 0.018367
v 0.260410 0.570885 0.014829
v 0.258782 0.525419 0.015700
v 0.260410 0.527693 0.019630
v 0.261836 0.530753 0.023075
v 0.263008 0.534481 0.025902
v 0.263878 0.538736 0.028003
v 0.264414 0.543352 0.029296
v 0.264594 0.548152 0.029733
v 0.264414 0.552952 0.029296
v 0.263878 0.557568 0.028003
v 0.263007 0.561822 0.025902
v 0.261836 0.565551 0.023075
v 0.260410 0.568611 0.019630
v 0.258782 0.570885 0.015700
v 0.257015 0.525419 0.016236
v 0.257845 0.527693 0.020408
v 0.258572 0.530753 0.024065
v 0.259169 0.534481 0.027066
v 0.259613 0.538736 0.029296
v 0.259886 0.543352 0.030670
v 0.259978 0.548152 0.031134
v 0.259886 0.552952 0.030670
v 0.259613 0.557568 0.029296
v 0.259169 0.561822 0.027066
v 0.258572 0.565551 0.024065
v 0.257845 0.568611 0.020408
v 0.257015 0.570885 0.016236
v 0.171960 0.544981 -0.044733
v 0.171780 0.549781 -0.044296
v 0.171244 0.554397 -0.043003
v 0.170373 0.558651 -0.040902
v 0.169202 0.562380 -0.038075
v 0.167776 0.565440 -0.034630
v 0.166148 0.567714 -0.030700
v 0.164381 0.569114 -0.026435
v 0.162544 0.569587 -0.022000
v 0.160707 0.569114 -0.017565
v 0.158941 0.567714 -0.013300
v 0.157313 0.565440 -0.009370
v 0.155886 0.562380 -0.005925
v 0.154715 0.558651 -0.003098
v 0.153844 0.554397 -0.000997
v 0.153309 0.549781 0.000296
v 0.153128 0.544981 0.000733
v 0.153309 0.540181 0.000296
v 0.153844 0.535565 -0.000997
v 0.154715 0.531310 -0.003098
v 0.155886 0.527582 -0.005925
v 0.157313 0.524522 -0.009370
v 0.158941 0.522248 -0.013300
v 0.160707 0.520847 -0.017565
v 0.162544 0.520375 -0.022000
v 0.164381 0.520847 -0.026435
v 0.166148 0.522248 -0.030700
v 0.167776 0.524522 -0.034630
v 0.169202 0.527582 -0.038075
v 0.170374 0.531310 -0.040902
v 0.171244 0.535565 -0.043003
v 0.171780 0.540181 -0.044296
vt 0.790481 0.744382
vt 0.785715 0.745055
vt 0.787198 0.745055
vt 0.790481 0.814570
vt 0.787198 0.813897
vt 0.785715 0.813897
vt 0.784416 0.745055
vt 0.784416 0.813897
vt 0.783349 0.745055
vt 0.783349 0.813897
vt 0.782555 0.745055
vt 0.782555 0.813897
vt 0.782068 0.745055
vt 0.782068 0.813897
vt 0.781903 0.745055
vt 0.781903 0.813897
vt 0.782068 0.745055
vt 0.782068 0.813897
vt 0.782555 0.745055
vt 0.782555 0.813897
vt 0.783349 0.745055
vt 0.783349 0.813897
vt 0.784416 0.745055
vt 0.784416 0.813897
vt 0.785715 0.745055
vt 0.785715 0.813897
vt 0.787198 0.745055
vt 0.787198 0.813897
vt 0.788807 0.745055
vt 0.788807 0.813897
vt 0.790481 0.745055
vt 0.790481 0.813897
vt 0.792156 0.745055
vt 0.792156 0.813897
vt 0.793764 0.745055
vt 0.793764 0.813897
vt 0.781133 0.747053
vt 0.784041 0.747053
vt 0.776908 0.750296
vt 0.781133 0.750296
vt 0.773205 0.754661
vt 0.778583 0.754661
vt 0.770167 0.759978
vt 0.776490 0.759978
vt 0.767910 0.766047
vt 0.774934 0.766047
vt 0.766520 0.772630
vt 0.773976 0.772630
vt 0.766050 0.779476
vt 0.773654 0.779476
vt 0.766520 0.786323
vt 0.773976 0.786323
vt 0.767910 0.792906
vt 0.774934 0.792906
vt 0.770167 0.798974
vt 0.776490 0.798974
vt 0.773205 0.804291
vt 0.778583 0.804291
vt 0.776908 0.808656
vt 0.781133 0.808656
vt 0.781133 0.811899
vt 0.784041 0.811899
vt 0.778583 0.747053
vt 0.773205 0.750296
vt 0.768495 0.754661
vt 0.764627 0.759978
vt 0.761754 0.766047
vt 0.759984 0.772630
vt 0.759388 0.779476
vt 0.759984 0.786323
vt 0.761754 0.792906
vt 0.764627 0.798974
vt 0.768495 0.804291
vt 0.773205 0.808656
vt 0.778583 0.811899
vt 0.776490 0.747053
vt 0.770167 0.750296
vt 0.764627 0.754661
vt 0.760081 0.759978
vt 0.756702 0.766047
vt 0.754621 0.772630
vt 0.753919 0.779476
vt 0.754621 0.786323
vt 0.756702 0.792906
vt 0.760081 0.798974
vt 0.764627 0.804291
vt 0.770167 0.808656
vt 0.776490 0.811899
vt 0.774934 0.747053
vt 0.767910 0.750296
vt 0.761754 0.754661
vt 0.756702 0.759978
vt 0.752947 0.766047
vt 0.750636 0.772630
vt 0.749855 0.779476
vt 0.750636 0.786323
vt 0.752947 0.792906
vt 0.756702 0.798974
vt 0.761754 0.804291
vt 0.767910 0.808656
vt 0.774934 0.811899
vt 0.773976 0.747053
vt 0.766520 0.750296
vt 0.759984 0.754661
vt 0.754621 0.759978
vt 0.750636 0.766047
vt 0.748181 0.772630
vt 0.747352 0.779476
vt 0.748181 0.786323
vt 0.750636 0.792906
vt 0.754621 0.798974
vt 0.759984 0.804291
vt 0.766520 0.808656
vt 0.773977 0.811899
vt 0.773654 0.747053
vt 0.766050 0.750296
vt 0.759388 0.754661
vt 0.753919 0.759978
vt 0.749855 0.766047
vt 0.747352 0.772630
vt 0.746508 0.779476
vt 0.747352 0.786323
vt 0.749855 0.792906
vt 0.753919 0.798974
vt 0.759388 0.804291
vt 0.766050 0.808656
vt 0.773654 0.811899
vt 0.773976 0.747053
vt 0.766520 0.750296
vt 0.759984 0.754661
vt 0.754621 0.759978
vt 0.750636 0.766047
vt 0.748181 0.772630
vt 0.747352 0.779476
vt 0.748181 0.786323
vt 0.750636 0.792906
vt 0.754621 0.798974
vt 0.759984 0.804291
vt 0.766520 0.808656
vt 0.773977 0.811899
vt 0.774934 0.747053
vt 0.767910 0.750296
vt 0.761754 0.754661
vt 0.756702 0.759978
vt 0.752947 0.766047
vt 0.750636 0.772630
vt 0.749855 0.779476
vt 0.750636 0.786323
vt 0.752947 0.792906
vt 0.756702 0.798974
vt 0.761754 0.804291
vt 0.767910 0.808656
vt 0.774934 0.811899
vt 0.776490 0.747053
vt 0.770167 0.750296
vt 0.764627 0.754661
vt 0.760081 0.759978
vt 0.756702 0.766047
vt 0.754621 0.772630
vt 0.753919 0.779476
vt 0.754621 0.786323
vt 0.756702 0.792906
vt 0.760081 0.798974
vt 0.764627 0.804291
vt 0.770167 0.808656
vt 0.776490 0.811899
vt 0.778583 0.747053
vt 0.773205 0.750296
vt 0.768495 0.754661
vt 0.764627 0.759978
vt 0.761754 0.766047
vt 0.759984 0.772630
vt 0.759388 0.779476
vt 0.759984 0.786323
vt 0.761754 0.792906
vt 0.764627 0.798974
vt 0.768495 0.804291
vt 0.773205 0.808656
vt 0.778583 0.811899
vt 0.781133 0.747053
vt 0.776908 0.750296
vt 0.773205 0.754661
vt 0.770167 0.759978
vt 0.767910 0.766047
vt 0.766520 0.772630
vt 0.766050 0.779476
vt 0.766520 0.786323
vt 0.767910 0.792906
vt 0.770167 0.798974
vt 0.773205 0.804291
vt 0.776908 0.808656
vt 0.781133 0.811899
vt 0.784041 0.747053
vt 0.781133 0.750296
vt 0.778583 0.754661
vt 0.776490 0.759978
vt 0.774934 0.766047
vt 0.773977 0.772630
vt 0.773654 0.779476
vt 0.773977 0.786323
vt 0.774934 0.792906
vt 0.776490 0.798974
vt 0.778583 0.804291
vt 0.781133 0.808656
vt 0.784041 0.811899
vt 0.787198 0.747053
vt 0.785715 0.750296
vt 0.784416 0.754661
vt 0.783349 0.759978
vt 0.782555 0.766047
vt 0.782068 0.772630
vt 0.781903 0.779476
vt 0.782068 0.786323
vt 0.782555 0.792906
vt 0.783349 0.798974
vt 0.784416 0.804291
vt 0.785715 0.808656
vt 0.787198 0.811899
vt 0.790481 0.747053
vt 0.790481 0.750296
vt 0.790481 0.754661
vt 0.790481 0.759978
vt 0.790481 0.766047
vt 0.790481 0.772630
vt 0.790481 0.779476
vt 0.790481 0.786323
vt 0.790481 0.792906
vt 0.790481 0.798974
vt 0.790481 0.804291
vt 0.790481 0.808656
vt 0.790481 0.811899
vt 0.793764 0.747053
vt 0.795247 0.750296
vt 0.796547 0.754661
vt 0.797614 0.759978
vt 0.798407 0.766047
vt 0.798895 0.772630
vt 0.799059 0.779476
vt 0.798895 0.786323
vt 0.798407 0.792906
vt 0.797614 0.798974
vt 0.796547 0.804291
vt 0.795247 0.808656
vt 0.793764 0.811899
vt 0.796922 0.747053
vt 0.799830 0.750296
vt 0.802380 0.754661
vt 0.804472 0.759978
vt 0.806029 0.766047
vt 0.806985 0.772630
vt 0.807308 0.779476
vt 0.806985 0.786323
vt 0.806029 0.792906
vt 0.804472 0.798974
vt 0.802380 0.804291
vt 0.799830 0.808656
vt 0.796922 0.811899
vt 0.956027 0.748904
vt 0.954352 0.749578
vt 0.956027 0.749578
vt 0.956027 0.819093
vt 0.956027 0.818418
vt 0.954352 0.818418
vt 0.952744 0.749578
vt 0.952744 0.818418
vt 0.960793 0.749578
vt 0.959310 0.749578
vt 0.959310 0.818418
vt 0.960793 0.818418
vt 0.962092 0.749578
vt 0.962092 0.818418
vt 0.963159 0.749578
vt 0.963159 0.818418
vt 0.963953 0.749578
vt 0.963953 0.818418
vt 0.964440 0.749578
vt 0.964440 0.818418
vt 0.964607 0.749578
vt 0.964607 0.818418
vt 0.964440 0.749578
vt 0.964440 0.818418
vt 0.963953 0.749578
vt 0.963953 0.818418
vt 0.963159 0.749578
vt 0.963159 0.818418
vt 0.962092 0.749578
vt 0.962092 0.818418
vt 0.960793 0.749578
vt 0.960793 0.818418
vt 0.959310 0.749578
vt 0.959310 0.818418
vt 0.957701 0.749578
vt 0.957701 0.818418
vt 0.952744 0.751576
vt 0.956027 0.751576
vt 0.951261 0.754819
vt 0.956027 0.754819
vt 0.949961 0.759183
vt 0.956027 0.759183
vt 0.948895 0.764500
vt 0.956027 0.764500
vt 0.948101 0.770569
vt 0.956027 0.770569
vt 0.947613 0.777153
vt 0.956027 0.777153
vt 0.947449 0.783999
vt 0.956027 0.783999
vt 0.947613 0.790845
vt 0.956027 0.790845
vt 0.948101 0.797428
vt 0.956027 0.797428
vt 0.948895 0.803495
vt 0.956027 0.803495
vt 0.949961 0.808814
vt 0.956027 0.808814
vt 0.951261 0.813178
vt 0.956027 0.813178
vt 0.952744 0.816421
vt 0.956027 0.816421
vt 0.949588 0.751576
vt 0.946679 0.754819
vt 0.944128 0.759183
vt 0.942036 0.764500
vt 0.940479 0.770569
vt 0.939523 0.777153
vt 0.939200 0.783999
vt 0.939523 0.790845
vt 0.940479 0.797428
vt 0.942036 0.803495
vt 0.944128 0.808814
vt 0.946679 0.813178
vt 0.949588 0.816421
vt 0.965377 0.751576
vt 0.962467 0.751576
vt 0.969600 0.754819
vt 0.965377 0.754819
vt 0.973303 0.759183
vt 0.967925 0.759183
vt 0.976341 0.764500
vt 0.970020 0.764500
vt 0.978598 0.770569
vt 0.971574 0.770569
vt 0.979988 0.777153
vt 0.972532 0.777153
vt 0.980458 0.783999
vt 0.972854 0.783999
vt 0.979988 0.790845
vt 0.972532 0.790845
vt 0.978598 0.797428
vt 0.971574 0.797428
vt 0.976341 0.803495
vt 0.970018 0.803495
vt 0.973303 0.808814
vt 0.967925 0.808814
vt 0.969600 0.813178
vt 0.965377 0.813178
vt 0.965377 0.816421
vt 0.962467 0.816421
vt 0.967925 0.751576
vt 0.973303 0.754819
vt 0.978013 0.759183
vt 0.981881 0.764500
vt 0.984754 0.770569
vt 0.986524 0.777153
vt 0.987120 0.783999
vt 0.986524 0.790845
vt 0.984754 0.797428
vt 0.981881 0.803495
vt 0.978013 0.808814
vt 0.973303 0.813178
vt 0.967925 0.816421
vt 0.970020 0.751576
vt 0.976341 0.754819
vt 0.981881 0.759183
vt 0.986427 0.764500
vt 0.989806 0.770569
vt 0.991887 0.777153
vt 0.992589 0.783999
vt 0.991887 0.790845
vt 0.989806 0.797428
vt 0.986427 0.803495
vt 0.981881 0.808814
vt 0.976341 0.813178
vt 0.970018 0.816421
vt 0.971574 0.751576
vt 0.978598 0.754819
vt 0.984754 0.759183
vt 0.989806 0.764500
vt 0.993561 0.770569
vt 0.995872 0.777153
vt 0.996653 0.783999
vt 0.995872 0.790845
vt 0.993561 0.797428
vt 0.989806 0.803495
vt 0.984754 0.808814
vt 0.978598 0.813178
vt 0.971574 0.816421
vt 0.972532 0.751576
vt 0.979988 0.754819
vt 0.986524 0.759183
vt 0.991887 0.764500
vt 0.995872 0.770569
vt 0.998327 0.777153
vt 0.999157 0.783999
vt 0.998327 0.790845
vt 0.995872 0.797428
vt 0.991887 0.803495
vt 0.986524 0.808814
vt 0.979988 0.813178
vt 0.972532 0.816421
vt 0.972854 0.751576
vt 0.980458 0.754819
vt 0.987120 0.759183
vt 0.992589 0.764500
vt 0.996653 0.770569
vt 0.999157 0.777153
vt 1.000000 0.783999
vt 0.999157 0.790845
vt 0.996653 0.797428
vt 0.992589 0.803495
vt 0.987120 0.808814
vt 0.980458 0.813178
vt 0.972854 0.816421
vt 0.972532 0.751576
vt 0.979988 0.754819
vt 0.986524 0.759183
vt 0.991887 0.764500
vt 0.995872 0.770569
vt 0.998327 0.777153
vt 0.999157 0.783999
vt 0.998327 0.790845
vt 0.995872 0.797428
vt 0.991887 0.803495
vt 0.986524 0.808814
vt 0.979988 0.813178
vt 0.972532 0.816421
vt 0.971574 0.751576
vt 0.978598 0.754819
vt 0.984754 0.759183
vt 0.989806 0.764500
vt 0.993561 0.770569
vt 0.995872 0.777153
vt 0.996653 0.783999
vt 0.995872 0.790845
vt 0.993561 0.797428
vt 0.989806 0.803495
vt 0.984754 0.808814
vt 0.978598 0.813178
vt 0.971574 0.816421
vt 0.970018 0.751576
vt 0.976341 0.754819
vt 0.981881 0.759183
vt 0.986427 0.764500
vt 0.989806 0.770569
vt 0.991887 0.777153
vt 0.992589 0.783999
vt 0.991887 0.790845
vt 0.989806 0.797428
vt 0.986427 0.803495
vt 0.981881 0.808814
vt 0.976341 0.813178
vt 0.970018 0.816421
vt 0.967925 0.751576
vt 0.973303 0.754819
vt 0.978013 0.759183
vt 0.981881 0.764500
vt 0.984754 0.770569
vt 0.986524 0.777153
vt 0.987120 0.783999
vt 0.986524 0.790845
vt 0.984754 0.797428
vt 0.981881 0.803495
vt 0.978013 0.808814
vt 0.973303 0.813178
vt 0.967925 0.816421
vt 0.965377 0.751576
vt 0.969600 0.754819
vt 0.973303 0.759183
vt 0.976341 0.764500
vt 0.978598 0.770569
vt 0.979988 0.777153
vt 0.980458 0.783999
vt 0.979988 0.790845
vt 0.978598 0.797428
vt 0.976341 0.803495
vt 0.973303 0.808814
vt 0.969600 0.813178
vt 0.965377 0.816421
vt 0.962467 0.751576
vt 0.965377 0.754819
vt 0.967925 0.759183
vt 0.970020 0.764500
vt 0.971574 0.770569
vt 0.972532 0.777153
vt 0.972854 0.783999
vt 0.972532 0.790845
vt 0.971574 0.797428
vt 0.970018 0.803495
vt 0.967925 0.808814
vt 0.965377 0.813178
vt 0.962467 0.816421
vt 0.959310 0.751576
vt 0.960793 0.754819
vt 0.962092 0.759183
vt 0.963159 0.764500
vt 0.963953 0.770569
vt 0.964440 0.777153
vt 0.964605 0.783999
vt 0.964440 0.790845
vt 0.963953 0.797428
vt 0.963159 0.803495
vt 0.962092 0.808814
vt 0.960793 0.813178
vt 0.959310 0.816421
vt 0.806987 0.786322
vt 0.807308 0.779476
vt 0.806029 0.792906
vt 0.804472 0.798973
vt 0.802380 0.804291
vt 0.799831 0.808656
vt 0.796922 0.811899
vt 0.793764 0.813896
vt 0.790481 0.814570
vt 0.787198 0.813896
vt 0.784042 0.811899
vt 0.781133 0.808656
vt 0.778583 0.804291
vt 0.776490 0.798973
vt 0.774934 0.792906
vt 0.773977 0.786322
vt 0.773654 0.779476
vt 0.773977 0.772630
vt 0.774934 0.766047
vt 0.776490 0.759978
vt 0.778583 0.754661
vt 0.781133 0.750296
vt 0.784042 0.747053
vt 0.787198 0.745055
vt 0.790481 0.744382
vt 0.793764 0.745055
vt 0.796922 0.747053
vt 0.799831 0.750296
vt 0.802380 0.754661
vt 0.804474 0.759978
vt 0.806029 0.766047
vt 0.806987 0.772630
vn -0.058093 -0.998021 -0.024062
vn -0.108394 -0.980787 0.162193
vn -0.092396 -0.980608 0.172832
vn -0.058093 0.998021 -0.024070
vn -0.092396 0.980610 0.172823
vn -0.108393 0.980790 0.162180
vn -0.137947 -0.980786 0.137950
vn -0.137947 0.980789 0.137927
vn -0.162174 -0.980790 0.108401
vn -0.162174 0.980790 0.108402
vn -0.180195 -0.980794 0.074652
vn -0.180208 0.980792 0.074648
vn -0.191314 -0.980794 0.037989
vn -0.191332 0.980789 0.038005
vn -0.195066 -0.980790 -0.000018
vn -0.195076 0.980788 -0.000014
vn -0.191313 -0.980792 -0.038027
vn -0.191332 0.980788 -0.038029
vn -0.180194 -0.980793 -0.074671
vn -0.180209 0.980791 -0.074662
vn -0.162174 -0.980792 -0.108380
vn -0.162175 0.980790 -0.108402
vn -0.137947 -0.980790 -0.137920
vn -0.137948 0.980789 -0.137923
vn -0.108394 -0.980789 -0.162184
vn -0.108394 0.980790 -0.162176
vn -0.074662 -0.980790 -0.180214
vn -0.074663 0.980791 -0.180209
vn -0.038057 -0.980791 -0.191315
vn -0.038057 0.980790 -0.191320
vn -0.000000 -0.980790 -0.195068
vn 0.000000 0.980790 -0.195068
vn 0.038056 -0.980790 -0.191319
vn 0.038057 0.980790 -0.191319
vn 0.056901 -0.980609 -0.187534
vn 0.056901 0.980608 -0.187537
vn -0.212642 -0.923860 0.318222
vn -0.181189 -0.923202 0.338923
vn -0.308619 -0.831500 0.461912
vn -0.262728 -0.830253 0.491583
vn -0.392790 -0.707185 0.587882
vn -0.334029 -0.705477 0.625081
vn -0.461918 -0.555615 0.691321
vn -0.392470 -0.553763 0.734380
vn -0.513285 -0.382678 0.768177
vn -0.435819 -0.381113 0.815362
vn -0.544906 -0.195107 0.815482
vn -0.462423 -0.194199 0.865131
vn -0.555583 -0.000010 0.831461
vn -0.471373 -0.000010 0.881934
vn -0.544904 0.195125 0.815479
vn -0.462423 0.194217 0.865127
vn -0.513279 0.382704 0.768168
vn -0.435815 0.381139 0.815352
vn -0.461916 0.555613 0.691323
vn -0.392469 0.553760 0.734383
vn -0.392789 0.707185 0.587883
vn -0.334027 0.705476 0.625084
vn -0.308619 0.831501 0.461909
vn -0.262728 0.830256 0.491579
vn -0.212642 0.923862 0.318217
vn -0.181189 0.923202 0.338924
vn -0.270618 -0.923868 0.270617
vn -0.392814 -0.831502 0.392814
vn -0.499974 -0.707168 0.499939
vn -0.587944 -0.555613 0.587891
vn -0.653304 -0.382673 0.653265
vn -0.693543 -0.195096 0.693495
vn -0.707139 -0.000009 0.707074
vn -0.693541 0.195115 0.693492
vn -0.653295 0.382700 0.653258
vn -0.587943 0.555613 0.587892
vn -0.499974 0.707169 0.499938
vn -0.392814 0.831502 0.392813
vn -0.270618 0.923869 0.270614
vn -0.318194 -0.923866 0.212658
vn -0.461903 -0.831496 0.308642
vn -0.587892 -0.707160 0.392822
vn -0.691314 -0.555613 0.461930
vn -0.768189 -0.382666 0.513276
vn -0.815506 -0.195079 0.544880
vn -0.831480 -0.000010 0.555554
vn -0.815503 0.195097 0.544878
vn -0.768180 0.382693 0.513270
vn -0.691313 0.555613 0.461932
vn -0.587891 0.707159 0.392823
vn -0.461903 0.831497 0.308639
vn -0.318195 0.923867 0.212655
vn -0.353571 -0.923863 0.146509
vn -0.513246 -0.831489 0.212613
vn -0.653229 -0.707165 0.270571
vn -0.768160 -0.555606 0.318171
vn -0.853563 -0.382668 0.353548
vn -0.906111 -0.195106 0.375362
vn -0.923853 -0.000010 0.382747
vn -0.906107 0.195124 0.375361
vn -0.853553 0.382695 0.353543
vn -0.768159 0.555606 0.318172
vn -0.653228 0.707165 0.270575
vn -0.513245 0.831499 0.212580
vn -0.353582 0.923867 0.146454
vn -0.375371 -0.923866 0.074625
vn -0.544874 -0.831485 0.108378
vn -0.693475 -0.707157 0.137919
vn -0.815487 -0.555593 0.162166
vn -0.906120 -0.382705 0.180231
vn -0.961922 -0.195146 0.191373
vn -0.980777 -0.000010 0.195131
vn -0.961918 0.195165 0.191373
vn -0.906109 0.382733 0.180228
vn -0.815486 0.555593 0.162167
vn -0.693474 0.707158 0.137919
vn -0.544857 0.831497 0.108367
vn -0.375370 0.923866 0.074631
vn -0.382718 -0.923865 -0.000000
vn -0.555550 -0.831483 0.000007
vn -0.707067 -0.707147 0.000004
vn -0.831455 -0.555592 -0.000001
vn -0.923857 -0.382739 -0.000001
vn -0.980772 -0.195155 -0.000000
vn -1.000000 -0.000010 -0.000000
vn -0.980769 0.195174 0.000000
vn -0.923846 0.382765 -0.000000
vn -0.831455 0.555592 -0.000001
vn -0.707066 0.707148 0.000003
vn -0.555525 0.831500 0.000000
vn -0.382701 0.923872 0.000003
vn -0.375371 -0.923866 -0.074622
vn -0.544874 -0.831486 -0.108365
vn -0.693475 -0.707157 -0.137914
vn -0.815487 -0.555592 -0.162168
vn -0.906119 -0.382706 -0.180232
vn -0.961922 -0.195147 -0.191375
vn -0.980777 -0.000010 -0.195133
vn -0.961918 0.195165 -0.191374
vn -0.906109 0.382732 -0.180229
vn -0.815487 0.555592 -0.162169
vn -0.693475 0.707157 -0.137919
vn -0.544857 0.831496 -0.108372
vn -0.375370 0.923866 -0.074629
vn -0.353571 -0.923864 -0.146498
vn -0.513246 -0.831491 -0.212604
vn -0.653229 -0.707165 -0.270571
vn -0.768160 -0.555606 -0.318172
vn -0.853563 -0.382669 -0.353547
vn -0.906111 -0.195105 -0.375362
vn -0.923853 -0.000009 -0.382747
vn -0.906107 0.195125 -0.375362
vn -0.853552 0.382696 -0.353543
vn -0.768159 0.555605 -0.318174
vn -0.653228 0.707164 -0.270577
vn -0.513244 0.831497 -0.212587
vn -0.353582 0.923866 -0.146462
vn -0.318194 -0.923867 -0.212655
vn -0.461903 -0.831497 -0.308640
vn -0.587893 -0.707160 -0.392819
vn -0.691315 -0.555612 -0.461929
vn -0.768188 -0.382668 -0.513275
vn -0.815507 -0.195079 -0.544879
vn -0.831481 -0.000009 -0.555554
vn -0.815503 0.195098 -0.544878
vn -0.768178 0.382694 -0.513271
vn -0.691314 0.555611 -0.461933
vn -0.587892 0.707160 -0.392821
vn -0.461902 0.831496 -0.308643
vn -0.318194 0.923867 -0.212657
vn -0.270618 -0.923868 -0.270618
vn -0.392812 -0.831501 -0.392815
vn -0.499974 -0.707169 -0.499939
vn -0.587947 -0.555610 -0.587891
vn -0.653303 -0.382675 -0.653265
vn -0.693543 -0.195098 -0.693495
vn -0.707140 -0.000010 -0.707074
vn -0.693540 0.195117 -0.693492
vn -0.653296 0.382701 -0.653257
vn -0.587947 0.555609 -0.587892
vn -0.499974 0.707169 -0.499939
vn -0.392813 0.831502 -0.392813
vn -0.270619 0.923869 -0.270612
vn -0.212642 -0.923860 -0.318222
vn -0.308616 -0.831500 -0.461913
vn -0.392783 -0.707185 -0.587886
vn -0.461915 -0.555612 -0.691325
vn -0.513276 -0.382666 -0.768189
vn -0.544883 -0.195110 -0.815497
vn -0.555561 -0.000010 -0.831476
vn -0.544881 0.195129 -0.815493
vn -0.513271 0.382694 -0.768179
vn -0.461916 0.555612 -0.691324
vn -0.392783 0.707185 -0.587887
vn -0.308616 0.831501 -0.461911
vn -0.212643 0.923862 -0.318216
vn -0.146483 -0.923858 -0.353596
vn -0.212591 -0.831491 -0.513252
vn -0.270541 -0.707179 -0.653227
vn -0.318148 -0.555617 -0.768161
vn -0.353540 -0.382669 -0.853566
vn -0.375308 -0.195102 -0.906134
vn -0.382652 -0.000010 -0.923893
vn -0.375306 0.195120 -0.906131
vn -0.353536 0.382696 -0.853555
vn -0.318149 0.555618 -0.768161
vn -0.270537 0.707180 -0.653227
vn -0.212586 0.831491 -0.513254
vn -0.146482 0.923859 -0.353591
vn -0.074667 -0.923859 -0.375379
vn -0.108386 -0.831491 -0.544862
vn -0.137946 -0.707178 -0.693448
vn -0.162209 -0.555614 -0.815464
vn -0.180243 -0.382674 -0.906131
vn -0.191347 -0.195105 -0.961936
vn -0.195097 -0.000010 -0.980784
vn -0.191346 0.195123 -0.961932
vn -0.180241 0.382700 -0.906120
vn -0.162210 0.555614 -0.815464
vn -0.137946 0.707181 -0.693445
vn -0.108387 0.831491 -0.544862
vn -0.074668 0.923858 -0.375382
vn 0.000003 -0.923858 -0.382735
vn 0.000005 -0.831492 -0.555536
vn 0.000002 -0.707179 -0.707035
vn -0.000000 -0.555607 -0.831445
vn -0.000000 -0.382674 -0.923884
vn -0.000000 -0.195110 -0.980781
vn -0.000000 -0.000009 -1.000000
vn -0.000000 0.195129 -0.980778
vn -0.000000 0.382700 -0.923873
vn -0.000000 0.555607 -0.831445
vn -0.000000 0.707182 -0.707032
vn -0.000000 0.831494 -0.555533
vn -0.000000 0.923857 -0.382737
vn 0.074667 -0.923857 -0.375384
vn 0.108386 -0.831490 -0.544864
vn 0.137945 -0.707179 -0.693447
vn 0.162210 -0.555612 -0.815465
vn 0.180242 -0.382672 -0.906132
vn 0.191347 -0.195105 -0.961936
vn 0.195097 -0.000010 -0.980784
vn 0.191345 0.195123 -0.961932
vn 0.180240 0.382699 -0.906121
vn 0.162210 0.555614 -0.815464
vn 0.137946 0.707181 -0.693445
vn 0.108386 0.831492 -0.544861
vn 0.074667 0.923857 -0.375384
vn 0.111565 -0.923200 -0.367771
vn 0.161813 -0.830245 -0.533395
vn 0.205752 -0.705469 -0.678218
vn 0.241712 -0.553765 -0.796818
vn 0.268371 -0.381098 -0.884726
vn 0.284763 -0.194197 -0.938721
vn 0.290293 -0.000010 -0.956938
vn 0.284760 0.194213 -0.938719
vn 0.268369 0.381125 -0.884716
vn 0.241713 0.553767 -0.796817
vn 0.205752 0.705470 -0.678217
vn 0.161813 0.830246 -0.533393
vn 0.111565 0.923199 -0.367771
vn 0.055010 -0.998226 0.022783
vn -0.038070 -0.980790 0.191316
vn 0.000000 -0.980789 0.195069
vn 0.048419 0.998626 0.020066
vn 0.000000 0.980789 0.195071
vn -0.038071 0.980788 0.191324
vn -0.042839 -0.980212 0.193258
vn -0.072587 0.980782 0.181102
vn 0.108392 -0.980790 -0.162180
vn 0.090302 -0.980646 -0.173718
vn 0.060598 0.980679 -0.186000
vn 0.108394 0.980791 -0.162173
vn 0.137940 -0.980789 -0.137931
vn 0.137960 0.980790 -0.137908
vn 0.162164 -0.980793 -0.108392
vn 0.162179 0.980788 -0.108411
vn 0.180200 -0.980793 -0.074652
vn 0.180198 0.980792 -0.074672
vn 0.191313 -0.980790 -0.038080
vn 0.191316 0.980791 -0.038040
vn 0.195066 -0.980790 -0.000003
vn 0.195070 0.980789 0.000004
vn 0.191313 -0.980790 0.038093
vn 0.191317 0.980790 0.038062
vn 0.180195 -0.980790 0.074702
vn 0.180199 0.980790 0.074691
vn 0.162175 -0.980788 0.108413
vn 0.162179 0.980786 0.108427
vn 0.137958 -0.980789 0.137912
vn 0.137961 0.980788 0.137918
vn 0.108391 -0.980791 0.162174
vn 0.108393 0.980792 0.162165
vn 0.074649 -0.980791 0.180214
vn 0.074651 0.980793 0.180204
vn 0.038062 -0.980791 0.191311
vn 0.038063 0.980791 0.191312
vn -0.074683 -0.923859 0.375375
vn 0.000000 -0.923858 0.382735
vn -0.108393 -0.831492 0.544859
vn -0.000000 -0.831492 0.555537
vn -0.137946 -0.707180 0.693446
vn -0.000000 -0.707182 0.707032
vn -0.162209 -0.555617 0.815462
vn -0.000000 -0.555613 0.831441
vn -0.180241 -0.382669 0.906133
vn 0.000000 -0.382671 0.923885
vn -0.191346 -0.195102 0.961937
vn 0.000000 -0.195108 0.980782
vn -0.195098 0.000000 0.980784
vn 0.000000 0.000001 1.000000
vn -0.191346 0.195103 0.961936
vn 0.000000 0.195110 0.980781
vn -0.180238 0.382717 0.906114
vn 0.000000 0.382720 0.923864
vn -0.162211 0.555604 0.815470
vn 0.000000 0.555598 0.831451
vn -0.137955 0.707133 0.693492
vn -0.000002 0.707131 0.707083
vn -0.108394 0.831492 0.544859
vn -0.000005 0.831491 0.555538
vn -0.074666 0.923898 0.375284
vn -0.000003 0.923897 0.382641
vn -0.099121 -0.922656 0.372667
vn -0.151440 -0.829694 0.537283
vn -0.197858 -0.705029 0.681019
vn -0.236643 -0.553514 0.798513
vn -0.266355 -0.381005 0.885376
vn -0.285887 -0.194197 0.938379
vn -0.294531 0.000014 0.955642
vn -0.291946 0.194336 0.936483
vn -0.278201 0.381483 0.881519
vn -0.253784 0.554296 0.792685
vn -0.219575 0.706066 0.673244
vn -0.176831 0.830867 0.527627
vn -0.127191 0.923692 0.361409
vn 0.212658 -0.923862 -0.318208
vn 0.162021 -0.923724 -0.347106
vn 0.308652 -0.831489 -0.461908
vn 0.227446 -0.831368 -0.507045
vn 0.392809 -0.707184 -0.587871
vn 0.284122 -0.707102 -0.647520
vn 0.461937 -0.555614 -0.691308
vn 0.329944 -0.555577 -0.763197
vn 0.513297 -0.382667 -0.768174
vn 0.363103 -0.382652 -0.849549
vn 0.544905 -0.195106 -0.815483
vn 0.382275 -0.195102 -0.903217
vn 0.555582 0.000001 -0.831462
vn 0.386765 -0.000013 -0.922178
vn 0.544904 0.195109 -0.815483
vn 0.376419 0.195082 -0.905678
vn 0.513274 0.382725 -0.768161
vn 0.351582 0.382721 -0.854350
vn 0.461921 0.555603 -0.691328
vn 0.313205 0.555591 -0.770209
vn 0.392827 0.707131 -0.587922
vn 0.262814 0.707091 -0.656468
vn 0.308652 0.831489 -0.461909
vn 0.202330 0.831433 -0.517476
vn 0.212608 0.923901 -0.318127
vn 0.134034 0.923819 -0.358600
vn 0.270621 -0.923862 -0.270636
vn 0.392825 -0.831486 -0.392836
vn 0.499975 -0.707166 -0.499941
vn 0.587944 -0.555615 -0.587889
vn 0.653304 -0.382673 -0.653265
vn 0.693544 -0.195095 -0.693494
vn 0.707140 0.000000 -0.707073
vn 0.693543 0.195096 -0.693495
vn 0.653289 0.382719 -0.653253
vn 0.587951 0.555600 -0.587897
vn 0.500008 0.707120 -0.499973
vn 0.392832 0.831493 -0.392814
vn 0.270580 0.923905 -0.270530
vn 0.318199 -0.923866 -0.212651
vn 0.461920 -0.831484 -0.308649
vn 0.587893 -0.707158 -0.392823
vn 0.691311 -0.555616 -0.461929
vn 0.768189 -0.382665 -0.513277
vn 0.815507 -0.195077 -0.544880
vn 0.831481 0.000000 -0.555553
vn 0.815507 0.195077 -0.544879
vn 0.768173 0.382709 -0.513268
vn 0.691320 0.555601 -0.461936
vn 0.587932 0.707111 -0.392848
vn 0.461906 0.831494 -0.308643
vn 0.318118 0.923907 -0.212597
vn 0.353596 -0.923860 -0.146464
vn 0.513269 -0.831481 -0.212588
vn 0.653230 -0.707165 -0.270571
vn 0.768156 -0.555610 -0.318172
vn 0.853563 -0.382666 -0.353549
vn 0.906110 -0.195104 -0.375365
vn 0.923852 0.000001 -0.382749
vn 0.906111 0.195104 -0.375362
vn 0.853547 0.382711 -0.353540
vn 0.768165 0.555597 -0.318175
vn 0.653273 0.707118 -0.270589
vn 0.513249 0.831489 -0.212607
vn 0.353484 0.923903 -0.146466
vn 0.375375 -0.923862 -0.074650
vn 0.544878 -0.831483 -0.108366
vn 0.693475 -0.707158 -0.137915
vn 0.815484 -0.555597 -0.162166
vn 0.906121 -0.382704 -0.180231
vn 0.961922 -0.195146 -0.191376
vn 0.980776 0.000000 -0.195135
vn 0.961922 0.195145 -0.191376
vn 0.906103 0.382748 -0.180227
vn 0.815493 0.555583 -0.162168
vn 0.693521 0.707111 -0.137923
vn 0.544877 0.831483 -0.108373
vn 0.375283 0.923900 -0.074640
vn 0.382728 -0.923861 -0.000004
vn 0.555553 -0.831481 -0.000002
vn 0.707066 -0.707147 0.000000
vn 0.831452 -0.555597 0.000000
vn 0.923857 -0.382739 0.000001
vn 0.980772 -0.195157 0.000000
vn 1.000000 0.000000 -0.000000
vn 0.980772 0.195155 -0.000001
vn 0.923839 0.382781 0.000000
vn 0.831463 0.555581 0.000001
vn 0.707114 0.707099 -0.000001
vn 0.555554 0.831480 -0.000001
vn 0.382635 0.923900 -0.000002
vn 0.375375 -0.923862 0.074653
vn 0.544878 -0.831483 0.108368
vn 0.693475 -0.707157 0.137915
vn 0.815484 -0.555598 0.162164
vn 0.906120 -0.382705 0.180230
vn 0.961922 -0.195148 0.191375
vn 0.980777 0.000001 0.195134
vn 0.961922 0.195148 0.191374
vn 0.906102 0.382749 0.180228
vn 0.815494 0.555582 0.162168
vn 0.693522 0.707110 0.137922
vn 0.544877 0.831483 0.108374
vn 0.375283 0.923900 0.074636
vn 0.353571 -0.923862 0.146516
vn 0.513250 -0.831487 0.212614
vn 0.653230 -0.707164 0.270574
vn 0.768157 -0.555610 0.318171
vn 0.853563 -0.382667 0.353547
vn 0.906111 -0.195105 0.375363
vn 0.923852 0.000001 0.382749
vn 0.906111 0.195106 0.375362
vn 0.853546 0.382712 0.353541
vn 0.768165 0.555594 0.318178
vn 0.653272 0.707117 0.270594
vn 0.513249 0.831488 0.212612
vn 0.353485 0.923903 0.146461
vn 0.318194 -0.923866 0.212660
vn 0.461905 -0.831493 0.308645
vn 0.587894 -0.707158 0.392821
vn 0.691313 -0.555615 0.461929
vn 0.768187 -0.382666 0.513279
vn 0.815506 -0.195077 0.544881
vn 0.831480 -0.000000 0.555554
vn 0.815506 0.195077 0.544881
vn 0.768172 0.382710 0.513269
vn 0.691320 0.555600 0.461937
vn 0.587932 0.707111 0.392848
vn 0.461907 0.831495 0.308639
vn 0.318119 0.923907 0.212596
vn 0.270646 -0.923866 0.270596
vn 0.392832 -0.831495 0.392810
vn 0.499976 -0.707168 0.499938
vn 0.587946 -0.555612 0.587890
vn 0.653304 -0.382673 0.653266
vn 0.693543 -0.195095 0.693496
vn 0.707139 0.000000 0.707074
vn 0.693542 0.195096 0.693496
vn 0.653290 0.382718 0.653252
vn 0.587953 0.555599 0.587895
vn 0.500010 0.707123 0.499967
vn 0.392834 0.831495 0.392807
vn 0.270581 0.923904 0.270532
vn 0.212658 -0.923863 0.318205
vn 0.308649 -0.831491 0.461908
vn 0.392805 -0.707186 0.587871
vn 0.461936 -0.555612 0.691310
vn 0.513299 -0.382666 0.768173
vn 0.544906 -0.195108 0.815482
vn 0.555581 0.000001 0.831462
vn 0.544904 0.195109 0.815483
vn 0.513276 0.382724 0.768160
vn 0.461920 0.555601 0.691330
vn 0.392823 0.707133 0.587923
vn 0.308649 0.831490 0.461909
vn 0.212606 0.923901 0.318127
vn 0.146462 -0.923860 0.353599
vn 0.212592 -0.831484 0.513264
vn 0.270548 -0.707182 0.653221
vn 0.318157 -0.555620 0.768155
vn 0.353550 -0.382671 0.853561
vn 0.375317 -0.195101 0.906131
vn 0.382660 0.000001 0.923889
vn 0.375316 0.195101 0.906131
vn 0.353535 0.382732 0.853539
vn 0.318152 0.555605 0.768168
vn 0.270566 0.707123 0.653277
vn 0.212592 0.831486 0.513259
vn 0.146426 0.923900 0.353507
vn 0.074661 -0.923859 0.375381
vn 0.108372 -0.831487 0.544871
vn 0.137931 -0.707180 0.693449
vn 0.162195 -0.555618 0.815464
vn 0.180228 -0.382672 0.906135
vn 0.191332 -0.195102 0.961939
vn 0.195083 0.000001 0.980787
vn 0.191332 0.195103 0.961939
vn 0.180231 0.382724 0.906112
vn 0.162212 0.555603 0.815471
vn 0.137949 0.707128 0.693499
vn 0.108372 0.831488 0.544869
vn 0.074643 0.923899 0.375285
vn 0.287013 0.194200 -0.938035
vn 0.298763 -0.000027 -0.954327
vn 0.264326 0.380986 -0.885992
vn 0.231572 0.553226 -0.800198
vn 0.189965 0.704478 -0.683830
vn 0.141029 0.829027 -0.541133
vn 0.086594 0.921984 -0.377420
vn 0.028750 0.979589 -0.198946
vn -0.030295 0.999463 -0.012516
vn -0.088234 0.980677 0.174609
vn -0.142779 0.923880 0.355050
vn -0.191790 0.831270 0.521734
vn -0.233337 0.706555 0.668083
vn -0.265813 0.554744 0.788418
vn -0.288008 0.381784 0.878233
vn -0.299115 0.194468 0.934191
vn -0.298763 0.000029 0.954327
vn -0.287013 -0.194201 0.938035
vn -0.264338 -0.380913 0.886020
vn -0.231568 -0.553243 0.800187
vn -0.189944 -0.704539 0.683773
vn -0.141024 -0.829037 0.541119
vn -0.086626 -0.921944 0.377511
vn -0.028751 -0.979588 0.198947
vn 0.030294 -0.999463 0.012515
vn 0.088229 -0.980679 -0.174598
vn 0.142803 -0.923843 -0.355136
vn 0.191795 -0.831257 -0.521753
vn 0.233324 -0.706605 -0.668034
vn 0.265811 -0.554754 -0.788412
vn 0.288013 -0.381739 -0.878250
vn 0.299116 -0.194468 -0.934191
s 1
g lForeArm
usemtl default
f 3244/3244/3244 3248/3245/3245 3246/3246/3246
f 3245/3247/3247 3247/3248/3248 3249/3249/3249
f 3244/3244/3244 3250/3250/3250 3248/3245/3245
f 3245/3247/3247 3249/3249/3249 3251/3251/3251
f 3244/3244/3244 3252/3252/3252 3250/3250/3250
f 3245/3247/3247 3251/3251/3251 3253/3253/3253
f 3244/3244/3244 3254/3254/3254 3252/3252/3252
f 3245/3247/3247 3253/3253/3253 3255/3255/3255
f 3244/3244/3244 3256/3256/3256 3254/3254/3254
f 3245/3247/3247 3255/3255/3255 3257/3257/3257
f 3244/3244/3244 3258/3258/3258 3256/3256/3256
f 3245/3247/3247 3257/3257/3257 3259/3259/3259
f 3244/3244/3244 3260/3260/3260 3258/3258/3258
f 3245/3247/3247 3259/3259/3259 3261/3261/3261
f 3244/3244/3244 3262/3262/3262 3260/3260/3260
f 3245/3247/3247 3261/3261/3261 3263/3263/3263
f 3244/3244/3244 3264/3264/3264 3262/3262/3262
f 3245/3247/3247 3263/3263/3263 3265/3265/3265
f 3244/3244/3244 3266/3266/3266 3264/3264/3264
f 3245/3247/3247 3265/3265/3265 3267/3267/3267
f 3244/3244/3244 3268/3268/3268 3266/3266/3266
f 3245/3247/3247 3267/3267/3267 3269/3269/3269
f 3244/3244/3244 3270/3270/3270 3268/3268/3268
f 3245/3247/3247 3269/3269/3269 3271/3271/3271
f 3244/3244/3244 3272/3272/3272 3270/3270/3270
f 3245/3247/3247 3271/3271/3271 3273/3273/3273
f 3244/3244/3244 3274/3274/3274 3272/3272/3272
f 3245/3247/3247 3273/3273/3273 3275/3275/3275
f 3244/3244/3244 3276/3276/3276 3274/3274/3274
f 3245/3247/3247 3275/3275/3275 3277/3277/3277
f 3244/3244/3244 3278/3278/3278 3276/3276/3276
f 3245/3247/3247 3277/3277/3277 3279/3279/3279
f 3246/3246/3246 3248/3245/3245 3293/3280/3280 3280/3281/3281
f 3280/3281/3281 3293/3280/3280 3294/3282/3282 3281/3283/3283
f 3281/3283/3283 3294/3282/3282 3295/3284/3284 3282/3285/3285
f 3282/3285/3285 3295/3284/3284 3296/3286/3286 3283/3287/3287
f 3283/3287/3287 3296/3286/3286 3297/3288/3288 3284/3289/3289
f 3284/3289/3289 3297/3288/3288 3298/3290/3290 3285/3291/3291
f 3285/3291/3291 3298/3290/3290 3299/3292/3292 3286/3293/3293
f 3286/3293/3293 3299/3292/3292 3300/3294/3294 3287/3295/3295
f 3287/3295/3295 3300/3294/3294 3301/3296/3296 3288/3297/3297
f 3288/3297/3297 3301/3296/3296 3302/3298/3298 3289/3299/3299
f 3289/3299/3299 3302/3298/3298 3303/3300/3300 3290/3301/3301
f 3290/3301/3301 3303/3300/3300 3304/3302/3302 3291/3303/3303
f 3291/3303/3303 3304/3302/3302 3305/3304/3304 3292/3305/3305
f 3292/3305/3305 3305/3304/3304 3249/3249/3249 3247/3248/3248
f 3248/3245/3245 3250/3250/3250 3306/3306/3306 3293/3280/3280
f 3293/3280/3280 3306/3306/3306 3307/3307/3307 3294/3282/3282
f 3294/3282/3282 3307/3307/3307 3308/3308/3308 3295/3284/3284
f 3295/3284/3284 3308/3308/3308 3309/3309/3309 3296/3286/3286
f 3296/3286/3286 3309/3309/3309 3310/3310/3310 3297/3288/3288
f 3297/3288/3288 3310/3310/3310 3311/3311/3311 3298/3290/3290
f 3298/3290/3290 3311/3311/3311 3312/3312/3312 3299/3292/3292
f 3299/3292/3292 3312/3312/3312 3313/3313/3313 3300/3294/3294
f 3300/3294/3294 3313/3313/3313 3314/3314/3314 3301/3296/3296
f 3301/3296/3296 3314/3314/3314 3315/3315/3315 3302/3298/3298
f 3302/3298/3298 3315/3315/3315 3316/3316/3316 3303/3300/3300
f 3303/3300/3300 3316/3316/3316 3317/3317/3317 3304/3302/3302
f 3304/3302/3302 3317/3317/3317 3318/3318/3318 3305/3304/3304
f 3305/3304/3304 3318/3318/3318 3251/3251/3251 3249/3249/3249
f 3250/3250/3250 3252/3252/3252 3319/3319/3319 3306/3306/3306
f 3306/3306/3306 3319/3319/3319 3320/3320/3320 3307/3307/3307
f 3307/3307/3307 3320/3320/3320 3321/3321/3321 3308/3308/3308
f 3308/3308/3308 3321/3321/3321 3322/3322/3322 3309/3309/3309
f 3309/3309/3309 3322/3322/3322 3323/3323/3323 3310/3310/3310
f 3310/3310/3310 3323/3323/3323 3324/3324/3324 3311/3311/3311
f 3311/3311/3311 3324/3324/3324 3325/3325/3325 3312/3312/3312
f 3312/3312/3312 3325/3325/3325 3326/3326/3326 3313/3313/3313
f 3313/3313/3313 3326/3326/3326 3327/3327/3327 3314/3314/3314
f 3314/3314/3314 3327/3327/3327 3328/3328/3328 3315/3315/3315
f 3315/3315/3315 3328/3328/3328 3329/3329/3329 3316/3316/3316
f 3316/3316/3316 3329/3329/3329 3330/3330/3330 3317/3317/3317
f 3317/3317/3317 3330/3330/3330 3331/3331/3331 3318/3318/3318
f 3318/3318/3318 3331/3331/3331 3253/3253/3253 3251/3251/3251
f 3252/3252/3252 3254/3254/3254 3332/3332/3332 3319/3319/3319
f 3319/3319/3319 3332/3332/3332 3333/3333/3333 3320/3320/3320
f 3320/3320/3320 3333/3333/3333 3334/3334/3334 3321/3321/3321
f 3321/3321/3321 3334/3334/3334 3335/3335/3335 3322/3322/3322
f 3322/3322/3322 3335/3335/3335 3336/3336/3336 3323/3323/3323
f 3323/3323/3323 3336/3336/3336 3337/3337/3337 3324/3324/3324
f 3324/3324/3324 3337/3337/3337 3338/3338/3338 3325/3325/3325
f 3325/3325/3325 3338/3338/3338 3339/3339/3339 3326/3326/3326
f 3326/3326/3326 3339/3339/3339 3340/3340/3340 3327/3327/3327
f 3327/3327/3327 3340/3340/3340 3341/3341/3341 3328/3328/3328
f 3328/3328/3328 3341/3341/3341 3342/3342/3342 3329/3329/3329
f 3329/3329/3329 3342/3342/3342 3343/3343/3343 3330/3330/3330
f 3330/3330/3330 3343/3343/3343 3344/3344/3344 3331/3331/3331
f 3331/3331/3331 3344/3344/3344 3255/3255/3255 3253/3253/3253
f 3254/3254/3254 3256/3256/3256 3345/3345/3345 3332/3332/3332
f 3332/3332/3332 3345/3345/3345 3346/3346/3346 3333/3333/3333
f 3333/3333/3333 3346/3346/3346 3347/3347/3347 3334/3334/3334
f 3334/3334/3334 3347/3347/3347 3348/3348/3348 3335/3335/3335
f 3335/3335/3335 3348/3348/3348 3349/3349/3349 3336/3336/3336
f 3336/3336/3336 3349/3349/3349 3350/3350/3350 3337/3337/3337
f 3337/3337/3337 3350/3350/3350 3351/3351/3351 3338/3338/3338
f 3338/3338/3338 3351/3351/3351 3352/3352/3352 3339/3339/3339
f 3339/3339/3339 3352/3352/3352 3353/3353/3353 3340/3340/3340
f 3340/3340/3340 3353/3353/3353 3354/3354/3354 3341/3341/3341
f 3341/3341/3341 3354/3354/3354 3355/3355/3355 3342/3342/3342
f 3342/3342/3342 3355/3355/3355 3356/3356/3356 3343/3343/3343
f 3343/3343/3343 3356/3356/3356 3357/3357/3357 3344/3344/3344
f 3344/3344/3344 3357/3357/3357 3257/3257/3257 3255/3255/3255
f 3256/3256/3256 3258/3258/3258 3358/3358/3358 3345/3345/3345
f 3345/3345/3345 3358/3358/3358 3359/3359/3359 3346/3346/3346
f 3346/3346/3346 3359/3359/3359 3360/3360/3360 3347/3347/3347
f 3347/3347/3347 3360/3360/3360 3361/3361/3361 3348/3348/3348
f 3348/3348/3348 3361/3361/3361 3362/3362/3362 3349/3349/3349
f 3349/3349/3349 3362/3362/3362 3363/3363/3363 3350/3350/3350
f 3350/3350/3350 3363/3363/3363 3364/3364/3364 3351/3351/3351
f 3351/3351/3351 3364/3364/3364 3365/3365/3365 3352/3352/3352
f 3352/3352/3352 3365/3365/3365 3366/3366/3366 3353/3353/3353
f 3353/3353/3353 3366/3366/3366 3367/3367/3367 3354/3354/3354
f 3354/3354/3354 3367/3367/3367 3368/3368/3368 3355/3355/3355
f 3355/3355/3355 3368/3368/3368 3369/3369/3369 3356/3356/3356
f 3356/3356/3356 3369/3369/3369 3370/3370/3370 3357/3357/3357
f 3357/3357/3357 3370/3370/3370 3259/3259/3259 3257/3257/3257
f 3258/3258/3258 3260/3260/3260 3371/3371/3371 3358/3358/3358
f 3358/3358/3358 3371/3371/3371 3372/3372/3372 3359/3359/3359
f 3359/3359/3359 3372/3372/3372 3373/3373/3373 3360/3360/3360
f 3360/3360/3360 3373/3373/3373 3374/3374/3374 3361/3361/3361
f 3361/3361/3361 3374/3374/3374 3375/3375/3375 3362/3362/3362
f 3362/3362/3362 3375/3375/3375 3376/3376/3376 3363/3363/3363
f 3363/3363/3363 3376/3376/3376 3377/3377/3377 3364/3364/3364
f 3364/3364/3364 3377/3377/3377 3378/3378/3378 3365/3365/3365
f 3365/3365/3365 3378/3378/3378 3379/3379/3379 3366/3366/3366
f 3366/3366/3366 3379/3379/3379 3380/3380/3380 3367/3367/3367
f 3367/3367/3367 3380/3380/3380 3381/3381/3381 3368/3368/3368
f 3368/3368/3368 3381/3381/3381 3382/3382/3382 3369/3369/3369
f 3369/3369/3369 3382/3382/3382 3383/3383/3383 3370/3370/3370
f 3370/3370/3370 3383/3383/3383 3261/3261/3261 3259/3259/3259
f 3260/3260/3260 3262/3262/3262 3384/3384/3384 3371/3371/3371
f 3371/3371/3371 3384/3384/3384 3385/3385/3385 3372/3372/3372
f 3372/3372/3372 3385/3385/3385 3386/3386/3386 3373/3373/3373
f 3373/3373/3373 3386/3386/3386 3387/3387/3387 3374/3374/3374
f 3374/3374/3374 3387/3387/3387 3388/3388/3388 3375/3375/3375
f 3375/3375/3375 3388/3388/3388 3389/3389/3389 3376/3376/3376
f 3376/3376/3376 3389/3389/3389 3390/3390/3390 3377/3377/3377
f 3377/3377/3377 3390/3390/3390 3391/3391/3391 3378/3378/3378
f 3378/3378/3378 3391/3391/3391 3392/3392/3392 3379/3379/3379
f 3379/3379/3379 3392/3392/3392 3393/3393/3393 3380/3380/3380
f 3380/3380/3380 3393/3393/3393 3394/3394/3394 3381/3381/3381
f 3381/3381/3381 3394/3394/3394 3395/3395/3395 3382/3382/3382
f 3382/3382/3382 3395/3395/3395 3396/3396/3396 3383/3383/3383
f 3383/3383/3383 3396/3396/3396 3263/3263/3263 3261/3261/3261
f 3262/3262/3262 3264/3264/3264 3397/3397/3397 3384/3384/3384
f 3384/3384/3384 3397/3397/3397 3398/3398/3398 3385/3385/3385
f 3385/3385/3385 3398/3398/3398 3399/3399/3399 3386/3386/3386
f 3386/3386/3386 3399/3399/3399 3400/3400/3400 3387/3387/3387
f 3387/3387/3387 3400/3400/3400 3401/3401/3401 3388/3388/3388
f 3388/3388/3388 3401/3401/3401 3402/3402/3402 3389/3389/3389
f 3389/3389/3389 3402/3402/3402 3403/3403/3403 3390/3390/3390
f 3390/3390/3390 3403/3403/3403 3404/3404/3404 3391/3391/3391
f 3391/3391/3391 3404/3404/3404 3405/3405/3405 3392/3392/3392
f 3392/3392/3392 3405/3405/3405 3406/3406/3406 3393/3393/3393
f 3393/3393/3393 3406/3406/3406 3407/3407/3407 3394/3394/3394
f 3394/3394/3394 3407/3407/3407 3408/3408/3408 3395/3395/3395
f 3395/3395/3395 3408/3408/3408 3409/3409/3409 3396/3396/3396
f 3396/3396/3396 3409/3409/3409 3265/3265/3265 3263/3263/3263
f 3264/3264/3264 3266/3266/3266 3410/3410/3410 3397/3397/3397
f 3397/3397/3397 3410/3410/3410 3411/3411/3411 3398/3398/3398
f 3398/3398/3398 3411/3411/3411 3412/3412/3412 3399/3399/3399
f 3399/3399/3399 3412/3412/3412 3413/3413/3413 3400/3400/3400
f 3400/3400/3400 3413/3413/3413 3414/3414/3414 3401/3401/3401
f 3401/3401/3401 3414/3414/3414 3415/3415/3415 3402/3402/3402
f 3402/3402/3402 3415/3415/3415 3416/3416/3416 3403/3403/3403
f 3403/3403/3403 3416/3416/3416 3417/3417/3417 3404/3404/3404
f 3404/3404/3404 3417/3417/3417 3418/3418/3418 3405/3405/3405
f 3405/3405/3405 3418/3418/3418 3419/3419/3419 3406/3406/3406
f 3406/3406/3406 3419/3419/3419 3420/3420/3420 3407/3407/3407
f 3407/3407/3407 3420/3420/3420 3421/3421/3421 3408/3408/3408
f 3408/3408/3408 3421/3421/3421 3422/3422/3422 3409/3409/3409
f 3409/3409/3409 3422/3422/3422 3267/3267/3267 3265/3265/3265
f 3266/3266/3266 3268/3268/3268 3423/3423/3423 3410/3410/3410
f 3410/3410/3410 3423/3423/3423 3424/3424/3424 3411/3411/3411
f 3411/3411/3411 3424/3424/3424 3425/3425/3425 3412/3412/3412
f 3412/3412/3412 3425/3425/3425 3426/3426/3426 3413/3413/3413
f 3413/3413/3413 3426/3426/3426 3427/3427/3427 3414/3414/3414
f 3414/3414/3414 3427/3427/3427 3428/3428/3428 3415/3415/3415
f 3415/3415/3415 3428/3428/3428 3429/3429/3429 3416/3416/3416
f 3416/3416/3416 3429/3429/3429 3430/3430/3430 3417/3417/3417
f 3417/3417/3417 3430/3430/3430 3431/3431/3431 3418/3418/3418
f 3418/3418/3418 3431/3431/3431 3432/3432/3432 3419/3419/3419
f 3419/3419/3419 3432/3432/3432 3433/3433/3433 3420/3420/3420
f 3420/3420/3420 3433/3433/3433 3434/3434/3434 3421/3421/3421
f 3421/3421/3421 3434/3434/3434 3435/3435/3435 3422/3422/3422
f 3422/3422/3422 3435/3435/3435 3269/3269/3269 3267/3267/3267
f 3268/3268/3268 3270/3270/3270 3436/3436/3436 3423/3423/3423
f 3423/3423/3423 3436/3436/3436 3437/3437/3437 3424/3424/3424
f 3424/3424/3424 3437/3437/3437 3438/3438/3438 3425/3425/3425
f 3425/3425/3425 3438/3438/3438 3439/3439/3439 3426/3426/3426
f 3426/3426/3426 3439/3439/3439 3440/3440/3440 3427/3427/3427
f 3427/3427/3427 3440/3440/3440 3441/3441/3441 3428/3428/3428
f 3428/3428/3428 3441/3441/3441 3442/3442/3442 3429/3429/3429
f 3429/3429/3429 3442/3442/3442 3443/3443/3443 3430/3430/3430
f 3430/3430/3430 3443/3443/3443 3444/3444/3444 3431/3431/3431
f 3431/3431/3431 3444/3444/3444 3445/3445/3445 3432/3432/3432
f 3432/3432/3432 3445/3445/3445 3446/3446/3446 3433/3433/3433
f 3433/3433/3433 3446/3446/3446 3447/3447/3447 3434/3434/3434
f 3434/3434/3434 3447/3447/3447 3448/3448/3448 3435/3435/3435
f 3435/3435/3435 3448/3448/3448 3271/3271/3271 3269/3269/3269
f 3270/3270/3270 3272/3272/3272 3449/3449/3449 3436/3436/3436
f 3436/3436/3436 3449/3449/3449 3450/3450/3450 3437/3437/3437
f 3437/3437/3437 3450/3450/3450 3451/3451/3451 3438/3438/3438
f 3438/3438/3438 3451/3451/3451 3452/3452/3452 3439/3439/3439
f 3439/3439/3439 3452/3452/3452 3453/3453/3453 3440/3440/3440
f 3440/3440/3440 3453/3453/3453 3454/3454/3454 3441/3441/3441
f 3441/3441/3441 3454/3454/3454 3455/3455/3455 3442/3442/3442
f 3442/3442/3442 3455/3455/3455 3456/3456/3456 3443/3443/3443
f 3443/3443/3443 3456/3456/3456 3457/3457/3457 3444/3444/3444
f 3444/3444/3444 3457/3457/3457 3458/3458/3458 3445/3445/3445
f 3445/3445/3445 3458/3458/3458 3459/3459/3459 3446/3446/3446
f 3446/3446/3446 3459/3459/3459 3460/3460/3460 3447/3447/3447
f 3447/3447/3447 3460/3460/3460 3461/3461/3461 3448/3448/3448
f 3448/3448/3448 3461/3461/3461 3273/3273/3273 3271/3271/3271
f 3272/3272/3272 3274/3274/3274 3462/3462/3462 3449/3449/3449
f 3449/3449/3449 3462/3462/3462 3463/3463/3463 3450/3450/3450
f 3450/3450/3450 3463/3463/3463 3464/3464/3464 3451/3451/3451
f 3451/3451/3451 3464/3464/3464 3465/3465/3465 3452/3452/3452
f 3452/3452/3452 3465/3465/3465 3466/3466/3466 3453/3453/3453
f 3453/3453/3453 3466/3466/3466 3467/3467/3467 3454/3454/3454
f 3454/3454/3454 3467/3467/3467 3468/3468/3468 3455/3455/3455
f 3455/3455/3455 3468/3468/3468 3469/3469/3469 3456/3456/3456
f 3456/3456/3456 3469/3469/3469 3470/3470/3470 3457/3457/3457
f 3457/3457/3457 3470/3470/3470 3471/3471/3471 3458/3458/3458
f 3458/3458/3458 3471/3471/3471 3472/3472/3472 3459/3459/3459
f 3459/3459/3459 3472/3472/3472 3473/3473/3473 3460/3460/3460
f 3460/3460/3460 3473/3473/3473 3474/3474/3474 3461/3461/3461
f 3461/3461/3461 3474/3474/3474 3275/3275/3275 3273/3273/3273
f 3274/3274/3274 3276/3276/3276 3475/3475/3475 3462/3462/3462
f 3462/3462/3462 3475/3475/3475 3476/3476/3476 3463/3463/3463
f 3463/3463/3463 3476/3476/3476 3477/3477/3477 3464/3464/3464
f 3464/3464/3464 3477/3477/3477 3478/3478/3478 3465/3465/3465
f 3465/3465/3465 3478/3478/3478 3479/3479/3479 3466/3466/3466
f 3466/3466/3466 3479/3479/3479 3480/3480/3480 3467/3467/3467
f 3467/3467/3467 3480/3480/3480 3481/3481/3481 3468/3468/3468
f 3468/3468/3468 3481/3481/3481 3482/3482/3482 3469/3469/3469
f 3469/3469/3469 3482/3482/3482 3483/3483/3483 3470/3470/3470
f 3470/3470/3470 3483/3483/3483 3484/3484/3484 3471/3471/3471
f 3471/3471/3471 3484/3484/3484 3485/3485/3485 3472/3472/3472
f 3472/3472/3472 3485/3485/3485 3486/3486/3486 3473/3473/3473
f 3473/3473/3473 3486/3486/3486 3487/3487/3487 3474/3474/3474
f 3474/3474/3474 3487/3487/3487 3277/3277/3277 3275/3275/3275
f 3276/3276/3276 3278/3278/3278 3488/3488/3488 3475/3475/3475
f 3475/3475/3475 3488/3488/3488 3489/3489/3489 3476/3476/3476
f 3476/3476/3476 3489/3489/3489 3490/3490/3490 3477/3477/3477
f 3477/3477/3477 3490/3490/3490 3491/3491/3491 3478/3478/3478
f 3478/3478/3478 3491/3491/3491 3492/3492/3492 3479/3479/3479
f 3479/3479/3479 3492/3492/3492 3493/3493/3493 3480/3480/3480
f 3480/3480/3480 3493/3493/3493 3494/3494/3494 3481/3481/3481
f 3481/3481/3481 3494/3494/3494 3495/3495/3495 3482/3482/3482
f 3482/3482/3482 3495/3495/3495 3496/3496/3496 3483/3483/3483
f 3483/3483/3483 3496/3496/3496 3497/3497/3497 3484/3484/3484
f 3484/3484/3484 3497/3497/3497 3498/3498/3498 3485/3485/3485
f 3485/3485/3485 3498/3498/3498 3499/3499/3499 3486/3486/3486
f 3486/3486/3486 3499/3499/3499 3500/3500/3500 3487/3487/3487
f 3487/3487/3487 3500/3500/3500 3279/3279/3279 3277/3277/3277
s 2
f 3501/3501/3501 3502/3502/3502 3503/3503/3503
f 3504/3504/3504 3505/3505/3505 3506/3506/3506
f 3501/3501/3501 3507/3507/3507 3502/3502/3502
f 3504/3504/3504 3506/3506/3506 3508/3508/3508
f 3501/3501/3501 3511/3509/3509 3509/3510/3510
f 3504/3504/3504 3510/3511/3511 3512/3512/3512
f 3501/3501/3501 3513/3513/3513 3511/3509/3509
f 3504/3504/3504 3512/3512/3512 3514/3514/3514
f 3501/3501/3501 3515/3515/3515 3513/3513/3513
f 3504/3504/3504 3514/3514/3514 3516/3516/3516
f 3501/3501/3501 3517/3517/3517 3515/3515/3515
f 3504/3504/3504 3516/3516/3516 3518/3518/3518
f 3501/3501/3501 3519/3519/3519 3517/3517/3517
f 3504/3504/3504 3518/3518/3518 3520/3520/3520
f 3501/3501/3501 3521/3521/3521 3519/3519/3519
f 3504/3504/3504 3520/3520/3520 3522/3522/3522
f 3501/3501/3501 3523/3523/3523 3521/3521/3521
f 3504/3504/3504 3522/3522/3522 3524/3524/3524
f 3501/3501/3501 3525/3525/3525 3523/3523/3523
f 3504/3504/3504 3524/3524/3524 3526/3526/3526
f 3501/3501/3501 3527/3527/3527 3525/3525/3525
f 3504/3504/3504 3526/3526/3526 3528/3528/3528
f 3501/3501/3501 3529/3529/3529 3527/3527/3527
f 3504/3504/3504 3528/3528/3528 3530/3530/3530
f 3501/3501/3501 3531/3531/3531 3529/3529/3529
f 3504/3504/3504 3530/3530/3530 3532/3532/3532
f 3501/3501/3501 3533/3533/3533 3531/3531/3531
f 3504/3504/3504 3532/3532/3532 3534/3534/3534
f 3501/3501/3501 3535/3535/3535 3533/3533/3533
f 3504/3504/3504 3534/3534/3534 3536/3536/3536
f 3501/3501/3501 3503/3503/3503 3535/3535/3535
f 3504/3504/3504 3536/3536/3536 3505/3505/3505
f 3503/3503/3503 3502/3502/3502 3537/3537/3537 3538/3538/3538
f 3538/3538/3538 3537/3537/3537 3539/3539/3539 3540/3540/3540
f 3540/3540/3540 3539/3539/3539 3541/3541/3541 3542/3542/3542
f 3542/3542/3542 3541/3541/3541 3543/3543/3543 3544/3544/3544
f 3544/3544/3544 3543/3543/3543 3545/3545/3545 3546/3546/3546
f 3546/3546/3546 3545/3545/3545 3547/3547/3547 3548/3548/3548
f 3548/3548/3548 3547/3547/3547 3549/3549/3549 3550/3550/3550
f 3550/3550/3550 3549/3549/3549 3551/3551/3551 3552/3552/3552
f 3552/3552/3552 3551/3551/3551 3553/3553/3553 3554/3554/3554
f 3554/3554/3554 3553/3553/3553 3555/3555/3555 3556/3556/3556
f 3556/3556/3556 3555/3555/3555 3557/3557/3557 3558/3558/3558
f 3558/3558/3558 3557/3557/3557 3559/3559/3559 3560/3560/3560
f 3560/3560/3560 3559/3559/3559 3561/3561/3561 3562/3562/3562
f 3562/3562/3562 3561/3561/3561 3506/3506/3506 3505/3505/3505
f 3502/3502/3502 3507/3507/3507 3563/3563/3563 3537/3537/3537
f 3537/3537/3537 3563/3563/3563 3564/3564/3564 3539/3539/3539
f 3539/3539/3539 3564/3564/3564 3565/3565/3565 3541/3541/3541
f 3541/3541/3541 3565/3565/3565 3566/3566/3566 3543/3543/3543
f 3543/3543/3543 3566/3566/3566 3567/3567/3567 3545/3545/3545
f 3545/3545/3545 3567/3567/3567 3568/3568/3568 3547/3547/3547
f 3547/3547/3547 3568/3568/3568 3569/3569/3569 3549/3549/3549
f 3549/3549/3549 3569/3569/3569 3570/3570/3570 3551/3551/3551
f 3551/3551/3551 3570/3570/3570 3571/3571/3571 3553/3553/3553
f 3553/3553/3553 3571/3571/3571 3572/3572/3572 3555/3555/3555
f 3555/3555/3555 3572/3572/3572 3573/3573/3573 3557/3557/3557
f 3557/3557/3557 3573/3573/3573 3574/3574/3574 3559/3559/3559
f 3559/3559/3559 3574/3574/3574 3575/3575/3575 3561/3561/3561
f 3561/3561/3561 3575/3575/3575 3508/3508/3508 3506/3506/3506
f 3509/3510/3510 3511/3509/3509 3589/3576/3576 3576/3577/3577
f 3576/3577/3577 3589/3576/3576 3590/3578/3578 3577/3579/3579
f 3577/3579/3579 3590/3578/3578 3591/3580/3580 3578/3581/3581
f 3578/3581/3581 3591/3580/3580 3592/3582/3582 3579/3583/3583
f 3579/3583/3583 3592/3582/3582 3593/3584/3584 3580/3585/3585
f 3580/3585/3585 3593/3584/3584 3594/3586/3586 3581/3587/3587
f 3581/3587/3587 3594/3586/3586 3595/3588/3588 3582/3589/3589
f 3582/3589/3589 3595/3588/3588 3596/3590/3590 3583/3591/3591
f 3583/3591/3591 3596/3590/3590 3597/3592/3592 3584/3593/3593
f 3584/3593/3593 3597/3592/3592 3598/3594/3594 3585/3595/3595
f 3585/3595/3595 3598/3594/3594 3599/3596/3596 3586/3597/3597
f 3586/3597/3597 3599/3596/3596 3600/3598/3598 3587/3599/3599
f 3587/3599/3599 3600/3598/3598 3601/3600/3600 3588/3601/3601
f 3588/3601/3601 3601/3600/3600 3512/3512/3512 3510/3511/3511
f 3511/3509/3509 3513/3513/3513 3602/3602/3602 3589/3576/3576
f 3589/3576/3576 3602/3602/3602 3603/3603/3603 3590/3578/3578
f 3590/3578/3578 3603/3603/3603 3604/3604/3604 3591/3580/3580
f 3591/3580/3580 3604/3604/3604 3605/3605/3605 3592/3582/3582
f 3592/3582/3582 3605/3605/3605 3606/3606/3606 3593/3584/3584
f 3593/3584/3584 3606/3606/3606 3607/3607/3607 3594/3586/3586
f 3594/3586/3586 3607/3607/3607 3608/3608/3608 3595/3588/3588
f 3595/3588/3588 3608/3608/3608 3609/3609/3609 3596/3590/3590
f 3596/3590/3590 3609/3609/3609 3610/3610/3610 3597/3592/3592
f 3597/3592/3592 3610/3610/3610 3611/3611/3611 3598/3594/3594
f 3598/3594/3594 3611/3611/3611 3612/3612/3612 3599/3596/3596
f 3599/3596/3596 3612/3612/3612 3613/3613/3613 3600/3598/3598
f 3600/3598/3598 3613/3613/3613 3614/3614/3614 3601/3600/3600
f 3601/3600/3600 3614/3614/3614 3514/3514/3514 3512/3512/3512
f 3513/3513/3513 3515/3515/3515 3615/3615/3615 3602/3602/3602
f 3602/3602/3602 3615/3615/3615 3616/3616/3616 3603/3603/3603
f 3603/3603/3603 3616/3616/3616 3617/3617/3617 3604/3604/3604
f 3604/3604/3604 3617/3617/3617 3618/3618/3618 3605/3605/3605
f 3605/3605/3605 3618/3618/3618 3619/3619/3619 3606/3606/3606
f 3606/3606/3606 3619/3619/3619 3620/3620/3620 3607/3607/3607
f 3607/3607/3607 3620/3620/3620 3621/3621/3621 3608/3608/3608
f 3608/3608/3608 3621/3621/3621 3622/3622/3622 3609/3609/3609
f 3609/3609/3609 3622/3622/3622 3623/3623/3623 3610/3610/3610
f 3610/3610/3610 3623/3623/3623 3624/3624/3624 3611/3611/3611
f 3611/3611/3611 3624/3624/3624 3625/3625/3625 3612/3612/3612
f 3612/3612/3612 3625/3625/3625 3626/3626/3626 3613/3613/3613
f 3613/3613/3613 3626/3626/3626 3627/3627/3627 3614/3614/3614
f 3614/3614/3614 3627/3627/3627 3516/3516/3516 3514/3514/3514
f 3515/3515/3515 3517/3517/3517 3628/3628/3628 3615/3615/3615
f 3615/3615/3615 3628/3628/3628 3629/3629/3629 3616/3616/3616
f 3616/3616/3616 3629/3629/3629 3630/3630/3630 3617/3617/3617
f 3617/3617/3617 3630/3630/3630 3631/3631/3631 3618/3618/3618
f 3618/3618/3618 3631/3631/3631 3632/3632/3632 3619/3619/3619
f 3619/3619/3619 3632/3632/3632 3633/3633/3633 3620/3620/3620
f 3620/3620/3620 3633/3633/3633 3634/3634/3634 3621/3621/3621
f 3621/3621/3621 3634/3634/3634 3635/3635/3635 3622/3622/3622
f 3622/3622/3622 3635/3635/3635 3636/3636/3636 3623/3623/3623
f 3623/3623/3623 3636/3636/3636 3637/3637/3637 3624/3624/3624
f 3624/3624/3624 3637/3637/3637 3638/3638/3638 3625/3625/3625
f 3625/3625/3625 3638/3638/3638 3639/3639/3639 3626/3626/3626
f 3626/3626/3626 3639/3639/3639 3640/3640/3640 3627/3627/3627
f 3627/3627/3627 3640/3640/3640 3518/3518/3518 3516/3516/3516
f 3517/3517/3517 3519/3519/3519 3641/3641/3641 3628/3628/3628
f 3628/3628/3628 3641/3641/3641 3642/3642/3642 3629/3629/3629
f 3629/3629/3629 3642/3642/3642 3643/3643/3643 3630/3630/3630
f 3630/3630/3630 3643/3643/3643 3644/3644/3644 3631/3631/3631
f 3631/3631/3631 3644/3644/3644 3645/3645/3645 3632/3632/3632
f 3632/3632/3632 3645/3645/3645 3646/3646/3646 3633/3633/3633
f 3633/3633/3633 3646/3646/3646 3647/3647/3647 3634/3634/3634
f 3634/3634/3634 3647/3647/3647 3648/3648/3648 3635/3635/3635
f 3635/3635/3635 3648/3648/3648 3649/3649/3649 3636/3636/3636
f 3636/3636/3636 3649/3649/3649 3650/3650/3650 3637/3637/3637
f 3637/3637/3637 3650/3650/3650 3651/3651/3651 3638/3638/3638
f 3638/3638/3638 3651/3651/3651 3652/3652/3652 3639/3639/3639
f 3639/3639/3639 3652/3652/3652 3653/3653/3653 3640/3640/3640
f 3640/3640/3640 3653/3653/3653 3520/3520/3520 3518/3518/3518
f 3519/3519/3519 3521/3521/3521 3654/3654/3654 3641/3641/3641
f 3641/3641/3641 3654/3654/3654 3655/3655/3655 3642/3642/3642
f 3642/3642/3642 3655/3655/3655 3656/3656/3656 3643/3643/3643
f 3643/3643/3643 3656/3656/3656 3657/3657/3657 3644/3644/3644
f 3644/3644/3644 3657/3657/3657 3658/3658/3658 3645/3645/3645
f 3645/3645/3645 3658/3658/3658 3659/3659/3659 3646/3646/3646
f 3646/3646/3646 3659/3659/3659 3660/3660/3660 3647/3647/3647
f 3647/3647/3647 3660/3660/3660 3661/3661/3661 3648/3648/3648
f 3648/3648/3648 3661/3661/3661 3662/3662/3662 3649/3649/3649
f 3649/3649/3649 3662/3662/3662 3663/3663/3663 3650/3650/3650
f 3650/3650/3650 3663/3663/3663 3664/3664/3664 3651/3651/3651
f 3651/3651/3651 3664/3664/3664 3665/3665/3665 3652/3652/3652
f 3652/3652/3652 3665/3665/3665 3666/3666/3666 3653/3653/3653
f 3653/3653/3653 3666/3666/3666 3522/3522/3522 3520/3520/3520
f 3521/3521/3521 3523/3523/3523 3667/3667/3667 3654/3654/3654
f 3654/3654/3654 3667/3667/3667 3668/3668/3668 3655/3655/3655
f 3655/3655/3655 3668/3668/3668 3669/3669/3669 3656/3656/3656
f 3656/3656/3656 3669/3669/3669 3670/3670/3670 3657/3657/3657
f 3657/3657/3657 3670/3670/3670 3671/3671/3671 3658/3658/3658
f 3658/3658/3658 3671/3671/3671 3672/3672/3672 3659/3659/3659
f 3659/3659/3659 3672/3672/3672 3673/3673/3673 3660/3660/3660
f 3660/3660/3660 3673/3673/3673 3674/3674/3674 3661/3661/3661
f 3661/3661/3661 3674/3674/3674 3675/3675/3675 3662/3662/3662
f 3662/3662/3662 3675/3675/3675 3676/3676/3676 3663/3663/3663
f 3663/3663/3663 3676/3676/3676 3677/3677/3677 3664/3664/3664
f 3664/3664/3664 3677/3677/3677 3678/3678/3678 3665/3665/3665
f 3665/3665/3665 3678/3678/3678 3679/3679/3679 3666/3666/3666
f 3666/3666/3666 3679/3679/3679 3524/3524/3524 3522/3522/3522
f 3523/3523/3523 3525/3525/3525 3680/3680/3680 3667/3667/3667
f 3667/3667/3667 3680/3680/3680 3681/3681/3681 3668/3668/3668
f 3668/3668/3668 3681/3681/3681 3682/3682/3682 3669/3669/3669
f 3669/3669/3669 3682/3682/3682 3683/3683/3683 3670/3670/3670
f 3670/3670/3670 3683/3683/3683 3684/3684/3684 3671/3671/3671
f 3671/3671/3671 3684/3684/3684 3685/3685/3685 3672/3672/3672
f 3672/3672/3672 3685/3685/3685 3686/3686/3686 3673/3673/3673
f 3673/3673/3673 3686/3686/3686 3687/3687/3687 3674/3674/3674
f 3674/3674/3674 3687/3687/3687 3688/3688/3688 3675/3675/3675
f 3675/3675/3675 3688/3688/3688 3689/3689/3689 3676/3676/3676
f 3676/3676/3676 3689/3689/3689 3690/3690/3690 3677/3677/3677
f 3677/3677/3677 3690/3690/3690 3691/3691/3691 3678/3678/3678
f 3678/3678/3678 3691/3691/3691 3692/3692/3692 3679/3679/3679
f 3679/3679/3679 3692/3692/3692 3526/3526/3526 3524/3524/3524
f 3525/3525/3525 3527/3527/3527 3693/3693/3693 3680/3680/3680
f 3680/3680/3680 3693/3693/3693 3694/3694/3694 3681/3681/3681
f 3681/3681/3681 3694/3694/3694 3695/3695/3695 3682/3682/3682
f 3682/3682/3682 3695/3695/3695 3696/3696/3696 3683/3683/3683
f 3683/3683/3683 3696/3696/3696 3697/3697/3697 3684/3684/3684
f 3684/3684/3684 3697/3697/3697 3698/3698/3698 3685/3685/3685
f 3685/3685/3685 3698/3698/3698 3699/3699/3699 3686/3686/3686
f 3686/3686/3686 3699/3699/3699 3700/3700/3700 3687/3687/3687
f 3687/3687/3687 3700/3700/3700 3701/3701/3701 3688/3688/3688
f 3688/3688/3688 3701/3701/3701 3702/3702/3702 3689/3689/3689
f 3689/3689/3689 3702/3702/3702 3703/3703/3703 3690/3690/3690
f 3690/3690/3690 3703/3703/3703 3704/3704/3704 3691/3691/3691
f 3691/3691/3691 3704/3704/3704 3705/3705/3705 3692/3692/3692
f 3692/3692/3692 3705/3705/3705 3528/3528/3528 3526/3526/3526
f 3527/3527/3527 3529/3529/3529 3706/3706/3706 3693/3693/3693
f 3693/3693/3693 3706/3706/3706 3707/3707/3707 3694/3694/3694
f 3694/3694/3694 3707/3707/3707 3708/3708/3708 3695/3695/3695
f 3695/3695/3695 3708/3708/3708 3709/3709/3709 3696/3696/3696
f 3696/3696/3696 3709/3709/3709 3710/3710/3710 3697/3697/3697
f 3697/3697/3697 3710/3710/3710 3711/3711/3711 3698/3698/3698
f 3698/3698/3698 3711/3711/3711 3712/3712/3712 3699/3699/3699
f 3699/3699/3699 3712/3712/3712 3713/3713/3713 3700/3700/3700
f 3700/3700/3700 3713/3713/3713 3714/3714/3714 3701/3701/3701
f 3701/3701/3701 3714/3714/3714 3715/3715/3715 3702/3702/3702
f 3702/3702/3702 3715/3715/3715 3716/3716/3716 3703/3703/3703
f 3703/3703/3703 3716/3716/3716 3717/3717/3717 3704/3704/3704
f 3704/3704/3704 3717/3717/3717 3718/3718/3718 3705/3705/3705
f 3705/3705/3705 3718/3718/3718 3530/3530/3530 3528/3528/3528
f 3529/3529/3529 3531/3531/3531 3719/3719/3719 3706/3706/3706
f 3706/3706/3706 3719/3719/3719 3720/3720/3720 3707/3707/3707
f 3707/3707/3707 3720/3720/3720 3721/3721/3721 3708/3708/3708
f 3708/3708/3708 3721/3721/3721 3722/3722/3722 3709/3709/3709
f 3709/3709/3709 3722/3722/3722 3723/3723/3723 3710/3710/3710
f 3710/3710/3710 3723/3723/3723 3724/3724/3724 3711/3711/3711
f 3711/3711/3711 3724/3724/3724 3725/3725/3725 3712/3712/3712
f 3712/3712/3712 3725/3725/3725 3726/3726/3726 3713/3713/3713
f 3713/3713/3713 3726/3726/3726 3727/3727/3727 3714/3714/3714
f 3714/3714/3714 3727/3727/3727 3728/3728/3728 3715/3715/3715
f 3715/3715/3715 3728/3728/3728 3729/3729/3729 3716/3716/3716
f 3716/3716/3716 3729/3729/3729 3730/3730/3730 3717/3717/3717
f 3717/3717/3717 3730/3730/3730 3731/3731/3731 3718/3718/3718
f 3718/3718/3718 3731/3731/3731 3532/3532/3532 3530/3530/3530
f 3531/3531/3531 3533/3533/3533 3732/3732/3732 3719/3719/3719
f 3719/3719/3719 3732/3732/3732 3733/3733/3733 3720/3720/3720
f 3720/3720/3720 3733/3733/3733 3734/3734/3734 3721/3721/3721
f 3721/3721/3721 3734/3734/3734 3735/3735/3735 3722/3722/3722
f 3722/3722/3722 3735/3735/3735 3736/3736/3736 3723/3723/3723
f 3723/3723/3723 3736/3736/3736 3737/3737/3737 3724/3724/3724
f 3724/3724/3724 3737/3737/3737 3738/3738/3738 3725/3725/3725
f 3725/3725/3725 3738/3738/3738 3739/3739/3739 3726/3726/3726
f 3726/3726/3726 3739/3739/3739 3740/3740/3740 3727/3727/3727
f 3727/3727/3727 3740/3740/3740 3741/3741/3741 3728/3728/3728
f 3728/3728/3728 3741/3741/3741 3742/3742/3742 3729/3729/3729
f 3729/3729/3729 3742/3742/3742 3743/3743/3743 3730/3730/3730
f 3730/3730/3730 3743/3743/3743 3744/3744/3744 3731/3731/3731
f 3731/3731/3731 3744/3744/3744 3534/3534/3534 3532/3532/3532
f 3533/3533/3533 3535/3535/3535 3745/3745/3745 3732/3732/3732
f 3732/3732/3732 3745/3745/3745 3746/3746/3746 3733/3733/3733
f 3733/3733/3733 3746/3746/3746 3747/3747/3747 3734/3734/3734
f 3734/3734/3734 3747/3747/3747 3748/3748/3748 3735/3735/3735
f 3735/3735/3735 3748/3748/3748 3749/3749/3749 3736/3736/3736
f 3736/3736/3736 3749/3749/3749 3750/3750/3750 3737/3737/3737
f 3737/3737/3737 3750/3750/3750 3751/3751/3751 3738/3738/3738
f 3738/3738/3738 3751/3751/3751 3752/3752/3752 3739/3739/3739
f 3739/3739/3739 3752/3752/3752 3753/3753/3753 3740/3740/3740
f 3740/3740/3740 3753/3753/3753 3754/3754/3754 3741/3741/3741
f 3741/3741/3741 3754/3754/3754 3755/3755/3755 3742/3742/3742
f 3742/3742/3742 3755/3755/3755 3756/3756/3756 3743/3743/3743
f 3743/3743/3743 3756/3756/3756 3757/3757/3757 3744/3744/3744
f 3744/3744/3744 3757/3757/3757 3536/3536/3536 3534/3534/3534
f 3535/3535/3535 3503/3503/3503 3538/3538/3538 3745/3745/3745
f 3745/3745/3745 3538/3538/3538 3540/3540/3540 3746/3746/3746
f 3746/3746/3746 3540/3540/3540 3542/3542/3542 3747/3747/3747
f 3747/3747/3747 3542/3542/3542 3544/3544/3544 3748/3748/3748
f 3748/3748/3748 3544/3544/3544 3546/3546/3546 3749/3749/3749
f 3749/3749/3749 3546/3546/3546 3548/3548/3548 3750/3750/3750
f 3750/3750/3750 3548/3548/3548 3550/3550/3550 3751/3751/3751
f 3751/3751/3751 3550/3550/3550 3552/3552/3552 3752/3752/3752
f 3752/3752/3752 3552/3552/3552 3554/3554/3554 3753/3753/3753
f 3753/3753/3753 3554/3554/3554 3556/3556/3556 3754/3754/3754
f 3754/3754/3754 3556/3556/3556 3558/3558/3558 3755/3755/3755
f 3755/3755/3755 3558/3558/3558 3560/3560/3560 3756/3756/3756
f 3756/3756/3756 3560/3560/3560 3562/3562/3562 3757/3757/3757
f 3757/3757/3757 3562/3562/3562 3505/3505/3505 3536/3536/3536
f 3582/3589/3589 3583/3591/3591 3759/3758/3758 3758/3759/3759
f 3583/3591/3591 3584/3593/3593 3760/3760/3760 3759/3758/3758
f 3584/3593/3593 3585/3595/3595 3761/3761/3761 3760/3760/3760
f 3585/3595/3595 3586/3597/3597 3762/3762/3762 3761/3761/3761
f 3586/3597/3597 3587/3599/3599 3763/3763/3763 3762/3762/3762
f 3587/3599/3599 3588/3601/3601 3764/3764/3764 3763/3763/3763
f 3588/3601/3601 3510/3511/3511 3765/3765/3765 3764/3764/3764
f 3510/3511/3511 3504/3504/3504 3766/3766/3766 3765/3765/3765
f 3504/3504/3504 3508/3508/3508 3767/3767/3767 3766/3766/3766
f 3508/3508/3508 3575/3575/3575 3768/3768/3768 3767/3767/3767
f 3575/3575/3575 3574/3574/3574 3769/3769/3769 3768/3768/3768
f 3574/3574/3574 3573/3573/3573 3770/3770/3770 3769/3769/3769
f 3573/3573/3573 3572/3572/3572 3771/3771/3771 3770/3770/3770
f 3572/3572/3572 3571/3571/3571 3772/3772/3772 3771/3771/3771
f 3571/3571/3571 3570/3570/3570 3773/3773/3773 3772/3772/3772
f 3570/3570/3570 3569/3569/3569 3774/3774/3774 3773/3773/3773
f 3569/3569/3569 3568/3568/3568 3775/3775/3775 3774/3774/3774
f 3568/3568/3568 3567/3567/3567 3776/3776/3776 3775/3775/3775
f 3567/3567/3567 3566/3566/3566 3777/3777/3777 3776/3776/3776
f 3566/3566/3566 3565/3565/3565 3778/3778/3778 3777/3777/3777
f 3565/3565/3565 3564/3564/3564 3779/3779/3779 3778/3778/3778
f 3564/3564/3564 3563/3563/3563 3780/3780/3780 3779/3779/3779
f 3563/3563/3563 3507/3507/3507 3781/3781/3781 3780/3780/3780
f 3507/3507/3507 3501/3501/3501 3782/3782/3782 3781/3781/3781
f 3501/3501/3501 3509/3510/3510 3783/3783/3783 3782/3782/3782
f 3509/3510/3510 3576/3577/3577 3784/3784/3784 3783/3783/3783
f 3576/3577/3577 3577/3579/3579 3785/3785/3785 3784/3784/3784
f 3577/3579/3579 3578/3581/3581 3786/3786/3786 3785/3785/3785
f 3578/3581/3581 3579/3583/3583 3787/3787/3787 3786/3786/3786
f 3579/3583/3583 3580/3585/3585 3788/3788/3788 3787/3787/3787
f 3580/3585/3585 3581/3587/3587 3789/3789/3789 3788/3788/3788
f 3581/3587/3587 3582/3589/3589 3758/3759/3759 3789/3789/3789
g default
v 0.047000 0.527394 -0.024000
v 0.046064 0.527866 -0.019292
v 0.047000 0.527866 -0.019199
v 0.047000 0.576606 -0.024000
v 0.047000 0.576133 -0.019200
v 0.046064 0.576133 -0.019292
v 0.045163 0.527866 -0.019565
v 0.045163 0.576133 -0.019565
v 0.044333 0.527866 -0.020009
v 0.044333 0.576133 -0.020009
v 0.043606 0.527866 -0.020606
v 0.043606 0.576133 -0.020606
v 0.043009 0.527866 -0.021333
v 0.043009 0.576133 -0.021333
v 0.042565 0.527866 -0.022163
v 0.042565 0.576133 -0.022163
v 0.042292 0.527866 -0.023063
v 0.042292 0.576133 -0.023063
v 0.042199 0.527866 -0.024000
v 0.042199 0.576133 -0.024000
v 0.042292 0.527866 -0.024936
v 0.042292 0.576133 -0.024936
v 0.042565 0.527866 -0.025837
v 0.042565 0.576133 -0.025837
v 0.043009 0.527866 -0.026667
v 0.043009 0.576133 -0.026667
v 0.043606 0.527866 -0.027394
v 0.043606 0.576133 -0.027394
v 0.044333 0.527866 -0.027991
v 0.044333 0.576133 -0.027991
v 0.045163 0.527866 -0.028435
v 0.045163 0.576133 -0.028435
v 0.046064 0.527866 -0.028708
v 0.046064 0.576133 -0.028708
v 0.047000 0.527866 -0.028801
v 0.047000 0.576133 -0.028801
v 0.045163 0.529267 -0.014764
v 0.047000 0.529267 -0.014584
v 0.044333 0.531541 -0.010592
v 0.047000 0.531541 -0.010329
v 0.043606 0.534601 -0.006935
v 0.047000 0.534601 -0.006601
v 0.043009 0.538329 -0.003934
v 0.047000 0.538329 -0.003541
v 0.042565 0.542584 -0.001704
v 0.047000 0.542584 -0.001267
v 0.042292 0.547199 -0.000330
v 0.047000 0.547199 0.000133
v 0.042199 0.552000 0.000133
v 0.047000 0.552000 0.000606
v 0.042292 0.556800 -0.000330
v 0.047000 0.556800 0.000133
v 0.042565 0.561416 -0.001704
v 0.047000 0.561416 -0.001267
v 0.043009 0.565670 -0.003934
v 0.047000 0.565670 -0.003541
v 0.043606 0.569399 -0.006935
v 0.047000 0.569399 -0.006601
v 0.044333 0.572459 -0.010592
v 0.047000 0.572459 -0.010329
v 0.045163 0.574733 -0.014764
v 0.047000 0.574733 -0.014584
v 0.043396 0.529267 -0.015300
v 0.041768 0.531541 -0.011370
v 0.040342 0.534601 -0.007925
v 0.039170 0.538329 -0.005098
v 0.038300 0.542584 -0.002997
v 0.037765 0.547199 -0.001704
v 0.037584 0.552000 -0.001267
v 0.037765 0.556800 -0.001704
v 0.038300 0.561416 -0.002997
v 0.039170 0.565670 -0.005098
v 0.040342 0.569399 -0.007925
v 0.041768 0.572459 -0.011370
v 0.043396 0.574733 -0.015300
v 0.041768 0.529267 -0.016170
v 0.039405 0.531541 -0.012633
v 0.037333 0.534601 -0.009533
v 0.035633 0.538329 -0.006989
v 0.034370 0.542584 -0.005098
v 0.033592 0.547199 -0.003934
v 0.033330 0.552000 -0.003541
v 0.033592 0.556800 -0.003934
v 0.034370 0.561416 -0.005098
v 0.035633 0.565670 -0.006989
v 0.037333 0.569399 -0.009533
v 0.039405 0.572459 -0.012633
v 0.041768 0.574733 -0.016170
v 0.040342 0.529267 -0.017342
v 0.037333 0.531541 -0.014333
v 0.034697 0.534601 -0.011697
v 0.032533 0.538329 -0.009533
v 0.030925 0.542584 -0.007925
v 0.029935 0.547199 -0.006935
v 0.029601 0.552000 -0.006601
v 0.029935 0.556800 -0.006935
v 0.030925 0.561416 -0.007925
v 0.032533 0.565670 -0.009533
v 0.034697 0.569399 -0.011697
v 0.037333 0.572459 -0.014333
v 0.040342 0.574733 -0.017342
v 0.039170 0.529267 -0.018769
v 0.035633 0.531541 -0.016405
v 0.032533 0.534601 -0.014333
v 0.029989 0.538329 -0.012633
v 0.028098 0.542584 -0.011370
v 0.026934 0.547199 -0.010592
v 0.026541 0.552000 -0.010329
v 0.026934 0.556800 -0.010592
v 0.028098 0.561416 -0.011370
v 0.029989 0.565670 -0.012633
v 0.032533 0.569399 -0.014333
v 0.035633 0.572459 -0.016405
v 0.039170 0.574733 -0.018769
v 0.038300 0.529267 -0.020397
v 0.034370 0.531541 -0.018769
v 0.030925 0.534601 -0.017342
v 0.028098 0.538329 -0.016170
v 0.025997 0.542584 -0.015300
v 0.024704 0.547199 -0.014764
v 0.024267 0.552000 -0.014584
v 0.024704 0.556800 -0.014764
v 0.025997 0.561416 -0.015300
v 0.028098 0.565670 -0.016170
v 0.030925 0.569399 -0.017342
v 0.034370 0.572459 -0.018769
v 0.038300 0.574733 -0.020397
v 0.037765 0.529267 -0.022163
v 0.033592 0.531541 -0.021333
v 0.029935 0.534601 -0.020606
v 0.026934 0.538329 -0.020009
v 0.024704 0.542584 -0.019565
v 0.023330 0.547199 -0.019292
v 0.022867 0.552000 -0.019200
v 0.023330 0.556800 -0.019292
v 0.024704 0.561416 -0.019565
v 0.026934 0.565670 -0.020009
v 0.029935 0.569399 -0.020606
v 0.033592 0.572459 -0.021333
v 0.037765 0.574733 -0.022163
v 0.037584 0.529267 -0.024000
v 0.033330 0.531541 -0.024000
v 0.029601 0.534601 -0.024000
v 0.026541 0.538329 -0.024000
v 0.024267 0.542584 -0.024000
v 0.022867 0.547199 -0.024000
v 0.022394 0.552000 -0.024000
v 0.022867 0.556800 -0.024000
v 0.024267 0.561416 -0.024000
v 0.026541 0.565670 -0.024000
v 0.029601 0.569399 -0.024000
v 0.033330 0.572459 -0.024000
v 0.037584 0.574733 -0.024000
v 0.037765 0.529267 -0.025837
v 0.033592 0.531541 -0.026667
v 0.029935 0.534601 -0.027394
v 0.026934 0.538329 -0.027991
v 0.024704 0.542584 -0.028435
v 0.023330 0.547199 -0.028708
v 0.022867 0.552000 -0.028801
v 0.023330 0.556800 -0.028708
v 0.024704 0.561416 -0.028435
v 0.026934 0.565670 -0.027991
v 0.029935 0.569399 -0.027394
v 0.033592 0.572459 -0.026667
v 0.037765 0.574733 -0.025837
v 0.038300 0.529267 -0.027603
v 0.034370 0.531541 -0.029231
v 0.030925 0.534601 -0.030658
v 0.028098 0.538329 -0.031829
v 0.025997 0.542584 -0.032700
v 0.024704 0.547199 -0.033236
v 0.024267 0.552000 -0.033416
v 0.024704 0.556800 -0.033236
v 0.025997 0.561416 -0.032700
v 0.028098 0.565670 -0.031829
v 0.030925 0.569399 -0.030658
v 0.034370 0.572459 -0.029231
v 0.038300 0.574733 -0.027603
v 0.039170 0.529267 -0.029231
v 0.035633 0.531541 -0.031595
v 0.032533 0.534601 -0.033666
v 0.029989 0.538329 -0.035367
v 0.028098 0.542584 -0.036630
v 0.026934 0.547199 -0.037408
v 0.026541 0.552000 -0.037671
v 0.026934 0.556800 -0.037408
v 0.028098 0.561416 -0.036630
v 0.029989 0.565670 -0.035367
v 0.032533 0.569399 -0.033666
v 0.035633 0.572459 -0.031595
v 0.039170 0.574733 -0.029231
v 0.040342 0.529267 -0.030658
v 0.037333 0.531541 -0.033666
v 0.034697 0.534601 -0.036303
v 0.032533 0.538329 -0.038467
v 0.030925 0.542584 -0.040075
v 0.029935 0.547199 -0.041065
v 0.029601 0.552000 -0.041399
v 0.029935 0.556800 -0.041065
v 0.030925 0.561416 -0.040075
v 0.032533 0.565670 -0.038467
v 0.034697 0.569399 -0.036303
v 0.037333 0.572459 -0.033666
v 0.040342 0.574733 -0.030658
v 0.041768 0.529267 -0.031829
v 0.039405 0.531541 -0.035367
v 0.037333 0.534601 -0.038467
v 0.035633 0.538329 -0.041011
v 0.034370 0.542584 -0.042902
v 0.033592 0.547199 -0.044066
v 0.033330 0.552000 -0.044459
v 0.033592 0.556800 -0.044066
v 0.034370 0.561416 -0.042902
v 0.035633 0.565670 -0.041011
v 0.037333 0.569399 -0.038467
v 0.039405 0.572459 -0.035367
v 0.041768 0.574733 -0.031829
v 0.043396 0.529267 -0.032700
v 0.041768 0.531541 -0.036630
v 0.040342 0.534601 -0.040075
v 0.039170 0.538329 -0.042902
v 0.038300 0.542584 -0.045003
v 0.037765 0.547199 -0.046296
v 0.037584 0.552000 -0.046733
v 0.037765 0.556800 -0.046296
v 0.038300 0.561416 -0.045003
v 0.039170 0.565670 -0.042902
v 0.040342 0.569399 -0.040075
v 0.041768 0.572459 -0.036630
v 0.043396 0.574733 -0.032700
v 0.045163 0.529267 -0.033236
v 0.044333 0.531541 -0.037408
v 0.043606 0.534601 -0.041065
v 0.043009 0.538329 -0.044066
v 0.042565 0.542584 -0.046296
v 0.042292 0.547199 -0.047670
v 0.042199 0.552000 -0.048133
v 0.042292 0.556800 -0.047670
v 0.042565 0.561416 -0.046296
v 0.043009 0.565670 -0.044066
v 0.043606 0.569399 -0.041065
v 0.044333 0.572459 -0.037408
v 0.045163 0.574733 -0.033236
v 0.047000 0.529267 -0.033416
v 0.047000 0.531541 -0.037671
v 0.047000 0.534601 -0.041399
v 0.047000 0.538329 -0.044459
v 0.047000 0.542584 -0.046733
v 0.047000 0.547199 -0.048133
v 0.047000 0.552000 -0.048606
v 0.047000 0.556800 -0.048133
v 0.047000 0.561416 -0.046733
v 0.047000 0.565670 -0.044459
v 0.047000 0.569399 -0.041399
v 0.047000 0.572459 -0.037671
v 0.047000 0.574733 -0.033416
v 0.162544 0.544981 0.002606
v 0.162544 0.540180 0.002133
v 0.162544 0.549781 0.002133
v 0.162544 0.554397 0.000733
v 0.162544 0.558651 -0.001541
v 0.162544 0.562380 -0.004601
v 0.162544 0.565440 -0.008329
v 0.162544 0.567714 -0.012584
v 0.162544 0.569114 -0.017200
v 0.162544 0.569587 -0.022000
v 0.162544 0.569114 -0.026801
v 0.162544 0.567714 -0.031416
v 0.162544 0.565440 -0.035671
v 0.162544 0.562380 -0.039399
v 0.162544 0.558651 -0.042459
v 0.162544 0.554397 -0.044733
v 0.162544 0.549781 -0.046133
v 0.162544 0.544981 -0.046606
v 0.162544 0.540180 -0.046133
v 0.162544 0.535565 -0.044733
v 0.162544 0.531310 -0.042459
v 0.162544 0.527582 -0.039399
v 0.162544 0.524522 -0.035671
v 0.162544 0.522248 -0.031416
v 0.162544 0.520847 -0.026801
v 0.162544 0.520375 -0.022000
v 0.162544 0.520847 -0.017199
v 0.162544 0.522248 -0.012584
v 0.162544 0.524522 -0.008329
v 0.162544 0.527582 -0.004601
v 0.162544 0.531310 -0.001541
v 0.162544 0.535565 0.000733
v 0.164995 0.549398 0.000208
v 0.164995 0.544981 0.000643
v 0.164995 0.553646 -0.001080
v 0.164995 0.557561 -0.003173
v 0.164995 0.560992 -0.005989
v 0.164995 0.563808 -0.009420
v 0.164995 0.565901 -0.013335
v 0.164995 0.567189 -0.017583
v 0.164995 0.567624 -0.022000
v 0.164995 0.567189 -0.026418
v 0.164995 0.565901 -0.030665
v 0.164995 0.563808 -0.034580
v 0.164995 0.560992 -0.038011
v 0.164995 0.557561 -0.040827
v 0.164995 0.553646 -0.042920
v 0.164995 0.549398 -0.044208
v 0.164995 0.544981 -0.044643
v 0.164995 0.540563 -0.044208
v 0.164995 0.536316 -0.042920
v 0.164995 0.532401 -0.040827
v 0.164995 0.528970 -0.038011
v 0.164995 0.526154 -0.034580
v 0.164995 0.524062 -0.030665
v 0.164995 0.522772 -0.026418
v 0.164995 0.522338 -0.022000
v 0.164995 0.522772 -0.017582
v 0.164995 0.524062 -0.013335
v 0.164995 0.526154 -0.009420
v 0.164995 0.528970 -0.005989
v 0.164995 0.532401 -0.003173
v 0.164995 0.536316 -0.001080
v 0.164995 0.540563 0.000208
vt 0.583993 0.754393
vt 0.582320 0.755066
vt 0.583993 0.755066
vt 0.583993 0.824581
vt 0.583993 0.823906
vt 0.582320 0.823906
vt 0.580710 0.755066
vt 0.580710 0.823906
vt 0.579227 0.755066
vt 0.579227 0.823906
vt 0.577927 0.755066
vt 0.577927 0.823906
vt 0.576860 0.755066
vt 0.576860 0.823906
vt 0.576068 0.755066
vt 0.576068 0.823906
vt 0.575579 0.755066
vt 0.575579 0.823906
vt 0.575414 0.755066
vt 0.575414 0.823906
vt 0.575579 0.755066
vt 0.575579 0.823906
vt 0.576068 0.755066
vt 0.576068 0.823906
vt 0.576860 0.755066
vt 0.576860 0.823906
vt 0.577927 0.755066
vt 0.577927 0.823906
vt 0.579227 0.755066
vt 0.579227 0.823906
vt 0.580710 0.755066
vt 0.580710 0.823906
vt 0.582320 0.755066
vt 0.582320 0.823906
vt 0.583993 0.755066
vt 0.583993 0.823906
vt 0.580710 0.757064
vt 0.583993 0.757064
vt 0.579227 0.760307
vt 0.583993 0.760307
vt 0.577927 0.764672
vt 0.583993 0.764672
vt 0.576860 0.769989
vt 0.583993 0.769989
vt 0.576068 0.776057
vt 0.583993 0.776057
vt 0.575579 0.782639
vt 0.583993 0.782639
vt 0.575414 0.789487
vt 0.583993 0.789487
vt 0.575579 0.796333
vt 0.583993 0.796333
vt 0.576068 0.802916
vt 0.583993 0.802916
vt 0.576860 0.808984
vt 0.583993 0.808984
vt 0.577927 0.814302
vt 0.583993 0.814302
vt 0.579227 0.818666
vt 0.583993 0.818666
vt 0.580710 0.821910
vt 0.583993 0.821910
vt 0.577554 0.757064
vt 0.574644 0.760307
vt 0.572094 0.764672
vt 0.570001 0.769989
vt 0.568446 0.776057
vt 0.567489 0.782639
vt 0.567165 0.789487
vt 0.567489 0.796333
vt 0.568446 0.802916
vt 0.570001 0.808984
vt 0.572094 0.814302
vt 0.574644 0.818666
vt 0.577554 0.821910
vt 0.574644 0.757064
vt 0.570421 0.760307
vt 0.566718 0.764672
vt 0.563680 0.769989
vt 0.561423 0.776057
vt 0.560032 0.782639
vt 0.559563 0.789487
vt 0.560032 0.796333
vt 0.561423 0.802916
vt 0.563680 0.808984
vt 0.566718 0.814302
vt 0.570421 0.818666
vt 0.574644 0.821910
vt 0.572094 0.757064
vt 0.566718 0.760307
vt 0.562007 0.764672
vt 0.558140 0.769989
vt 0.555266 0.776057
vt 0.553497 0.782639
vt 0.552899 0.789487
vt 0.553497 0.796333
vt 0.555266 0.802916
vt 0.558140 0.808984
vt 0.562007 0.814302
vt 0.566718 0.818666
vt 0.572094 0.821910
vt 0.570001 0.757064
vt 0.563680 0.760307
vt 0.558140 0.764672
vt 0.553592 0.769989
vt 0.550214 0.776057
vt 0.548133 0.782639
vt 0.547431 0.789487
vt 0.548133 0.796333
vt 0.550214 0.802916
vt 0.553592 0.808984
vt 0.558140 0.814302
vt 0.563680 0.818666
vt 0.570001 0.821910
vt 0.568446 0.757064
vt 0.561423 0.760307
vt 0.555266 0.764672
vt 0.550214 0.769989
vt 0.546459 0.776057
vt 0.544148 0.782639
vt 0.543367 0.789487
vt 0.544148 0.796333
vt 0.546459 0.802916
vt 0.550214 0.808984
vt 0.555266 0.814302
vt 0.561423 0.818666
vt 0.568446 0.821910
vt 0.567489 0.757064
vt 0.560032 0.760307
vt 0.553497 0.764672
vt 0.548133 0.769989
vt 0.544148 0.776057
vt 0.541693 0.782639
vt 0.540865 0.789487
vt 0.541693 0.796333
vt 0.544148 0.802916
vt 0.548133 0.808984
vt 0.553497 0.814302
vt 0.560032 0.818666
vt 0.567489 0.821910
vt 0.567165 0.757064
vt 0.559563 0.760307
vt 0.552899 0.764672
vt 0.547431 0.769989
vt 0.543367 0.776057
vt 0.540865 0.782639
vt 0.540020 0.789487
vt 0.540865 0.796333
vt 0.543367 0.802916
vt 0.547431 0.808984
vt 0.552899 0.814302
vt 0.559563 0.818666
vt 0.567165 0.821910
vt 0.567489 0.757064
vt 0.560032 0.760307
vt 0.553497 0.764672
vt 0.548133 0.769989
vt 0.544148 0.776057
vt 0.541693 0.782639
vt 0.540865 0.789487
vt 0.541693 0.796333
vt 0.544148 0.802916
vt 0.548133 0.808984
vt 0.553497 0.814302
vt 0.560032 0.818666
vt 0.567489 0.821910
vt 0.568446 0.757064
vt 0.561423 0.760307
vt 0.555266 0.764672
vt 0.550214 0.769989
vt 0.546459 0.776057
vt 0.544148 0.782639
vt 0.543367 0.789487
vt 0.544148 0.796333
vt 0.546459 0.802916
vt 0.550214 0.808984
vt 0.555266 0.814302
vt 0.561423 0.818666
vt 0.568446 0.821910
vt 0.570001 0.757064
vt 0.563680 0.760307
vt 0.558140 0.764672
vt 0.553592 0.769989
vt 0.550214 0.776057
vt 0.548133 0.782639
vt 0.547431 0.789487
vt 0.548133 0.796333
vt 0.550214 0.802916
vt 0.553592 0.808984
vt 0.558140 0.814302
vt 0.563680 0.818666
vt 0.570001 0.821910
vt 0.572094 0.757064
vt 0.566718 0.760307
vt 0.562007 0.764672
vt 0.558140 0.769989
vt 0.555266 0.776057
vt 0.553497 0.782639
vt 0.552899 0.789487
vt 0.553497 0.796333
vt 0.555266 0.802916
vt 0.558140 0.808984
vt 0.562007 0.814302
vt 0.566718 0.818666
vt 0.572094 0.821910
vt 0.574644 0.757064
vt 0.570421 0.760307
vt 0.566718 0.764672
vt 0.563680 0.769989
vt 0.561423 0.776057
vt 0.560032 0.782639
vt 0.559563 0.789487
vt 0.560032 0.796333
vt 0.561423 0.802916
vt 0.563680 0.808984
vt 0.566718 0.814302
vt 0.570421 0.818666
vt 0.574644 0.821910
vt 0.577554 0.757064
vt 0.574644 0.760307
vt 0.572094 0.764672
vt 0.570001 0.769989
vt 0.568446 0.776057
vt 0.567489 0.782639
vt 0.567165 0.789487
vt 0.567489 0.796333
vt 0.568446 0.802916
vt 0.570001 0.808984
vt 0.572094 0.814302
vt 0.574644 0.818666
vt 0.577554 0.821910
vt 0.580710 0.757064
vt 0.579227 0.760307
vt 0.577927 0.764672
vt 0.576860 0.769989
vt 0.576068 0.776057
vt 0.575579 0.782639
vt 0.575414 0.789487
vt 0.575579 0.796333
vt 0.576068 0.802916
vt 0.576860 0.808984
vt 0.577927 0.814302
vt 0.579227 0.818666
vt 0.580710 0.821910
vt 0.583993 0.757064
vt 0.583993 0.760307
vt 0.583993 0.764672
vt 0.583993 0.769989
vt 0.583993 0.776057
vt 0.583993 0.782639
vt 0.583993 0.789487
vt 0.583993 0.796333
vt 0.583993 0.802916
vt 0.583993 0.808984
vt 0.583993 0.814302
vt 0.583993 0.818666
vt 0.583993 0.821910
vt 0.790481 0.779476
vt 0.790481 0.772629
vt 0.790481 0.786322
vt 0.790481 0.792906
vt 0.790481 0.798973
vt 0.790481 0.804291
vt 0.790481 0.808656
vt 0.790481 0.811899
vt 0.790481 0.813896
vt 0.790481 0.814570
vt 0.790481 0.813896
vt 0.790481 0.811899
vt 0.790481 0.808656
vt 0.790481 0.804291
vt 0.790481 0.798973
vt 0.790481 0.792906
vt 0.790481 0.786322
vt 0.790481 0.779476
vt 0.790481 0.772629
vt 0.790481 0.766047
vt 0.790481 0.759978
vt 0.790481 0.754661
vt 0.790481 0.750296
vt 0.790481 0.747053
vt 0.790481 0.745055
vt 0.790481 0.744382
vt 0.790481 0.745055
vt 0.790481 0.747053
vt 0.790481 0.750296
vt 0.790481 0.754661
vt 0.790481 0.759978
vt 0.790481 0.766047
vt 0.794862 0.785776
vt 0.794862 0.779476
vt 0.794862 0.791834
vt 0.794862 0.797417
vt 0.794862 0.802312
vt 0.794862 0.806328
vt 0.794862 0.809312
vt 0.794862 0.811150
vt 0.794862 0.811771
vt 0.794862 0.811150
vt 0.794862 0.809312
vt 0.794862 0.806328
vt 0.794862 0.802312
vt 0.794862 0.797417
vt 0.794862 0.791834
vt 0.794862 0.785776
vt 0.794862 0.779476
vt 0.794862 0.773175
vt 0.794862 0.767118
vt 0.794862 0.761533
vt 0.794862 0.756640
vt 0.794862 0.752624
vt 0.794862 0.749640
vt 0.794862 0.747801
vt 0.794862 0.747181
vt 0.794862 0.747801
vt 0.794862 0.749640
vt 0.794862 0.752624
vt 0.794862 0.756640
vt 0.794862 0.761533
vt 0.794862 0.767118
vt 0.794862 0.773175
vn -0.062628 -0.998037 -0.000002
vn -0.038060 -0.980790 0.191316
vn -0.041033 -0.979962 0.194911
vn -0.049326 0.998783 -0.000009
vn 0.018470 0.980620 0.195049
vn -0.038054 0.980791 0.191312
vn -0.074649 -0.980791 0.180215
vn -0.074649 0.980790 0.180218
vn -0.108374 -0.980789 0.162200
vn -0.108373 0.980789 0.162196
vn -0.137933 -0.980788 0.137945
vn -0.137932 0.980789 0.137943
vn -0.162191 -0.980789 0.108384
vn -0.162189 0.980790 0.108381
vn -0.180219 -0.980791 0.074637
vn -0.180217 0.980792 0.074630
vn -0.191318 -0.980791 0.038035
vn -0.191317 0.980792 0.038024
vn -0.195067 -0.980790 -0.000019
vn -0.195065 0.980790 -0.000010
vn -0.191318 -0.980790 -0.038064
vn -0.191316 0.980791 -0.038050
vn -0.180219 -0.980790 -0.074647
vn -0.180216 0.980789 -0.074662
vn -0.162191 -0.980790 -0.108370
vn -0.162189 0.980787 -0.108402
vn -0.137933 -0.980791 -0.137925
vn -0.137931 0.980788 -0.137947
vn -0.108374 -0.980789 -0.162200
vn -0.108373 0.980790 -0.162190
vn -0.074649 -0.980789 -0.180223
vn -0.074649 0.980791 -0.180210
vn -0.038060 -0.980790 -0.191316
vn -0.038060 0.980791 -0.191310
vn -0.037671 -0.980090 -0.194946
vn 0.021829 0.980555 -0.195025
vn -0.074670 -0.923861 0.375373
vn -0.050148 -0.922690 0.382268
vn -0.108379 -0.831494 0.544860
vn -0.057321 -0.830112 0.554643
vn -0.137935 -0.707179 0.693449
vn -0.062290 -0.705785 0.705682
vn -0.162206 -0.555609 0.815468
vn -0.064861 -0.554414 0.829710
vn -0.180238 -0.382700 0.906121
vn -0.064935 -0.381869 0.921932
vn -0.191340 -0.195132 0.961932
vn -0.062520 -0.194734 0.978862
vn -0.195091 0.000010 0.980785
vn -0.057710 0.000015 0.998333
vn -0.191341 0.195113 0.961935
vn -0.050692 0.194855 0.979521
vn -0.180237 0.382717 0.906114
vn -0.041733 0.382366 0.923068
vn -0.162208 0.555594 0.815478
vn -0.031173 0.555303 0.831064
vn -0.137943 0.707136 0.693491
vn -0.019412 0.706982 0.706965
vn -0.108380 0.831491 0.544864
vn -0.006896 0.831454 0.555550
vn -0.074651 0.923896 0.375291
vn 0.005898 0.923870 0.382661
vn -0.146468 -0.923861 0.353594
vn -0.212599 -0.831495 0.513243
vn -0.270573 -0.707181 0.653211
vn -0.318181 -0.555610 0.768153
vn -0.353551 -0.382701 0.853546
vn -0.375326 -0.195131 0.906120
vn -0.382683 0.000010 0.923880
vn -0.375328 0.195113 0.906124
vn -0.353547 0.382718 0.853540
vn -0.318184 0.555595 0.768162
vn -0.270587 0.707137 0.653254
vn -0.212596 0.831490 0.513251
vn -0.146432 0.923894 0.353521
vn -0.212636 -0.923860 0.318229
vn -0.308641 -0.831495 0.461905
vn -0.392809 -0.707183 0.587872
vn -0.461927 -0.555611 0.691318
vn -0.513276 -0.382703 0.768170
vn -0.544889 -0.195132 0.815488
vn -0.555568 0.000010 0.831471
vn -0.544892 0.195113 0.815490
vn -0.513272 0.382719 0.768166
vn -0.461931 0.555596 0.691326
vn -0.392833 0.707138 0.587910
vn -0.308643 0.831489 0.461914
vn -0.212587 0.923895 0.318158
vn -0.270634 -0.923858 0.270636
vn -0.392823 -0.831492 0.392824
vn -0.499945 -0.707182 0.499949
vn -0.587918 -0.555609 0.587921
vn -0.653275 -0.382703 0.653277
vn -0.693513 -0.195133 0.693514
vn -0.707106 0.000010 0.707108
vn -0.693516 0.195114 0.693517
vn -0.653270 0.382719 0.653272
vn -0.587925 0.555597 0.587926
vn -0.499977 0.707139 0.499977
vn -0.392827 0.831489 0.392827
vn -0.270572 0.923896 0.270568
vn -0.318231 -0.923860 0.212631
vn -0.461910 -0.831493 0.308641
vn -0.587873 -0.707182 0.392808
vn -0.691320 -0.555609 0.461925
vn -0.768172 -0.382702 0.513275
vn -0.815488 -0.195134 0.544887
vn -0.831471 0.000010 0.555568
vn -0.815491 0.195115 0.544890
vn -0.768167 0.382718 0.513270
vn -0.691328 0.555596 0.461930
vn -0.587911 0.707138 0.392831
vn -0.461914 0.831490 0.308642
vn -0.318158 0.923896 0.212584
vn -0.353599 -0.923860 0.146462
vn -0.513246 -0.831493 0.212597
vn -0.653212 -0.707181 0.270574
vn -0.768154 -0.555608 0.318181
vn -0.853548 -0.382699 0.353548
vn -0.906120 -0.195134 0.375325
vn -0.923880 0.000010 0.382681
vn -0.906124 0.195116 0.375325
vn -0.853542 0.382716 0.353545
vn -0.768163 0.555594 0.318184
vn -0.653253 0.707136 0.270590
vn -0.513250 0.831489 0.212604
vn -0.353517 0.923895 0.146439
vn -0.375377 -0.923860 0.074670
vn -0.544858 -0.831494 0.108383
vn -0.693447 -0.707181 0.137938
vn -0.815468 -0.555607 0.162210
vn -0.906120 -0.382699 0.180242
vn -0.961931 -0.195133 0.191343
vn -0.980785 0.000010 0.195090
vn -0.961935 0.195114 0.191342
vn -0.906114 0.382715 0.180241
vn -0.815477 0.555594 0.162210
vn -0.693491 0.707137 0.137943
vn -0.544863 0.831491 0.108384
vn -0.375290 0.923896 0.074661
vn -0.382733 -0.923859 -0.000001
vn -0.555534 -0.831494 0.000003
vn -0.707033 -0.707180 0.000000
vn -0.831445 -0.555607 -0.000001
vn -0.923873 -0.382700 -0.000000
vn -0.980777 -0.195131 0.000001
vn -1.000000 0.000010 0.000001
vn -0.980781 0.195113 0.000000
vn -0.923866 0.382716 0.000001
vn -0.831454 0.555594 0.000001
vn -0.707078 0.707136 -0.000001
vn -0.555538 0.831491 -0.000002
vn -0.382645 0.923895 -0.000004
vn -0.375377 -0.923860 -0.074670
vn -0.544858 -0.831495 -0.108379
vn -0.693447 -0.707181 -0.137940
vn -0.815468 -0.555607 -0.162210
vn -0.906120 -0.382699 -0.180242
vn -0.961931 -0.195134 -0.191342
vn -0.980785 0.000010 -0.195090
vn -0.961935 0.195115 -0.191343
vn -0.906114 0.382716 -0.180240
vn -0.815478 0.555594 -0.162208
vn -0.693490 0.707136 -0.137946
vn -0.544863 0.831491 -0.108384
vn -0.375291 0.923896 -0.074656
vn -0.353598 -0.923859 -0.146467
vn -0.513246 -0.831494 -0.212595
vn -0.653212 -0.707181 -0.270573
vn -0.768155 -0.555608 -0.318180
vn -0.853548 -0.382699 -0.353549
vn -0.906120 -0.195135 -0.375325
vn -0.923880 0.000010 -0.382682
vn -0.906124 0.195116 -0.375325
vn -0.853543 0.382716 -0.353544
vn -0.768164 0.555595 -0.318179
vn -0.653253 0.707136 -0.270591
vn -0.513250 0.831490 -0.212600
vn -0.353517 0.923896 -0.146427
vn -0.318231 -0.923860 -0.212633
vn -0.461910 -0.831493 -0.308640
vn -0.587874 -0.707183 -0.392806
vn -0.691321 -0.555609 -0.461925
vn -0.768172 -0.382702 -0.513275
vn -0.815488 -0.195135 -0.544888
vn -0.831473 0.000010 -0.555566
vn -0.815492 0.195116 -0.544888
vn -0.768168 0.382719 -0.513268
vn -0.691329 0.555596 -0.461927
vn -0.587911 0.707139 -0.392830
vn -0.461914 0.831490 -0.308643
vn -0.318158 0.923897 -0.212581
vn -0.270634 -0.923859 -0.270633
vn -0.392823 -0.831491 -0.392827
vn -0.499945 -0.707183 -0.499947
vn -0.587921 -0.555608 -0.587919
vn -0.653276 -0.382704 -0.653275
vn -0.693514 -0.195136 -0.693513
vn -0.707107 0.000010 -0.707107
vn -0.693517 0.195117 -0.693516
vn -0.653272 0.382720 -0.653270
vn -0.587927 0.555595 -0.587925
vn -0.499978 0.707141 -0.499974
vn -0.392827 0.831489 -0.392826
vn -0.270572 0.923896 -0.270568
vn -0.212635 -0.923857 -0.318236
vn -0.308639 -0.831492 -0.461912
vn -0.392805 -0.707184 -0.587873
vn -0.461926 -0.555610 -0.691319
vn -0.513276 -0.382703 -0.768171
vn -0.544888 -0.195135 -0.815488
vn -0.555566 0.000010 -0.831472
vn -0.544890 0.195116 -0.815491
vn -0.513272 0.382719 -0.768166
vn -0.461931 0.555596 -0.691327
vn -0.392831 0.707141 -0.587908
vn -0.308643 0.831491 -0.461911
vn -0.212587 0.923897 -0.318153
vn -0.146468 -0.923858 -0.353601
vn -0.212599 -0.831493 -0.513246
vn -0.270573 -0.707181 -0.653211
vn -0.318180 -0.555609 -0.768154
vn -0.353549 -0.382700 -0.853548
vn -0.375324 -0.195134 -0.906120
vn -0.382683 0.000010 -0.923880
vn -0.375327 0.195116 -0.906123
vn -0.353546 0.382716 -0.853542
vn -0.318184 0.555595 -0.768162
vn -0.270590 0.707136 -0.653253
vn -0.212601 0.831490 -0.513250
vn -0.146435 0.923896 -0.353515
vn -0.074670 -0.923859 -0.375378
vn -0.108381 -0.831494 -0.544859
vn -0.137938 -0.707181 -0.693447
vn -0.162210 -0.555608 -0.815468
vn -0.180242 -0.382699 -0.906121
vn -0.191342 -0.195134 -0.961931
vn -0.195091 0.000010 -0.980785
vn -0.191343 0.195115 -0.961934
vn -0.180241 0.382716 -0.906114
vn -0.162211 0.555593 -0.815478
vn -0.137946 0.707136 -0.693491
vn -0.108381 0.831491 -0.544863
vn -0.074653 0.923897 -0.375289
vn -0.043550 -0.922972 -0.382396
vn -0.047741 -0.830529 -0.554926
vn -0.050092 -0.706271 -0.706167
vn -0.050511 -0.554878 -0.830397
vn -0.048984 -0.382223 -0.922771
vn -0.045575 -0.194919 -0.979760
vn -0.040423 0.000005 -0.999183
vn -0.033737 0.194983 -0.980226
vn -0.025765 0.382565 -0.923569
vn -0.016803 0.555490 -0.831353
vn -0.007192 0.707095 -0.707082
vn 0.002703 0.831473 -0.555558
vn 0.012501 0.923817 -0.382630
vn 0.323359 0.000015 0.946276
vn 0.317912 -0.184983 0.929900
vn 0.329110 0.184229 0.926146
vn 0.334943 0.360580 0.870515
vn 0.340629 0.522331 0.781756
vn 0.345953 0.663436 0.663452
vn 0.350710 0.778650 0.520295
vn 0.354724 0.863800 0.357799
vn 0.357841 0.915840 0.182173
vn 0.359954 0.932970 0.000007
vn 0.360977 0.914657 -0.181928
vn 0.360883 0.861622 -0.356890
vn 0.359665 0.775824 -0.518399
vn 0.357375 0.660401 -0.660419
vn 0.354092 0.519558 -0.777611
vn 0.349940 0.358481 -0.865467
vn 0.345071 0.183100 -0.920543
vn 0.339671 0.000004 -0.940544
vn 0.333941 -0.183910 -0.924478
vn 0.328105 -0.361484 -0.872741
vn 0.322395 -0.525906 -0.787074
vn 0.317015 -0.670668 -0.670601
vn 0.312195 -0.789907 -0.527809
vn 0.308118 -0.878895 -0.364153
vn 0.304945 -0.934069 -0.185803
vn 0.302779 -0.953061 -0.000006
vn 0.301741 -0.935072 0.185991
vn 0.301833 -0.880757 0.364915
vn 0.303076 -0.792361 0.529443
vn 0.305415 -0.673354 0.673287
vn 0.308766 -0.528417 0.790847
vn 0.312981 -0.363436 0.877472
vn 0.625034 0.152291 0.765598
vn 0.625035 0.000008 0.780597
vn 0.625034 0.298724 0.721178
vn 0.625033 0.433667 0.649051
vn 0.625033 0.551964 0.551969
vn 0.625030 0.649044 0.433680
vn 0.625032 0.721183 0.298714
vn 0.625028 0.765605 0.152280
vn 0.625032 0.780599 0.000000
vn 0.625030 0.765603 -0.152283
vn 0.625034 0.721180 -0.298718
vn 0.625031 0.649045 -0.433678
vn 0.625034 0.551964 -0.551968
vn 0.625033 0.433670 -0.649049
vn 0.625035 0.298724 -0.721176
vn 0.625035 0.152288 -0.765597
vn 0.625037 0.000007 -0.780596
vn 0.625036 -0.152302 -0.765594
vn 0.625034 -0.298712 -0.721182
vn 0.625040 -0.433677 -0.649037
vn 0.625032 -0.551998 -0.551936
vn 0.625030 -0.649046 -0.433678
vn 0.625032 -0.721152 -0.298788
vn 0.625044 -0.765592 -0.152281
vn 0.625031 -0.780600 0.000001
vn 0.625044 -0.765592 0.152282
vn 0.625033 -0.721152 0.298785
vn 0.625033 -0.649046 0.433674
vn 0.625033 -0.551999 0.551933
vn 0.625040 -0.433675 0.649038
vn 0.625033 -0.298712 0.721183
vn 0.625036 -0.152305 0.765594
s 1
g lShldr
usemtl default
f 3790/3790/3790 3791/3791/3791 3792/3792/3792
f 3793/3793/3793 3794/3794/3794 3795/3795/3795
f 3790/3790/3790 3796/3796/3796 3791/3791/3791
f 3793/3793/3793 3795/3795/3795 3797/3797/3797
f 3790/3790/3790 3798/3798/3798 3796/3796/3796
f 3793/3793/3793 3797/3797/3797 3799/3799/3799
f 3790/3790/3790 3800/3800/3800 3798/3798/3798
f 3793/3793/3793 3799/3799/3799 3801/3801/3801
f 3790/3790/3790 3802/3802/3802 3800/3800/3800
f 3793/3793/3793 3801/3801/3801 3803/3803/3803
f 3790/3790/3790 3804/3804/3804 3802/3802/3802
f 3793/3793/3793 3803/3803/3803 3805/3805/3805
f 3790/3790/3790 3806/3806/3806 3804/3804/3804
f 3793/3793/3793 3805/3805/3805 3807/3807/3807
f 3790/3790/3790 3808/3808/3808 3806/3806/3806
f 3793/3793/3793 3807/3807/3807 3809/3809/3809
f 3790/3790/3790 3810/3810/3810 3808/3808/3808
f 3793/3793/3793 3809/3809/3809 3811/3811/3811
f 3790/3790/3790 3812/3812/3812 3810/3810/3810
f 3793/3793/3793 3811/3811/3811 3813/3813/3813
f 3790/3790/3790 3814/3814/3814 3812/3812/3812
f 3793/3793/3793 3813/3813/3813 3815/3815/3815
f 3790/3790/3790 3816/3816/3816 3814/3814/3814
f 3793/3793/3793 3815/3815/3815 3817/3817/3817
f 3790/3790/3790 3818/3818/3818 3816/3816/3816
f 3793/3793/3793 3817/3817/3817 3819/3819/3819
f 3790/3790/3790 3820/3820/3820 3818/3818/3818
f 3793/3793/3793 3819/3819/3819 3821/3821/3821
f 3790/3790/3790 3822/3822/3822 3820/3820/3820
f 3793/3793/3793 3821/3821/3821 3823/3823/3823
f 3790/3790/3790 3824/3824/3824 3822/3822/3822
f 3793/3793/3793 3823/3823/3823 3825/3825/3825
f 3792/3792/3792 3791/3791/3791 3826/3826/3826 3827/3827/3827
f 3827/3827/3827 3826/3826/3826 3828/3828/3828 3829/3829/3829
f 3829/3829/3829 3828/3828/3828 3830/3830/3830 3831/3831/3831
f 3831/3831/3831 3830/3830/3830 3832/3832/3832 3833/3833/3833
f 3833/3833/3833 3832/3832/3832 3834/3834/3834 3835/3835/3835
f 3835/3835/3835 3834/3834/3834 3836/3836/3836 3837/3837/3837
f 3837/3837/3837 3836/3836/3836 3838/3838/3838 3839/3839/3839
f 3839/3839/3839 3838/3838/3838 3840/3840/3840 3841/3841/3841
f 3841/3841/3841 3840/3840/3840 3842/3842/3842 3843/3843/3843
f 3843/3843/3843 3842/3842/3842 3844/3844/3844 3845/3845/3845
f 3845/3845/3845 3844/3844/3844 3846/3846/3846 3847/3847/3847
f 3847/3847/3847 3846/3846/3846 3848/3848/3848 3849/3849/3849
f 3849/3849/3849 3848/3848/3848 3850/3850/3850 3851/3851/3851
f 3851/3851/3851 3850/3850/3850 3795/3795/3795 3794/3794/3794
f 3791/3791/3791 3796/3796/3796 3852/3852/3852 3826/3826/3826
f 3826/3826/3826 3852/3852/3852 3853/3853/3853 3828/3828/3828
f 3828/3828/3828 3853/3853/3853 3854/3854/3854 3830/3830/3830
f 3830/3830/3830 3854/3854/3854 3855/3855/3855 3832/3832/3832
f 3832/3832/3832 3855/3855/3855 3856/3856/3856 3834/3834/3834
f 3834/3834/3834 3856/3856/3856 3857/3857/3857 3836/3836/3836
f 3836/3836/3836 3857/3857/3857 3858/3858/3858 3838/3838/3838
f 3838/3838/3838 3858/3858/3858 3859/3859/3859 3840/3840/3840
f 3840/3840/3840 3859/3859/3859 3860/3860/3860 3842/3842/3842
f 3842/3842/3842 3860/3860/3860 3861/3861/3861 3844/3844/3844
f 3844/3844/3844 3861/3861/3861 3862/3862/3862 3846/3846/3846
f 3846/3846/3846 3862/3862/3862 3863/3863/3863 3848/3848/3848
f 3848/3848/3848 3863/3863/3863 3864/3864/3864 3850/3850/3850
f 3850/3850/3850 3864/3864/3864 3797/3797/3797 3795/3795/3795
f 3796/3796/3796 3798/3798/3798 3865/3865/3865 3852/3852/3852
f 3852/3852/3852 3865/3865/3865 3866/3866/3866 3853/3853/3853
f 3853/3853/3853 3866/3866/3866 3867/3867/3867 3854/3854/3854
f 3854/3854/3854 3867/3867/3867 3868/3868/3868 3855/3855/3855
f 3855/3855/3855 3868/3868/3868 3869/3869/3869 3856/3856/3856
f 3856/3856/3856 3869/3869/3869 3870/3870/3870 3857/3857/3857
f 3857/3857/3857 3870/3870/3870 3871/3871/3871 3858/3858/3858
f 3858/3858/3858 3871/3871/3871 3872/3872/3872 3859/3859/3859
f 3859/3859/3859 3872/3872/3872 3873/3873/3873 3860/3860/3860
f 3860/3860/3860 3873/3873/3873 3874/3874/3874 3861/3861/3861
f 3861/3861/3861 3874/3874/3874 3875/3875/3875 3862/3862/3862
f 3862/3862/3862 3875/3875/3875 3876/3876/3876 3863/3863/3863
f 3863/3863/3863 3876/3876/3876 3877/3877/3877 3864/3864/3864
f 3864/3864/3864 3877/3877/3877 3799/3799/3799 3797/3797/3797
f 3798/3798/3798 3800/3800/3800 3878/3878/3878 3865/3865/3865
f 3865/3865/3865 3878/3878/3878 3879/3879/3879 3866/3866/3866
f 3866/3866/3866 3879/3879/3879 3880/3880/3880 3867/3867/3867
f 3867/3867/3867 3880/3880/3880 3881/3881/3881 3868/3868/3868
f 3868/3868/3868 3881/3881/3881 3882/3882/3882 3869/3869/3869
f 3869/3869/3869 3882/3882/3882 3883/3883/3883 3870/3870/3870
f 3870/3870/3870 3883/3883/3883 3884/3884/3884 3871/3871/3871
f 3871/3871/3871 3884/3884/3884 3885/3885/3885 3872/3872/3872
f 3872/3872/3872 3885/3885/3885 3886/3886/3886 3873/3873/3873
f 3873/3873/3873 3886/3886/3886 3887/3887/3887 3874/3874/3874
f 3874/3874/3874 3887/3887/3887 3888/3888/3888 3875/3875/3875
f 3875/3875/3875 3888/3888/3888 3889/3889/3889 3876/3876/3876
f 3876/3876/3876 3889/3889/3889 3890/3890/3890 3877/3877/3877
f 3877/3877/3877 3890/3890/3890 3801/3801/3801 3799/3799/3799
f 3800/3800/3800 3802/3802/3802 3891/3891/3891 3878/3878/3878
f 3878/3878/3878 3891/3891/3891 3892/3892/3892 3879/3879/3879
f 3879/3879/3879 3892/3892/3892 3893/3893/3893 3880/3880/3880
f 3880/3880/3880 3893/3893/3893 3894/3894/3894 3881/3881/3881
f 3881/3881/3881 3894/3894/3894 3895/3895/3895 3882/3882/3882
f 3882/3882/3882 3895/3895/3895 3896/3896/3896 3883/3883/3883
f 3883/3883/3883 3896/3896/3896 3897/3897/3897 3884/3884/3884
f 3884/3884/3884 3897/3897/3897 3898/3898/3898 3885/3885/3885
f 3885/3885/3885 3898/3898/3898 3899/3899/3899 3886/3886/3886
f 3886/3886/3886 3899/3899/3899 3900/3900/3900 3887/3887/3887
f 3887/3887/3887 3900/3900/3900 3901/3901/3901 3888/3888/3888
f 3888/3888/3888 3901/3901/3901 3902/3902/3902 3889/3889/3889
f 3889/3889/3889 3902/3902/3902 3903/3903/3903 3890/3890/3890
f 3890/3890/3890 3903/3903/3903 3803/3803/3803 3801/3801/3801
f 3802/3802/3802 3804/3804/3804 3904/3904/3904 3891/3891/3891
f 3891/3891/3891 3904/3904/3904 3905/3905/3905 3892/3892/3892
f 3892/3892/3892 3905/3905/3905 3906/3906/3906 3893/3893/3893
f 3893/3893/3893 3906/3906/3906 3907/3907/3907 3894/3894/3894
f 3894/3894/3894 3907/3907/3907 3908/3908/3908 3895/3895/3895
f 3895/3895/3895 3908/3908/3908 3909/3909/3909 3896/3896/3896
f 3896/3896/3896 3909/3909/3909 3910/3910/3910 3897/3897/3897
f 3897/3897/3897 3910/3910/3910 3911/3911/3911 3898/3898/3898
f 3898/3898/3898 3911/3911/3911 3912/3912/3912 3899/3899/3899
f 3899/3899/3899 3912/3912/3912 3913/3913/3913 3900/3900/3900
f 3900/3900/3900 3913/3913/3913 3914/3914/3914 3901/3901/3901
f 3901/3901/3901 3914/3914/3914 3915/3915/3915 3902/3902/3902
f 3902/3902/3902 3915/3915/3915 3916/3916/3916 3903/3903/3903
f 3903/3903/3903 3916/3916/3916 3805/3805/3805 3803/3803/3803
f 3804/3804/3804 3806/3806/3806 3917/3917/3917 3904/3904/3904
f 3904/3904/3904 3917/3917/3917 3918/3918/3918 3905/3905/3905
f 3905/3905/3905 3918/3918/3918 3919/3919/3919 3906/3906/3906
f 3906/3906/3906 3919/3919/3919 3920/3920/3920 3907/3907/3907
f 3907/3907/3907 3920/3920/3920 3921/3921/3921 3908/3908/3908
f 3908/3908/3908 3921/3921/3921 3922/3922/3922 3909/3909/3909
f 3909/3909/3909 3922/3922/3922 3923/3923/3923 3910/3910/3910
f 3910/3910/3910 3923/3923/3923 3924/3924/3924 3911/3911/3911
f 3911/3911/3911 3924/3924/3924 3925/3925/3925 3912/3912/3912
f 3912/3912/3912 3925/3925/3925 3926/3926/3926 3913/3913/3913
f 3913/3913/3913 3926/3926/3926 3927/3927/3927 3914/3914/3914
f 3914/3914/3914 3927/3927/3927 3928/3928/3928 3915/3915/3915
f 3915/3915/3915 3928/3928/3928 3929/3929/3929 3916/3916/3916
f 3916/3916/3916 3929/3929/3929 3807/3807/3807 3805/3805/3805
f 3806/3806/3806 3808/3808/3808 3930/3930/3930 3917/3917/3917
f 3917/3917/3917 3930/3930/3930 3931/3931/3931 3918/3918/3918
f 3918/3918/3918 3931/3931/3931 3932/3932/3932 3919/3919/3919
f 3919/3919/3919 3932/3932/3932 3933/3933/3933 3920/3920/3920
f 3920/3920/3920 3933/3933/3933 3934/3934/3934 3921/3921/3921
f 3921/3921/3921 3934/3934/3934 3935/3935/3935 3922/3922/3922
f 3922/3922/3922 3935/3935/3935 3936/3936/3936 3923/3923/3923
f 3923/3923/3923 3936/3936/3936 3937/3937/3937 3924/3924/3924
f 3924/3924/3924 3937/3937/3937 3938/3938/3938 3925/3925/3925
f 3925/3925/3925 3938/3938/3938 3939/3939/3939 3926/3926/3926
f 3926/3926/3926 3939/3939/3939 3940/3940/3940 3927/3927/3927
f 3927/3927/3927 3940/3940/3940 3941/3941/3941 3928/3928/3928
f 3928/3928/3928 3941/3941/3941 3942/3942/3942 3929/3929/3929
f 3929/3929/3929 3942/3942/3942 3809/3809/3809 3807/3807/3807
f 3808/3808/3808 3810/3810/3810 3943/3943/3943 3930/3930/3930
f 3930/3930/3930 3943/3943/3943 3944/3944/3944 3931/3931/3931
f 3931/3931/3931 3944/3944/3944 3945/3945/3945 3932/3932/3932
f 3932/3932/3932 3945/3945/3945 3946/3946/3946 3933/3933/3933
f 3933/3933/3933 3946/3946/3946 3947/3947/3947 3934/3934/3934
f 3934/3934/3934 3947/3947/3947 3948/3948/3948 3935/3935/3935
f 3935/3935/3935 3948/3948/3948 3949/3949/3949 3936/3936/3936
f 3936/3936/3936 3949/3949/3949 3950/3950/3950 3937/3937/3937
f 3937/3937/3937 3950/3950/3950 3951/3951/3951 3938/3938/3938
f 3938/3938/3938 3951/3951/3951 3952/3952/3952 3939/3939/3939
f 3939/3939/3939 3952/3952/3952 3953/3953/3953 3940/3940/3940
f 3940/3940/3940 3953/3953/3953 3954/3954/3954 3941/3941/3941
f 3941/3941/3941 3954/3954/3954 3955/3955/3955 3942/3942/3942
f 3942/3942/3942 3955/3955/3955 3811/3811/3811 3809/3809/3809
f 3810/3810/3810 3812/3812/3812 3956/3956/3956 3943/3943/3943
f 3943/3943/3943 3956/3956/3956 3957/3957/3957 3944/3944/3944
f 3944/3944/3944 3957/3957/3957 3958/3958/3958 3945/3945/3945
f 3945/3945/3945 3958/3958/3958 3959/3959/3959 3946/3946/3946
f 3946/3946/3946 3959/3959/3959 3960/3960/3960 3947/3947/3947
f 3947/3947/3947 3960/3960/3960 3961/3961/3961 3948/3948/3948
f 3948/3948/3948 3961/3961/3961 3962/3962/3962 3949/3949/3949
f 3949/3949/3949 3962/3962/3962 3963/3963/3963 3950/3950/3950
f 3950/3950/3950 3963/3963/3963 3964/3964/3964 3951/3951/3951
f 3951/3951/3951 3964/3964/3964 3965/3965/3965 3952/3952/3952
f 3952/3952/3952 3965/3965/3965 3966/3966/3966 3953/3953/3953
f 3953/3953/3953 3966/3966/3966 3967/3967/3967 3954/3954/3954
f 3954/3954/3954 3967/3967/3967 3968/3968/3968 3955/3955/3955
f 3955/3955/3955 3968/3968/3968 3813/3813/3813 3811/3811/3811
f 3812/3812/3812 3814/3814/3814 3969/3969/3969 3956/3956/3956
f 3956/3956/3956 3969/3969/3969 3970/3970/3970 3957/3957/3957
f 3957/3957/3957 3970/3970/3970 3971/3971/3971 3958/3958/3958
f 3958/3958/3958 3971/3971/3971 3972/3972/3972 3959/3959/3959
f 3959/3959/3959 3972/3972/3972 3973/3973/3973 3960/3960/3960
f 3960/3960/3960 3973/3973/3973 3974/3974/3974 3961/3961/3961
f 3961/3961/3961 3974/3974/3974 3975/3975/3975 3962/3962/3962
f 3962/3962/3962 3975/3975/3975 3976/3976/3976 3963/3963/3963
f 3963/3963/3963 3976/3976/3976 3977/3977/3977 3964/3964/3964
f 3964/3964/3964 3977/3977/3977 3978/3978/3978 3965/3965/3965
f 3965/3965/3965 3978/3978/3978 3979/3979/3979 3966/3966/3966
f 3966/3966/3966 3979/3979/3979 3980/3980/3980 3967/3967/3967
f 3967/3967/3967 3980/3980/3980 3981/3981/3981 3968/3968/3968
f 3968/3968/3968 3981/3981/3981 3815/3815/3815 3813/3813/3813
f 3814/3814/3814 3816/3816/3816 3982/3982/3982 3969/3969/3969
f 3969/3969/3969 3982/3982/3982 3983/3983/3983 3970/3970/3970
f 3970/3970/3970 3983/3983/3983 3984/3984/3984 3971/3971/3971
f 3971/3971/3971 3984/3984/3984 3985/3985/3985 3972/3972/3972
f 3972/3972/3972 3985/3985/3985 3986/3986/3986 3973/3973/3973
f 3973/3973/3973 3986/3986/3986 3987/3987/3987 3974/3974/3974
f 3974/3974/3974 3987/3987/3987 3988/3988/3988 3975/3975/3975
f 3975/3975/3975 3988/3988/3988 3989/3989/3989 3976/3976/3976
f 3976/3976/3976 3989/3989/3989 3990/3990/3990 3977/3977/3977
f 3977/3977/3977 3990/3990/3990 3991/3991/3991 3978/3978/3978
f 3978/3978/3978 3991/3991/3991 3992/3992/3992 3979/3979/3979
f 3979/3979/3979 3992/3992/3992 3993/3993/3993 3980/3980/3980
f 3980/3980/3980 3993/3993/3993 3994/3994/3994 3981/3981/3981
f 3981/3981/3981 3994/3994/3994 3817/3817/3817 3815/3815/3815
f 3816/3816/3816 3818/3818/3818 3995/3995/3995 3982/3982/3982
f 3982/3982/3982 3995/3995/3995 3996/3996/3996 3983/3983/3983
f 3983/3983/3983 3996/3996/3996 3997/3997/3997 3984/3984/3984
f 3984/3984/3984 3997/3997/3997 3998/3998/3998 3985/3985/3985
f 3985/3985/3985 3998/3998/3998 3999/3999/3999 3986/3986/3986
f 3986/3986/3986 3999/3999/3999 4000/4000/4000 3987/3987/3987
f 3987/3987/3987 4000/4000/4000 4001/4001/4001 3988/3988/3988
f 3988/3988/3988 4001/4001/4001 4002/4002/4002 3989/3989/3989
f 3989/3989/3989 4002/4002/4002 4003/4003/4003 3990/3990/3990
f 3990/3990/3990 4003/4003/4003 4004/4004/4004 3991/3991/3991
f 3991/3991/3991 4004/4004/4004 4005/4005/4005 3992/3992/3992
f 3992/3992/3992 4005/4005/4005 4006/4006/4006 3993/3993/3993
f 3993/3993/3993 4006/4006/4006 4007/4007/4007 3994/3994/3994
f 3994/3994/3994 4007/4007/4007 3819/3819/3819 3817/3817/3817
f 3818/3818/3818 3820/3820/3820 4008/4008/4008 3995/3995/3995
f 3995/3995/3995 4008/4008/4008 4009/4009/4009 3996/3996/3996
f 3996/3996/3996 4009/4009/4009 4010/4010/4010 3997/3997/3997
f 3997/3997/3997 4010/4010/4010 4011/4011/4011 3998/3998/3998
f 3998/3998/3998 4011/4011/4011 4012/4012/4012 3999/3999/3999
f 3999/3999/3999 4012/4012/4012 4013/4013/4013 4000/4000/4000
f 4000/4000/4000 4013/4013/4013 4014/4014/4014 4001/4001/4001
f 4001/4001/4001 4014/4014/4014 4015/4015/4015 4002/4002/4002
f 4002/4002/4002 4015/4015/4015 4016/4016/4016 4003/4003/4003
f 4003/4003/4003 4016/4016/4016 4017/4017/4017 4004/4004/4004
f 4004/4004/4004 4017/4017/4017 4018/4018/4018 4005/4005/4005
f 4005/4005/4005 4018/4018/4018 4019/4019/4019 4006/4006/4006
f 4006/4006/4006 4019/4019/4019 4020/4020/4020 4007/4007/4007
f 4007/4007/4007 4020/4020/4020 3821/3821/3821 3819/3819/3819
f 3820/3820/3820 3822/3822/3822 4021/4021/4021 4008/4008/4008
f 4008/4008/4008 4021/4021/4021 4022/4022/4022 4009/4009/4009
f 4009/4009/4009 4022/4022/4022 4023/4023/4023 4010/4010/4010
f 4010/4010/4010 4023/4023/4023 4024/4024/4024 4011/4011/4011
f 4011/4011/4011 4024/4024/4024 4025/4025/4025 4012/4012/4012
f 4012/4012/4012 4025/4025/4025 4026/4026/4026 4013/4013/4013
f 4013/4013/4013 4026/4026/4026 4027/4027/4027 4014/4014/4014
f 4014/4014/4014 4027/4027/4027 4028/4028/4028 4015/4015/4015
f 4015/4015/4015 4028/4028/4028 4029/4029/4029 4016/4016/4016
f 4016/4016/4016 4029/4029/4029 4030/4030/4030 4017/4017/4017
f 4017/4017/4017 4030/4030/4030 4031/4031/4031 4018/4018/4018
f 4018/4018/4018 4031/4031/4031 4032/4032/4032 4019/4019/4019
f 4019/4019/4019 4032/4032/4032 4033/4033/4033 4020/4020/4020
f 4020/4020/4020 4033/4033/4033 3823/3823/3823 3821/3821/3821
f 3822/3822/3822 3824/3824/3824 4034/4034/4034 4021/4021/4021
f 4021/4021/4021 4034/4034/4034 4035/4035/4035 4022/4022/4022
f 4022/4022/4022 4035/4035/4035 4036/4036/4036 4023/4023/4023
f 4023/4023/4023 4036/4036/4036 4037/4037/4037 4024/4024/4024
f 4024/4024/4024 4037/4037/4037 4038/4038/4038 4025/4025/4025
f 4025/4025/4025 4038/4038/4038 4039/4039/4039 4026/4026/4026
f 4026/4026/4026 4039/4039/4039 4040/4040/4040 4027/4027/4027
f 4027/4027/4027 4040/4040/4040 4041/4041/4041 4028/4028/4028
f 4028/4028/4028 4041/4041/4041 4042/4042/4042 4029/4029/4029
f 4029/4029/4029 4042/4042/4042 4043/4043/4043 4030/4030/4030
f 4030/4030/4030 4043/4043/4043 4044/4044/4044 4031/4031/4031
f 4031/4031/4031 4044/4044/4044 4045/4045/4045 4032/4032/4032
f 4032/4032/4032 4045/4045/4045 4046/4046/4046 4033/4033/4033
f 4033/4033/4033 4046/4046/4046 3825/3825/3825 3823/3823/3823
f 3837/3837/3837 3839/3839/3839 4047/4047/4047 4048/4048/4048
f 3839/3839/3839 3841/3841/3841 4049/4049/4049 4047/4047/4047
f 3841/3841/3841 3843/3843/3843 4050/4050/4050 4049/4049/4049
f 3843/3843/3843 3845/3845/3845 4051/4051/4051 4050/4050/4050
f 3845/3845/3845 3847/3847/3847 4052/4052/4052 4051/4051/4051
f 3847/3847/3847 3849/3849/3849 4053/4053/4053 4052/4052/4052
f 3849/3849/3849 3851/3851/3851 4054/4054/4054 4053/4053/4053
f 3851/3851/3851 3794/3794/3794 4055/4055/4055 4054/4054/4054
f 3794/3794/3794 3793/3793/3793 4056/4056/4056 4055/4055/4055
f 3793/3793/3793 3825/3825/3825 4057/4057/4057 4056/4056/4056
f 3825/3825/3825 4046/4046/4046 4058/4058/4058 4057/4057/4057
f 4046/4046/4046 4045/4045/4045 4059/4059/4059 4058/4058/4058
f 4045/4045/4045 4044/4044/4044 4060/4060/4060 4059/4059/4059
f 4044/4044/4044 4043/4043/4043 4061/4061/4061 4060/4060/4060
f 4043/4043/4043 4042/4042/4042 4062/4062/4062 4061/4061/4061
f 4042/4042/4042 4041/4041/4041 4063/4063/4063 4062/4062/4062
f 4041/4041/4041 4040/4040/4040 4064/4064/4064 4063/4063/4063
f 4040/4040/4040 4039/4039/4039 4065/4065/4065 4064/4064/4064
f 4039/4039/4039 4038/4038/4038 4066/4066/4066 4065/4065/4065
f 4038/4038/4038 4037/4037/4037 4067/4067/4067 4066/4066/4066
f 4037/4037/4037 4036/4036/4036 4068/4068/4068 4067/4067/4067
f 4036/4036/4036 4035/4035/4035 4069/4069/4069 4068/4068/4068
f 4035/4035/4035 4034/4034/4034 4070/4070/4070 4069/4069/4069
f 4034/4034/4034 3824/3824/3824 4071/4071/4071 4070/4070/4070
f 3824/3824/3824 3790/3790/3790 4072/4072/4072 4071/4071/4071
f 3790/3790/3790 3792/3792/3792 4073/4073/4073 4072/4072/4072
f 3792/3792/3792 3827/3827/3827 4074/4074/4074 4073/4073/4073
f 3827/3827/3827 3829/3829/3829 4075/4075/4075 4074/4074/4074
f 3829/3829/3829 3831/3831/3831 4076/4076/4076 4075/4075/4075
f 3831/3831/3831 3833/3833/3833 4077/4077/4077 4076/4076/4076
f 3833/3833/3833 3835/3835/3835 4078/4078/4078 4077/4077/4077
f 3835/3835/3835 3837/3837/3837 4048/4048/4048 4078/4078/4078
f 4047/4047/4047 4049/4049/4049 4079/4079/4079 4080/4080/4080
f 4049/4049/4049 4050/4050/4050 4081/4081/4081 4079/4079/4079
f 4050/4050/4050 4051/4051/4051 4082/4082/4082 4081/4081/4081
f 4051/4051/4051 4052/4052/4052 4083/4083/4083 4082/4082/4082
f 4052/4052/4052 4053/4053/4053 4084/4084/4084 4083/4083/4083
f 4053/4053/4053 4054/4054/4054 4085/4085/4085 4084/4084/4084
f 4054/4054/4054 4055/4055/4055 4086/4086/4086 4085/4085/4085
f 4055/4055/4055 4056/4056/4056 4087/4087/4087 4086/4086/4086
f 4056/4056/4056 4057/4057/4057 4088/4088/4088 4087/4087/4087
f 4057/4057/4057 4058/4058/4058 4089/4089/4089 4088/4088/4088
f 4058/4058/4058 4059/4059/4059 4090/4090/4090 4089/4089/4089
f 4059/4059/4059 4060/4060/4060 4091/4091/4091 4090/4090/4090
f 4060/4060/4060 4061/4061/4061 4092/4092/4092 4091/4091/4091
f 4061/4061/4061 4062/4062/4062 4093/4093/4093 4092/4092/4092
f 4062/4062/4062 4063/4063/4063 4094/4094/4094 4093/4093/4093
f 4063/4063/4063 4064/4064/4064 4095/4095/4095 4094/4094/4094
f 4064/4064/4064 4065/4065/4065 4096/4096/4096 4095/4095/4095
f 4065/4065/4065 4066/4066/4066 4097/4097/4097 4096/4096/4096
f 4066/4066/4066 4067/4067/4067 4098/4098/4098 4097/4097/4097
f 4067/4067/4067 4068/4068/4068 4099/4099/4099 4098/4098/4098
f 4068/4068/4068 4069/4069/4069 4100/4100/4100 4099/4099/4099
f 4069/4069/4069 4070/4070/4070 4101/4101/4101 4100/4100/4100
f 4070/4070/4070 4071/4071/4071 4102/4102/4102 4101/4101/4101
f 4071/4071/4071 4072/4072/4072 4103/4103/4103 4102/4102/4102
f 4072/4072/4072 4073/4073/4073 4104/4104/4104 4103/4103/4103
f 4073/4073/4073 4074/4074/4074 4105/4105/4105 4104/4104/4104
f 4074/4074/4074 4075/4075/4075 4106/4106/4106 4105/4105/4105
f 4075/4075/4075 4076/4076/4076 4107/4107/4107 4106/4106/4106
f 4076/4076/4076 4077/4077/4077 4108/4108/4108 4107/4107/4107
f 4077/4077/4077 4078/4078/4078 4109/4109/4109 4108/4108/4108
f 4078/4078/4078 4048/4048/4048 4110/4110/4110 4109/4109/4109
f 4048/4048/4048 4047/4047/4047 4080/4080/4080 4110/4110/4110
g default
v -0.036000 0.381615 0.019016
v -0.036000 0.377605 0.021698
v -0.035064 0.377677 0.021640
v -0.034163 0.377888 0.021466
v -0.033333 0.378231 0.021185
v -0.032606 0.378692 0.020806
v -0.032009 0.379254 0.020344
v -0.031565 0.379896 0.019818
v -0.031292 0.380592 0.019246
v -0.031199 0.381315 0.018652
v -0.031292 0.382039 0.018057
v -0.031565 0.382735 0.017486
v -0.032009 0.383377 0.016959
v -0.032606 0.383939 0.016498
v -0.033333 0.384400 0.016119
v -0.034163 0.384743 0.015837
v -0.035064 0.384954 0.015664
v -0.036000 0.385025 0.015605
v -0.036936 0.384954 0.015664
v -0.037837 0.384743 0.015837
v -0.038667 0.384400 0.016119
v -0.039394 0.383939 0.016498
v -0.039991 0.383377 0.016959
v -0.040435 0.382735 0.017486
v -0.040708 0.382039 0.018057
v -0.040800 0.381315 0.018652
v -0.040708 0.380592 0.019246
v -0.040435 0.379896 0.019818
v -0.039991 0.379254 0.020344
v -0.039394 0.378692 0.020806
v -0.038667 0.378231 0.021185
v -0.037837 0.377888 0.021466
v -0.036936 0.377677 0.021640
v -0.031199 0.347349 0.015315
v -0.036000 0.346983 0.015615
v -0.031292 0.350753 0.018730
v -0.036000 0.350395 0.019025
v -0.031565 0.354744 0.021426
v -0.036000 0.354406 0.021704
v -0.032009 0.359168 0.023300
v -0.036000 0.358864 0.023549
v -0.032606 0.363853 0.024276
v -0.036000 0.363595 0.024488
v -0.033333 0.368621 0.024320
v -0.036000 0.368418 0.024487
v -0.034163 0.373289 0.023430
v -0.036000 0.373149 0.023545
v -0.026584 0.348431 0.014426
v -0.026765 0.351815 0.017859
v -0.027300 0.355744 0.020605
v -0.028170 0.360067 0.022561
v -0.029342 0.364618 0.023648
v -0.030769 0.369222 0.023826
v -0.032396 0.373703 0.023090
v -0.022329 0.350188 0.012983
v -0.022592 0.353538 0.016444
v -0.023370 0.357367 0.019272
v -0.024633 0.361529 0.021361
v -0.026333 0.365861 0.022627
v -0.028405 0.370199 0.023025
v -0.030769 0.374375 0.022537
v -0.018601 0.352553 0.011041
v -0.018935 0.355858 0.014539
v -0.019925 0.359552 0.017478
v -0.021533 0.363495 0.019746
v -0.023697 0.367533 0.021254
v -0.026333 0.371513 0.021946
v -0.029342 0.375281 0.021794
v -0.015541 0.355435 0.008675
v -0.015934 0.358684 0.012218
v -0.017098 0.362215 0.015292
v -0.018989 0.365891 0.017779
v -0.021533 0.369571 0.019581
v -0.024633 0.373114 0.020631
v -0.028170 0.376383 0.020889
v -0.013267 0.358723 0.005976
v -0.013704 0.361909 0.009570
v -0.014997 0.365252 0.012798
v -0.017098 0.368625 0.015534
v -0.019925 0.371895 0.017672
v -0.023370 0.374940 0.019131
v -0.027300 0.377641 0.019856
v -0.011866 0.362290 0.003046
v -0.012330 0.365407 0.006697
v -0.013704 0.368548 0.010092
v -0.015934 0.371591 0.013098
v -0.018935 0.374418 0.015601
v -0.022592 0.376922 0.017504
v -0.026765 0.379007 0.018735
v -0.011394 0.366000 -0.000000
v -0.011866 0.369046 0.003710
v -0.013267 0.371975 0.007277
v -0.015541 0.374676 0.010565
v -0.018601 0.377041 0.013447
v -0.022329 0.378983 0.015811
v -0.026584 0.380426 0.017569
v -0.011866 0.369710 -0.003046
v -0.012330 0.372685 0.000722
v -0.013704 0.375403 0.004463
v -0.015934 0.377760 0.008033
v -0.018935 0.379665 0.011293
v -0.022592 0.381044 0.014119
v -0.026765 0.381846 0.016403
v -0.013267 0.373277 -0.005976
v -0.013704 0.376184 -0.002151
v -0.014997 0.378699 0.001756
v -0.017098 0.380727 0.005597
v -0.019925 0.382187 0.009221
v -0.023370 0.383026 0.012492
v -0.027300 0.383211 0.015282
v -0.015541 0.376565 -0.008675
v -0.015934 0.379408 -0.004799
v -0.017098 0.381736 -0.000738
v -0.018989 0.383460 0.003352
v -0.021533 0.384512 0.007312
v -0.024633 0.384853 0.010992
v -0.028170 0.384469 0.014249
v -0.018601 0.379447 -0.011042
v -0.018935 0.382235 -0.007120
v -0.019925 0.384399 -0.002924
v -0.021533 0.385856 0.001385
v -0.023697 0.386550 0.005639
v -0.026333 0.386454 0.009677
v -0.029342 0.385572 0.013344
v -0.022329 0.381812 -0.012984
v -0.022592 0.384554 -0.009024
v -0.023370 0.386584 -0.004718
v -0.024633 0.387823 -0.000230
v -0.026333 0.388222 0.004266
v -0.028405 0.387768 0.008598
v -0.030769 0.386477 0.012600
v -0.026584 0.383569 -0.014427
v -0.026765 0.386278 -0.010440
v -0.027300 0.388207 -0.006051
v -0.028170 0.389284 -0.001430
v -0.029342 0.389465 0.003246
v -0.030769 0.388744 0.007797
v -0.032396 0.387150 0.012048
v -0.031199 0.384651 -0.015315
v -0.031292 0.387339 -0.011311
v -0.031565 0.389207 -0.006872
v -0.032009 0.390184 -0.002169
v -0.032606 0.390230 0.002617
v -0.033333 0.389346 0.007303
v -0.034163 0.387564 0.011708
v -0.036000 0.385017 -0.015615
v -0.036000 0.387697 -0.011606
v -0.036000 0.389545 -0.007149
v -0.036000 0.390487 -0.002418
v -0.036000 0.390488 0.002405
v -0.036000 0.389548 0.007136
v -0.036000 0.387704 0.011593
v -0.040801 0.384651 -0.015315
v -0.040708 0.387339 -0.011311
v -0.040435 0.389207 -0.006872
v -0.039991 0.390184 -0.002169
v -0.039394 0.390230 0.002617
v -0.038667 0.389345 0.007303
v -0.037837 0.387564 0.011708
v -0.045416 0.383569 -0.014427
v -0.045235 0.386278 -0.010440
v -0.044700 0.388207 -0.006051
v -0.043830 0.389284 -0.001430
v -0.042658 0.389465 0.003246
v -0.041232 0.388744 0.007797
v -0.039604 0.387150 0.012048
v -0.049670 0.381812 -0.012984
v -0.049408 0.384554 -0.009024
v -0.048630 0.386584 -0.004718
v -0.047367 0.387823 -0.000230
v -0.045667 0.388222 0.004266
v -0.043595 0.387768 0.008598
v -0.041232 0.386477 0.012600
v -0.053399 0.379447 -0.011042
v -0.053065 0.382235 -0.007120
v -0.052075 0.384399 -0.002924
v -0.050467 0.385856 0.001385
v -0.048303 0.386550 0.005639
v -0.045667 0.386454 0.009677
v -0.042658 0.385572 0.013344
v -0.056459 0.376565 -0.008675
v -0.056066 0.379408 -0.004799
v -0.054902 0.381736 -0.000738
v -0.053011 0.383460 0.003352
v -0.050467 0.384512 0.007312
v -0.047367 0.384853 0.010992
v -0.043830 0.384469 0.014249
v -0.058733 0.373277 -0.005976
v -0.058296 0.376184 -0.002151
v -0.057003 0.378699 0.001756
v -0.054902 0.380727 0.005597
v -0.052075 0.382187 0.009221
v -0.048630 0.383026 0.012492
v -0.044700 0.383211 0.015282
v -0.060133 0.369710 -0.003046
v -0.059670 0.372685 0.000722
v -0.058296 0.375403 0.004463
v -0.056066 0.377760 0.008033
v -0.053065 0.379665 0.011293
v -0.049408 0.381044 0.014119
v -0.045235 0.381846 0.016403
v -0.060606 0.366000 -0.000000
v -0.060133 0.369046 0.003710
v -0.058733 0.371975 0.007277
v -0.056459 0.374676 0.010565
v -0.053399 0.377041 0.013447
v -0.049670 0.378983 0.015811
v -0.045416 0.380426 0.017569
v -0.060133 0.362290 0.003046
v -0.059670 0.365407 0.006697
v -0.058296 0.368548 0.010092
v -0.056066 0.371591 0.013098
v -0.053065 0.374418 0.015601
v -0.049408 0.376922 0.017504
v -0.045235 0.379007 0.018735
v -0.058733 0.358723 0.005976
v -0.058296 0.361909 0.009570
v -0.057003 0.365252 0.012798
v -0.054902 0.368625 0.015534
v -0.052075 0.371895 0.017672
v -0.048630 0.374940 0.019131
v -0.044700 0.377641 0.019856
v -0.056459 0.355435 0.008675
v -0.056066 0.358684 0.012218
v -0.054902 0.362215 0.015292
v -0.053011 0.365891 0.017779
v -0.050467 0.369571 0.019581
v -0.047367 0.373114 0.020631
v -0.043830 0.376383 0.020889
v -0.053399 0.352553 0.011041
v -0.053065 0.355858 0.014539
v -0.052075 0.359552 0.017478
v -0.050467 0.363495 0.019746
v -0.048303 0.367533 0.021254
v -0.045667 0.371513 0.021946
v -0.042658 0.375280 0.021794
v -0.049670 0.350188 0.012983
v -0.049408 0.353538 0.016444
v -0.048630 0.357367 0.019272
v -0.047367 0.361529 0.021361
v -0.045667 0.365861 0.022627
v -0.043595 0.370199 0.023025
v -0.041232 0.374375 0.022537
v -0.045416 0.348431 0.014426
v -0.045235 0.351815 0.017859
v -0.044700 0.355744 0.020605
v -0.043830 0.360067 0.022561
v -0.042658 0.364618 0.023648
v -0.041232 0.369222 0.023826
v -0.039604 0.373703 0.023090
v -0.040800 0.347349 0.015315
v -0.040708 0.350753 0.018730
v -0.040435 0.354744 0.021426
v -0.039991 0.359168 0.023300
v -0.039394 0.363853 0.024276
v -0.038667 0.368621 0.024320
v -0.037837 0.373289 0.023430
v -0.058733 0.366277 -0.014976
v -0.056459 0.369565 -0.017675
v -0.053399 0.372447 -0.020042
v -0.049670 0.374812 -0.021984
v -0.045416 0.376569 -0.023427
v -0.040801 0.377651 -0.024315
v -0.036000 0.378017 -0.024615
v -0.031199 0.377651 -0.024315
v -0.026584 0.376569 -0.023427
v -0.022329 0.374812 -0.021984
v -0.018601 0.372447 -0.020042
v -0.015541 0.369565 -0.017675
v -0.013267 0.366277 -0.014976
v -0.011866 0.362710 -0.012046
v -0.011394 0.359000 -0.009000
v -0.011866 0.355290 -0.005954
v -0.013267 0.351723 -0.003024
v -0.015541 0.348435 -0.000325
v -0.018601 0.345553 0.002042
v -0.022329 0.343188 0.003983
v -0.026584 0.341431 0.005426
v -0.031199 0.340349 0.006315
v -0.036000 0.339983 0.006615
v -0.040800 0.340349 0.006315
v -0.045416 0.341431 0.005426
v -0.049670 0.343188 0.003983
v -0.053399 0.345553 0.002042
v -0.056459 0.348435 -0.000325
v -0.058733 0.351723 -0.003024
v -0.060133 0.355290 -0.005954
v -0.060606 0.359000 -0.009000
v -0.060133 0.362710 -0.012046
v -0.057631 0.363634 -0.017475
v -0.055467 0.366763 -0.020044
v -0.052555 0.369505 -0.022295
v -0.049008 0.371755 -0.024143
v -0.044960 0.373427 -0.025516
v -0.040568 0.374457 -0.026361
v -0.036000 0.374804 -0.026647
v -0.031432 0.374457 -0.026361
v -0.027040 0.373427 -0.025516
v -0.022992 0.371755 -0.024143
v -0.019445 0.369505 -0.022295
v -0.016533 0.366763 -0.020044
v -0.014369 0.363634 -0.017475
v -0.013037 0.360240 -0.014688
v -0.012587 0.356710 -0.011789
v -0.013037 0.353180 -0.008890
v -0.014369 0.349785 -0.006103
v -0.016533 0.346657 -0.003535
v -0.019445 0.343915 -0.001283
v -0.022992 0.341665 0.000565
v -0.027040 0.339993 0.001938
v -0.031432 0.338963 0.002783
v -0.036000 0.338615 0.003069
v -0.040568 0.338963 0.002783
v -0.044960 0.339993 0.001938
v -0.049008 0.341665 0.000565
v -0.052555 0.343915 -0.001283
v -0.055467 0.346657 -0.003535
v -0.057631 0.349785 -0.006103
v -0.058963 0.353180 -0.008890
v -0.059413 0.356710 -0.011789
v -0.058963 0.360240 -0.014688
vt 0.435665 0.546476
vt 0.435665 0.540758
vt 0.437338 0.540859
vt 0.438948 0.541160
vt 0.440431 0.541649
vt 0.441731 0.542307
vt 0.442798 0.543109
vt 0.443590 0.544024
vt 0.444079 0.545017
vt 0.444244 0.546049
vt 0.444079 0.547081
vt 0.443590 0.548074
vt 0.442798 0.548989
vt 0.441731 0.549791
vt 0.440431 0.550449
vt 0.438948 0.550937
vt 0.437338 0.551239
vt 0.435665 0.551340
vt 0.433991 0.551239
vt 0.432382 0.550937
vt 0.430898 0.550449
vt 0.429599 0.549791
vt 0.428532 0.548989
vt 0.427739 0.548074
vt 0.427251 0.547081
vt 0.427086 0.546049
vt 0.427251 0.545017
vt 0.427739 0.544024
vt 0.428532 0.543109
vt 0.429599 0.542307
vt 0.430898 0.541649
vt 0.432382 0.541160
vt 0.433991 0.540859
vt 0.435665 0.497083
vt 0.444244 0.497604
vt 0.444079 0.502460
vt 0.435665 0.501949
vt 0.443590 0.508151
vt 0.435665 0.507670
vt 0.442798 0.514461
vt 0.435665 0.514027
vt 0.441731 0.521143
vt 0.435665 0.520775
vt 0.440431 0.527944
vt 0.435665 0.527654
vt 0.438948 0.534601
vt 0.435665 0.534402
vt 0.452493 0.499148
vt 0.452169 0.503974
vt 0.451212 0.509577
vt 0.449657 0.515744
vt 0.447564 0.522234
vt 0.445014 0.528801
vt 0.442104 0.535192
vt 0.460095 0.501654
vt 0.459626 0.506432
vt 0.458235 0.511893
vt 0.455978 0.517828
vt 0.452940 0.524007
vt 0.449237 0.530194
vt 0.445014 0.536151
vt 0.466759 0.505027
vt 0.466161 0.509740
vt 0.464392 0.515009
vt 0.461519 0.520633
vt 0.457652 0.526392
vt 0.452940 0.532068
vt 0.447564 0.537442
vt 0.472228 0.509137
vt 0.471525 0.513771
vt 0.469444 0.518806
vt 0.466066 0.524050
vt 0.461519 0.529298
vt 0.455978 0.534351
vt 0.449657 0.539015
vt 0.476291 0.513826
vt 0.475510 0.518370
vt 0.473199 0.523139
vt 0.469444 0.527949
vt 0.464392 0.532614
vt 0.458235 0.536956
vt 0.451212 0.540809
vt 0.478793 0.518914
vt 0.477965 0.523360
vt 0.475510 0.527839
vt 0.471525 0.532179
vt 0.466161 0.536212
vt 0.459626 0.539783
vt 0.452169 0.542756
vt 0.479638 0.524206
vt 0.478793 0.528550
vt 0.476291 0.532728
vt 0.472228 0.536579
vt 0.466759 0.539953
vt 0.460095 0.542723
vt 0.452493 0.544781
vt 0.478793 0.529497
vt 0.477965 0.533740
vt 0.475510 0.537616
vt 0.471525 0.540979
vt 0.466161 0.543695
vt 0.459626 0.545663
vt 0.452169 0.546806
vt 0.476291 0.534585
vt 0.475510 0.538730
vt 0.473199 0.542317
vt 0.469444 0.545209
vt 0.464392 0.547292
vt 0.458235 0.548489
vt 0.451212 0.548753
vt 0.472228 0.539274
vt 0.471525 0.543329
vt 0.469444 0.546649
vt 0.466066 0.549108
vt 0.461519 0.550608
vt 0.455978 0.551094
vt 0.449657 0.550547
vt 0.466759 0.543384
vt 0.466161 0.547360
vt 0.464392 0.550447
vt 0.461519 0.552525
vt 0.457652 0.553514
vt 0.452940 0.553378
vt 0.447564 0.552120
vt 0.460095 0.546757
vt 0.459626 0.550668
vt 0.458235 0.553563
vt 0.455978 0.555330
vt 0.452940 0.555900
vt 0.449237 0.555252
vt 0.445014 0.553411
vt 0.452493 0.549264
vt 0.452169 0.553126
vt 0.451212 0.555878
vt 0.449657 0.557414
vt 0.447564 0.557672
vt 0.445014 0.556644
vt 0.442104 0.554370
vt 0.444244 0.550807
vt 0.444079 0.554640
vt 0.443590 0.557304
vt 0.442798 0.558697
vt 0.441731 0.558763
vt 0.440431 0.557502
vt 0.438948 0.554961
vt 0.435665 0.551328
vt 0.435665 0.555151
vt 0.435665 0.557786
vt 0.435665 0.559131
vt 0.435665 0.559132
vt 0.435665 0.557791
vt 0.435665 0.555160
vt 0.427086 0.550807
vt 0.427251 0.554640
vt 0.427739 0.557304
vt 0.428532 0.558697
vt 0.429599 0.558763
vt 0.430898 0.557502
vt 0.432382 0.554961
vt 0.418837 0.549264
vt 0.419160 0.553126
vt 0.420118 0.555878
vt 0.421673 0.557414
vt 0.423765 0.557672
vt 0.426315 0.556644
vt 0.429225 0.554370
vt 0.411234 0.546757
vt 0.411703 0.550668
vt 0.413094 0.553563
vt 0.415351 0.555330
vt 0.418390 0.555900
vt 0.422092 0.555252
vt 0.426315 0.553411
vt 0.404570 0.543384
vt 0.405168 0.547360
vt 0.406937 0.550447
vt 0.409811 0.552525
vt 0.413678 0.553514
vt 0.418390 0.553378
vt 0.423765 0.552120
vt 0.399102 0.539274
vt 0.399804 0.543329
vt 0.401885 0.546649
vt 0.405264 0.549108
vt 0.409811 0.550608
vt 0.415351 0.551094
vt 0.421673 0.550547
vt 0.395038 0.534585
vt 0.395819 0.538730
vt 0.398131 0.542317
vt 0.401885 0.545209
vt 0.406937 0.547293
vt 0.413094 0.548489
vt 0.420118 0.548753
vt 0.392536 0.529497
vt 0.393365 0.533740
vt 0.395819 0.537616
vt 0.399804 0.540979
vt 0.405168 0.543695
vt 0.411704 0.545663
vt 0.419160 0.546806
vt 0.391691 0.524206
vt 0.392536 0.528550
vt 0.395038 0.532728
vt 0.399102 0.536579
vt 0.404570 0.539953
vt 0.411234 0.542723
vt 0.418837 0.544781
vt 0.392536 0.518914
vt 0.393365 0.523360
vt 0.395819 0.527839
vt 0.399804 0.532179
vt 0.405168 0.536212
vt 0.411704 0.539783
vt 0.419160 0.542756
vt 0.395038 0.513826
vt 0.395819 0.518370
vt 0.398131 0.523139
vt 0.401885 0.527949
vt 0.406937 0.532614
vt 0.413094 0.536956
vt 0.420118 0.540809
vt 0.399102 0.509137
vt 0.399804 0.513771
vt 0.401885 0.518806
vt 0.405264 0.524050
vt 0.409811 0.529298
vt 0.415351 0.534351
vt 0.421673 0.539015
vt 0.404570 0.505027
vt 0.405168 0.509740
vt 0.406937 0.515009
vt 0.409811 0.520633
vt 0.413678 0.526392
vt 0.418390 0.532068
vt 0.423765 0.537442
vt 0.411234 0.501654
vt 0.411703 0.506432
vt 0.413094 0.511893
vt 0.415351 0.517828
vt 0.418390 0.524007
vt 0.422092 0.530194
vt 0.426315 0.536151
vt 0.418837 0.499148
vt 0.419160 0.503974
vt 0.420118 0.509577
vt 0.421673 0.515744
vt 0.423765 0.522234
vt 0.426315 0.528801
vt 0.429225 0.535192
vt 0.427086 0.497604
vt 0.427251 0.502460
vt 0.427739 0.508151
vt 0.428532 0.514461
vt 0.429599 0.521143
vt 0.430898 0.527944
vt 0.432382 0.534601
vt 0.399102 0.529290
vt 0.395038 0.524601
vt 0.404570 0.533400
vt 0.411234 0.536773
vt 0.418837 0.539280
vt 0.427086 0.540823
vt 0.435665 0.541344
vt 0.444244 0.540823
vt 0.452493 0.539280
vt 0.460095 0.536773
vt 0.466759 0.533400
vt 0.472228 0.529290
vt 0.476291 0.524601
vt 0.478793 0.519513
vt 0.479638 0.514222
vt 0.478793 0.508930
vt 0.476291 0.503842
vt 0.472228 0.499153
vt 0.466759 0.495043
vt 0.460095 0.491670
vt 0.452493 0.489164
vt 0.444244 0.487620
vt 0.435665 0.487099
vt 0.427086 0.487620
vt 0.418837 0.489164
vt 0.411234 0.491670
vt 0.404570 0.495043
vt 0.399102 0.499153
vt 0.395038 0.503842
vt 0.392536 0.508930
vt 0.391691 0.514222
vt 0.392536 0.519513
vt 0.400875 0.525293
vt 0.397008 0.520831
vt 0.406078 0.529204
vt 0.412419 0.532413
vt 0.419653 0.534798
vt 0.427502 0.536267
vt 0.435665 0.536763
vt 0.443828 0.536267
vt 0.451677 0.534798
vt 0.458910 0.532413
vt 0.465251 0.529204
vt 0.470454 0.525293
vt 0.474321 0.520831
vt 0.476702 0.515990
vt 0.477506 0.510956
vt 0.476702 0.505921
vt 0.474321 0.501079
vt 0.470454 0.496618
vt 0.465251 0.492707
vt 0.458910 0.489498
vt 0.451677 0.487113
vt 0.443828 0.485644
vt 0.435665 0.485148
vt 0.427502 0.485644
vt 0.419653 0.487113
vt 0.412419 0.489498
vt 0.406078 0.492707
vt 0.400875 0.496618
vt 0.397008 0.501079
vt 0.394627 0.505921
vt 0.393824 0.510956
vt 0.394627 0.515990
vn -0.000000 0.634603 0.772839
vn 0.000007 0.471653 0.881784
vn 0.038056 0.474550 0.879406
vn 0.074649 0.483127 0.872362
vn 0.108401 0.497076 0.860909
vn 0.137932 0.515810 0.845527
vn 0.162170 0.538634 0.826785
vn 0.180220 0.564723 0.805363
vn 0.191324 0.592997 0.782144
vn 0.195071 0.622398 0.758002
vn 0.191318 0.651820 0.733844
vn 0.180220 0.680104 0.710619
vn 0.162200 0.706158 0.689226
vn 0.137939 0.728998 0.670474
vn 0.108346 0.747768 0.655060
vn 0.074611 0.761703 0.643616
vn 0.038047 0.770270 0.636582
vn 0.000008 0.773166 0.634204
vn -0.038047 0.770268 0.636584
vn -0.074617 0.761697 0.643623
vn -0.108343 0.747764 0.655065
vn -0.137939 0.729002 0.670469
vn -0.162195 0.706163 0.689222
vn -0.180214 0.680108 0.710617
vn -0.191318 0.651813 0.733851
vn -0.195071 0.622399 0.758001
vn -0.191324 0.593003 0.782140
vn -0.180220 0.564728 0.805359
vn -0.162168 0.538639 0.826783
vn -0.137936 0.515806 0.845528
vn -0.108405 0.497086 0.860903
vn -0.074654 0.483137 0.872356
vn -0.038056 0.474551 0.879405
vn -0.000001 -0.749586 0.661906
vn 0.194963 -0.734577 0.649913
vn 0.191342 -0.619604 0.761235
vn -0.000000 -0.634171 0.773193
vn 0.180244 -0.457457 0.870773
vn -0.000000 -0.471175 0.882040
vn 0.162211 -0.277638 0.946892
vn -0.000000 -0.289986 0.957031
vn 0.137941 -0.087142 0.986600
vn 0.000003 -0.097644 0.995221
vn 0.108384 0.106573 0.988380
vn 0.000010 0.098320 0.995155
vn 0.074670 0.296163 0.952214
vn 0.000014 0.290482 0.956881
vn 0.382426 -0.690128 0.614388
vn 0.375327 -0.576470 0.725818
vn 0.353553 -0.416825 0.837411
vn 0.318179 -0.241070 0.916868
vn 0.270570 -0.056050 0.961067
vn 0.212596 0.131000 0.968319
vn 0.146468 0.312996 0.938393
vn 0.555164 -0.617960 0.556703
vn 0.544889 -0.506425 0.668303
vn 0.513281 -0.350839 0.783234
vn 0.461921 -0.181693 0.868111
vn 0.392797 -0.005560 0.919608
vn 0.308633 0.170674 0.935743
vn 0.212642 0.340334 0.915945
vn 0.706551 -0.520838 0.479077
vn 0.693518 -0.412156 0.590898
vn 0.653285 -0.262039 0.710320
vn 0.587918 -0.101783 0.802491
vn 0.499943 0.062399 0.863808
vn 0.392821 0.224074 0.891898
vn 0.270628 0.377116 0.885745
vn 0.830748 -0.402507 0.384507
vn 0.815491 -0.297293 0.496579
vn 0.768182 -0.153841 0.621473
vn 0.691323 -0.004404 0.722533
vn 0.587877 0.145212 0.795810
vn 0.461919 0.289138 0.838469
vn 0.318234 0.421941 0.848936
vn 0.922984 -0.267531 0.276635
vn 0.906124 -0.166249 0.388974
vn 0.853559 -0.030400 0.520108
vn 0.768153 0.106687 0.631315
vn 0.653207 0.239670 0.718247
vn 0.513251 0.363358 0.777525
vn 0.353611 0.473088 0.806937
vn 0.979725 -0.121102 0.159604
vn 0.961935 -0.024061 0.272218
vn 0.906132 0.103540 0.410127
vn 0.815466 0.227227 0.532338
vn 0.693440 0.342176 0.634079
vn 0.544860 0.443906 0.711390
vn 0.375390 0.528576 0.761374
vn 0.998795 0.031142 0.037925
vn 0.980781 0.123818 0.150789
vn 0.923885 0.242844 0.295742
vn 0.831443 0.352590 0.429399
vn 0.707029 0.448774 0.546545
vn 0.555536 0.527654 0.642621
vn 0.382743 0.586262 0.714006
vn 0.979477 0.183349 -0.083718
vn 0.961935 0.271696 0.029365
vn 0.906133 0.382141 0.181359
vn 0.815467 0.477950 0.326462
vn 0.693445 0.555378 0.459010
vn 0.544860 0.611421 0.573839
vn 0.375380 0.643985 0.666614
vn 0.922526 0.329669 -0.200658
vn 0.906125 0.413885 -0.087388
vn 0.853561 0.516080 0.071380
vn 0.768153 0.598490 0.227486
vn 0.653209 0.657888 0.374835
vn 0.513241 0.691980 0.507689
vn 0.353596 0.699490 0.621034
vn 0.830147 0.464480 -0.308406
vn 0.815491 0.544932 -0.194994
vn 0.768182 0.639529 -0.029982
vn 0.691322 0.709581 0.136265
vn 0.587874 0.752351 0.297275
vn 0.461910 0.766193 0.446753
vn 0.318244 0.750607 0.579059
vn 0.705899 0.582613 -0.402826
vn 0.693515 0.659799 -0.289312
vn 0.653282 0.747732 -0.118827
vn 0.587919 0.806958 0.056300
vn 0.499944 0.835156 0.229283
vn 0.392830 0.831247 0.393335
vn 0.270652 0.795428 0.542256
vn 0.554567 0.679541 -0.480290
vn 0.544889 0.754065 -0.366717
vn 0.513281 0.836527 -0.191742
vn 0.461922 0.886872 -0.009317
vn 0.392794 0.903116 0.173479
vn 0.308636 0.884651 0.349480
vn 0.212633 0.832225 0.512043
vn 0.381966 0.751555 -0.537836
vn 0.375325 0.824110 -0.424233
vn 0.353552 0.902509 -0.245924
vn 0.318177 0.946251 -0.058070
vn 0.270570 0.953606 0.132013
vn 0.212598 0.924325 0.316899
vn 0.146449 0.859562 0.489597
vn 0.194713 0.795894 -0.573270
vn 0.191342 0.867242 -0.459653
vn 0.180242 0.943140 -0.279286
vn 0.162207 0.982816 -0.088096
vn 0.137945 0.984700 0.106478
vn 0.108388 0.948752 0.296852
vn 0.074658 0.876387 0.475785
vn 0.000000 0.810863 -0.585236
vn -0.000000 0.881805 -0.471615
vn -0.000000 0.956860 -0.290549
vn 0.000000 0.995163 -0.098238
vn -0.000003 0.995201 0.097851
vn -0.000001 0.957003 0.290077
vn 0.000010 0.882069 0.471121
vn -0.194713 0.795895 -0.573270
vn -0.191341 0.867241 -0.459653
vn -0.180241 0.943140 -0.279286
vn -0.162207 0.982816 -0.088096
vn -0.137945 0.984700 0.106479
vn -0.108389 0.948754 0.296845
vn -0.074659 0.876388 0.475784
vn -0.381966 0.751555 -0.537836
vn -0.375325 0.824110 -0.424233
vn -0.353552 0.902509 -0.245924
vn -0.318176 0.946251 -0.058071
vn -0.270566 0.953607 0.132013
vn -0.212597 0.924326 0.316897
vn -0.146458 0.859561 0.489596
vn -0.554568 0.679541 -0.480290
vn -0.544890 0.754065 -0.366717
vn -0.513281 0.836527 -0.191742
vn -0.461923 0.886871 -0.009315
vn -0.392797 0.903114 0.173481
vn -0.308638 0.884650 0.349481
vn -0.212632 0.832227 0.512041
vn -0.705901 0.582613 -0.402824
vn -0.693518 0.659797 -0.289311
vn -0.653283 0.747730 -0.118828
vn -0.587918 0.806959 0.056302
vn -0.499944 0.835156 0.229283
vn -0.392832 0.831248 0.393332
vn -0.270652 0.795428 0.542256
vn -0.830148 0.464480 -0.308404
vn -0.815492 0.544932 -0.194994
vn -0.768183 0.639528 -0.029982
vn -0.691322 0.709581 0.136265
vn -0.587871 0.752355 0.297272
vn -0.461906 0.766199 0.446747
vn -0.318238 0.750618 0.579049
vn -0.922526 0.329670 -0.200658
vn -0.906124 0.413887 -0.087389
vn -0.853559 0.516082 0.071381
vn -0.768155 0.598490 0.227482
vn -0.653211 0.657886 0.374836
vn -0.513242 0.691975 0.507694
vn -0.353596 0.699489 0.621036
vn -0.979477 0.183348 -0.083718
vn -0.961935 0.271696 0.029365
vn -0.906132 0.382143 0.181359
vn -0.815467 0.477953 0.326457
vn -0.693444 0.555379 0.459010
vn -0.544862 0.611415 0.573844
vn -0.375385 0.643973 0.666622
vn -0.998795 0.031142 0.037925
vn -0.980781 0.123818 0.150789
vn -0.923885 0.242844 0.295742
vn -0.831443 0.352591 0.429397
vn -0.707027 0.448778 0.546545
vn -0.555534 0.527655 0.642621
vn -0.382744 0.586263 0.714004
vn -0.979725 -0.121101 0.159604
vn -0.961935 -0.024060 0.272217
vn -0.906132 0.103540 0.410126
vn -0.815466 0.227227 0.532338
vn -0.693440 0.342179 0.634077
vn -0.544861 0.443911 0.711385
vn -0.375392 0.528582 0.761368
vn -0.922984 -0.267531 0.276636
vn -0.906124 -0.166248 0.388974
vn -0.853559 -0.030399 0.520108
vn -0.768152 0.106686 0.631317
vn -0.653208 0.239670 0.718246
vn -0.513252 0.363364 0.777521
vn -0.353609 0.473094 0.806934
vn -0.830747 -0.402508 0.384508
vn -0.815491 -0.297293 0.496579
vn -0.768182 -0.153841 0.621473
vn -0.691321 -0.004402 0.722534
vn -0.587877 0.145208 0.795811
vn -0.461914 0.289131 0.838474
vn -0.318224 0.421937 0.848942
vn -0.706550 -0.520838 0.479077
vn -0.693517 -0.412157 0.590898
vn -0.653284 -0.262040 0.710320
vn -0.587918 -0.101781 0.802491
vn -0.499944 0.062400 0.863807
vn -0.392822 0.224074 0.891898
vn -0.270630 0.377116 0.885744
vn -0.555164 -0.617960 0.556703
vn -0.544889 -0.506426 0.668303
vn -0.513281 -0.350840 0.783233
vn -0.461921 -0.181693 0.868111
vn -0.392797 -0.005559 0.919608
vn -0.308635 0.170676 0.935742
vn -0.212650 0.340343 0.915940
vn -0.382424 -0.690130 0.614388
vn -0.375326 -0.576472 0.725817
vn -0.353552 -0.416826 0.837411
vn -0.318179 -0.241069 0.916868
vn -0.270573 -0.056050 0.961066
vn -0.212605 0.130998 0.968317
vn -0.146479 0.313005 0.938388
vn -0.194961 -0.734577 0.649912
vn -0.191342 -0.619605 0.761234
vn -0.180244 -0.457456 0.870773
vn -0.162211 -0.277636 0.946893
vn -0.137941 -0.087144 0.986599
vn -0.108383 0.106567 0.988381
vn -0.074668 0.296167 0.952213
vn -0.821837 0.328072 -0.465782
vn -0.912853 0.194470 -0.359000
vn -0.699128 0.445252 -0.559438
vn -0.549439 0.541468 -0.636340
vn -0.378532 0.612992 -0.693508
vn -0.192992 0.657052 -0.728723
vn -0.000000 0.671931 -0.740614
vn 0.192992 0.657052 -0.728723
vn 0.378532 0.612993 -0.693508
vn 0.549439 0.541469 -0.636340
vn 0.699127 0.445253 -0.559438
vn 0.821836 0.328074 -0.465782
vn 0.912853 0.194470 -0.359000
vn 0.968703 0.049605 -0.243217
vn 0.987273 -0.100925 -0.122909
vn 0.967898 -0.251329 -0.002704
vn 0.911366 -0.395842 0.112791
vn 0.819895 -0.528912 0.219142
vn 0.697027 -0.645467 0.312292
vn 0.547492 -0.741061 0.388692
vn 0.377046 -0.812053 0.445428
vn 0.192189 -0.855758 0.480355
vn -0.000001 -0.870513 0.492146
vn -0.192187 -0.855759 0.480355
vn -0.377044 -0.812054 0.445427
vn -0.547493 -0.741061 0.388690
vn -0.697026 -0.645467 0.312292
vn -0.819894 -0.528913 0.219144
vn -0.911366 -0.395842 0.112792
vn -0.967898 -0.251328 -0.002704
vn -0.987273 -0.100924 -0.122909
vn -0.968703 0.049605 -0.243217
vn -0.789429 0.208423 -0.577375
vn -0.877166 0.081566 -0.473209
vn -0.671354 0.319616 -0.668678
vn -0.527479 0.410868 -0.743608
vn -0.363337 0.478673 -0.799286
vn -0.185224 0.520431 -0.833573
vn -0.000000 0.534531 -0.845149
vn 0.185224 0.520432 -0.833572
vn 0.363336 0.478674 -0.799286
vn 0.527478 0.410869 -0.743608
vn 0.671352 0.319618 -0.668679
vn 0.789428 0.208425 -0.577376
vn 0.877166 0.081567 -0.473209
vn 0.931196 -0.056085 -0.360177
vn 0.949439 -0.199235 -0.242633
vn 0.931196 -0.342381 -0.125095
vn 0.877166 -0.480036 -0.012065
vn 0.789430 -0.606892 0.092101
vn 0.671354 -0.718085 0.183405
vn 0.527475 -0.809340 0.258338
vn 0.363338 -0.877144 0.314012
vn 0.185227 -0.918902 0.348297
vn -0.000001 -0.933002 0.359872
vn -0.185225 -0.918902 0.348297
vn -0.363337 -0.877145 0.314012
vn -0.527477 -0.809340 0.258336
vn -0.671354 -0.718086 0.183405
vn -0.789429 -0.606893 0.092104
vn -0.877167 -0.480035 -0.012063
vn -0.931197 -0.342380 -0.125094
vn -0.949439 -0.199234 -0.242633
vn -0.931197 -0.056086 -0.360177
s 1
g rButtock
usemtl default
f 4111/4111/4111 4112/4112/4112 4113/4113/4113
f 4111/4111/4111 4113/4113/4113 4114/4114/4114
f 4111/4111/4111 4114/4114/4114 4115/4115/4115
f 4111/4111/4111 4115/4115/4115 4116/4116/4116
f 4111/4111/4111 4116/4116/4116 4117/4117/4117
f 4111/4111/4111 4117/4117/4117 4118/4118/4118
f 4111/4111/4111 4118/4118/4118 4119/4119/4119
f 4111/4111/4111 4119/4119/4119 4120/4120/4120
f 4111/4111/4111 4120/4120/4120 4121/4121/4121
f 4111/4111/4111 4121/4121/4121 4122/4122/4122
f 4111/4111/4111 4122/4122/4122 4123/4123/4123
f 4111/4111/4111 4123/4123/4123 4124/4124/4124
f 4111/4111/4111 4124/4124/4124 4125/4125/4125
f 4111/4111/4111 4125/4125/4125 4126/4126/4126
f 4111/4111/4111 4126/4126/4126 4127/4127/4127
f 4111/4111/4111 4127/4127/4127 4128/4128/4128
f 4111/4111/4111 4128/4128/4128 4129/4129/4129
f 4111/4111/4111 4129/4129/4129 4130/4130/4130
f 4111/4111/4111 4130/4130/4130 4131/4131/4131
f 4111/4111/4111 4131/4131/4131 4132/4132/4132
f 4111/4111/4111 4132/4132/4132 4133/4133/4133
f 4111/4111/4111 4133/4133/4133 4134/4134/4134
f 4111/4111/4111 4134/4134/4134 4135/4135/4135
f 4111/4111/4111 4135/4135/4135 4136/4136/4136
f 4111/4111/4111 4136/4136/4136 4137/4137/4137
f 4111/4111/4111 4137/4137/4137 4138/4138/4138
f 4111/4111/4111 4138/4138/4138 4139/4139/4139
f 4111/4111/4111 4139/4139/4139 4140/4140/4140
f 4111/4111/4111 4140/4140/4140 4141/4141/4141
f 4111/4111/4111 4141/4141/4141 4142/4142/4142
f 4111/4111/4111 4142/4142/4142 4143/4143/4143
f 4111/4111/4111 4143/4143/4143 4112/4112/4112
f 4145/4144/4144 4144/4145/4145 4146/4146/4146 4147/4147/4147
f 4147/4147/4147 4146/4146/4146 4148/4148/4148 4149/4149/4149
f 4149/4149/4149 4148/4148/4148 4150/4150/4150 4151/4151/4151
f 4151/4151/4151 4150/4150/4150 4152/4152/4152 4153/4153/4153
f 4153/4153/4153 4152/4152/4152 4154/4154/4154 4155/4155/4155
f 4155/4155/4155 4154/4154/4154 4156/4156/4156 4157/4157/4157
f 4157/4157/4157 4156/4156/4156 4113/4113/4113 4112/4112/4112
f 4144/4145/4145 4158/4158/4158 4159/4159/4159 4146/4146/4146
f 4146/4146/4146 4159/4159/4159 4160/4160/4160 4148/4148/4148
f 4148/4148/4148 4160/4160/4160 4161/4161/4161 4150/4150/4150
f 4150/4150/4150 4161/4161/4161 4162/4162/4162 4152/4152/4152
f 4152/4152/4152 4162/4162/4162 4163/4163/4163 4154/4154/4154
f 4154/4154/4154 4163/4163/4163 4164/4164/4164 4156/4156/4156
f 4156/4156/4156 4164/4164/4164 4114/4114/4114 4113/4113/4113
f 4158/4158/4158 4165/4165/4165 4166/4166/4166 4159/4159/4159
f 4159/4159/4159 4166/4166/4166 4167/4167/4167 4160/4160/4160
f 4160/4160/4160 4167/4167/4167 4168/4168/4168 4161/4161/4161
f 4161/4161/4161 4168/4168/4168 4169/4169/4169 4162/4162/4162
f 4162/4162/4162 4169/4169/4169 4170/4170/4170 4163/4163/4163
f 4163/4163/4163 4170/4170/4170 4171/4171/4171 4164/4164/4164
f 4164/4164/4164 4171/4171/4171 4115/4115/4115 4114/4114/4114
f 4165/4165/4165 4172/4172/4172 4173/4173/4173 4166/4166/4166
f 4166/4166/4166 4173/4173/4173 4174/4174/4174 4167/4167/4167
f 4167/4167/4167 4174/4174/4174 4175/4175/4175 4168/4168/4168
f 4168/4168/4168 4175/4175/4175 4176/4176/4176 4169/4169/4169
f 4169/4169/4169 4176/4176/4176 4177/4177/4177 4170/4170/4170
f 4170/4170/4170 4177/4177/4177 4178/4178/4178 4171/4171/4171
f 4171/4171/4171 4178/4178/4178 4116/4116/4116 4115/4115/4115
f 4172/4172/4172 4179/4179/4179 4180/4180/4180 4173/4173/4173
f 4173/4173/4173 4180/4180/4180 4181/4181/4181 4174/4174/4174
f 4174/4174/4174 4181/4181/4181 4182/4182/4182 4175/4175/4175
f 4175/4175/4175 4182/4182/4182 4183/4183/4183 4176/4176/4176
f 4176/4176/4176 4183/4183/4183 4184/4184/4184 4177/4177/4177
f 4177/4177/4177 4184/4184/4184 4185/4185/4185 4178/4178/4178
f 4178/4178/4178 4185/4185/4185 4117/4117/4117 4116/4116/4116
f 4179/4179/4179 4186/4186/4186 4187/4187/4187 4180/4180/4180
f 4180/4180/4180 4187/4187/4187 4188/4188/4188 4181/4181/4181
f 4181/4181/4181 4188/4188/4188 4189/4189/4189 4182/4182/4182
f 4182/4182/4182 4189/4189/4189 4190/4190/4190 4183/4183/4183
f 4183/4183/4183 4190/4190/4190 4191/4191/4191 4184/4184/4184
f 4184/4184/4184 4191/4191/4191 4192/4192/4192 4185/4185/4185
f 4185/4185/4185 4192/4192/4192 4118/4118/4118 4117/4117/4117
f 4186/4186/4186 4193/4193/4193 4194/4194/4194 4187/4187/4187
f 4187/4187/4187 4194/4194/4194 4195/4195/4195 4188/4188/4188
f 4188/4188/4188 4195/4195/4195 4196/4196/4196 4189/4189/4189
f 4189/4189/4189 4196/4196/4196 4197/4197/4197 4190/4190/4190
f 4190/4190/4190 4197/4197/4197 4198/4198/4198 4191/4191/4191
f 4191/4191/4191 4198/4198/4198 4199/4199/4199 4192/4192/4192
f 4192/4192/4192 4199/4199/4199 4119/4119/4119 4118/4118/4118
f 4193/4193/4193 4200/4200/4200 4201/4201/4201 4194/4194/4194
f 4194/4194/4194 4201/4201/4201 4202/4202/4202 4195/4195/4195
f 4195/4195/4195 4202/4202/4202 4203/4203/4203 4196/4196/4196
f 4196/4196/4196 4203/4203/4203 4204/4204/4204 4197/4197/4197
f 4197/4197/4197 4204/4204/4204 4205/4205/4205 4198/4198/4198
f 4198/4198/4198 4205/4205/4205 4206/4206/4206 4199/4199/4199
f 4199/4199/4199 4206/4206/4206 4120/4120/4120 4119/4119/4119
f 4200/4200/4200 4207/4207/4207 4208/4208/4208 4201/4201/4201
f 4201/4201/4201 4208/4208/4208 4209/4209/4209 4202/4202/4202
f 4202/4202/4202 4209/4209/4209 4210/4210/4210 4203/4203/4203
f 4203/4203/4203 4210/4210/4210 4211/4211/4211 4204/4204/4204
f 4204/4204/4204 4211/4211/4211 4212/4212/4212 4205/4205/4205
f 4205/4205/4205 4212/4212/4212 4213/4213/4213 4206/4206/4206
f 4206/4206/4206 4213/4213/4213 4121/4121/4121 4120/4120/4120
f 4207/4207/4207 4214/4214/4214 4215/4215/4215 4208/4208/4208
f 4208/4208/4208 4215/4215/4215 4216/4216/4216 4209/4209/4209
f 4209/4209/4209 4216/4216/4216 4217/4217/4217 4210/4210/4210
f 4210/4210/4210 4217/4217/4217 4218/4218/4218 4211/4211/4211
f 4211/4211/4211 4218/4218/4218 4219/4219/4219 4212/4212/4212
f 4212/4212/4212 4219/4219/4219 4220/4220/4220 4213/4213/4213
f 4213/4213/4213 4220/4220/4220 4122/4122/4122 4121/4121/4121
f 4214/4214/4214 4221/4221/4221 4222/4222/4222 4215/4215/4215
f 4215/4215/4215 4222/4222/4222 4223/4223/4223 4216/4216/4216
f 4216/4216/4216 4223/4223/4223 4224/4224/4224 4217/4217/4217
f 4217/4217/4217 4224/4224/4224 4225/4225/4225 4218/4218/4218
f 4218/4218/4218 4225/4225/4225 4226/4226/4226 4219/4219/4219
f 4219/4219/4219 4226/4226/4226 4227/4227/4227 4220/4220/4220
f 4220/4220/4220 4227/4227/4227 4123/4123/4123 4122/4122/4122
f 4221/4221/4221 4228/4228/4228 4229/4229/4229 4222/4222/4222
f 4222/4222/4222 4229/4229/4229 4230/4230/4230 4223/4223/4223
f 4223/4223/4223 4230/4230/4230 4231/4231/4231 4224/4224/4224
f 4224/4224/4224 4231/4231/4231 4232/4232/4232 4225/4225/4225
f 4225/4225/4225 4232/4232/4232 4233/4233/4233 4226/4226/4226
f 4226/4226/4226 4233/4233/4233 4234/4234/4234 4227/4227/4227
f 4227/4227/4227 4234/4234/4234 4124/4124/4124 4123/4123/4123
f 4228/4228/4228 4235/4235/4235 4236/4236/4236 4229/4229/4229
f 4229/4229/4229 4236/4236/4236 4237/4237/4237 4230/4230/4230
f 4230/4230/4230 4237/4237/4237 4238/4238/4238 4231/4231/4231
f 4231/4231/4231 4238/4238/4238 4239/4239/4239 4232/4232/4232
f 4232/4232/4232 4239/4239/4239 4240/4240/4240 4233/4233/4233
f 4233/4233/4233 4240/4240/4240 4241/4241/4241 4234/4234/4234
f 4234/4234/4234 4241/4241/4241 4125/4125/4125 4124/4124/4124
f 4235/4235/4235 4242/4242/4242 4243/4243/4243 4236/4236/4236
f 4236/4236/4236 4243/4243/4243 4244/4244/4244 4237/4237/4237
f 4237/4237/4237 4244/4244/4244 4245/4245/4245 4238/4238/4238
f 4238/4238/4238 4245/4245/4245 4246/4246/4246 4239/4239/4239
f 4239/4239/4239 4246/4246/4246 4247/4247/4247 4240/4240/4240
f 4240/4240/4240 4247/4247/4247 4248/4248/4248 4241/4241/4241
f 4241/4241/4241 4248/4248/4248 4126/4126/4126 4125/4125/4125
f 4242/4242/4242 4249/4249/4249 4250/4250/4250 4243/4243/4243
f 4243/4243/4243 4250/4250/4250 4251/4251/4251 4244/4244/4244
f 4244/4244/4244 4251/4251/4251 4252/4252/4252 4245/4245/4245
f 4245/4245/4245 4252/4252/4252 4253/4253/4253 4246/4246/4246
f 4246/4246/4246 4253/4253/4253 4254/4254/4254 4247/4247/4247
f 4247/4247/4247 4254/4254/4254 4255/4255/4255 4248/4248/4248
f 4248/4248/4248 4255/4255/4255 4127/4127/4127 4126/4126/4126
f 4249/4249/4249 4256/4256/4256 4257/4257/4257 4250/4250/4250
f 4250/4250/4250 4257/4257/4257 4258/4258/4258 4251/4251/4251
f 4251/4251/4251 4258/4258/4258 4259/4259/4259 4252/4252/4252
f 4252/4252/4252 4259/4259/4259 4260/4260/4260 4253/4253/4253
f 4253/4253/4253 4260/4260/4260 4261/4261/4261 4254/4254/4254
f 4254/4254/4254 4261/4261/4261 4262/4262/4262 4255/4255/4255
f 4255/4255/4255 4262/4262/4262 4128/4128/4128 4127/4127/4127
f 4256/4256/4256 4263/4263/4263 4264/4264/4264 4257/4257/4257
f 4257/4257/4257 4264/4264/4264 4265/4265/4265 4258/4258/4258
f 4258/4258/4258 4265/4265/4265 4266/4266/4266 4259/4259/4259
f 4259/4259/4259 4266/4266/4266 4267/4267/4267 4260/4260/4260
f 4260/4260/4260 4267/4267/4267 4268/4268/4268 4261/4261/4261
f 4261/4261/4261 4268/4268/4268 4269/4269/4269 4262/4262/4262
f 4262/4262/4262 4269/4269/4269 4129/4129/4129 4128/4128/4128
f 4263/4263/4263 4270/4270/4270 4271/4271/4271 4264/4264/4264
f 4264/4264/4264 4271/4271/4271 4272/4272/4272 4265/4265/4265
f 4265/4265/4265 4272/4272/4272 4273/4273/4273 4266/4266/4266
f 4266/4266/4266 4273/4273/4273 4274/4274/4274 4267/4267/4267
f 4267/4267/4267 4274/4274/4274 4275/4275/4275 4268/4268/4268
f 4268/4268/4268 4275/4275/4275 4276/4276/4276 4269/4269/4269
f 4269/4269/4269 4276/4276/4276 4130/4130/4130 4129/4129/4129
f 4270/4270/4270 4277/4277/4277 4278/4278/4278 4271/4271/4271
f 4271/4271/4271 4278/4278/4278 4279/4279/4279 4272/4272/4272
f 4272/4272/4272 4279/4279/4279 4280/4280/4280 4273/4273/4273
f 4273/4273/4273 4280/4280/4280 4281/4281/4281 4274/4274/4274
f 4274/4274/4274 4281/4281/4281 4282/4282/4282 4275/4275/4275
f 4275/4275/4275 4282/4282/4282 4283/4283/4283 4276/4276/4276
f 4276/4276/4276 4283/4283/4283 4131/4131/4131 4130/4130/4130
f 4277/4277/4277 4284/4284/4284 4285/4285/4285 4278/4278/4278
f 4278/4278/4278 4285/4285/4285 4286/4286/4286 4279/4279/4279
f 4279/4279/4279 4286/4286/4286 4287/4287/4287 4280/4280/4280
f 4280/4280/4280 4287/4287/4287 4288/4288/4288 4281/4281/4281
f 4281/4281/4281 4288/4288/4288 4289/4289/4289 4282/4282/4282
f 4282/4282/4282 4289/4289/4289 4290/4290/4290 4283/4283/4283
f 4283/4283/4283 4290/4290/4290 4132/4132/4132 4131/4131/4131
f 4284/4284/4284 4291/4291/4291 4292/4292/4292 4285/4285/4285
f 4285/4285/4285 4292/4292/4292 4293/4293/4293 4286/4286/4286
f 4286/4286/4286 4293/4293/4293 4294/4294/4294 4287/4287/4287
f 4287/4287/4287 4294/4294/4294 4295/4295/4295 4288/4288/4288
f 4288/4288/4288 4295/4295/4295 4296/4296/4296 4289/4289/4289
f 4289/4289/4289 4296/4296/4296 4297/4297/4297 4290/4290/4290
f 4290/4290/4290 4297/4297/4297 4133/4133/4133 4132/4132/4132
f 4291/4291/4291 4298/4298/4298 4299/4299/4299 4292/4292/4292
f 4292/4292/4292 4299/4299/4299 4300/4300/4300 4293/4293/4293
f 4293/4293/4293 4300/4300/4300 4301/4301/4301 4294/4294/4294
f 4294/4294/4294 4301/4301/4301 4302/4302/4302 4295/4295/4295
f 4295/4295/4295 4302/4302/4302 4303/4303/4303 4296/4296/4296
f 4296/4296/4296 4303/4303/4303 4304/4304/4304 4297/4297/4297
f 4297/4297/4297 4304/4304/4304 4134/4134/4134 4133/4133/4133
f 4298/4298/4298 4305/4305/4305 4306/4306/4306 4299/4299/4299
f 4299/4299/4299 4306/4306/4306 4307/4307/4307 4300/4300/4300
f 4300/4300/4300 4307/4307/4307 4308/4308/4308 4301/4301/4301
f 4301/4301/4301 4308/4308/4308 4309/4309/4309 4302/4302/4302
f 4302/4302/4302 4309/4309/4309 4310/4310/4310 4303/4303/4303
f 4303/4303/4303 4310/4310/4310 4311/4311/4311 4304/4304/4304
f 4304/4304/4304 4311/4311/4311 4135/4135/4135 4134/4134/4134
f 4305/4305/4305 4312/4312/4312 4313/4313/4313 4306/4306/4306
f 4306/4306/4306 4313/4313/4313 4314/4314/4314 4307/4307/4307
f 4307/4307/4307 4314/4314/4314 4315/4315/4315 4308/4308/4308
f 4308/4308/4308 4315/4315/4315 4316/4316/4316 4309/4309/4309
f 4309/4309/4309 4316/4316/4316 4317/4317/4317 4310/4310/4310
f 4310/4310/4310 4317/4317/4317 4318/4318/4318 4311/4311/4311
f 4311/4311/4311 4318/4318/4318 4136/4136/4136 4135/4135/4135
f 4312/4312/4312 4319/4319/4319 4320/4320/4320 4313/4313/4313
f 4313/4313/4313 4320/4320/4320 4321/4321/4321 4314/4314/4314
f 4314/4314/4314 4321/4321/4321 4322/4322/4322 4315/4315/4315
f 4315/4315/4315 4322/4322/4322 4323/4323/4323 4316/4316/4316
f 4316/4316/4316 4323/4323/4323 4324/4324/4324 4317/4317/4317
f 4317/4317/4317 4324/4324/4324 4325/4325/4325 4318/4318/4318
f 4318/4318/4318 4325/4325/4325 4137/4137/4137 4136/4136/4136
f 4319/4319/4319 4326/4326/4326 4327/4327/4327 4320/4320/4320
f 4320/4320/4320 4327/4327/4327 4328/4328/4328 4321/4321/4321
f 4321/4321/4321 4328/4328/4328 4329/4329/4329 4322/4322/4322
f 4322/4322/4322 4329/4329/4329 4330/4330/4330 4323/4323/4323
f 4323/4323/4323 4330/4330/4330 4331/4331/4331 4324/4324/4324
f 4324/4324/4324 4331/4331/4331 4332/4332/4332 4325/4325/4325
f 4325/4325/4325 4332/4332/4332 4138/4138/4138 4137/4137/4137
f 4326/4326/4326 4333/4333/4333 4334/4334/4334 4327/4327/4327
f 4327/4327/4327 4334/4334/4334 4335/4335/4335 4328/4328/4328
f 4328/4328/4328 4335/4335/4335 4336/4336/4336 4329/4329/4329
f 4329/4329/4329 4336/4336/4336 4337/4337/4337 4330/4330/4330
f 4330/4330/4330 4337/4337/4337 4338/4338/4338 4331/4331/4331
f 4331/4331/4331 4338/4338/4338 4339/4339/4339 4332/4332/4332
f 4332/4332/4332 4339/4339/4339 4139/4139/4139 4138/4138/4138
f 4333/4333/4333 4340/4340/4340 4341/4341/4341 4334/4334/4334
f 4334/4334/4334 4341/4341/4341 4342/4342/4342 4335/4335/4335
f 4335/4335/4335 4342/4342/4342 4343/4343/4343 4336/4336/4336
f 4336/4336/4336 4343/4343/4343 4344/4344/4344 4337/4337/4337
f 4337/4337/4337 4344/4344/4344 4345/4345/4345 4338/4338/4338
f 4338/4338/4338 4345/4345/4345 4346/4346/4346 4339/4339/4339
f 4339/4339/4339 4346/4346/4346 4140/4140/4140 4139/4139/4139
f 4340/4340/4340 4347/4347/4347 4348/4348/4348 4341/4341/4341
f 4341/4341/4341 4348/4348/4348 4349/4349/4349 4342/4342/4342
f 4342/4342/4342 4349/4349/4349 4350/4350/4350 4343/4343/4343
f 4343/4343/4343 4350/4350/4350 4351/4351/4351 4344/4344/4344
f 4344/4344/4344 4351/4351/4351 4352/4352/4352 4345/4345/4345
f 4345/4345/4345 4352/4352/4352 4353/4353/4353 4346/4346/4346
f 4346/4346/4346 4353/4353/4353 4141/4141/4141 4140/4140/4140
f 4347/4347/4347 4354/4354/4354 4355/4355/4355 4348/4348/4348
f 4348/4348/4348 4355/4355/4355 4356/4356/4356 4349/4349/4349
f 4349/4349/4349 4356/4356/4356 4357/4357/4357 4350/4350/4350
f 4350/4350/4350 4357/4357/4357 4358/4358/4358 4351/4351/4351
f 4351/4351/4351 4358/4358/4358 4359/4359/4359 4352/4352/4352
f 4352/4352/4352 4359/4359/4359 4360/4360/4360 4353/4353/4353
f 4353/4353/4353 4360/4360/4360 4142/4142/4142 4141/4141/4141
f 4354/4354/4354 4361/4361/4361 4362/4362/4362 4355/4355/4355
f 4355/4355/4355 4362/4362/4362 4363/4363/4363 4356/4356/4356
f 4356/4356/4356 4363/4363/4363 4364/4364/4364 4357/4357/4357
f 4357/4357/4357 4364/4364/4364 4365/4365/4365 4358/4358/4358
f 4358/4358/4358 4365/4365/4365 4366/4366/4366 4359/4359/4359
f 4359/4359/4359 4366/4366/4366 4367/4367/4367 4360/4360/4360
f 4360/4360/4360 4367/4367/4367 4143/4143/4143 4142/4142/4142
f 4361/4361/4361 4145/4144/4144 4147/4147/4147 4362/4362/4362
f 4362/4362/4362 4147/4147/4147 4149/4149/4149 4363/4363/4363
f 4363/4363/4363 4149/4149/4149 4151/4151/4151 4364/4364/4364
f 4364/4364/4364 4151/4151/4151 4153/4153/4153 4365/4365/4365
f 4365/4365/4365 4153/4153/4153 4155/4155/4155 4366/4366/4366
f 4366/4366/4366 4155/4155/4155 4157/4157/4157 4367/4367/4367
f 4367/4367/4367 4157/4157/4157 4112/4112/4112 4143/4143/4143
f 4298/4298/4298 4291/4291/4291 4369/4368/4368 4368/4369/4369
f 4291/4291/4291 4284/4284/4284 4370/4370/4370 4369/4368/4368
f 4284/4284/4284 4277/4277/4277 4371/4371/4371 4370/4370/4370
f 4277/4277/4277 4270/4270/4270 4372/4372/4372 4371/4371/4371
f 4270/4270/4270 4263/4263/4263 4373/4373/4373 4372/4372/4372
f 4263/4263/4263 4256/4256/4256 4374/4374/4374 4373/4373/4373
f 4256/4256/4256 4249/4249/4249 4375/4375/4375 4374/4374/4374
f 4249/4249/4249 4242/4242/4242 4376/4376/4376 4375/4375/4375
f 4242/4242/4242 4235/4235/4235 4377/4377/4377 4376/4376/4376
f 4235/4235/4235 4228/4228/4228 4378/4378/4378 4377/4377/4377
f 4228/4228/4228 4221/4221/4221 4379/4379/4379 4378/4378/4378
f 4221/4221/4221 4214/4214/4214 4380/4380/4380 4379/4379/4379
f 4214/4214/4214 4207/4207/4207 4381/4381/4381 4380/4380/4380
f 4207/4207/4207 4200/4200/4200 4382/4382/4382 4381/4381/4381
f 4200/4200/4200 4193/4193/4193 4383/4383/4383 4382/4382/4382
f 4193/4193/4193 4186/4186/4186 4384/4384/4384 4383/4383/4383
f 4186/4186/4186 4179/4179/4179 4385/4385/4385 4384/4384/4384
f 4179/4179/4179 4172/4172/4172 4386/4386/4386 4385/4385/4385
f 4172/4172/4172 4165/4165/4165 4387/4387/4387 4386/4386/4386
f 4165/4165/4165 4158/4158/4158 4388/4388/4388 4387/4387/4387
f 4158/4158/4158 4144/4145/4145 4389/4389/4389 4388/4388/4388
f 4144/4145/4145 4145/4144/4144 4390/4390/4390 4389/4389/4389
f 4145/4144/4144 4361/4361/4361 4391/4391/4391 4390/4390/4390
f 4361/4361/4361 4354/4354/4354 4392/4392/4392 4391/4391/4391
f 4354/4354/4354 4347/4347/4347 4393/4393/4393 4392/4392/4392
f 4347/4347/4347 4340/4340/4340 4394/4394/4394 4393/4393/4393
f 4340/4340/4340 4333/4333/4333 4395/4395/4395 4394/4394/4394
f 4333/4333/4333 4326/4326/4326 4396/4396/4396 4395/4395/4395
f 4326/4326/4326 4319/4319/4319 4397/4397/4397 4396/4396/4396
f 4319/4319/4319 4312/4312/4312 4398/4398/4398 4397/4397/4397
f 4312/4312/4312 4305/4305/4305 4399/4399/4399 4398/4398/4398
f 4305/4305/4305 4298/4298/4298 4368/4369/4369 4399/4399/4399
f 4368/4369/4369 4369/4368/4368 4401/4400/4400 4400/4401/4401
f 4369/4368/4368 4370/4370/4370 4402/4402/4402 4401/4400/4400
f 4370/4370/4370 4371/4371/4371 4403/4403/4403 4402/4402/4402
f 4371/4371/4371 4372/4372/4372 4404/4404/4404 4403/4403/4403
f 4372/4372/4372 4373/4373/4373 4405/4405/4405 4404/4404/4404
f 4373/4373/4373 4374/4374/4374 4406/4406/4406 4405/4405/4405
f 4374/4374/4374 4375/4375/4375 4407/4407/4407 4406/4406/4406
f 4375/4375/4375 4376/4376/4376 4408/4408/4408 4407/4407/4407
f 4376/4376/4376 4377/4377/4377 4409/4409/4409 4408/4408/4408
f 4377/4377/4377 4378/4378/4378 4410/4410/4410 4409/4409/4409
f 4378/4378/4378 4379/4379/4379 4411/4411/4411 4410/4410/4410
f 4379/4379/4379 4380/4380/4380 4412/4412/4412 4411/4411/4411
f 4380/4380/4380 4381/4381/4381 4413/4413/4413 4412/4412/4412
f 4381/4381/4381 4382/4382/4382 4414/4414/4414 4413/4413/4413
f 4382/4382/4382 4383/4383/4383 4415/4415/4415 4414/4414/4414
f 4383/4383/4383 4384/4384/4384 4416/4416/4416 4415/4415/4415
f 4384/4384/4384 4385/4385/4385 4417/4417/4417 4416/4416/4416
f 4385/4385/4385 4386/4386/4386 4418/4418/4418 4417/4417/4417
f 4386/4386/4386 4387/4387/4387 4419/4419/4419 4418/4418/4418
f 4387/4387/4387 4388/4388/4388 4420/4420/4420 4419/4419/4419
f 4388/4388/4388 4389/4389/4389 4421/4421/4421 4420/4420/4420
f 4389/4389/4389 4390/4390/4390 4422/4422/4422 4421/4421/4421
f 4390/4390/4390 4391/4391/4391 4423/4423/4423 4422/4422/4422
f 4391/4391/4391 4392/4392/4392 4424/4424/4424 4423/4423/4423
f 4392/4392/4392 4393/4393/4393 4425/4425/4425 4424/4424/4424
f 4393/4393/4393 4394/4394/4394 4426/4426/4426 4425/4425/4425
f 4394/4394/4394 4395/4395/4395 4427/4427/4427 4426/4426/4426
f 4395/4395/4395 4396/4396/4396 4428/4428/4428 4427/4427/4427
f 4396/4396/4396 4397/4397/4397 4429/4429/4429 4428/4428/4428
f 4397/4397/4397 4398/4398/4398 4430/4430/4430 4429/4429/4429
f 4398/4398/4398 4399/4399/4399 4431/4431/4431 4430/4430/4430
f 4399/4399/4399 4368/4369/4369 4400/4401/4401 4431/4431/4431
g default
v 0.000000 0.408394 -0.008000
v 0.000937 0.408866 -0.003292
v 0.000000 0.408866 -0.003200
v 0.001837 0.408866 -0.003565
v 0.002667 0.408866 -0.004009
v 0.003394 0.408866 -0.004606
v 0.003991 0.408866 -0.005333
v 0.004435 0.408866 -0.006163
v 0.004708 0.408866 -0.007063
v 0.004800 0.408866 -0.008000
v 0.004708 0.408866 -0.008937
v 0.004435 0.408866 -0.009837
v 0.003991 0.408866 -0.010667
v 0.003394 0.408866 -0.011394
v 0.002667 0.408866 -0.011991
v 0.001837 0.408866 -0.012435
v 0.000937 0.408866 -0.012708
v -0.000000 0.408866 -0.012800
v -0.000937 0.408866 -0.012708
v -0.001837 0.408866 -0.012435
v -0.002667 0.408866 -0.011991
v -0.003394 0.408866 -0.011394
v -0.003991 0.408866 -0.010667
v -0.004435 0.408866 -0.009837
v -0.004708 0.408866 -0.008937
v -0.004800 0.408866 -0.008000
v -0.004708 0.408866 -0.007063
v -0.004435 0.408866 -0.006163
v -0.003991 0.408866 -0.005333
v -0.003394 0.408866 -0.004606
v -0.002667 0.408866 -0.004009
v -0.001837 0.408866 -0.003565
v -0.000937 0.408866 -0.003292
v 0.001837 0.410267 0.001235
v 0.000000 0.410267 0.001416
v 0.002667 0.412541 0.005408
v 0.000000 0.412541 0.005671
v 0.003394 0.415601 0.009065
v 0.000000 0.415601 0.009399
v 0.003991 0.419329 0.012066
v 0.000000 0.419329 0.012459
v 0.004435 0.423584 0.014296
v 0.000000 0.423584 0.014733
v 0.004708 0.428200 0.015670
v 0.000000 0.428200 0.016134
v 0.004800 0.433000 0.016134
v 0.000000 0.433000 0.016606
v 0.003604 0.410267 0.000700
v 0.005231 0.412541 0.004630
v 0.006658 0.415601 0.008075
v 0.007829 0.419329 0.010902
v 0.008700 0.423584 0.013003
v 0.009235 0.428200 0.014296
v 0.009416 0.433000 0.014733
v 0.005231 0.410267 -0.000171
v 0.007595 0.412541 0.003367
v 0.009667 0.415601 0.006467
v 0.011367 0.419329 0.009011
v 0.012630 0.423584 0.010902
v 0.013408 0.428200 0.012066
v 0.013671 0.433000 0.012459
v 0.006658 0.410267 -0.001342
v 0.009667 0.412541 0.001667
v 0.012303 0.415601 0.004303
v 0.014467 0.419329 0.006467
v 0.016075 0.423584 0.008075
v 0.017065 0.428200 0.009065
v 0.017399 0.433000 0.009399
v 0.007829 0.410267 -0.002769
v 0.011367 0.412541 -0.000405
v 0.014467 0.415601 0.001667
v 0.017011 0.419329 0.003367
v 0.018902 0.423584 0.004630
v 0.020066 0.428200 0.005408
v 0.020459 0.433000 0.005671
v 0.008700 0.410267 -0.004396
v 0.012630 0.412541 -0.002769
v 0.016075 0.415601 -0.001342
v 0.018902 0.419329 -0.000171
v 0.021003 0.423584 0.000700
v 0.022296 0.428200 0.001235
v 0.022733 0.433000 0.001416
v 0.009235 0.410267 -0.006163
v 0.013408 0.412541 -0.005333
v 0.017065 0.415601 -0.004606
v 0.020066 0.419329 -0.004009
v 0.022296 0.423584 -0.003565
v 0.023670 0.428200 -0.003292
v 0.024133 0.433000 -0.003200
v 0.009416 0.410267 -0.008000
v 0.013671 0.412541 -0.008000
v 0.017399 0.415601 -0.008000
v 0.020459 0.419329 -0.008000
v 0.022733 0.423584 -0.008000
v 0.024133 0.428200 -0.008000
v 0.024606 0.433000 -0.008000
v 0.009235 0.410267 -0.009837
v 0.013408 0.412541 -0.010667
v 0.017065 0.415601 -0.011394
v 0.020066 0.419329 -0.011991
v 0.022296 0.423584 -0.012435
v 0.023670 0.428200 -0.012708
v 0.024133 0.433000 -0.012800
v 0.008700 0.410267 -0.011603
v 0.012630 0.412541 -0.013232
v 0.016075 0.415601 -0.014658
v 0.018902 0.419329 -0.015829
v 0.021003 0.423584 -0.016700
v 0.022296 0.428200 -0.017236
v 0.022733 0.433000 -0.017416
v 0.007829 0.410267 -0.013232
v 0.011367 0.412541 -0.015595
v 0.014467 0.415601 -0.017667
v 0.017011 0.419329 -0.019367
v 0.018902 0.423584 -0.020630
v 0.020066 0.428200 -0.021408
v 0.020459 0.433000 -0.021670
v 0.006658 0.410267 -0.014658
v 0.009667 0.412541 -0.017667
v 0.012303 0.415601 -0.020303
v 0.014467 0.419329 -0.022467
v 0.016075 0.423584 -0.024075
v 0.017065 0.428200 -0.025065
v 0.017399 0.433000 -0.025399
v 0.005231 0.410267 -0.015829
v 0.007595 0.412541 -0.019367
v 0.009667 0.415601 -0.022467
v 0.011367 0.419329 -0.025011
v 0.012630 0.423584 -0.026902
v 0.013408 0.428200 -0.028066
v 0.013671 0.433000 -0.028459
v 0.003604 0.410267 -0.016700
v 0.005231 0.412541 -0.020630
v 0.006658 0.415601 -0.024075
v 0.007829 0.419329 -0.026902
v 0.008700 0.423584 -0.029003
v 0.009235 0.428200 -0.030296
v 0.009416 0.433000 -0.030733
v 0.001837 0.410267 -0.017236
v 0.002667 0.412541 -0.021408
v 0.003394 0.415601 -0.025065
v 0.003991 0.419329 -0.028066
v 0.004435 0.423584 -0.030296
v 0.004708 0.428200 -0.031670
v 0.004800 0.433000 -0.032134
v -0.000000 0.410267 -0.017416
v -0.000000 0.412541 -0.021670
v -0.000000 0.415601 -0.025399
v -0.000000 0.419329 -0.028459
v -0.000000 0.423584 -0.030733
v -0.000000 0.428200 -0.032134
v -0.000000 0.433000 -0.032606
v -0.001837 0.410267 -0.017236
v -0.002667 0.412541 -0.021408
v -0.003394 0.415601 -0.025065
v -0.003991 0.419329 -0.028066
v -0.004435 0.423584 -0.030296
v -0.004708 0.428200 -0.031670
v -0.004800 0.433000 -0.032134
v -0.003604 0.410267 -0.016700
v -0.005231 0.412541 -0.020630
v -0.006658 0.415601 -0.024075
v -0.007829 0.419329 -0.026902
v -0.008700 0.423584 -0.029003
v -0.009235 0.428200 -0.030296
v -0.009416 0.433000 -0.030733
v -0.005231 0.410267 -0.015829
v -0.007595 0.412541 -0.019367
v -0.009667 0.415601 -0.022467
v -0.011367 0.419329 -0.025011
v -0.012630 0.423584 -0.026902
v -0.013408 0.428200 -0.028066
v -0.013671 0.433000 -0.028459
v -0.006658 0.410267 -0.014658
v -0.009667 0.412541 -0.017667
v -0.012303 0.415601 -0.020303
v -0.014467 0.419329 -0.022467
v -0.016075 0.423584 -0.024075
v -0.017065 0.428200 -0.025065
v -0.017399 0.433000 -0.025399
v -0.007829 0.410267 -0.013232
v -0.011367 0.412541 -0.015595
v -0.014467 0.415601 -0.017667
v -0.017011 0.419329 -0.019367
v -0.018902 0.423584 -0.020630
v -0.020066 0.428200 -0.021408
v -0.020459 0.433000 -0.021670
v -0.008700 0.410267 -0.011603
v -0.012630 0.412541 -0.013232
v -0.016075 0.415601 -0.014658
v -0.018902 0.419329 -0.015829
v -0.021003 0.423584 -0.016700
v -0.022296 0.428200 -0.017236
v -0.022733 0.433000 -0.017416
v -0.009235 0.410267 -0.009837
v -0.013408 0.412541 -0.010667
v -0.017065 0.415601 -0.011394
v -0.020066 0.419329 -0.011991
v -0.022296 0.423584 -0.012435
v -0.023670 0.428200 -0.012708
v -0.024133 0.433000 -0.012800
v -0.009416 0.410267 -0.008000
v -0.013671 0.412541 -0.008000
v -0.017399 0.415601 -0.008000
v -0.020459 0.419329 -0.008000
v -0.022733 0.423584 -0.008000
v -0.024133 0.428200 -0.008000
v -0.024606 0.433000 -0.008000
v -0.009235 0.410267 -0.006163
v -0.013408 0.412541 -0.005333
v -0.017065 0.415601 -0.004606
v -0.020066 0.419329 -0.004009
v -0.022296 0.423584 -0.003565
v -0.023670 0.428200 -0.003292
v -0.024133 0.433000 -0.003200
v -0.008700 0.410267 -0.004396
v -0.012630 0.412541 -0.002769
v -0.016075 0.415601 -0.001342
v -0.018902 0.419329 -0.000171
v -0.021003 0.423584 0.000700
v -0.022296 0.428200 0.001235
v -0.022733 0.433000 0.001416
v -0.007829 0.410267 -0.002769
v -0.011367 0.412541 -0.000405
v -0.014467 0.415601 0.001667
v -0.017011 0.419329 0.003367
v -0.018902 0.423584 0.004630
v -0.020066 0.428200 0.005408
v -0.020459 0.433000 0.005671
v -0.006658 0.410267 -0.001342
v -0.009667 0.412541 0.001667
v -0.012303 0.415601 0.004303
v -0.014467 0.419329 0.006467
v -0.016075 0.423584 0.008075
v -0.017065 0.428200 0.009065
v -0.017399 0.433000 0.009399
v -0.005231 0.410267 -0.000171
v -0.007595 0.412541 0.003367
v -0.009667 0.415601 0.006467
v -0.011367 0.419329 0.009011
v -0.012630 0.423584 0.010902
v -0.013408 0.428200 0.012066
v -0.013671 0.433000 0.012459
v -0.003604 0.410267 0.000700
v -0.005231 0.412541 0.004630
v -0.006658 0.415601 0.008075
v -0.007829 0.419329 0.010902
v -0.008700 0.423584 0.013003
v -0.009235 0.428200 0.014296
v -0.009416 0.433000 0.014733
v -0.001837 0.410267 0.001235
v -0.002667 0.412541 0.005408
v -0.003394 0.415601 0.009065
v -0.003991 0.419329 0.012066
v -0.004435 0.423584 0.014296
v -0.004708 0.428200 0.015670
v -0.004800 0.433000 0.016134
v -0.017399 0.480781 -0.027317
v -0.013671 0.480781 -0.030377
v -0.020459 0.480781 -0.023588
v -0.022733 0.480781 -0.019334
v -0.024133 0.480781 -0.014718
v -0.024606 0.480781 -0.009917
v -0.024133 0.480781 -0.005117
v -0.022733 0.480781 -0.000501
v -0.020459 0.480781 0.003753
v -0.017399 0.480781 0.007482
v -0.013671 0.480781 0.010542
v -0.009416 0.480781 0.012816
v -0.004800 0.480781 0.014216
v 0.000000 0.480781 0.014689
v 0.004800 0.480781 0.014216
v 0.009416 0.480781 0.012816
v 0.013671 0.480781 0.010542
v 0.017399 0.480781 0.007482
v 0.020459 0.480781 0.003753
v 0.022733 0.480781 -0.000501
v 0.024133 0.480781 -0.005117
v 0.024606 0.480781 -0.009917
v 0.024133 0.480781 -0.014718
v 0.022733 0.480781 -0.019334
v 0.020459 0.480781 -0.023588
v 0.017399 0.480781 -0.027317
v 0.013671 0.480781 -0.030377
v 0.009416 0.480781 -0.032651
v 0.004800 0.480781 -0.034051
v -0.000000 0.480781 -0.034524
v -0.004800 0.480781 -0.034051
v -0.009416 0.480781 -0.032651
v -0.016200 0.485082 -0.026117
v -0.012728 0.485082 -0.028966
v -0.019049 0.485082 -0.022645
v -0.021166 0.485082 -0.018685
v -0.022470 0.485082 -0.014387
v -0.022910 0.485082 -0.009917
v -0.022470 0.485082 -0.005448
v -0.021166 0.485082 -0.001150
v -0.019049 0.485082 0.002811
v -0.016200 0.485082 0.006282
v -0.012728 0.485082 0.009132
v -0.008767 0.485082 0.011249
v -0.004470 0.485082 0.012552
v 0.000000 0.485082 0.012993
v 0.004470 0.485082 0.012552
v 0.008767 0.485082 0.011249
v 0.012728 0.485082 0.009132
v 0.016200 0.485082 0.006282
v 0.019049 0.485082 0.002811
v 0.021166 0.485082 -0.001150
v 0.022470 0.485082 -0.005448
v 0.022910 0.485082 -0.009917
v 0.022470 0.485082 -0.014387
v 0.021166 0.485082 -0.018685
v 0.019049 0.485082 -0.022645
v 0.016200 0.485082 -0.026117
v 0.012728 0.485082 -0.028966
v 0.008767 0.485082 -0.031083
v 0.004470 0.485082 -0.032387
v -0.000000 0.485082 -0.032827
v -0.004470 0.485082 -0.032387
v -0.008767 0.485082 -0.031083
vt 0.500000 0.584670
vt 0.501674 0.585343
vt 0.500000 0.585343
vt 0.503283 0.585343
vt 0.504766 0.585343
vt 0.506066 0.585343
vt 0.507133 0.585343
vt 0.507926 0.585343
vt 0.508414 0.585343
vt 0.508579 0.585343
vt 0.508414 0.585343
vt 0.507926 0.585343
vt 0.507133 0.585343
vt 0.506066 0.585343
vt 0.504766 0.585343
vt 0.503283 0.585343
vt 0.501674 0.585343
vt 0.500000 0.585343
vt 0.498326 0.585343
vt 0.496717 0.585343
vt 0.495234 0.585343
vt 0.493934 0.585343
vt 0.492867 0.585343
vt 0.492074 0.585343
vt 0.491586 0.585343
vt 0.491421 0.585343
vt 0.491586 0.585343
vt 0.492074 0.585343
vt 0.492867 0.585343
vt 0.493934 0.585343
vt 0.495234 0.585343
vt 0.496717 0.585343
vt 0.498326 0.585343
vt 0.503283 0.587341
vt 0.500000 0.587341
vt 0.504766 0.590584
vt 0.500000 0.590584
vt 0.506066 0.594949
vt 0.500000 0.594949
vt 0.507133 0.600266
vt 0.500000 0.600266
vt 0.507926 0.606334
vt 0.500000 0.606334
vt 0.508414 0.612918
vt 0.500000 0.612918
vt 0.508579 0.619764
vt 0.500000 0.619764
vt 0.506440 0.587341
vt 0.509349 0.590584
vt 0.511899 0.594949
vt 0.513992 0.600266
vt 0.515547 0.606334
vt 0.516505 0.612918
vt 0.516828 0.619764
vt 0.509349 0.587341
vt 0.513573 0.590584
vt 0.517275 0.594949
vt 0.520313 0.600266
vt 0.522571 0.606334
vt 0.523961 0.612918
vt 0.524430 0.619764
vt 0.511899 0.587341
vt 0.517275 0.590584
vt 0.521987 0.594949
vt 0.525854 0.600266
vt 0.528727 0.606334
vt 0.530497 0.612918
vt 0.531094 0.619764
vt 0.513992 0.587341
vt 0.520313 0.590584
vt 0.525854 0.594949
vt 0.530401 0.600266
vt 0.533780 0.606334
vt 0.535860 0.612918
vt 0.536563 0.619764
vt 0.515547 0.587341
vt 0.522571 0.590584
vt 0.528727 0.594949
vt 0.533780 0.600266
vt 0.537534 0.606334
vt 0.539846 0.612918
vt 0.540627 0.619764
vt 0.516505 0.587341
vt 0.523961 0.590584
vt 0.530497 0.594949
vt 0.535860 0.600266
vt 0.539846 0.606334
vt 0.542300 0.612918
vt 0.543129 0.619764
vt 0.516828 0.587341
vt 0.524430 0.590584
vt 0.531094 0.594949
vt 0.536563 0.600266
vt 0.540627 0.606334
vt 0.543129 0.612918
vt 0.543974 0.619764
vt 0.516505 0.587341
vt 0.523961 0.590584
vt 0.530497 0.594949
vt 0.535860 0.600266
vt 0.539846 0.606334
vt 0.542300 0.612918
vt 0.543129 0.619764
vt 0.515547 0.587341
vt 0.522571 0.590584
vt 0.528727 0.594949
vt 0.533780 0.600266
vt 0.537534 0.606334
vt 0.539846 0.612918
vt 0.540627 0.619764
vt 0.513992 0.587341
vt 0.520313 0.590584
vt 0.525854 0.594949
vt 0.530401 0.600266
vt 0.533780 0.606334
vt 0.535860 0.612918
vt 0.536563 0.619764
vt 0.511899 0.587341
vt 0.517275 0.590584
vt 0.521987 0.594949
vt 0.525854 0.600266
vt 0.528727 0.606334
vt 0.530497 0.612918
vt 0.531094 0.619764
vt 0.509349 0.587341
vt 0.513573 0.590584
vt 0.517275 0.594949
vt 0.520313 0.600266
vt 0.522571 0.606334
vt 0.523961 0.612918
vt 0.524430 0.619764
vt 0.506440 0.587341
vt 0.509349 0.590584
vt 0.511899 0.594949
vt 0.513992 0.600266
vt 0.515547 0.606334
vt 0.516505 0.612918
vt 0.516828 0.619764
vt 0.503283 0.587341
vt 0.504766 0.590584
vt 0.506066 0.594949
vt 0.507133 0.600266
vt 0.507926 0.606334
vt 0.508414 0.612918
vt 0.508579 0.619764
vt 0.500000 0.587341
vt 0.500000 0.590584
vt 0.500000 0.594949
vt 0.500000 0.600266
vt 0.500000 0.606334
vt 0.500000 0.612918
vt 0.500000 0.619764
vt 0.496717 0.587341
vt 0.495234 0.590584
vt 0.493934 0.594949
vt 0.492867 0.600266
vt 0.492074 0.606334
vt 0.491586 0.612918
vt 0.491421 0.619764
vt 0.493560 0.587341
vt 0.490651 0.590584
vt 0.488101 0.594949
vt 0.486008 0.600266
vt 0.484453 0.606334
vt 0.483495 0.612918
vt 0.483172 0.619764
vt 0.490651 0.587341
vt 0.486427 0.590584
vt 0.482725 0.594949
vt 0.479687 0.600266
vt 0.477429 0.606334
vt 0.476039 0.612918
vt 0.475570 0.619764
vt 0.488101 0.587341
vt 0.482725 0.590584
vt 0.478013 0.594949
vt 0.474146 0.600266
vt 0.471273 0.606334
vt 0.469503 0.612918
vt 0.468906 0.619764
vt 0.486008 0.587341
vt 0.479687 0.590584
vt 0.474146 0.594949
vt 0.469599 0.600266
vt 0.466220 0.606334
vt 0.464140 0.612918
vt 0.463437 0.619764
vt 0.484453 0.587341
vt 0.477429 0.590584
vt 0.471273 0.594949
vt 0.466220 0.600266
vt 0.462466 0.606334
vt 0.460154 0.612918
vt 0.459373 0.619764
vt 0.483495 0.587341
vt 0.476039 0.590584
vt 0.469503 0.594949
vt 0.464140 0.600266
vt 0.460154 0.606334
vt 0.457700 0.612918
vt 0.456871 0.619764
vt 0.483172 0.587341
vt 0.475570 0.590584
vt 0.468906 0.594949
vt 0.463437 0.600266
vt 0.459373 0.606334
vt 0.456871 0.612918
vt 0.456026 0.619764
vt 0.483495 0.587341
vt 0.476039 0.590584
vt 0.469503 0.594949
vt 0.464140 0.600266
vt 0.460154 0.606334
vt 0.457700 0.612918
vt 0.456871 0.619764
vt 0.484453 0.587341
vt 0.477429 0.590584
vt 0.471273 0.594949
vt 0.466220 0.600266
vt 0.462466 0.606334
vt 0.460154 0.612918
vt 0.459373 0.619764
vt 0.486008 0.587341
vt 0.479687 0.590584
vt 0.474146 0.594949
vt 0.469599 0.600266
vt 0.466220 0.606334
vt 0.464140 0.612918
vt 0.463437 0.619764
vt 0.488101 0.587341
vt 0.482725 0.590584
vt 0.478013 0.594949
vt 0.474146 0.600266
vt 0.471273 0.606334
vt 0.469503 0.612918
vt 0.468906 0.619764
vt 0.490651 0.587341
vt 0.486427 0.590584
vt 0.482725 0.594949
vt 0.479687 0.600266
vt 0.477429 0.606334
vt 0.476039 0.612918
vt 0.475570 0.619764
vt 0.493560 0.587341
vt 0.490651 0.590584
vt 0.488101 0.594949
vt 0.486008 0.600266
vt 0.484453 0.606334
vt 0.483495 0.612918
vt 0.483172 0.619764
vt 0.496717 0.587341
vt 0.495234 0.590584
vt 0.493934 0.594949
vt 0.492867 0.600266
vt 0.492074 0.606334
vt 0.491586 0.612918
vt 0.491421 0.619764
vt 0.468906 0.687911
vt 0.475570 0.687911
vt 0.463437 0.687911
vt 0.459373 0.687911
vt 0.456871 0.687911
vt 0.456026 0.687911
vt 0.456871 0.687911
vt 0.459373 0.687911
vt 0.463437 0.687911
vt 0.468906 0.687911
vt 0.475570 0.687911
vt 0.483172 0.687911
vt 0.491421 0.687911
vt 0.500000 0.687911
vt 0.508579 0.687911
vt 0.516828 0.687911
vt 0.524430 0.687911
vt 0.531094 0.687911
vt 0.536563 0.687911
vt 0.540627 0.687911
vt 0.543129 0.687911
vt 0.543974 0.687911
vt 0.543129 0.687911
vt 0.540627 0.687911
vt 0.536563 0.687911
vt 0.531094 0.687911
vt 0.524430 0.687911
vt 0.516828 0.687911
vt 0.508579 0.687911
vt 0.500000 0.687911
vt 0.491421 0.687911
vt 0.483172 0.687911
vt 0.471049 0.694046
vt 0.477254 0.694046
vt 0.465958 0.694046
vt 0.462174 0.694046
vt 0.459845 0.694046
vt 0.459058 0.694046
vt 0.459845 0.694046
vt 0.462174 0.694046
vt 0.465958 0.694046
vt 0.471049 0.694046
vt 0.477254 0.694046
vt 0.484332 0.694046
vt 0.492013 0.694046
vt 0.500000 0.694046
vt 0.507987 0.694046
vt 0.515668 0.694046
vt 0.522746 0.694046
vt 0.528951 0.694046
vt 0.534042 0.694046
vt 0.537826 0.694046
vt 0.540155 0.694046
vt 0.540942 0.694046
vt 0.540155 0.694046
vt 0.537826 0.694046
vt 0.534042 0.694046
vt 0.528951 0.694046
vt 0.522746 0.694046
vt 0.515668 0.694046
vt 0.507987 0.694046
vt 0.500000 0.694046
vt 0.492013 0.694046
vt 0.484332 0.694046
vn -0.000000 -1.000000 -0.000000
vn 0.038055 -0.980790 0.191317
vn -0.000000 -0.980791 0.195064
vn 0.074648 -0.980790 0.180216
vn 0.108372 -0.980792 0.162182
vn 0.137931 -0.980792 0.137920
vn 0.162190 -0.980790 0.108373
vn 0.180216 -0.980790 0.074660
vn 0.191316 -0.980791 0.038052
vn 0.195064 -0.980790 0.000000
vn 0.191316 -0.980791 -0.038046
vn 0.180216 -0.980790 -0.074656
vn 0.162189 -0.980790 -0.108381
vn 0.137930 -0.980791 -0.137929
vn 0.108371 -0.980792 -0.162182
vn 0.074648 -0.980792 -0.180208
vn 0.038060 -0.980791 -0.191314
vn -0.000000 -0.980791 -0.195064
vn -0.038060 -0.980790 -0.191316
vn -0.074648 -0.980791 -0.180214
vn -0.108371 -0.980793 -0.162177
vn -0.137931 -0.980792 -0.137919
vn -0.162189 -0.980790 -0.108374
vn -0.180216 -0.980790 -0.074660
vn -0.191316 -0.980791 -0.038052
vn -0.195064 -0.980790 -0.000000
vn -0.191316 -0.980791 0.038046
vn -0.180216 -0.980790 0.074656
vn -0.162190 -0.980790 0.108380
vn -0.137931 -0.980791 0.137926
vn -0.108372 -0.980792 0.162178
vn -0.074648 -0.980792 0.180206
vn -0.038055 -0.980791 0.191314
vn 0.074668 -0.923859 0.375380
vn -0.000000 -0.923858 0.382735
vn 0.108380 -0.831493 0.544861
vn 0.000000 -0.831491 0.555538
vn 0.137935 -0.707183 0.693445
vn 0.000000 -0.707182 0.707031
vn 0.162209 -0.555609 0.815467
vn 0.000000 -0.555610 0.831443
vn 0.180245 -0.382671 0.906132
vn 0.000000 -0.382672 0.923884
vn 0.191343 -0.195114 0.961935
vn -0.000000 -0.195112 0.980781
vn 0.195006 -0.029423 0.980361
vn -0.000000 -0.029036 0.999578
vn 0.146466 -0.923858 0.353600
vn 0.212595 -0.831493 0.513248
vn 0.270570 -0.707180 0.653213
vn 0.318182 -0.555608 0.768154
vn 0.353555 -0.382672 0.853558
vn 0.375326 -0.195114 0.906124
vn 0.382507 -0.030564 0.923447
vn 0.212636 -0.923857 0.318235
vn 0.308641 -0.831492 0.461911
vn 0.392807 -0.707181 0.587876
vn 0.461925 -0.555609 0.691320
vn 0.513281 -0.382674 0.768182
vn 0.544890 -0.195113 0.815491
vn 0.555281 -0.032411 0.831031
vn 0.270635 -0.923857 0.270638
vn 0.392825 -0.831491 0.392824
vn 0.499945 -0.707183 0.499947
vn 0.587918 -0.555609 0.587920
vn 0.653283 -0.382674 0.653285
vn 0.693517 -0.195114 0.693516
vn 0.706679 -0.034901 0.706673
vn 0.318234 -0.923858 0.212634
vn 0.461913 -0.831493 0.308636
vn 0.587875 -0.707185 0.392801
vn 0.691322 -0.555610 0.461922
vn 0.768183 -0.382671 0.513281
vn 0.815491 -0.195114 0.544890
vn 0.830873 -0.037941 0.555167
vn 0.353601 -0.923858 0.146465
vn 0.513248 -0.831492 0.212595
vn 0.653211 -0.707182 0.270572
vn 0.768154 -0.555609 0.318179
vn 0.853560 -0.382670 0.353553
vn 0.906124 -0.195115 0.375327
vn 0.923088 -0.041408 0.382352
vn 0.375380 -0.923858 0.074668
vn 0.544861 -0.831493 0.108379
vn 0.693445 -0.707182 0.137938
vn 0.815468 -0.555608 0.162210
vn 0.906132 -0.382670 0.180243
vn 0.961935 -0.195114 0.191343
vn 0.979785 -0.045165 0.194888
vn 0.382735 -0.923858 0.000001
vn 0.555536 -0.831492 -0.000002
vn 0.707032 -0.707182 -0.000001
vn 0.831445 -0.555607 -0.000000
vn 0.923885 -0.382671 -0.000001
vn 0.980781 -0.195112 -0.000000
vn 0.998795 -0.049073 0.000000
vn 0.375380 -0.923859 -0.074667
vn 0.544861 -0.831493 -0.108382
vn 0.693445 -0.707182 -0.137938
vn 0.815468 -0.555608 -0.162209
vn 0.906132 -0.382670 -0.180244
vn 0.961934 -0.195115 -0.191344
vn 0.979408 -0.052984 -0.194814
vn 0.353601 -0.923858 -0.146470
vn 0.513248 -0.831491 -0.212602
vn 0.653210 -0.707182 -0.270573
vn 0.768155 -0.555608 -0.318179
vn 0.853559 -0.382670 -0.353553
vn 0.906123 -0.195116 -0.375327
vn 0.922392 -0.056742 -0.382065
vn 0.318233 -0.923858 -0.212637
vn 0.461912 -0.831492 -0.308640
vn 0.587874 -0.707185 -0.392803
vn 0.691321 -0.555610 -0.461923
vn 0.768182 -0.382673 -0.513281
vn 0.815491 -0.195115 -0.544890
vn 0.829965 -0.060199 -0.554558
vn 0.270636 -0.923858 -0.270634
vn 0.392827 -0.831492 -0.392821
vn 0.499946 -0.707184 -0.499944
vn 0.587921 -0.555608 -0.587919
vn 0.653284 -0.382675 -0.653284
vn 0.693516 -0.195116 -0.693517
vn 0.705695 -0.063229 -0.705689
vn 0.212635 -0.923858 -0.318235
vn 0.308640 -0.831491 -0.461913
vn 0.392804 -0.707183 -0.587874
vn 0.461925 -0.555609 -0.691321
vn 0.513281 -0.382673 -0.768182
vn 0.544889 -0.195115 -0.815491
vn 0.554371 -0.065719 -0.829671
vn 0.146468 -0.923858 -0.353600
vn 0.212598 -0.831491 -0.513249
vn 0.270572 -0.707181 -0.653212
vn 0.318180 -0.555608 -0.768155
vn 0.353553 -0.382670 -0.853559
vn 0.375326 -0.195114 -0.906124
vn 0.381811 -0.067571 -0.921767
vn 0.074670 -0.923859 -0.375378
vn 0.108381 -0.831493 -0.544860
vn 0.137938 -0.707182 -0.693446
vn 0.162210 -0.555608 -0.815468
vn 0.180244 -0.382670 -0.906132
vn 0.191343 -0.195113 -0.961935
vn 0.194629 -0.068707 -0.978468
vn -0.000000 -0.923859 -0.382733
vn -0.000000 -0.831493 -0.555535
vn -0.000000 -0.707182 -0.707031
vn -0.000000 -0.555608 -0.831444
vn -0.000000 -0.382671 -0.923885
vn -0.000000 -0.195112 -0.980781
vn 0.000000 -0.069089 -0.997611
vn -0.074671 -0.923860 -0.375376
vn -0.108381 -0.831495 -0.544857
vn -0.137938 -0.707183 -0.693445
vn -0.162210 -0.555608 -0.815468
vn -0.180245 -0.382671 -0.906132
vn -0.191343 -0.195114 -0.961935
vn -0.194629 -0.068707 -0.978468
vn -0.146468 -0.923859 -0.353597
vn -0.212599 -0.831493 -0.513246
vn -0.270572 -0.707181 -0.653212
vn -0.318180 -0.555608 -0.768154
vn -0.353554 -0.382671 -0.853559
vn -0.375326 -0.195114 -0.906124
vn -0.381811 -0.067571 -0.921767
vn -0.212635 -0.923858 -0.318233
vn -0.308638 -0.831492 -0.461913
vn -0.392801 -0.707182 -0.587878
vn -0.461924 -0.555607 -0.691323
vn -0.513281 -0.382673 -0.768182
vn -0.544889 -0.195114 -0.815492
vn -0.554370 -0.065719 -0.829671
vn -0.270636 -0.923857 -0.270638
vn -0.392825 -0.831491 -0.392825
vn -0.499946 -0.707183 -0.499945
vn -0.587922 -0.555606 -0.587919
vn -0.653285 -0.382673 -0.653284
vn -0.693518 -0.195116 -0.693515
vn -0.705696 -0.063230 -0.705688
vn -0.318233 -0.923858 -0.212635
vn -0.461913 -0.831493 -0.308636
vn -0.587876 -0.707184 -0.392800
vn -0.691324 -0.555609 -0.461921
vn -0.768184 -0.382671 -0.513281
vn -0.815492 -0.195115 -0.544888
vn -0.829965 -0.060202 -0.554557
vn -0.353601 -0.923858 -0.146465
vn -0.513248 -0.831492 -0.212596
vn -0.653211 -0.707182 -0.270572
vn -0.768155 -0.555608 -0.318179
vn -0.853560 -0.382670 -0.353553
vn -0.906123 -0.195116 -0.375328
vn -0.922391 -0.056743 -0.382066
vn -0.375380 -0.923858 -0.074668
vn -0.544861 -0.831493 -0.108379
vn -0.693445 -0.707182 -0.137938
vn -0.815468 -0.555608 -0.162209
vn -0.906132 -0.382670 -0.180243
vn -0.961935 -0.195115 -0.191343
vn -0.979408 -0.052984 -0.194814
vn -0.382735 -0.923858 -0.000001
vn -0.555536 -0.831492 0.000002
vn -0.707032 -0.707182 0.000001
vn -0.831445 -0.555607 -0.000000
vn -0.923885 -0.382671 -0.000000
vn -0.980781 -0.195112 0.000000
vn -0.998795 -0.049073 0.000000
vn -0.375380 -0.923858 0.074667
vn -0.544861 -0.831493 0.108382
vn -0.693445 -0.707182 0.137938
vn -0.815468 -0.555608 0.162209
vn -0.906132 -0.382670 0.180245
vn -0.961935 -0.195114 0.191344
vn -0.979785 -0.045165 0.194888
vn -0.353601 -0.923858 0.146470
vn -0.513248 -0.831491 0.212601
vn -0.653211 -0.707182 0.270572
vn -0.768155 -0.555609 0.318178
vn -0.853559 -0.382670 0.353554
vn -0.906123 -0.195115 0.375328
vn -0.923088 -0.041408 0.382352
vn -0.318234 -0.923858 0.212635
vn -0.461912 -0.831492 0.308638
vn -0.587875 -0.707184 0.392802
vn -0.691321 -0.555610 0.461923
vn -0.768183 -0.382671 0.513282
vn -0.815490 -0.195114 0.544891
vn -0.830873 -0.037941 0.555167
vn -0.270636 -0.923859 0.270631
vn -0.392825 -0.831493 0.392821
vn -0.499945 -0.707183 0.499948
vn -0.587917 -0.555609 0.587922
vn -0.653283 -0.382674 0.653286
vn -0.693516 -0.195114 0.693517
vn -0.706678 -0.034901 0.706674
vn -0.212637 -0.923860 0.318228
vn -0.308641 -0.831492 0.461911
vn -0.392806 -0.707181 0.587876
vn -0.461925 -0.555609 0.691321
vn -0.513280 -0.382674 0.768182
vn -0.544890 -0.195114 0.815491
vn -0.555281 -0.032411 0.831031
vn -0.146466 -0.923859 0.353598
vn -0.212595 -0.831492 0.513248
vn -0.270571 -0.707181 0.653212
vn -0.318181 -0.555608 0.768154
vn -0.353554 -0.382671 0.853559
vn -0.375326 -0.195114 0.906124
vn -0.382507 -0.030563 0.923447
vn -0.074668 -0.923858 0.375381
vn -0.108380 -0.831492 0.544863
vn -0.137935 -0.707182 0.693446
vn -0.162208 -0.555608 0.815468
vn -0.180244 -0.382670 0.906132
vn -0.191343 -0.195113 0.961935
vn -0.195005 -0.029423 0.980361
vn -0.696468 0.172838 -0.696462
vn -0.547450 0.170382 -0.819310
vn -0.818518 0.175829 -0.546912
vn -0.908918 0.179241 -0.376486
vn -0.964234 0.182941 -0.191795
vn -0.982401 0.186786 0.000000
vn -0.962801 0.190628 0.191508
vn -0.906270 0.194320 0.375387
vn -0.815056 0.197719 0.544601
vn -0.692722 0.200695 0.692718
vn -0.543990 0.203134 0.814132
vn -0.374562 0.204946 0.904268
vn -0.190901 0.206062 0.959737
vn -0.000000 0.206440 0.978459
vn 0.190901 0.206062 0.959737
vn 0.374562 0.204947 0.904268
vn 0.543992 0.203135 0.814131
vn 0.692721 0.200695 0.692718
vn 0.815056 0.197719 0.544602
vn 0.906270 0.194320 0.375386
vn 0.962801 0.190628 0.191508
vn 0.982401 0.186786 0.000001
vn 0.964234 0.182941 -0.191795
vn 0.908917 0.179241 -0.376486
vn 0.818518 0.175829 -0.546911
vn 0.696468 0.172838 -0.696462
vn 0.547449 0.170382 -0.819311
vn 0.377210 0.168557 -0.910660
vn 0.192334 0.167435 -0.966940
vn 0.000000 0.167055 -0.985948
vn -0.192334 0.167434 -0.966940
vn -0.377211 0.168558 -0.910659
vn -0.657799 0.366881 -0.657799
vn -0.516829 0.366880 -0.773490
vn -0.773489 0.366881 -0.516830
vn -0.859454 0.366881 -0.356001
vn -0.912393 0.366881 -0.181486
vn -0.930268 0.366881 0.000000
vn -0.912393 0.366881 0.181484
vn -0.859454 0.366882 0.356000
vn -0.773488 0.366882 0.516831
vn -0.657798 0.366882 0.657799
vn -0.516828 0.366880 0.773491
vn -0.355996 0.366880 0.859457
vn -0.181482 0.366882 0.912394
vn 0.000000 0.366884 0.930267
vn 0.181482 0.366882 0.912394
vn 0.355997 0.366881 0.859456
vn 0.516830 0.366881 0.773489
vn 0.657797 0.366882 0.657799
vn 0.773487 0.366882 0.516832
vn 0.859455 0.366882 0.355999
vn 0.912393 0.366881 0.181485
vn 0.930268 0.366881 0.000001
vn 0.912393 0.366881 -0.181486
vn 0.859454 0.366881 -0.356002
vn 0.773490 0.366881 -0.516829
vn 0.657799 0.366881 -0.657798
vn 0.516827 0.366879 -0.773492
vn 0.355996 0.366879 -0.859457
vn 0.181482 0.366881 -0.912394
vn 0.000000 0.366881 -0.930268
vn -0.181482 0.366880 -0.912394
vn -0.355998 0.366880 -0.859456
s 1
g abdomen
usemtl default
f 4432/4432/4432 4433/4433/4433 4434/4434/4434
f 4432/4432/4432 4435/4435/4435 4433/4433/4433
f 4432/4432/4432 4436/4436/4436 4435/4435/4435
f 4432/4432/4432 4437/4437/4437 4436/4436/4436
f 4432/4432/4432 4438/4438/4438 4437/4437/4437
f 4432/4432/4432 4439/4439/4439 4438/4438/4438
f 4432/4432/4432 4440/4440/4440 4439/4439/4439
f 4432/4432/4432 4441/4441/4441 4440/4440/4440
f 4432/4432/4432 4442/4442/4442 4441/4441/4441
f 4432/4432/4432 4443/4443/4443 4442/4442/4442
f 4432/4432/4432 4444/4444/4444 4443/4443/4443
f 4432/4432/4432 4445/4445/4445 4444/4444/4444
f 4432/4432/4432 4446/4446/4446 4445/4445/4445
f 4432/4432/4432 4447/4447/4447 4446/4446/4446
f 4432/4432/4432 4448/4448/4448 4447/4447/4447
f 4432/4432/4432 4449/4449/4449 4448/4448/4448
f 4432/4432/4432 4450/4450/4450 4449/4449/4449
f 4432/4432/4432 4451/4451/4451 4450/4450/4450
f 4432/4432/4432 4452/4452/4452 4451/4451/4451
f 4432/4432/4432 4453/4453/4453 4452/4452/4452
f 4432/4432/4432 4454/4454/4454 4453/4453/4453
f 4432/4432/4432 4455/4455/4455 4454/4454/4454
f 4432/4432/4432 4456/4456/4456 4455/4455/4455
f 4432/4432/4432 4457/4457/4457 4456/4456/4456
f 4432/4432/4432 4458/4458/4458 4457/4457/4457
f 4432/4432/4432 4459/4459/4459 4458/4458/4458
f 4432/4432/4432 4460/4460/4460 4459/4459/4459
f 4432/4432/4432 4461/4461/4461 4460/4460/4460
f 4432/4432/4432 4462/4462/4462 4461/4461/4461
f 4432/4432/4432 4463/4463/4463 4462/4462/4462
f 4432/4432/4432 4464/4464/4464 4463/4463/4463
f 4432/4432/4432 4434/4434/4434 4464/4464/4464
f 4434/4434/4434 4433/4433/4433 4465/4465/4465 4466/4466/4466
f 4466/4466/4466 4465/4465/4465 4467/4467/4467 4468/4468/4468
f 4468/4468/4468 4467/4467/4467 4469/4469/4469 4470/4470/4470
f 4470/4470/4470 4469/4469/4469 4471/4471/4471 4472/4472/4472
f 4472/4472/4472 4471/4471/4471 4473/4473/4473 4474/4474/4474
f 4474/4474/4474 4473/4473/4473 4475/4475/4475 4476/4476/4476
f 4476/4476/4476 4475/4475/4475 4477/4477/4477 4478/4478/4478
f 4433/4433/4433 4435/4435/4435 4479/4479/4479 4465/4465/4465
f 4465/4465/4465 4479/4479/4479 4480/4480/4480 4467/4467/4467
f 4467/4467/4467 4480/4480/4480 4481/4481/4481 4469/4469/4469
f 4469/4469/4469 4481/4481/4481 4482/4482/4482 4471/4471/4471
f 4471/4471/4471 4482/4482/4482 4483/4483/4483 4473/4473/4473
f 4473/4473/4473 4483/4483/4483 4484/4484/4484 4475/4475/4475
f 4475/4475/4475 4484/4484/4484 4485/4485/4485 4477/4477/4477
f 4435/4435/4435 4436/4436/4436 4486/4486/4486 4479/4479/4479
f 4479/4479/4479 4486/4486/4486 4487/4487/4487 4480/4480/4480
f 4480/4480/4480 4487/4487/4487 4488/4488/4488 4481/4481/4481
f 4481/4481/4481 4488/4488/4488 4489/4489/4489 4482/4482/4482
f 4482/4482/4482 4489/4489/4489 4490/4490/4490 4483/4483/4483
f 4483/4483/4483 4490/4490/4490 4491/4491/4491 4484/4484/4484
f 4484/4484/4484 4491/4491/4491 4492/4492/4492 4485/4485/4485
f 4436/4436/4436 4437/4437/4437 4493/4493/4493 4486/4486/4486
f 4486/4486/4486 4493/4493/4493 4494/4494/4494 4487/4487/4487
f 4487/4487/4487 4494/4494/4494 4495/4495/4495 4488/4488/4488
f 4488/4488/4488 4495/4495/4495 4496/4496/4496 4489/4489/4489
f 4489/4489/4489 4496/4496/4496 4497/4497/4497 4490/4490/4490
f 4490/4490/4490 4497/4497/4497 4498/4498/4498 4491/4491/4491
f 4491/4491/4491 4498/4498/4498 4499/4499/4499 4492/4492/4492
f 4437/4437/4437 4438/4438/4438 4500/4500/4500 4493/4493/4493
f 4493/4493/4493 4500/4500/4500 4501/4501/4501 4494/4494/4494
f 4494/4494/4494 4501/4501/4501 4502/4502/4502 4495/4495/4495
f 4495/4495/4495 4502/4502/4502 4503/4503/4503 4496/4496/4496
f 4496/4496/4496 4503/4503/4503 4504/4504/4504 4497/4497/4497
f 4497/4497/4497 4504/4504/4504 4505/4505/4505 4498/4498/4498
f 4498/4498/4498 4505/4505/4505 4506/4506/4506 4499/4499/4499
f 4438/4438/4438 4439/4439/4439 4507/4507/4507 4500/4500/4500
f 4500/4500/4500 4507/4507/4507 4508/4508/4508 4501/4501/4501
f 4501/4501/4501 4508/4508/4508 4509/4509/4509 4502/4502/4502
f 4502/4502/4502 4509/4509/4509 4510/4510/4510 4503/4503/4503
f 4503/4503/4503 4510/4510/4510 4511/4511/4511 4504/4504/4504
f 4504/4504/4504 4511/4511/4511 4512/4512/4512 4505/4505/4505
f 4505/4505/4505 4512/4512/4512 4513/4513/4513 4506/4506/4506
f 4439/4439/4439 4440/4440/4440 4514/4514/4514 4507/4507/4507
f 4507/4507/4507 4514/4514/4514 4515/4515/4515 4508/4508/4508
f 4508/4508/4508 4515/4515/4515 4516/4516/4516 4509/4509/4509
f 4509/4509/4509 4516/4516/4516 4517/4517/4517 4510/4510/4510
f 4510/4510/4510 4517/4517/4517 4518/4518/4518 4511/4511/4511
f 4511/4511/4511 4518/4518/4518 4519/4519/4519 4512/4512/4512
f 4512/4512/4512 4519/4519/4519 4520/4520/4520 4513/4513/4513
f 4440/4440/4440 4441/4441/4441 4521/4521/4521 4514/4514/4514
f 4514/4514/4514 4521/4521/4521 4522/4522/4522 4515/4515/4515
f 4515/4515/4515 4522/4522/4522 4523/4523/4523 4516/4516/4516
f 4516/4516/4516 4523/4523/4523 4524/4524/4524 4517/4517/4517
f 4517/4517/4517 4524/4524/4524 4525/4525/4525 4518/4518/4518
f 4518/4518/4518 4525/4525/4525 4526/4526/4526 4519/4519/4519
f 4519/4519/4519 4526/4526/4526 4527/4527/4527 4520/4520/4520
f 4441/4441/4441 4442/4442/4442 4528/4528/4528 4521/4521/4521
f 4521/4521/4521 4528/4528/4528 4529/4529/4529 4522/4522/4522
f 4522/4522/4522 4529/4529/4529 4530/4530/4530 4523/4523/4523
f 4523/4523/4523 4530/4530/4530 4531/4531/4531 4524/4524/4524
f 4524/4524/4524 4531/4531/4531 4532/4532/4532 4525/4525/4525
f 4525/4525/4525 4532/4532/4532 4533/4533/4533 4526/4526/4526
f 4526/4526/4526 4533/4533/4533 4534/4534/4534 4527/4527/4527
f 4442/4442/4442 4443/4443/4443 4535/4535/4535 4528/4528/4528
f 4528/4528/4528 4535/4535/4535 4536/4536/4536 4529/4529/4529
f 4529/4529/4529 4536/4536/4536 4537/4537/4537 4530/4530/4530
f 4530/4530/4530 4537/4537/4537 4538/4538/4538 4531/4531/4531
f 4531/4531/4531 4538/4538/4538 4539/4539/4539 4532/4532/4532
f 4532/4532/4532 4539/4539/4539 4540/4540/4540 4533/4533/4533
f 4533/4533/4533 4540/4540/4540 4541/4541/4541 4534/4534/4534
f 4443/4443/4443 4444/4444/4444 4542/4542/4542 4535/4535/4535
f 4535/4535/4535 4542/4542/4542 4543/4543/4543 4536/4536/4536
f 4536/4536/4536 4543/4543/4543 4544/4544/4544 4537/4537/4537
f 4537/4537/4537 4544/4544/4544 4545/4545/4545 4538/4538/4538
f 4538/4538/4538 4545/4545/4545 4546/4546/4546 4539/4539/4539
f 4539/4539/4539 4546/4546/4546 4547/4547/4547 4540/4540/4540
f 4540/4540/4540 4547/4547/4547 4548/4548/4548 4541/4541/4541
f 4444/4444/4444 4445/4445/4445 4549/4549/4549 4542/4542/4542
f 4542/4542/4542 4549/4549/4549 4550/4550/4550 4543/4543/4543
f 4543/4543/4543 4550/4550/4550 4551/4551/4551 4544/4544/4544
f 4544/4544/4544 4551/4551/4551 4552/4552/4552 4545/4545/4545
f 4545/4545/4545 4552/4552/4552 4553/4553/4553 4546/4546/4546
f 4546/4546/4546 4553/4553/4553 4554/4554/4554 4547/4547/4547
f 4547/4547/4547 4554/4554/4554 4555/4555/4555 4548/4548/4548
f 4445/4445/4445 4446/4446/4446 4556/4556/4556 4549/4549/4549
f 4549/4549/4549 4556/4556/4556 4557/4557/4557 4550/4550/4550
f 4550/4550/4550 4557/4557/4557 4558/4558/4558 4551/4551/4551
f 4551/4551/4551 4558/4558/4558 4559/4559/4559 4552/4552/4552
f 4552/4552/4552 4559/4559/4559 4560/4560/4560 4553/4553/4553
f 4553/4553/4553 4560/4560/4560 4561/4561/4561 4554/4554/4554
f 4554/4554/4554 4561/4561/4561 4562/4562/4562 4555/4555/4555
f 4446/4446/4446 4447/4447/4447 4563/4563/4563 4556/4556/4556
f 4556/4556/4556 4563/4563/4563 4564/4564/4564 4557/4557/4557
f 4557/4557/4557 4564/4564/4564 4565/4565/4565 4558/4558/4558
f 4558/4558/4558 4565/4565/4565 4566/4566/4566 4559/4559/4559
f 4559/4559/4559 4566/4566/4566 4567/4567/4567 4560/4560/4560
f 4560/4560/4560 4567/4567/4567 4568/4568/4568 4561/4561/4561
f 4561/4561/4561 4568/4568/4568 4569/4569/4569 4562/4562/4562
f 4447/4447/4447 4448/4448/4448 4570/4570/4570 4563/4563/4563
f 4563/4563/4563 4570/4570/4570 4571/4571/4571 4564/4564/4564
f 4564/4564/4564 4571/4571/4571 4572/4572/4572 4565/4565/4565
f 4565/4565/4565 4572/4572/4572 4573/4573/4573 4566/4566/4566
f 4566/4566/4566 4573/4573/4573 4574/4574/4574 4567/4567/4567
f 4567/4567/4567 4574/4574/4574 4575/4575/4575 4568/4568/4568
f 4568/4568/4568 4575/4575/4575 4576/4576/4576 4569/4569/4569
f 4448/4448/4448 4449/4449/4449 4577/4577/4577 4570/4570/4570
f 4570/4570/4570 4577/4577/4577 4578/4578/4578 4571/4571/4571
f 4571/4571/4571 4578/4578/4578 4579/4579/4579 4572/4572/4572
f 4572/4572/4572 4579/4579/4579 4580/4580/4580 4573/4573/4573
f 4573/4573/4573 4580/4580/4580 4581/4581/4581 4574/4574/4574
f 4574/4574/4574 4581/4581/4581 4582/4582/4582 4575/4575/4575
f 4575/4575/4575 4582/4582/4582 4583/4583/4583 4576/4576/4576
f 4449/4449/4449 4450/4450/4450 4584/4584/4584 4577/4577/4577
f 4577/4577/4577 4584/4584/4584 4585/4585/4585 4578/4578/4578
f 4578/4578/4578 4585/4585/4585 4586/4586/4586 4579/4579/4579
f 4579/4579/4579 4586/4586/4586 4587/4587/4587 4580/4580/4580
f 4580/4580/4580 4587/4587/4587 4588/4588/4588 4581/4581/4581
f 4581/4581/4581 4588/4588/4588 4589/4589/4589 4582/4582/4582
f 4582/4582/4582 4589/4589/4589 4590/4590/4590 4583/4583/4583
f 4450/4450/4450 4451/4451/4451 4591/4591/4591 4584/4584/4584
f 4584/4584/4584 4591/4591/4591 4592/4592/4592 4585/4585/4585
f 4585/4585/4585 4592/4592/4592 4593/4593/4593 4586/4586/4586
f 4586/4586/4586 4593/4593/4593 4594/4594/4594 4587/4587/4587
f 4587/4587/4587 4594/4594/4594 4595/4595/4595 4588/4588/4588
f 4588/4588/4588 4595/4595/4595 4596/4596/4596 4589/4589/4589
f 4589/4589/4589 4596/4596/4596 4597/4597/4597 4590/4590/4590
f 4451/4451/4451 4452/4452/4452 4598/4598/4598 4591/4591/4591
f 4591/4591/4591 4598/4598/4598 4599/4599/4599 4592/4592/4592
f 4592/4592/4592 4599/4599/4599 4600/4600/4600 4593/4593/4593
f 4593/4593/4593 4600/4600/4600 4601/4601/4601 4594/4594/4594
f 4594/4594/4594 4601/4601/4601 4602/4602/4602 4595/4595/4595
f 4595/4595/4595 4602/4602/4602 4603/4603/4603 4596/4596/4596
f 4596/4596/4596 4603/4603/4603 4604/4604/4604 4597/4597/4597
f 4452/4452/4452 4453/4453/4453 4605/4605/4605 4598/4598/4598
f 4598/4598/4598 4605/4605/4605 4606/4606/4606 4599/4599/4599
f 4599/4599/4599 4606/4606/4606 4607/4607/4607 4600/4600/4600
f 4600/4600/4600 4607/4607/4607 4608/4608/4608 4601/4601/4601
f 4601/4601/4601 4608/4608/4608 4609/4609/4609 4602/4602/4602
f 4602/4602/4602 4609/4609/4609 4610/4610/4610 4603/4603/4603
f 4603/4603/4603 4610/4610/4610 4611/4611/4611 4604/4604/4604
f 4453/4453/4453 4454/4454/4454 4612/4612/4612 4605/4605/4605
f 4605/4605/4605 4612/4612/4612 4613/4613/4613 4606/4606/4606
f 4606/4606/4606 4613/4613/4613 4614/4614/4614 4607/4607/4607
f 4607/4607/4607 4614/4614/4614 4615/4615/4615 4608/4608/4608
f 4608/4608/4608 4615/4615/4615 4616/4616/4616 4609/4609/4609
f 4609/4609/4609 4616/4616/4616 4617/4617/4617 4610/4610/4610
f 4610/4610/4610 4617/4617/4617 4618/4618/4618 4611/4611/4611
f 4454/4454/4454 4455/4455/4455 4619/4619/4619 4612/4612/4612
f 4612/4612/4612 4619/4619/4619 4620/4620/4620 4613/4613/4613
f 4613/4613/4613 4620/4620/4620 4621/4621/4621 4614/4614/4614
f 4614/4614/4614 4621/4621/4621 4622/4622/4622 4615/4615/4615
f 4615/4615/4615 4622/4622/4622 4623/4623/4623 4616/4616/4616
f 4616/4616/4616 4623/4623/4623 4624/4624/4624 4617/4617/4617
f 4617/4617/4617 4624/4624/4624 4625/4625/4625 4618/4618/4618
f 4455/4455/4455 4456/4456/4456 4626/4626/4626 4619/4619/4619
f 4619/4619/4619 4626/4626/4626 4627/4627/4627 4620/4620/4620
f 4620/4620/4620 4627/4627/4627 4628/4628/4628 4621/4621/4621
f 4621/4621/4621 4628/4628/4628 4629/4629/4629 4622/4622/4622
f 4622/4622/4622 4629/4629/4629 4630/4630/4630 4623/4623/4623
f 4623/4623/4623 4630/4630/4630 4631/4631/4631 4624/4624/4624
f 4624/4624/4624 4631/4631/4631 4632/4632/4632 4625/4625/4625
f 4456/4456/4456 4457/4457/4457 4633/4633/4633 4626/4626/4626
f 4626/4626/4626 4633/4633/4633 4634/4634/4634 4627/4627/4627
f 4627/4627/4627 4634/4634/4634 4635/4635/4635 4628/4628/4628
f 4628/4628/4628 4635/4635/4635 4636/4636/4636 4629/4629/4629
f 4629/4629/4629 4636/4636/4636 4637/4637/4637 4630/4630/4630
f 4630/4630/4630 4637/4637/4637 4638/4638/4638 4631/4631/4631
f 4631/4631/4631 4638/4638/4638 4639/4639/4639 4632/4632/4632
f 4457/4457/4457 4458/4458/4458 4640/4640/4640 4633/4633/4633
f 4633/4633/4633 4640/4640/4640 4641/4641/4641 4634/4634/4634
f 4634/4634/4634 4641/4641/4641 4642/4642/4642 4635/4635/4635
f 4635/4635/4635 4642/4642/4642 4643/4643/4643 4636/4636/4636
f 4636/4636/4636 4643/4643/4643 4644/4644/4644 4637/4637/4637
f 4637/4637/4637 4644/4644/4644 4645/4645/4645 4638/4638/4638
f 4638/4638/4638 4645/4645/4645 4646/4646/4646 4639/4639/4639
f 4458/4458/4458 4459/4459/4459 4647/4647/4647 4640/4640/4640
f 4640/4640/4640 4647/4647/4647 4648/4648/4648 4641/4641/4641
f 4641/4641/4641 4648/4648/4648 4649/4649/4649 4642/4642/4642
f 4642/4642/4642 4649/4649/4649 4650/4650/4650 4643/4643/4643
f 4643/4643/4643 4650/4650/4650 4651/4651/4651 4644/4644/4644
f 4644/4644/4644 4651/4651/4651 4652/4652/4652 4645/4645/4645
f 4645/4645/4645 4652/4652/4652 4653/4653/4653 4646/4646/4646
f 4459/4459/4459 4460/4460/4460 4654/4654/4654 4647/4647/4647
f 4647/4647/4647 4654/4654/4654 4655/4655/4655 4648/4648/4648
f 4648/4648/4648 4655/4655/4655 4656/4656/4656 4649/4649/4649
f 4649/4649/4649 4656/4656/4656 4657/4657/4657 4650/4650/4650
f 4650/4650/4650 4657/4657/4657 4658/4658/4658 4651/4651/4651
f 4651/4651/4651 4658/4658/4658 4659/4659/4659 4652/4652/4652
f 4652/4652/4652 4659/4659/4659 4660/4660/4660 4653/4653/4653
f 4460/4460/4460 4461/4461/4461 4661/4661/4661 4654/4654/4654
f 4654/4654/4654 4661/4661/4661 4662/4662/4662 4655/4655/4655
f 4655/4655/4655 4662/4662/4662 4663/4663/4663 4656/4656/4656
f 4656/4656/4656 4663/4663/4663 4664/4664/4664 4657/4657/4657
f 4657/4657/4657 4664/4664/4664 4665/4665/4665 4658/4658/4658
f 4658/4658/4658 4665/4665/4665 4666/4666/4666 4659/4659/4659
f 4659/4659/4659 4666/4666/4666 4667/4667/4667 4660/4660/4660
f 4461/4461/4461 4462/4462/4462 4668/4668/4668 4661/4661/4661
f 4661/4661/4661 4668/4668/4668 4669/4669/4669 4662/4662/4662
f 4662/4662/4662 4669/4669/4669 4670/4670/4670 4663/4663/4663
f 4663/4663/4663 4670/4670/4670 4671/4671/4671 4664/4664/4664
f 4664/4664/4664 4671/4671/4671 4672/4672/4672 4665/4665/4665
f 4665/4665/4665 4672/4672/4672 4673/4673/4673 4666/4666/4666
f 4666/4666/4666 4673/4673/4673 4674/4674/4674 4667/4667/4667
f 4462/4462/4462 4463/4463/4463 4675/4675/4675 4668/4668/4668
f 4668/4668/4668 4675/4675/4675 4676/4676/4676 4669/4669/4669
f 4669/4669/4669 4676/4676/4676 4677/4677/4677 4670/4670/4670
f 4670/4670/4670 4677/4677/4677 4678/4678/4678 4671/4671/4671
f 4671/4671/4671 4678/4678/4678 4679/4679/4679 4672/4672/4672
f 4672/4672/4672 4679/4679/4679 4680/4680/4680 4673/4673/4673
f 4673/4673/4673 4680/4680/4680 4681/4681/4681 4674/4674/4674
f 4463/4463/4463 4464/4464/4464 4682/4682/4682 4675/4675/4675
f 4675/4675/4675 4682/4682/4682 4683/4683/4683 4676/4676/4676
f 4676/4676/4676 4683/4683/4683 4684/4684/4684 4677/4677/4677
f 4677/4677/4677 4684/4684/4684 4685/4685/4685 4678/4678/4678
f 4678/4678/4678 4685/4685/4685 4686/4686/4686 4679/4679/4679
f 4679/4679/4679 4686/4686/4686 4687/4687/4687 4680/4680/4680
f 4680/4680/4680 4687/4687/4687 4688/4688/4688 4681/4681/4681
f 4464/4464/4464 4434/4434/4434 4466/4466/4466 4682/4682/4682
f 4682/4682/4682 4466/4466/4466 4468/4468/4468 4683/4683/4683
f 4683/4683/4683 4468/4468/4468 4470/4470/4470 4684/4684/4684
f 4684/4684/4684 4470/4470/4470 4472/4472/4472 4685/4685/4685
f 4685/4685/4685 4472/4472/4472 4474/4474/4474 4686/4686/4686
f 4686/4686/4686 4474/4474/4474 4476/4476/4476 4687/4687/4687
f 4687/4687/4687 4476/4476/4476 4478/4478/4478 4688/4688/4688
f 4604/4604/4604 4611/4611/4611 4689/4689/4689 4690/4690/4690
f 4611/4611/4611 4618/4618/4618 4691/4691/4691 4689/4689/4689
f 4618/4618/4618 4625/4625/4625 4692/4692/4692 4691/4691/4691
f 4625/4625/4625 4632/4632/4632 4693/4693/4693 4692/4692/4692
f 4632/4632/4632 4639/4639/4639 4694/4694/4694 4693/4693/4693
f 4639/4639/4639 4646/4646/4646 4695/4695/4695 4694/4694/4694
f 4646/4646/4646 4653/4653/4653 4696/4696/4696 4695/4695/4695
f 4653/4653/4653 4660/4660/4660 4697/4697/4697 4696/4696/4696
f 4660/4660/4660 4667/4667/4667 4698/4698/4698 4697/4697/4697
f 4667/4667/4667 4674/4674/4674 4699/4699/4699 4698/4698/4698
f 4674/4674/4674 4681/4681/4681 4700/4700/4700 4699/4699/4699
f 4681/4681/4681 4688/4688/4688 4701/4701/4701 4700/4700/4700
f 4688/4688/4688 4478/4478/4478 4702/4702/4702 4701/4701/4701
f 4478/4478/4478 4477/4477/4477 4703/4703/4703 4702/4702/4702
f 4477/4477/4477 4485/4485/4485 4704/4704/4704 4703/4703/4703
f 4485/4485/4485 4492/4492/4492 4705/4705/4705 4704/4704/4704
f 4492/4492/4492 4499/4499/4499 4706/4706/4706 4705/4705/4705
f 4499/4499/4499 4506/4506/4506 4707/4707/4707 4706/4706/4706
f 4506/4506/4506 4513/4513/4513 4708/4708/4708 4707/4707/4707
f 4513/4513/4513 4520/4520/4520 4709/4709/4709 4708/4708/4708
f 4520/4520/4520 4527/4527/4527 4710/4710/4710 4709/4709/4709
f 4527/4527/4527 4534/4534/4534 4711/4711/4711 4710/4710/4710
f 4534/4534/4534 4541/4541/4541 4712/4712/4712 4711/4711/4711
f 4541/4541/4541 4548/4548/4548 4713/4713/4713 4712/4712/4712
f 4548/4548/4548 4555/4555/4555 4714/4714/4714 4713/4713/4713
f 4555/4555/4555 4562/4562/4562 4715/4715/4715 4714/4714/4714
f 4562/4562/4562 4569/4569/4569 4716/4716/4716 4715/4715/4715
f 4569/4569/4569 4576/4576/4576 4717/4717/4717 4716/4716/4716
f 4576/4576/4576 4583/4583/4583 4718/4718/4718 4717/4717/4717
f 4583/4583/4583 4590/4590/4590 4719/4719/4719 4718/4718/4718
f 4590/4590/4590 4597/4597/4597 4720/4720/4720 4719/4719/4719
f 4597/4597/4597 4604/4604/4604 4690/4690/4690 4720/4720/4720
f 4690/4690/4690 4689/4689/4689 4721/4721/4721 4722/4722/4722
f 4689/4689/4689 4691/4691/4691 4723/4723/4723 4721/4721/4721
f 4691/4691/4691 4692/4692/4692 4724/4724/4724 4723/4723/4723
f 4692/4692/4692 4693/4693/4693 4725/4725/4725 4724/4724/4724
f 4693/4693/4693 4694/4694/4694 4726/4726/4726 4725/4725/4725
f 4694/4694/4694 4695/4695/4695 4727/4727/4727 4726/4726/4726
f 4695/4695/4695 4696/4696/4696 4728/4728/4728 4727/4727/4727
f 4696/4696/4696 4697/4697/4697 4729/4729/4729 4728/4728/4728
f 4697/4697/4697 4698/4698/4698 4730/4730/4730 4729/4729/4729
f 4698/4698/4698 4699/4699/4699 4731/4731/4731 4730/4730/4730
f 4699/4699/4699 4700/4700/4700 4732/4732/4732 4731/4731/4731
f 4700/4700/4700 4701/4701/4701 4733/4733/4733 4732/4732/4732
f 4701/4701/4701 4702/4702/4702 4734/4734/4734 4733/4733/4733
f 4702/4702/4702 4703/4703/4703 4735/4735/4735 4734/4734/4734
f 4703/4703/4703 4704/4704/4704 4736/4736/4736 4735/4735/4735
f 4704/4704/4704 4705/4705/4705 4737/4737/4737 4736/4736/4736
f 4705/4705/4705 4706/4706/4706 4738/4738/4738 4737/4737/4737
f 4706/4706/4706 4707/4707/4707 4739/4739/4739 4738/4738/4738
f 4707/4707/4707 4708/4708/4708 4740/4740/4740 4739/4739/4739
f 4708/4708/4708 4709/4709/4709 4741/4741/4741 4740/4740/4740
f 4709/4709/4709 4710/4710/4710 4742/4742/4742 4741/4741/4741
f 4710/4710/4710 4711/4711/4711 4743/4743/4743 4742/4742/4742
f 4711/4711/4711 4712/4712/4712 4744/4744/4744 4743/4743/4743
f 4712/4712/4712 4713/4713/4713 4745/4745/4745 4744/4744/4744
f 4713/4713/4713 4714/4714/4714 4746/4746/4746 4745/4745/4745
f 4714/4714/4714 4715/4715/4715 4747/4747/4747 4746/4746/4746
f 4715/4715/4715 4716/4716/4716 4748/4748/4748 4747/4747/4747
f 4716/4716/4716 4717/4717/4717 4749/4749/4749 4748/4748/4748
f 4717/4717/4717 4718/4718/4718 4750/4750/4750 4749/4749/4749
f 4718/4718/4718 4719/4719/4719 4751/4751/4751 4750/4750/4750
f 4719/4719/4719 4720/4720/4720 4752/4752/4752 4751/4751/4751
f 4720/4720/4720 4690/4690/4690 4722/4722/4722 4752/4752/4752
g default
v -0.005624 0.535992 -0.030468
v -0.004873 0.536553 -0.025736
v -0.016376 0.584006 -0.029533
v -0.015418 0.583645 -0.024819
v -0.006582 0.536354 -0.035181
v -0.017127 0.583446 -0.034264
v -0.004357 0.538015 -0.021168
v -0.004096 0.540322 -0.016940
v -0.004100 0.543384 -0.013213
v -0.004370 0.547085 -0.010132
v -0.004894 0.551283 -0.007814
v -0.005654 0.555816 -0.006349
v -0.006618 0.560509 -0.005792
v -0.007751 0.565183 -0.006166
v -0.009009 0.569657 -0.007456
v -0.010343 0.573761 -0.009612
v -0.011703 0.577335 -0.012552
v -0.013035 0.580244 -0.016162
v -0.014290 0.582374 -0.020304
v -0.007710 0.537625 -0.039696
v -0.008965 0.539755 -0.043838
v -0.010297 0.542663 -0.047448
v -0.011657 0.546237 -0.050388
v -0.012991 0.550342 -0.052544
v -0.014249 0.554816 -0.053834
v -0.015382 0.559490 -0.054208
v -0.016347 0.564183 -0.053651
v -0.017105 0.568715 -0.052186
v -0.017630 0.572914 -0.049868
v -0.017900 0.576614 -0.046787
v -0.017904 0.579677 -0.043060
v -0.017643 0.581984 -0.038832
v 0.000000 0.568715 -0.052186
v -0.000000 0.572914 -0.049868
v -0.000000 0.576614 -0.046787
v -0.000000 0.579677 -0.043060
v 0.000000 0.581984 -0.038832
v -0.000000 0.583446 -0.034264
v 0.000000 0.584006 -0.029533
v -0.000000 0.583645 -0.024819
v -0.000000 0.582374 -0.020304
v -0.000000 0.580244 -0.016162
v -0.000000 0.577335 -0.012552
v -0.000000 0.573761 -0.009612
v -0.000000 0.569657 -0.007456
v 0.000000 0.565183 -0.006166
v 0.000000 0.560509 -0.005792
v -0.000000 0.555816 -0.006349
v -0.000000 0.551283 -0.007814
v -0.000000 0.547085 -0.010132
v 0.000000 0.543384 -0.013213
v 0.000000 0.540322 -0.016940
v -0.000000 0.538015 -0.021168
v 0.000000 0.536553 -0.025736
v -0.000000 0.535992 -0.030468
v -0.000000 0.536354 -0.035181
v 0.000000 0.537625 -0.039696
v 0.000000 0.539755 -0.043838
v 0.000000 0.542663 -0.047448
v -0.000000 0.546237 -0.050388
v -0.000000 0.550342 -0.052544
v -0.000000 0.554816 -0.053834
v 0.000000 0.559490 -0.054208
v 0.000000 0.564183 -0.053651
v 0.017105 0.568715 -0.052186
v 0.017630 0.572914 -0.049868
v 0.017900 0.576614 -0.046787
v 0.017904 0.579677 -0.043060
v 0.017643 0.581984 -0.038832
v 0.017127 0.583446 -0.034264
v 0.016376 0.584006 -0.029533
v 0.015418 0.583645 -0.024819
v 0.014290 0.582374 -0.020304
v 0.013035 0.580244 -0.016162
v 0.011703 0.577335 -0.012552
v 0.010343 0.573761 -0.009612
v 0.009009 0.569657 -0.007456
v 0.007751 0.565183 -0.006166
v 0.006618 0.560509 -0.005792
v 0.005654 0.555816 -0.006349
v 0.004894 0.551283 -0.007814
v 0.004370 0.547085 -0.010132
v 0.004100 0.543384 -0.013213
v 0.004096 0.540322 -0.016940
v 0.004357 0.538015 -0.021168
v 0.004873 0.536553 -0.025736
v 0.005624 0.535992 -0.030468
v 0.006582 0.536354 -0.035181
v 0.007710 0.537625 -0.039696
v 0.008965 0.539755 -0.043838
v 0.010297 0.542663 -0.047448
v 0.011657 0.546237 -0.050388
v 0.012991 0.550342 -0.052544
v 0.014249 0.554816 -0.053834
v 0.015382 0.559490 -0.054208
v 0.016347 0.564183 -0.053651
v 0.000000 0.456394 -0.010000
v 0.000937 0.456867 -0.005292
v 0.000000 0.456867 -0.005200
v 0.001837 0.456867 -0.005565
v 0.002667 0.456867 -0.006009
v 0.003394 0.456867 -0.006606
v 0.003991 0.456867 -0.007333
v 0.004435 0.456867 -0.008163
v 0.004708 0.456867 -0.009063
v 0.004800 0.456867 -0.010000
v 0.004708 0.456867 -0.010936
v 0.004435 0.456867 -0.011837
v 0.003991 0.456867 -0.012667
v 0.003394 0.456867 -0.013394
v 0.002667 0.456867 -0.013991
v 0.001837 0.456867 -0.014435
v 0.000937 0.456867 -0.014708
v -0.000000 0.456867 -0.014801
v -0.000937 0.456867 -0.014708
v -0.001837 0.456867 -0.014435
v -0.002667 0.456867 -0.013991
v -0.003394 0.456867 -0.013394
v -0.003991 0.456867 -0.012667
v -0.004435 0.456867 -0.011837
v -0.004708 0.456867 -0.010936
v -0.004800 0.456867 -0.010000
v -0.004708 0.456867 -0.009063
v -0.004435 0.456867 -0.008163
v -0.003991 0.456867 -0.007333
v -0.003394 0.456867 -0.006606
v -0.002667 0.456867 -0.006009
v -0.001837 0.456867 -0.005565
v -0.000937 0.456867 -0.005292
v 0.001837 0.458267 -0.000765
v 0.000000 0.458267 -0.000584
v 0.002667 0.460541 0.003408
v 0.000000 0.460541 0.003671
v 0.003394 0.463601 0.007065
v 0.000000 0.463601 0.007399
v 0.003991 0.467330 0.010066
v 0.000000 0.467330 0.010459
v 0.004435 0.471584 0.012296
v 0.000000 0.471584 0.012733
v 0.004708 0.476200 0.013670
v 0.000000 0.476200 0.014133
v 0.004800 0.481000 0.014133
v 0.000000 0.481000 0.014606
v 0.003604 0.458267 -0.001300
v 0.005231 0.460541 0.002630
v 0.006658 0.463601 0.006075
v 0.007829 0.467330 0.008902
v 0.008700 0.471584 0.011003
v 0.009235 0.476200 0.012296
v 0.009416 0.481000 0.012733
v 0.005231 0.458267 -0.002171
v 0.007595 0.460541 0.001367
v 0.009667 0.463601 0.004467
v 0.011367 0.467330 0.007011
v 0.012630 0.471584 0.008902
v 0.013408 0.476200 0.010066
v 0.013671 0.481000 0.010459
v 0.006658 0.458267 -0.003342
v 0.009667 0.460541 -0.000333
v 0.012303 0.463601 0.002303
v 0.014467 0.467330 0.004467
v 0.016075 0.471584 0.006075
v 0.017065 0.476200 0.007065
v 0.017399 0.481000 0.007399
v 0.007829 0.458267 -0.004769
v 0.011367 0.460541 -0.002405
v 0.014467 0.463601 -0.000333
v 0.017011 0.467330 0.001367
v 0.018902 0.471584 0.002630
v 0.020066 0.476200 0.003408
v 0.020459 0.481000 0.003671
v 0.008700 0.458267 -0.006396
v 0.012630 0.460541 -0.004769
v 0.016075 0.463601 -0.003342
v 0.018902 0.467330 -0.002171
v 0.021003 0.471584 -0.001300
v 0.022296 0.476200 -0.000765
v 0.022733 0.481000 -0.000584
v 0.009235 0.458267 -0.008163
v 0.013408 0.460541 -0.007333
v 0.017065 0.463601 -0.006606
v 0.020066 0.467330 -0.006009
v 0.022296 0.471584 -0.005565
v 0.023670 0.476200 -0.005292
v 0.024133 0.481000 -0.005200
v 0.009416 0.458267 -0.010000
v 0.013671 0.460541 -0.010000
v 0.017399 0.463601 -0.010000
v 0.020459 0.467330 -0.010000
v 0.022733 0.471584 -0.010000
v 0.024133 0.476200 -0.010000
v 0.024606 0.481000 -0.010000
v 0.009235 0.458267 -0.011837
v 0.013408 0.460541 -0.012667
v 0.017065 0.463601 -0.013394
v 0.020066 0.467330 -0.013991
v 0.022296 0.471584 -0.014435
v 0.023670 0.476200 -0.014708
v 0.024133 0.481000 -0.014801
v 0.008700 0.458267 -0.013604
v 0.012630 0.460541 -0.015232
v 0.016075 0.463601 -0.016658
v 0.018902 0.467330 -0.017830
v 0.021003 0.471584 -0.018700
v 0.022296 0.476200 -0.019235
v 0.022733 0.481000 -0.019416
v 0.007829 0.458267 -0.015232
v 0.011367 0.460541 -0.017595
v 0.014467 0.463601 -0.019667
v 0.017011 0.467330 -0.021367
v 0.018902 0.471584 -0.022630
v 0.020066 0.476200 -0.023408
v 0.020459 0.481000 -0.023671
v 0.006658 0.458267 -0.016658
v 0.009667 0.460541 -0.019667
v 0.012303 0.463601 -0.022303
v 0.014467 0.467330 -0.024467
v 0.016075 0.471584 -0.026075
v 0.017065 0.476200 -0.027065
v 0.017399 0.481000 -0.027399
v 0.005231 0.458267 -0.017830
v 0.007595 0.460541 -0.021367
v 0.009667 0.463601 -0.024467
v 0.011367 0.467330 -0.027011
v 0.012630 0.471584 -0.028902
v 0.013408 0.476200 -0.030066
v 0.013671 0.481000 -0.030459
v 0.003604 0.458267 -0.018700
v 0.005231 0.460541 -0.022630
v 0.006658 0.463601 -0.026075
v 0.007829 0.467330 -0.028902
v 0.008700 0.471584 -0.031003
v 0.009235 0.476200 -0.032296
v 0.009416 0.481000 -0.032733
v 0.001837 0.458267 -0.019235
v 0.002667 0.460541 -0.023408
v 0.003394 0.463601 -0.027065
v 0.003991 0.467330 -0.030066
v 0.004435 0.471584 -0.032296
v 0.004708 0.476200 -0.033670
v 0.004800 0.481000 -0.034134
v -0.000000 0.458267 -0.019416
v -0.000000 0.460541 -0.023671
v -0.000000 0.463601 -0.027399
v -0.000000 0.467330 -0.030459
v -0.000000 0.471584 -0.032733
v -0.000000 0.476200 -0.034134
v -0.000000 0.481000 -0.034606
v -0.001837 0.458267 -0.019235
v -0.002667 0.460541 -0.023408
v -0.003394 0.463601 -0.027065
v -0.003991 0.467330 -0.030066
v -0.004435 0.471584 -0.032296
v -0.004708 0.476200 -0.033670
v -0.004800 0.481000 -0.034134
v -0.003604 0.458267 -0.018700
v -0.005231 0.460541 -0.022630
v -0.006658 0.463601 -0.026075
v -0.007829 0.467330 -0.028902
v -0.008700 0.471584 -0.031003
v -0.009235 0.476200 -0.032296
v -0.009416 0.481000 -0.032733
v -0.005231 0.458267 -0.017830
v -0.007595 0.460541 -0.021367
v -0.009667 0.463601 -0.024467
v -0.011367 0.467330 -0.027011
v -0.012630 0.471584 -0.028902
v -0.013408 0.476200 -0.030066
v -0.013671 0.481000 -0.030459
v -0.006658 0.458267 -0.016658
v -0.009667 0.460541 -0.019667
v -0.012303 0.463601 -0.022303
v -0.014467 0.467330 -0.024467
v -0.016075 0.471584 -0.026075
v -0.017065 0.476200 -0.027065
v -0.017399 0.481000 -0.027399
v -0.007829 0.458267 -0.015232
v -0.011367 0.460541 -0.017595
v -0.014467 0.463601 -0.019667
v -0.017011 0.467330 -0.021367
v -0.018902 0.471584 -0.022630
v -0.020066 0.476200 -0.023408
v -0.020459 0.481000 -0.023671
v -0.008700 0.458267 -0.013604
v -0.012630 0.460541 -0.015232
v -0.016075 0.463601 -0.016658
v -0.018902 0.467330 -0.017830
v -0.021003 0.471584 -0.018700
v -0.022296 0.476200 -0.019235
v -0.022733 0.481000 -0.019416
v -0.009235 0.458267 -0.011837
v -0.013408 0.460541 -0.012667
v -0.017065 0.463601 -0.013394
v -0.020066 0.467330 -0.013991
v -0.022296 0.471584 -0.014435
v -0.023670 0.476200 -0.014708
v -0.024133 0.481000 -0.014801
v -0.009416 0.458267 -0.010000
v -0.013671 0.460541 -0.010000
v -0.017399 0.463601 -0.010000
v -0.020459 0.467330 -0.010000
v -0.022733 0.471584 -0.010000
v -0.024133 0.476200 -0.010000
v -0.024606 0.481000 -0.010000
v -0.009235 0.458267 -0.008163
v -0.013408 0.460541 -0.007333
v -0.017065 0.463601 -0.006606
v -0.020066 0.467330 -0.006009
v -0.022296 0.471584 -0.005565
v -0.023670 0.476200 -0.005292
v -0.024133 0.481000 -0.005200
v -0.008700 0.458267 -0.006396
v -0.012630 0.460541 -0.004769
v -0.016075 0.463601 -0.003342
v -0.018902 0.467330 -0.002171
v -0.021003 0.471584 -0.001300
v -0.022296 0.476200 -0.000765
v -0.022733 0.481000 -0.000584
v -0.007829 0.458267 -0.004769
v -0.011367 0.460541 -0.002405
v -0.014467 0.463601 -0.000333
v -0.017011 0.467330 0.001367
v -0.018902 0.471584 0.002630
v -0.020066 0.476200 0.003408
v -0.020459 0.481000 0.003671
v -0.006658 0.458267 -0.003342
v -0.009667 0.460541 -0.000333
v -0.012303 0.463601 0.002303
v -0.014467 0.467330 0.004467
v -0.016075 0.471584 0.006075
v -0.017065 0.476200 0.007065
v -0.017399 0.481000 0.007399
v -0.005231 0.458267 -0.002171
v -0.007595 0.460541 0.001367
v -0.009667 0.463601 0.004467
v -0.011367 0.467330 0.007011
v -0.012630 0.471584 0.008902
v -0.013408 0.476200 0.010066
v -0.013671 0.481000 0.010459
v -0.003604 0.458267 -0.001300
v -0.005231 0.460541 0.002630
v -0.006658 0.463601 0.006075
v -0.007829 0.467330 0.008902
v -0.008700 0.471584 0.011003
v -0.009235 0.476200 0.012296
v -0.009416 0.481000 0.012733
v -0.001837 0.458267 -0.000765
v -0.002667 0.460541 0.003408
v -0.003394 0.463601 0.007065
v -0.003991 0.467330 0.010066
v -0.004435 0.471584 0.012296
v -0.004708 0.476200 0.013670
v -0.004800 0.481000 0.014133
v 0.004638 0.560413 -0.006515
v 0.000000 0.560413 -0.006058
v 0.009097 0.560413 -0.007868
v 0.013207 0.560413 -0.010065
v 0.016809 0.560413 -0.013021
v 0.019765 0.560413 -0.016623
v 0.021962 0.560413 -0.020733
v 0.023315 0.560413 -0.025192
v 0.023771 0.560413 -0.029830
v 0.023315 0.560413 -0.034467
v 0.021962 0.560413 -0.038927
v 0.019765 0.560413 -0.043036
v 0.016809 0.560413 -0.046639
v 0.013207 0.560413 -0.049595
v 0.009097 0.560413 -0.051792
v 0.004638 0.560413 -0.053144
v -0.000000 0.560413 -0.053601
v -0.004638 0.560413 -0.053144
v -0.009097 0.560413 -0.051792
v -0.013207 0.560413 -0.049595
v -0.016809 0.560413 -0.046639
v -0.019765 0.560413 -0.043036
v -0.021962 0.560413 -0.038927
v -0.023315 0.560413 -0.034467
v -0.023771 0.560413 -0.029830
v -0.023315 0.560413 -0.025192
v -0.021962 0.560413 -0.020733
v -0.019765 0.560413 -0.016623
v -0.016809 0.560413 -0.013021
v -0.013207 0.560413 -0.010065
v -0.009097 0.560413 -0.007868
v -0.004638 0.560413 -0.006515
v 0.004338 0.564193 -0.008019
v 0.000000 0.564193 -0.007591
v 0.008510 0.564193 -0.009284
v 0.012355 0.564193 -0.011339
v 0.015725 0.564193 -0.014105
v 0.018491 0.564193 -0.017475
v 0.020546 0.564193 -0.021320
v 0.021811 0.564193 -0.025491
v 0.022238 0.564193 -0.029830
v 0.021811 0.564193 -0.034168
v 0.020546 0.564193 -0.038340
v 0.018491 0.564193 -0.042185
v 0.015725 0.564193 -0.045555
v 0.012355 0.564193 -0.048320
v 0.008510 0.564193 -0.050375
v 0.004338 0.564193 -0.051641
v -0.000000 0.564193 -0.052068
v -0.004338 0.564193 -0.051641
v -0.008510 0.564193 -0.050375
v -0.012355 0.564193 -0.048320
v -0.015725 0.564193 -0.045555
v -0.018491 0.564193 -0.042185
v -0.020546 0.564193 -0.038340
v -0.021811 0.564193 -0.034168
v -0.022238 0.564193 -0.029830
v -0.021811 0.564193 -0.025491
v -0.020546 0.564193 -0.021320
v -0.018491 0.564193 -0.017475
v -0.015725 0.564193 -0.014105
v -0.012355 0.564193 -0.011339
v -0.008510 0.564193 -0.009284
v -0.004338 0.564193 -0.008019
vt 0.469431 0.813327
vt 0.468493 0.819315
vt 0.500000 0.819315
vt 0.500000 0.813327
vt 0.468012 0.824593
vt 0.500000 0.824593
vt 0.468004 0.828961
vt 0.500000 0.828961
vt 0.468470 0.832251
vt 0.500000 0.832251
vt 0.469392 0.834337
vt 0.500000 0.834337
vt 0.470735 0.835136
vt 0.500000 0.835136
vt 0.472447 0.834621
vt 0.500000 0.834621
vt 0.474463 0.832807
vt 0.500000 0.832807
vt 0.476705 0.829769
vt 0.500000 0.829769
vt 0.479086 0.825621
vt 0.500000 0.825621
vt 0.481516 0.820524
vt 0.500000 0.820524
vt 0.483901 0.814670
vt 0.500000 0.814670
vt 0.486148 0.808290
vt 0.500000 0.808290
vt 0.488173 0.801623
vt 0.500000 0.801623
vt 0.489897 0.794930
vt 0.500000 0.794930
vt 0.491253 0.788465
vt 0.500000 0.788465
vt 0.492191 0.782477
vt 0.500000 0.782477
vt 0.492672 0.777199
vt 0.500000 0.777199
vt 0.492680 0.772830
vt 0.500000 0.772830
vt 0.492214 0.769540
vt 0.500000 0.769540
vt 0.491292 0.767456
vt 0.500000 0.767456
vt 0.489949 0.766656
vt 0.500000 0.766656
vt 0.488237 0.767172
vt 0.500000 0.767172
vt 0.486221 0.768984
vt 0.500000 0.768984
vt 0.483979 0.772023
vt 0.500000 0.772023
vt 0.481598 0.776171
vt 0.500000 0.776171
vt 0.479168 0.781268
vt 0.500000 0.781268
vt 0.476784 0.787122
vt 0.500000 0.787122
vt 0.474536 0.793503
vt 0.500000 0.793503
vt 0.472511 0.800169
vt 0.500000 0.800169
vt 0.470787 0.806863
vt 0.500000 0.806863
vt 0.530569 0.813327
vt 0.531507 0.819315
vt 0.531988 0.824593
vt 0.531996 0.828961
vt 0.531530 0.832251
vt 0.530608 0.834337
vt 0.529265 0.835136
vt 0.527553 0.834621
vt 0.525537 0.832807
vt 0.523295 0.829769
vt 0.520914 0.825621
vt 0.518484 0.820524
vt 0.516099 0.814670
vt 0.513852 0.808290
vt 0.511827 0.801623
vt 0.510104 0.794930
vt 0.508747 0.788465
vt 0.507809 0.782477
vt 0.507328 0.777199
vt 0.507320 0.772830
vt 0.507786 0.769540
vt 0.508708 0.767456
vt 0.510051 0.766656
vt 0.511763 0.767172
vt 0.513779 0.768984
vt 0.516021 0.772023
vt 0.518402 0.776171
vt 0.520832 0.781268
vt 0.523216 0.787122
vt 0.525464 0.793503
vt 0.527489 0.800169
vt 0.529213 0.806863
vt 0.500000 0.653129
vt 0.501674 0.653804
vt 0.500000 0.653804
vt 0.503283 0.653804
vt 0.504766 0.653804
vt 0.506066 0.653804
vt 0.507133 0.653804
vt 0.507926 0.653804
vt 0.508414 0.653804
vt 0.508579 0.653804
vt 0.508414 0.653804
vt 0.507926 0.653804
vt 0.507133 0.653804
vt 0.506066 0.653804
vt 0.504766 0.653804
vt 0.503283 0.653804
vt 0.501674 0.653804
vt 0.500000 0.653804
vt 0.498326 0.653804
vt 0.496717 0.653804
vt 0.495234 0.653804
vt 0.493934 0.653804
vt 0.492867 0.653804
vt 0.492074 0.653804
vt 0.491586 0.653804
vt 0.491421 0.653804
vt 0.491586 0.653804
vt 0.492074 0.653804
vt 0.492867 0.653804
vt 0.493934 0.653804
vt 0.495234 0.653804
vt 0.496717 0.653804
vt 0.498326 0.653804
vt 0.503283 0.655801
vt 0.500000 0.655801
vt 0.504766 0.659044
vt 0.500000 0.659044
vt 0.506066 0.663408
vt 0.500000 0.663408
vt 0.507133 0.668727
vt 0.500000 0.668727
vt 0.507926 0.674794
vt 0.500000 0.674794
vt 0.508414 0.681378
vt 0.500000 0.681378
vt 0.508579 0.688224
vt 0.500000 0.688224
vt 0.506440 0.655801
vt 0.509349 0.659044
vt 0.511899 0.663408
vt 0.513992 0.668727
vt 0.515547 0.674794
vt 0.516505 0.681378
vt 0.516828 0.688224
vt 0.509349 0.655801
vt 0.513573 0.659044
vt 0.517275 0.663408
vt 0.520313 0.668727
vt 0.522571 0.674794
vt 0.523961 0.681378
vt 0.524430 0.688224
vt 0.511899 0.655801
vt 0.517275 0.659044
vt 0.521987 0.663408
vt 0.525854 0.668727
vt 0.528727 0.674794
vt 0.530497 0.681378
vt 0.531094 0.688224
vt 0.513992 0.655801
vt 0.520313 0.659044
vt 0.525854 0.663408
vt 0.530401 0.668727
vt 0.533780 0.674794
vt 0.535860 0.681378
vt 0.536563 0.688224
vt 0.515547 0.655801
vt 0.522571 0.659044
vt 0.528727 0.663408
vt 0.533780 0.668727
vt 0.537534 0.674794
vt 0.539846 0.681378
vt 0.540627 0.688224
vt 0.516505 0.655801
vt 0.523961 0.659044
vt 0.530497 0.663408
vt 0.535860 0.668727
vt 0.539846 0.674794
vt 0.542300 0.681378
vt 0.543129 0.688224
vt 0.516828 0.655801
vt 0.524430 0.659044
vt 0.531094 0.663408
vt 0.536563 0.668727
vt 0.540627 0.674794
vt 0.543129 0.681378
vt 0.543974 0.688224
vt 0.516505 0.655801
vt 0.523961 0.659044
vt 0.530497 0.663408
vt 0.535860 0.668727
vt 0.539846 0.674794
vt 0.542300 0.681378
vt 0.543129 0.688224
vt 0.515547 0.655801
vt 0.522571 0.659044
vt 0.528727 0.663408
vt 0.533780 0.668727
vt 0.537534 0.674794
vt 0.539846 0.681378
vt 0.540627 0.688224
vt 0.513992 0.655801
vt 0.520313 0.659044
vt 0.525854 0.663408
vt 0.530401 0.668727
vt 0.533780 0.674794
vt 0.535860 0.681378
vt 0.536563 0.688224
vt 0.511899 0.655801
vt 0.517275 0.659044
vt 0.521987 0.663408
vt 0.525854 0.668727
vt 0.528727 0.674794
vt 0.530497 0.681378
vt 0.531094 0.688224
vt 0.509349 0.655801
vt 0.513573 0.659044
vt 0.517275 0.663408
vt 0.520313 0.668727
vt 0.522571 0.674794
vt 0.523961 0.681378
vt 0.524430 0.688224
vt 0.506440 0.655801
vt 0.509349 0.659044
vt 0.511899 0.663408
vt 0.513992 0.668727
vt 0.515547 0.674794
vt 0.516505 0.681378
vt 0.516828 0.688224
vt 0.503283 0.655801
vt 0.504766 0.659044
vt 0.506066 0.663408
vt 0.507133 0.668727
vt 0.507926 0.674794
vt 0.508414 0.681378
vt 0.508579 0.688224
vt 0.500000 0.655801
vt 0.500000 0.659044
vt 0.500000 0.663408
vt 0.500000 0.668727
vt 0.500000 0.674794
vt 0.500000 0.681378
vt 0.500000 0.688224
vt 0.496717 0.655801
vt 0.495234 0.659044
vt 0.493934 0.663408
vt 0.492867 0.668727
vt 0.492074 0.674794
vt 0.491586 0.681378
vt 0.491421 0.688224
vt 0.493560 0.655801
vt 0.490651 0.659044
vt 0.488101 0.663408
vt 0.486008 0.668727
vt 0.484453 0.674794
vt 0.483495 0.681378
vt 0.483172 0.688224
vt 0.490651 0.655801
vt 0.486427 0.659044
vt 0.482725 0.663408
vt 0.479687 0.668727
vt 0.477429 0.674794
vt 0.476039 0.681378
vt 0.475570 0.688224
vt 0.488101 0.655801
vt 0.482725 0.659044
vt 0.478013 0.663408
vt 0.474146 0.668727
vt 0.471273 0.674794
vt 0.469503 0.681378
vt 0.468906 0.688224
vt 0.486008 0.655801
vt 0.479687 0.659044
vt 0.474146 0.663408
vt 0.469599 0.668727
vt 0.466220 0.674794
vt 0.464140 0.681378
vt 0.463437 0.688224
vt 0.484453 0.655801
vt 0.477429 0.659044
vt 0.471273 0.663408
vt 0.466220 0.668727
vt 0.462466 0.674794
vt 0.460154 0.681378
vt 0.459373 0.688224
vt 0.483495 0.655801
vt 0.476039 0.659044
vt 0.469503 0.663408
vt 0.464140 0.668727
vt 0.460154 0.674794
vt 0.457700 0.681378
vt 0.456871 0.688224
vt 0.483172 0.655801
vt 0.475570 0.659044
vt 0.468906 0.663408
vt 0.463437 0.668727
vt 0.459373 0.674794
vt 0.456871 0.681378
vt 0.456026 0.688224
vt 0.483495 0.655801
vt 0.476039 0.659044
vt 0.469503 0.663408
vt 0.464140 0.668727
vt 0.460154 0.674794
vt 0.457700 0.681378
vt 0.456871 0.688224
vt 0.484453 0.655801
vt 0.477429 0.659044
vt 0.471273 0.663408
vt 0.466220 0.668727
vt 0.462466 0.674794
vt 0.460154 0.681378
vt 0.459373 0.688224
vt 0.486008 0.655801
vt 0.479687 0.659044
vt 0.474146 0.663408
vt 0.469599 0.668727
vt 0.466220 0.674794
vt 0.464140 0.681378
vt 0.463437 0.688224
vt 0.488101 0.655801
vt 0.482725 0.659044
vt 0.478013 0.663408
vt 0.474146 0.668727
vt 0.471273 0.674794
vt 0.469503 0.681378
vt 0.468906 0.688224
vt 0.490651 0.655801
vt 0.486427 0.659044
vt 0.482725 0.663408
vt 0.479687 0.668727
vt 0.477429 0.674794
vt 0.476039 0.681378
vt 0.475570 0.688224
vt 0.493560 0.655801
vt 0.490651 0.659044
vt 0.488101 0.663408
vt 0.486008 0.668727
vt 0.484453 0.674794
vt 0.483495 0.681378
vt 0.483172 0.688224
vt 0.496717 0.655801
vt 0.495234 0.659044
vt 0.493934 0.663408
vt 0.492867 0.668727
vt 0.492074 0.674794
vt 0.491586 0.681378
vt 0.491421 0.688224
vt 0.508288 0.801486
vt 0.500000 0.801486
vt 0.516257 0.801486
vt 0.523601 0.801486
vt 0.530039 0.801486
vt 0.535322 0.801486
vt 0.539248 0.801486
vt 0.541665 0.801486
vt 0.542482 0.801486
vt 0.541665 0.801486
vt 0.539248 0.801486
vt 0.535322 0.801486
vt 0.530039 0.801486
vt 0.523601 0.801486
vt 0.516257 0.801486
vt 0.508288 0.801486
vt 0.500000 0.801486
vt 0.491712 0.801486
vt 0.483743 0.801486
vt 0.476399 0.801486
vt 0.469961 0.801486
vt 0.464678 0.801486
vt 0.460752 0.801486
vt 0.458335 0.801486
vt 0.457518 0.801486
vt 0.458335 0.801486
vt 0.460752 0.801486
vt 0.464678 0.801486
vt 0.469961 0.801486
vt 0.476399 0.801486
vt 0.483743 0.801486
vt 0.491712 0.801486
vt 0.507753 0.806877
vt 0.500000 0.806877
vt 0.515209 0.806877
vt 0.522079 0.806877
vt 0.528102 0.806877
vt 0.533044 0.806877
vt 0.536717 0.806877
vt 0.538978 0.806877
vt 0.539742 0.806877
vt 0.538978 0.806877
vt 0.536717 0.806877
vt 0.533044 0.806877
vt 0.528102 0.806877
vt 0.522079 0.806877
vt 0.515209 0.806877
vt 0.507753 0.806877
vt 0.500000 0.806877
vt 0.492247 0.806877
vt 0.484791 0.806877
vt 0.477921 0.806877
vt 0.471898 0.806877
vt 0.466956 0.806877
vt 0.463283 0.806877
vt 0.461022 0.806877
vt 0.460258 0.806877
vt 0.461022 0.806877
vt 0.463283 0.806877
vt 0.466956 0.806877
vt 0.471898 0.806877
vt 0.477921 0.806877
vt 0.484791 0.806877
vt 0.492247 0.806877
vn -0.000000 0.397300 -0.917689
vn -0.000000 0.564127 -0.825688
vn 0.000000 0.564126 -0.825689
vn 0.000000 0.397301 -0.917688
vn -0.000000 0.709370 -0.704836
vn 0.000000 0.709369 -0.704838
vn -0.000000 0.828891 -0.559410
vn -0.000000 0.828890 -0.559411
vn -0.000000 0.919244 -0.393689
vn -0.000000 0.919244 -0.393689
vn -0.000000 0.977225 -0.212205
vn -0.000000 0.977225 -0.212205
vn -0.000000 0.999786 -0.020671
vn -0.000000 0.999786 -0.020672
vn -0.000000 0.984645 0.174570
vn -0.000000 0.984644 0.174572
vn -0.000000 0.930588 0.366069
vn -0.000000 0.930587 0.366071
vn -0.000000 0.838322 0.545176
vn -0.000000 0.838321 0.545176
vn -0.000000 0.710706 0.703489
vn -0.000000 0.710706 0.703489
vn -0.000000 0.553052 0.833147
vn -0.000000 0.553052 0.833147
vn -0.000000 0.372977 0.927841
vn -0.000000 0.372976 0.927841
vn -0.000000 0.179295 0.983795
vn -0.000000 0.179294 0.983796
vn -0.000000 -0.019084 0.999818
vn -0.000000 -0.019084 0.999818
vn -0.000000 -0.213669 0.976906
vn -0.000000 -0.213670 0.976906
vn -0.000000 -0.397275 0.917700
vn -0.000000 -0.397274 0.917700
vn 0.000000 -0.564130 0.825686
vn 0.000000 -0.564130 0.825686
vn 0.000001 -0.709367 0.704839
vn 0.000001 -0.709366 0.704840
vn 0.000000 -0.828891 0.559410
vn 0.000000 -0.828891 0.559411
vn 0.000000 -0.919279 0.393607
vn -0.000000 -0.919278 0.393609
vn -0.000000 -0.977224 0.212209
vn -0.000000 -0.977224 0.212210
vn -0.000000 -0.999786 0.020672
vn -0.000000 -0.999786 0.020671
vn -0.000000 -0.984645 -0.174568
vn -0.000000 -0.984645 -0.174567
vn -0.000000 -0.930623 -0.365980
vn -0.000000 -0.930623 -0.365980
vn 0.000000 -0.838316 -0.545185
vn 0.000000 -0.838315 -0.545186
vn 0.000000 -0.710703 -0.703492
vn 0.000000 -0.710701 -0.703494
vn 0.000000 -0.553050 -0.833148
vn 0.000000 -0.553049 -0.833149
vn -0.000000 -0.372950 -0.927851
vn -0.000000 -0.372950 -0.927852
vn -0.000000 -0.179280 -0.983798
vn -0.000000 -0.179280 -0.983798
vn 0.000000 0.019067 -0.999818
vn 0.000000 0.019067 -0.999818
vn 0.000000 0.213696 -0.976900
vn 0.000000 0.213695 -0.976900
vn 0.000001 0.397302 -0.917688
vn 0.000001 0.564125 -0.825689
vn 0.000000 0.709367 -0.704840
vn -0.000000 0.828889 -0.559412
vn -0.000000 0.919244 -0.393689
vn -0.000000 0.977225 -0.212205
vn -0.000000 0.999786 -0.020673
vn -0.000000 0.984644 0.174574
vn -0.000000 0.930586 0.366073
vn -0.000000 0.838321 0.545177
vn -0.000000 0.710706 0.703489
vn -0.000000 0.553051 0.833147
vn -0.000000 0.372974 0.927842
vn 0.000000 0.179293 0.983796
vn -0.000000 -0.019084 0.999818
vn -0.000000 -0.213670 0.976906
vn -0.000000 -0.397274 0.917700
vn 0.000000 -0.564129 0.825687
vn 0.000001 -0.709366 0.704840
vn 0.000000 -0.828890 0.559412
vn -0.000000 -0.919277 0.393610
vn -0.000000 -0.977224 0.212210
vn -0.000000 -0.999786 0.020670
vn -0.000000 -0.984645 -0.174566
vn -0.000000 -0.930623 -0.365980
vn -0.000000 -0.838314 -0.545188
vn 0.000000 -0.710700 -0.703495
vn 0.000000 -0.553048 -0.833149
vn -0.000000 -0.372949 -0.927852
vn -0.000000 -0.179280 -0.983798
vn 0.000000 0.019067 -0.999818
vn 0.000000 0.213695 -0.976900
vn 0.000000 -1.000000 -0.000001
vn 0.038056 -0.980789 0.191323
vn -0.000000 -0.980789 0.195070
vn 0.074650 -0.980787 0.180231
vn 0.108376 -0.980787 0.162209
vn 0.137936 -0.980788 0.137941
vn 0.162196 -0.980788 0.108383
vn 0.180222 -0.980789 0.074654
vn 0.191323 -0.980789 0.038063
vn 0.195071 -0.980789 0.000007
vn 0.191323 -0.980789 -0.038048
vn 0.180222 -0.980790 -0.074635
vn 0.162194 -0.980789 -0.108378
vn 0.137935 -0.980788 -0.137944
vn 0.108374 -0.980790 -0.162191
vn 0.074651 -0.980790 -0.180218
vn 0.038061 -0.980788 -0.191326
vn 0.000000 -0.980789 -0.195073
vn -0.038061 -0.980789 -0.191324
vn -0.074651 -0.980787 -0.180233
vn -0.108374 -0.980786 -0.162213
vn -0.137935 -0.980788 -0.137944
vn -0.162194 -0.980788 -0.108385
vn -0.180222 -0.980789 -0.074654
vn -0.191323 -0.980789 -0.038062
vn -0.195071 -0.980789 -0.000007
vn -0.191323 -0.980789 0.038048
vn -0.180223 -0.980790 0.074634
vn -0.162196 -0.980790 0.108372
vn -0.137936 -0.980789 0.137937
vn -0.108376 -0.980790 0.162191
vn -0.074650 -0.980791 0.180213
vn -0.038056 -0.980790 0.191319
vn 0.074650 -0.923898 0.375288
vn -0.000000 -0.923897 0.382642
vn 0.108380 -0.831492 0.544862
vn 0.000000 -0.831491 0.555538
vn 0.137944 -0.707136 0.693491
vn 0.000000 -0.707135 0.707079
vn 0.162210 -0.555596 0.815476
vn -0.000000 -0.555596 0.831453
vn 0.180240 -0.382716 0.906113
vn 0.000000 -0.382718 0.923865
vn 0.191342 -0.195112 0.961935
vn 0.000000 -0.195111 0.980781
vn 0.194580 0.075889 0.977947
vn -0.000000 0.078139 0.996943
vn 0.146431 -0.923897 0.353513
vn 0.212595 -0.831492 0.513248
vn 0.270588 -0.707134 0.653256
vn 0.318185 -0.555596 0.768161
vn 0.353547 -0.382717 0.853541
vn 0.375327 -0.195113 0.906124
vn 0.381862 0.069201 0.921625
vn 0.212584 -0.923897 0.318155
vn 0.308641 -0.831491 0.461912
vn 0.392834 -0.707135 0.587913
vn 0.461931 -0.555597 0.691326
vn 0.513272 -0.382721 0.768165
vn 0.544892 -0.195113 0.815489
vn 0.554741 0.058250 0.829981
vn 0.270569 -0.923896 0.270569
vn 0.392824 -0.831491 0.392826
vn 0.499979 -0.707137 0.499979
vn 0.587923 -0.555596 0.587928
vn 0.653270 -0.382719 0.653272
vn 0.693518 -0.195113 0.693515
vn 0.706549 0.043341 0.706335
vn 0.318157 -0.923897 0.212583
vn 0.461913 -0.831492 0.308639
vn 0.587914 -0.707137 0.392829
vn 0.691327 -0.555595 0.461932
vn 0.768165 -0.382717 0.513274
vn 0.815490 -0.195113 0.544891
vn 0.831292 0.024941 0.555276
vn 0.353515 -0.923897 0.146429
vn 0.513248 -0.831492 0.212598
vn 0.653255 -0.707135 0.270590
vn 0.768162 -0.555595 0.318185
vn 0.853541 -0.382716 0.353548
vn 0.906123 -0.195114 0.375328
vn 0.923918 0.003704 0.382572
vn 0.375289 -0.923897 0.074652
vn 0.544861 -0.831493 0.108382
vn 0.693491 -0.707135 0.137947
vn 0.815476 -0.555595 0.162212
vn 0.906113 -0.382717 0.180240
vn 0.961935 -0.195113 0.191343
vn 0.980612 -0.019542 0.194983
vn 0.382642 -0.923897 0.000001
vn 0.555536 -0.831492 0.000002
vn 0.707079 -0.707135 0.000001
vn 0.831453 -0.555594 -0.000001
vn 0.923865 -0.382717 -0.000001
vn 0.980781 -0.195111 -0.000000
vn 0.999039 -0.043832 -0.000012
vn 0.375289 -0.923897 -0.074652
vn 0.544861 -0.831493 -0.108378
vn 0.693492 -0.707135 -0.137944
vn 0.815477 -0.555595 -0.162211
vn 0.906113 -0.382717 -0.180241
vn 0.961935 -0.195114 -0.191343
vn 0.978516 -0.068125 -0.194592
vn 0.353515 -0.923897 -0.146429
vn 0.513249 -0.831492 -0.212596
vn 0.653255 -0.707136 -0.270587
vn 0.768163 -0.555595 -0.318182
vn 0.853542 -0.382717 -0.353546
vn 0.906124 -0.195115 -0.375326
vn 0.920051 -0.091366 -0.380996
vn 0.318156 -0.923897 -0.212583
vn 0.461913 -0.831492 -0.308638
vn 0.587913 -0.707138 -0.392830
vn 0.691328 -0.555596 -0.461929
vn 0.768166 -0.382719 -0.513271
vn 0.815491 -0.195114 -0.544889
vn 0.826255 -0.112582 -0.551932
vn 0.270570 -0.923896 -0.270571
vn 0.392827 -0.831491 -0.392823
vn 0.499980 -0.707137 -0.499977
vn 0.587927 -0.555595 -0.587926
vn 0.653271 -0.382721 -0.653270
vn 0.693517 -0.195115 -0.693516
vn 0.701112 -0.130961 -0.700921
vn 0.212583 -0.923897 -0.318157
vn 0.308640 -0.831492 -0.461912
vn 0.392831 -0.707137 -0.587912
vn 0.461930 -0.555596 -0.691328
vn 0.513271 -0.382719 -0.768166
vn 0.544890 -0.195114 -0.815491
vn 0.549730 -0.145858 -0.822510
vn 0.146432 -0.923897 -0.353513
vn 0.212598 -0.831492 -0.513247
vn 0.270590 -0.707135 -0.653255
vn 0.318184 -0.555596 -0.768162
vn 0.353546 -0.382717 -0.853541
vn 0.375327 -0.195113 -0.906124
vn 0.378037 -0.156801 -0.912415
vn 0.074652 -0.923898 -0.375287
vn 0.108381 -0.831494 -0.544859
vn 0.137947 -0.707135 -0.693492
vn 0.162212 -0.555595 -0.815476
vn 0.180241 -0.382717 -0.906113
vn 0.191343 -0.195112 -0.961935
vn 0.192514 -0.163478 -0.967581
vn -0.000000 -0.923896 -0.382643
vn -0.000000 -0.831493 -0.555535
vn -0.000000 -0.707134 -0.707079
vn 0.000000 -0.555593 -0.831454
vn 0.000000 -0.382717 -0.923865
vn -0.000000 -0.195111 -0.980781
vn -0.000000 -0.165719 -0.986173
vn -0.074652 -0.923898 -0.375286
vn -0.108381 -0.831494 -0.544858
vn -0.137948 -0.707136 -0.693490
vn -0.162212 -0.555594 -0.815477
vn -0.180240 -0.382716 -0.906114
vn -0.191343 -0.195113 -0.961935
vn -0.192514 -0.163478 -0.967581
vn -0.146432 -0.923897 -0.353514
vn -0.212599 -0.831492 -0.513247
vn -0.270590 -0.707134 -0.653255
vn -0.318184 -0.555596 -0.768162
vn -0.353547 -0.382717 -0.853541
vn -0.375327 -0.195113 -0.906124
vn -0.378037 -0.156801 -0.912415
vn -0.212583 -0.923896 -0.318158
vn -0.308639 -0.831493 -0.461911
vn -0.392828 -0.707136 -0.587916
vn -0.461928 -0.555593 -0.691331
vn -0.513272 -0.382720 -0.768165
vn -0.544891 -0.195115 -0.815490
vn -0.549730 -0.145858 -0.822510
vn -0.270570 -0.923896 -0.270570
vn -0.392825 -0.831492 -0.392822
vn -0.499980 -0.707137 -0.499978
vn -0.587926 -0.555591 -0.587930
vn -0.653271 -0.382719 -0.653271
vn -0.693519 -0.195116 -0.693514
vn -0.701113 -0.130962 -0.700920
vn -0.318156 -0.923896 -0.212585
vn -0.461913 -0.831492 -0.308638
vn -0.587915 -0.707137 -0.392828
vn -0.691328 -0.555593 -0.461932
vn -0.768166 -0.382716 -0.513274
vn -0.815491 -0.195114 -0.544889
vn -0.826255 -0.112585 -0.551931
vn -0.353515 -0.923897 -0.146430
vn -0.513248 -0.831491 -0.212599
vn -0.653254 -0.707135 -0.270590
vn -0.768162 -0.555595 -0.318185
vn -0.853541 -0.382716 -0.353548
vn -0.906123 -0.195115 -0.375329
vn -0.920051 -0.091367 -0.380998
vn -0.375289 -0.923897 -0.074652
vn -0.544861 -0.831492 -0.108382
vn -0.693492 -0.707135 -0.137947
vn -0.815477 -0.555594 -0.162211
vn -0.906113 -0.382717 -0.180240
vn -0.961935 -0.195114 -0.191343
vn -0.978516 -0.068125 -0.194592
vn -0.382642 -0.923897 -0.000001
vn -0.555536 -0.831492 -0.000002
vn -0.707079 -0.707135 -0.000001
vn -0.831454 -0.555594 0.000000
vn -0.923865 -0.382717 0.000000
vn -0.980781 -0.195111 0.000000
vn -0.999039 -0.043832 -0.000012
vn -0.375289 -0.923897 0.074652
vn -0.544861 -0.831493 0.108378
vn -0.693492 -0.707135 0.137944
vn -0.815476 -0.555595 0.162211
vn -0.906113 -0.382716 0.180241
vn -0.961935 -0.195113 0.191343
vn -0.980612 -0.019542 0.194982
vn -0.353515 -0.923897 0.146427
vn -0.513249 -0.831492 0.212594
vn -0.653255 -0.707136 0.270586
vn -0.768163 -0.555596 0.318181
vn -0.853542 -0.382716 0.353546
vn -0.906124 -0.195114 0.375327
vn -0.923918 0.003704 0.382572
vn -0.318157 -0.923898 0.212577
vn -0.461913 -0.831493 0.308636
vn -0.587914 -0.707137 0.392829
vn -0.691328 -0.555596 0.461929
vn -0.768166 -0.382718 0.513272
vn -0.815491 -0.195114 0.544890
vn -0.831292 0.024941 0.555276
vn -0.270570 -0.923898 0.270563
vn -0.392825 -0.831492 0.392823
vn -0.499978 -0.707136 0.499981
vn -0.587923 -0.555596 0.587928
vn -0.653270 -0.382720 0.653271
vn -0.693517 -0.195114 0.693516
vn -0.706549 0.043342 0.706335
vn -0.212585 -0.923897 0.318154
vn -0.308641 -0.831492 0.461910
vn -0.392833 -0.707135 0.587914
vn -0.461930 -0.555596 0.691327
vn -0.513271 -0.382720 0.768166
vn -0.544891 -0.195113 0.815491
vn -0.554740 0.058251 0.829982
vn -0.146431 -0.923897 0.353514
vn -0.212595 -0.831493 0.513248
vn -0.270589 -0.707135 0.653255
vn -0.318185 -0.555596 0.768161
vn -0.353547 -0.382717 0.853541
vn -0.375327 -0.195113 0.906124
vn -0.381862 0.069201 0.921625
vn -0.074650 -0.923897 0.375289
vn -0.108380 -0.831492 0.544862
vn -0.137944 -0.707135 0.693492
vn -0.162210 -0.555596 0.815476
vn -0.180241 -0.382717 0.906113
vn -0.191343 -0.195113 0.961935
vn -0.194580 0.075889 0.977947
vn 0.185378 0.312370 0.931697
vn 0.000000 0.314508 0.949255
vn 0.364420 0.306003 0.879523
vn 0.530868 0.295549 0.794248
vn 0.678667 0.281272 0.678453
vn 0.802146 0.263579 0.535806
vn 0.896220 0.243054 0.371099
vn 0.956670 0.220454 0.190218
vn 0.980465 0.196695 -0.000013
vn 0.966042 0.172791 -0.192109
vn 0.913493 0.149783 -0.378279
vn 0.824632 0.128654 -0.550845
vn 0.702895 0.110261 -0.702695
vn 0.553150 0.095293 -0.827614
vn 0.381413 0.084262 -0.920557
vn 0.194551 0.077515 -0.977825
vn 0.000000 0.075247 -0.997165
vn -0.194552 0.077516 -0.977825
vn -0.381414 0.084263 -0.920556
vn -0.553151 0.095293 -0.827613
vn -0.702896 0.110261 -0.702695
vn -0.824632 0.128654 -0.550846
vn -0.913493 0.149783 -0.378279
vn -0.966042 0.172791 -0.192109
vn -0.980465 0.196695 -0.000012
vn -0.956670 0.220454 0.190218
vn -0.896220 0.243054 0.371099
vn -0.802146 0.263579 0.535805
vn -0.678666 0.281271 0.678453
vn -0.530866 0.295549 0.794250
vn -0.364420 0.306002 0.879523
vn -0.185377 0.312369 0.931698
vn 0.180785 0.375818 0.908888
vn 0.000000 0.375818 0.926693
vn 0.354630 0.375817 0.856154
vn 0.514847 0.375818 0.770515
vn 0.655272 0.375819 0.655270
vn 0.770516 0.375818 0.514846
vn 0.856153 0.375818 0.354630
vn 0.908888 0.375817 0.180785
vn 0.926694 0.375817 -0.000001
vn 0.908888 0.375817 -0.180788
vn 0.856153 0.375818 -0.354632
vn 0.770518 0.375817 -0.514843
vn 0.655272 0.375819 -0.655270
vn 0.514843 0.375817 -0.770518
vn 0.354629 0.375815 -0.856155
vn 0.180784 0.375816 -0.908889
vn 0.000000 0.375818 -0.926694
vn -0.180785 0.375816 -0.908889
vn -0.354630 0.375817 -0.856154
vn -0.514845 0.375818 -0.770516
vn -0.655273 0.375819 -0.655269
vn -0.770518 0.375817 -0.514843
vn -0.856153 0.375818 -0.354632
vn -0.908888 0.375817 -0.180787
vn -0.926694 0.375817 0.000002
vn -0.908888 0.375817 0.180786
vn -0.856153 0.375818 0.354630
vn -0.770516 0.375818 0.514845
vn -0.655271 0.375819 0.655271
vn -0.514845 0.375817 0.770517
vn -0.354629 0.375816 0.856155
vn -0.180784 0.375816 0.908889
s 1
g chest
usemtl default
f 4780/4753/4753 4781/4754/4754 4786/4755/4755 4785/4756/4756
f 4781/4754/4754 4782/4757/4757 4787/4758/4758 4786/4755/4755
f 4782/4757/4757 4783/4759/4759 4788/4760/4760 4787/4758/4758
f 4783/4759/4759 4784/4761/4761 4789/4762/4762 4788/4760/4760
f 4784/4761/4761 4758/4763/4763 4790/4764/4764 4789/4762/4762
f 4758/4763/4763 4755/4765/4765 4791/4766/4766 4790/4764/4764
f 4755/4765/4765 4756/4767/4767 4792/4768/4768 4791/4766/4766
f 4756/4767/4767 4771/4769/4769 4793/4770/4770 4792/4768/4768
f 4771/4769/4769 4770/4771/4771 4794/4772/4772 4793/4770/4770
f 4770/4771/4771 4769/4773/4773 4795/4774/4774 4794/4772/4772
f 4769/4773/4773 4768/4775/4775 4796/4776/4776 4795/4774/4774
f 4768/4775/4775 4767/4777/4777 4797/4778/4778 4796/4776/4776
f 4767/4777/4777 4766/4779/4779 4798/4780/4780 4797/4778/4778
f 4766/4779/4779 4765/4781/4781 4799/4782/4782 4798/4780/4780
f 4765/4781/4781 4764/4783/4783 4800/4784/4784 4799/4782/4782
f 4764/4783/4783 4763/4785/4785 4801/4786/4786 4800/4784/4784
f 4763/4785/4785 4762/4787/4787 4802/4788/4788 4801/4786/4786
f 4762/4787/4787 4761/4789/4789 4803/4790/4790 4802/4788/4788
f 4761/4789/4789 4760/4791/4791 4804/4792/4792 4803/4790/4790
f 4760/4791/4791 4759/4793/4793 4805/4794/4794 4804/4792/4792
f 4759/4793/4793 4754/4795/4795 4806/4796/4796 4805/4794/4794
f 4754/4795/4795 4753/4797/4797 4807/4798/4798 4806/4796/4796
f 4753/4797/4797 4757/4799/4799 4808/4800/4800 4807/4798/4798
f 4757/4799/4799 4772/4801/4801 4809/4802/4802 4808/4800/4800
f 4772/4801/4801 4773/4803/4803 4810/4804/4804 4809/4802/4802
f 4773/4803/4803 4774/4805/4805 4811/4806/4806 4810/4804/4804
f 4774/4805/4805 4775/4807/4807 4812/4808/4808 4811/4806/4806
f 4775/4807/4807 4776/4809/4809 4813/4810/4810 4812/4808/4808
f 4776/4809/4809 4777/4811/4811 4814/4812/4812 4813/4810/4810
f 4777/4811/4811 4778/4813/4813 4815/4814/4814 4814/4812/4812
f 4778/4813/4813 4779/4815/4815 4816/4816/4816 4815/4814/4814
f 4779/4815/4815 4780/4753/4753 4785/4756/4756 4816/4816/4816
f 4817/4817/4817 4785/4756/4756 4786/4755/4755 4818/4818/4818
f 4818/4818/4818 4786/4755/4755 4787/4758/4758 4819/4819/4819
f 4819/4819/4819 4787/4758/4758 4788/4760/4760 4820/4820/4820
f 4820/4820/4820 4788/4760/4760 4789/4762/4762 4821/4821/4821
f 4821/4821/4821 4789/4762/4762 4790/4764/4764 4822/4822/4822
f 4822/4822/4822 4790/4764/4764 4791/4766/4766 4823/4823/4823
f 4823/4823/4823 4791/4766/4766 4792/4768/4768 4824/4824/4824
f 4824/4824/4824 4792/4768/4768 4793/4770/4770 4825/4825/4825
f 4825/4825/4825 4793/4770/4770 4794/4772/4772 4826/4826/4826
f 4826/4826/4826 4794/4772/4772 4795/4774/4774 4827/4827/4827
f 4827/4827/4827 4795/4774/4774 4796/4776/4776 4828/4828/4828
f 4828/4828/4828 4796/4776/4776 4797/4778/4778 4829/4829/4829
f 4829/4829/4829 4797/4778/4778 4798/4780/4780 4830/4830/4830
f 4830/4830/4830 4798/4780/4780 4799/4782/4782 4831/4831/4831
f 4831/4831/4831 4799/4782/4782 4800/4784/4784 4832/4832/4832
f 4832/4832/4832 4800/4784/4784 4801/4786/4786 4833/4833/4833
f 4833/4833/4833 4801/4786/4786 4802/4788/4788 4834/4834/4834
f 4834/4834/4834 4802/4788/4788 4803/4790/4790 4835/4835/4835
f 4835/4835/4835 4803/4790/4790 4804/4792/4792 4836/4836/4836
f 4836/4836/4836 4804/4792/4792 4805/4794/4794 4837/4837/4837
f 4837/4837/4837 4805/4794/4794 4806/4796/4796 4838/4838/4838
f 4838/4838/4838 4806/4796/4796 4807/4798/4798 4839/4839/4839
f 4839/4839/4839 4807/4798/4798 4808/4800/4800 4840/4840/4840
f 4840/4840/4840 4808/4800/4800 4809/4802/4802 4841/4841/4841
f 4841/4841/4841 4809/4802/4802 4810/4804/4804 4842/4842/4842
f 4842/4842/4842 4810/4804/4804 4811/4806/4806 4843/4843/4843
f 4843/4843/4843 4811/4806/4806 4812/4808/4808 4844/4844/4844
f 4844/4844/4844 4812/4808/4808 4813/4810/4810 4845/4845/4845
f 4845/4845/4845 4813/4810/4810 4814/4812/4812 4846/4846/4846
f 4846/4846/4846 4814/4812/4812 4815/4814/4814 4847/4847/4847
f 4847/4847/4847 4815/4814/4814 4816/4816/4816 4848/4848/4848
f 4848/4848/4848 4816/4816/4816 4785/4756/4756 4817/4817/4817
s 2
f 4849/4849/4849 4850/4850/4850 4851/4851/4851
f 4849/4849/4849 4852/4852/4852 4850/4850/4850
f 4849/4849/4849 4853/4853/4853 4852/4852/4852
f 4849/4849/4849 4854/4854/4854 4853/4853/4853
f 4849/4849/4849 4855/4855/4855 4854/4854/4854
f 4849/4849/4849 4856/4856/4856 4855/4855/4855
f 4849/4849/4849 4857/4857/4857 4856/4856/4856
f 4849/4849/4849 4858/4858/4858 4857/4857/4857
f 4849/4849/4849 4859/4859/4859 4858/4858/4858
f 4849/4849/4849 4860/4860/4860 4859/4859/4859
f 4849/4849/4849 4861/4861/4861 4860/4860/4860
f 4849/4849/4849 4862/4862/4862 4861/4861/4861
f 4849/4849/4849 4863/4863/4863 4862/4862/4862
f 4849/4849/4849 4864/4864/4864 4863/4863/4863
f 4849/4849/4849 4865/4865/4865 4864/4864/4864
f 4849/4849/4849 4866/4866/4866 4865/4865/4865
f 4849/4849/4849 4867/4867/4867 4866/4866/4866
f 4849/4849/4849 4868/4868/4868 4867/4867/4867
f 4849/4849/4849 4869/4869/4869 4868/4868/4868
f 4849/4849/4849 4870/4870/4870 4869/4869/4869
f 4849/4849/4849 4871/4871/4871 4870/4870/4870
f 4849/4849/4849 4872/4872/4872 4871/4871/4871
f 4849/4849/4849 4873/4873/4873 4872/4872/4872
f 4849/4849/4849 4874/4874/4874 4873/4873/4873
f 4849/4849/4849 4875/4875/4875 4874/4874/4874
f 4849/4849/4849 4876/4876/4876 4875/4875/4875
f 4849/4849/4849 4877/4877/4877 4876/4876/4876
f 4849/4849/4849 4878/4878/4878 4877/4877/4877
f 4849/4849/4849 4879/4879/4879 4878/4878/4878
f 4849/4849/4849 4880/4880/4880 4879/4879/4879
f 4849/4849/4849 4881/4881/4881 4880/4880/4880
f 4849/4849/4849 4851/4851/4851 4881/4881/4881
f 4851/4851/4851 4850/4850/4850 4882/4882/4882 4883/4883/4883
f 4883/4883/4883 4882/4882/4882 4884/4884/4884 4885/4885/4885
f 4885/4885/4885 4884/4884/4884 4886/4886/4886 4887/4887/4887
f 4887/4887/4887 4886/4886/4886 4888/4888/4888 4889/4889/4889
f 4889/4889/4889 4888/4888/4888 4890/4890/4890 4891/4891/4891
f 4891/4891/4891 4890/4890/4890 4892/4892/4892 4893/4893/4893
f 4893/4893/4893 4892/4892/4892 4894/4894/4894 4895/4895/4895
f 4850/4850/4850 4852/4852/4852 4896/4896/4896 4882/4882/4882
f 4882/4882/4882 4896/4896/4896 4897/4897/4897 4884/4884/4884
f 4884/4884/4884 4897/4897/4897 4898/4898/4898 4886/4886/4886
f 4886/4886/4886 4898/4898/4898 4899/4899/4899 4888/4888/4888
f 4888/4888/4888 4899/4899/4899 4900/4900/4900 4890/4890/4890
f 4890/4890/4890 4900/4900/4900 4901/4901/4901 4892/4892/4892
f 4892/4892/4892 4901/4901/4901 4902/4902/4902 4894/4894/4894
f 4852/4852/4852 4853/4853/4853 4903/4903/4903 4896/4896/4896
f 4896/4896/4896 4903/4903/4903 4904/4904/4904 4897/4897/4897
f 4897/4897/4897 4904/4904/4904 4905/4905/4905 4898/4898/4898
f 4898/4898/4898 4905/4905/4905 4906/4906/4906 4899/4899/4899
f 4899/4899/4899 4906/4906/4906 4907/4907/4907 4900/4900/4900
f 4900/4900/4900 4907/4907/4907 4908/4908/4908 4901/4901/4901
f 4901/4901/4901 4908/4908/4908 4909/4909/4909 4902/4902/4902
f 4853/4853/4853 4854/4854/4854 4910/4910/4910 4903/4903/4903
f 4903/4903/4903 4910/4910/4910 4911/4911/4911 4904/4904/4904
f 4904/4904/4904 4911/4911/4911 4912/4912/4912 4905/4905/4905
f 4905/4905/4905 4912/4912/4912 4913/4913/4913 4906/4906/4906
f 4906/4906/4906 4913/4913/4913 4914/4914/4914 4907/4907/4907
f 4907/4907/4907 4914/4914/4914 4915/4915/4915 4908/4908/4908
f 4908/4908/4908 4915/4915/4915 4916/4916/4916 4909/4909/4909
f 4854/4854/4854 4855/4855/4855 4917/4917/4917 4910/4910/4910
f 4910/4910/4910 4917/4917/4917 4918/4918/4918 4911/4911/4911
f 4911/4911/4911 4918/4918/4918 4919/4919/4919 4912/4912/4912
f 4912/4912/4912 4919/4919/4919 4920/4920/4920 4913/4913/4913
f 4913/4913/4913 4920/4920/4920 4921/4921/4921 4914/4914/4914
f 4914/4914/4914 4921/4921/4921 4922/4922/4922 4915/4915/4915
f 4915/4915/4915 4922/4922/4922 4923/4923/4923 4916/4916/4916
f 4855/4855/4855 4856/4856/4856 4924/4924/4924 4917/4917/4917
f 4917/4917/4917 4924/4924/4924 4925/4925/4925 4918/4918/4918
f 4918/4918/4918 4925/4925/4925 4926/4926/4926 4919/4919/4919
f 4919/4919/4919 4926/4926/4926 4927/4927/4927 4920/4920/4920
f 4920/4920/4920 4927/4927/4927 4928/4928/4928 4921/4921/4921
f 4921/4921/4921 4928/4928/4928 4929/4929/4929 4922/4922/4922
f 4922/4922/4922 4929/4929/4929 4930/4930/4930 4923/4923/4923
f 4856/4856/4856 4857/4857/4857 4931/4931/4931 4924/4924/4924
f 4924/4924/4924 4931/4931/4931 4932/4932/4932 4925/4925/4925
f 4925/4925/4925 4932/4932/4932 4933/4933/4933 4926/4926/4926
f 4926/4926/4926 4933/4933/4933 4934/4934/4934 4927/4927/4927
f 4927/4927/4927 4934/4934/4934 4935/4935/4935 4928/4928/4928
f 4928/4928/4928 4935/4935/4935 4936/4936/4936 4929/4929/4929
f 4929/4929/4929 4936/4936/4936 4937/4937/4937 4930/4930/4930
f 4857/4857/4857 4858/4858/4858 4938/4938/4938 4931/4931/4931
f 4931/4931/4931 4938/4938/4938 4939/4939/4939 4932/4932/4932
f 4932/4932/4932 4939/4939/4939 4940/4940/4940 4933/4933/4933
f 4933/4933/4933 4940/4940/4940 4941/4941/4941 4934/4934/4934
f 4934/4934/4934 4941/4941/4941 4942/4942/4942 4935/4935/4935
f 4935/4935/4935 4942/4942/4942 4943/4943/4943 4936/4936/4936
f 4936/4936/4936 4943/4943/4943 4944/4944/4944 4937/4937/4937
f 4858/4858/4858 4859/4859/4859 4945/4945/4945 4938/4938/4938
f 4938/4938/4938 4945/4945/4945 4946/4946/4946 4939/4939/4939
f 4939/4939/4939 4946/4946/4946 4947/4947/4947 4940/4940/4940
f 4940/4940/4940 4947/4947/4947 4948/4948/4948 4941/4941/4941
f 4941/4941/4941 4948/4948/4948 4949/4949/4949 4942/4942/4942
f 4942/4942/4942 4949/4949/4949 4950/4950/4950 4943/4943/4943
f 4943/4943/4943 4950/4950/4950 4951/4951/4951 4944/4944/4944
f 4859/4859/4859 4860/4860/4860 4952/4952/4952 4945/4945/4945
f 4945/4945/4945 4952/4952/4952 4953/4953/4953 4946/4946/4946
f 4946/4946/4946 4953/4953/4953 4954/4954/4954 4947/4947/4947
f 4947/4947/4947 4954/4954/4954 4955/4955/4955 4948/4948/4948
f 4948/4948/4948 4955/4955/4955 4956/4956/4956 4949/4949/4949
f 4949/4949/4949 4956/4956/4956 4957/4957/4957 4950/4950/4950
f 4950/4950/4950 4957/4957/4957 4958/4958/4958 4951/4951/4951
f 4860/4860/4860 4861/4861/4861 4959/4959/4959 4952/4952/4952
f 4952/4952/4952 4959/4959/4959 4960/4960/4960 4953/4953/4953
f 4953/4953/4953 4960/4960/4960 4961/4961/4961 4954/4954/4954
f 4954/4954/4954 4961/4961/4961 4962/4962/4962 4955/4955/4955
f 4955/4955/4955 4962/4962/4962 4963/4963/4963 4956/4956/4956
f 4956/4956/4956 4963/4963/4963 4964/4964/4964 4957/4957/4957
f 4957/4957/4957 4964/4964/4964 4965/4965/4965 4958/4958/4958
f 4861/4861/4861 4862/4862/4862 4966/4966/4966 4959/4959/4959
f 4959/4959/4959 4966/4966/4966 4967/4967/4967 4960/4960/4960
f 4960/4960/4960 4967/4967/4967 4968/4968/4968 4961/4961/4961
f 4961/4961/4961 4968/4968/4968 4969/4969/4969 4962/4962/4962
f 4962/4962/4962 4969/4969/4969 4970/4970/4970 4963/4963/4963
f 4963/4963/4963 4970/4970/4970 4971/4971/4971 4964/4964/4964
f 4964/4964/4964 4971/4971/4971 4972/4972/4972 4965/4965/4965
f 4862/4862/4862 4863/4863/4863 4973/4973/4973 4966/4966/4966
f 4966/4966/4966 4973/4973/4973 4974/4974/4974 4967/4967/4967
f 4967/4967/4967 4974/4974/4974 4975/4975/4975 4968/4968/4968
f 4968/4968/4968 4975/4975/4975 4976/4976/4976 4969/4969/4969
f 4969/4969/4969 4976/4976/4976 4977/4977/4977 4970/4970/4970
f 4970/4970/4970 4977/4977/4977 4978/4978/4978 4971/4971/4971
f 4971/4971/4971 4978/4978/4978 4979/4979/4979 4972/4972/4972
f 4863/4863/4863 4864/4864/4864 4980/4980/4980 4973/4973/4973
f 4973/4973/4973 4980/4980/4980 4981/4981/4981 4974/4974/4974
f 4974/4974/4974 4981/4981/4981 4982/4982/4982 4975/4975/4975
f 4975/4975/4975 4982/4982/4982 4983/4983/4983 4976/4976/4976
f 4976/4976/4976 4983/4983/4983 4984/4984/4984 4977/4977/4977
f 4977/4977/4977 4984/4984/4984 4985/4985/4985 4978/4978/4978
f 4978/4978/4978 4985/4985/4985 4986/4986/4986 4979/4979/4979
f 4864/4864/4864 4865/4865/4865 4987/4987/4987 4980/4980/4980
f 4980/4980/4980 4987/4987/4987 4988/4988/4988 4981/4981/4981
f 4981/4981/4981 4988/4988/4988 4989/4989/4989 4982/4982/4982
f 4982/4982/4982 4989/4989/4989 4990/4990/4990 4983/4983/4983
f 4983/4983/4983 4990/4990/4990 4991/4991/4991 4984/4984/4984
f 4984/4984/4984 4991/4991/4991 4992/4992/4992 4985/4985/4985
f 4985/4985/4985 4992/4992/4992 4993/4993/4993 4986/4986/4986
f 4865/4865/4865 4866/4866/4866 4994/4994/4994 4987/4987/4987
f 4987/4987/4987 4994/4994/4994 4995/4995/4995 4988/4988/4988
f 4988/4988/4988 4995/4995/4995 4996/4996/4996 4989/4989/4989
f 4989/4989/4989 4996/4996/4996 4997/4997/4997 4990/4990/4990
f 4990/4990/4990 4997/4997/4997 4998/4998/4998 4991/4991/4991
f 4991/4991/4991 4998/4998/4998 4999/4999/4999 4992/4992/4992
f 4992/4992/4992 4999/4999/4999 5000/5000/5000 4993/4993/4993
f 4866/4866/4866 4867/4867/4867 5001/5001/5001 4994/4994/4994
f 4994/4994/4994 5001/5001/5001 5002/5002/5002 4995/4995/4995
f 4995/4995/4995 5002/5002/5002 5003/5003/5003 4996/4996/4996
f 4996/4996/4996 5003/5003/5003 5004/5004/5004 4997/4997/4997
f 4997/4997/4997 5004/5004/5004 5005/5005/5005 4998/4998/4998
f 4998/4998/4998 5005/5005/5005 5006/5006/5006 4999/4999/4999
f 4999/4999/4999 5006/5006/5006 5007/5007/5007 5000/5000/5000
f 4867/4867/4867 4868/4868/4868 5008/5008/5008 5001/5001/5001
f 5001/5001/5001 5008/5008/5008 5009/5009/5009 5002/5002/5002
f 5002/5002/5002 5009/5009/5009 5010/5010/5010 5003/5003/5003
f 5003/5003/5003 5010/5010/5010 5011/5011/5011 5004/5004/5004
f 5004/5004/5004 5011/5011/5011 5012/5012/5012 5005/5005/5005
f 5005/5005/5005 5012/5012/5012 5013/5013/5013 5006/5006/5006
f 5006/5006/5006 5013/5013/5013 5014/5014/5014 5007/5007/5007
f 4868/4868/4868 4869/4869/4869 5015/5015/5015 5008/5008/5008
f 5008/5008/5008 5015/5015/5015 5016/5016/5016 5009/5009/5009
f 5009/5009/5009 5016/5016/5016 5017/5017/5017 5010/5010/5010
f 5010/5010/5010 5017/5017/5017 5018/5018/5018 5011/5011/5011
f 5011/5011/5011 5018/5018/5018 5019/5019/5019 5012/5012/5012
f 5012/5012/5012 5019/5019/5019 5020/5020/5020 5013/5013/5013
f 5013/5013/5013 5020/5020/5020 5021/5021/5021 5014/5014/5014
f 4869/4869/4869 4870/4870/4870 5022/5022/5022 5015/5015/5015
f 5015/5015/5015 5022/5022/5022 5023/5023/5023 5016/5016/5016
f 5016/5016/5016 5023/5023/5023 5024/5024/5024 5017/5017/5017
f 5017/5017/5017 5024/5024/5024 5025/5025/5025 5018/5018/5018
f 5018/5018/5018 5025/5025/5025 5026/5026/5026 5019/5019/5019
f 5019/5019/5019 5026/5026/5026 5027/5027/5027 5020/5020/5020
f 5020/5020/5020 5027/5027/5027 5028/5028/5028 5021/5021/5021
f 4870/4870/4870 4871/4871/4871 5029/5029/5029 5022/5022/5022
f 5022/5022/5022 5029/5029/5029 5030/5030/5030 5023/5023/5023
f 5023/5023/5023 5030/5030/5030 5031/5031/5031 5024/5024/5024
f 5024/5024/5024 5031/5031/5031 5032/5032/5032 5025/5025/5025
f 5025/5025/5025 5032/5032/5032 5033/5033/5033 5026/5026/5026
f 5026/5026/5026 5033/5033/5033 5034/5034/5034 5027/5027/5027
f 5027/5027/5027 5034/5034/5034 5035/5035/5035 5028/5028/5028
f 4871/4871/4871 4872/4872/4872 5036/5036/5036 5029/5029/5029
f 5029/5029/5029 5036/5036/5036 5037/5037/5037 5030/5030/5030
f 5030/5030/5030 5037/5037/5037 5038/5038/5038 5031/5031/5031
f 5031/5031/5031 5038/5038/5038 5039/5039/5039 5032/5032/5032
f 5032/5032/5032 5039/5039/5039 5040/5040/5040 5033/5033/5033
f 5033/5033/5033 5040/5040/5040 5041/5041/5041 5034/5034/5034
f 5034/5034/5034 5041/5041/5041 5042/5042/5042 5035/5035/5035
f 4872/4872/4872 4873/4873/4873 5043/5043/5043 5036/5036/5036
f 5036/5036/5036 5043/5043/5043 5044/5044/5044 5037/5037/5037
f 5037/5037/5037 5044/5044/5044 5045/5045/5045 5038/5038/5038
f 5038/5038/5038 5045/5045/5045 5046/5046/5046 5039/5039/5039
f 5039/5039/5039 5046/5046/5046 5047/5047/5047 5040/5040/5040
f 5040/5040/5040 5047/5047/5047 5048/5048/5048 5041/5041/5041
f 5041/5041/5041 5048/5048/5048 5049/5049/5049 5042/5042/5042
f 4873/4873/4873 4874/4874/4874 5050/5050/5050 5043/5043/5043
f 5043/5043/5043 5050/5050/5050 5051/5051/5051 5044/5044/5044
f 5044/5044/5044 5051/5051/5051 5052/5052/5052 5045/5045/5045
f 5045/5045/5045 5052/5052/5052 5053/5053/5053 5046/5046/5046
f 5046/5046/5046 5053/5053/5053 5054/5054/5054 5047/5047/5047
f 5047/5047/5047 5054/5054/5054 5055/5055/5055 5048/5048/5048
f 5048/5048/5048 5055/5055/5055 5056/5056/5056 5049/5049/5049
f 4874/4874/4874 4875/4875/4875 5057/5057/5057 5050/5050/5050
f 5050/5050/5050 5057/5057/5057 5058/5058/5058 5051/5051/5051
f 5051/5051/5051 5058/5058/5058 5059/5059/5059 5052/5052/5052
f 5052/5052/5052 5059/5059/5059 5060/5060/5060 5053/5053/5053
f 5053/5053/5053 5060/5060/5060 5061/5061/5061 5054/5054/5054
f 5054/5054/5054 5061/5061/5061 5062/5062/5062 5055/5055/5055
f 5055/5055/5055 5062/5062/5062 5063/5063/5063 5056/5056/5056
f 4875/4875/4875 4876/4876/4876 5064/5064/5064 5057/5057/5057
f 5057/5057/5057 5064/5064/5064 5065/5065/5065 5058/5058/5058
f 5058/5058/5058 5065/5065/5065 5066/5066/5066 5059/5059/5059
f 5059/5059/5059 5066/5066/5066 5067/5067/5067 5060/5060/5060
f 5060/5060/5060 5067/5067/5067 5068/5068/5068 5061/5061/5061
f 5061/5061/5061 5068/5068/5068 5069/5069/5069 5062/5062/5062
f 5062/5062/5062 5069/5069/5069 5070/5070/5070 5063/5063/5063
f 4876/4876/4876 4877/4877/4877 5071/5071/5071 5064/5064/5064
f 5064/5064/5064 5071/5071/5071 5072/5072/5072 5065/5065/5065
f 5065/5065/5065 5072/5072/5072 5073/5073/5073 5066/5066/5066
f 5066/5066/5066 5073/5073/5073 5074/5074/5074 5067/5067/5067
f 5067/5067/5067 5074/5074/5074 5075/5075/5075 5068/5068/5068
f 5068/5068/5068 5075/5075/5075 5076/5076/5076 5069/5069/5069
f 5069/5069/5069 5076/5076/5076 5077/5077/5077 5070/5070/5070
f 4877/4877/4877 4878/4878/4878 5078/5078/5078 5071/5071/5071
f 5071/5071/5071 5078/5078/5078 5079/5079/5079 5072/5072/5072
f 5072/5072/5072 5079/5079/5079 5080/5080/5080 5073/5073/5073
f 5073/5073/5073 5080/5080/5080 5081/5081/5081 5074/5074/5074
f 5074/5074/5074 5081/5081/5081 5082/5082/5082 5075/5075/5075
f 5075/5075/5075 5082/5082/5082 5083/5083/5083 5076/5076/5076
f 5076/5076/5076 5083/5083/5083 5084/5084/5084 5077/5077/5077
f 4878/4878/4878 4879/4879/4879 5085/5085/5085 5078/5078/5078
f 5078/5078/5078 5085/5085/5085 5086/5086/5086 5079/5079/5079
f 5079/5079/5079 5086/5086/5086 5087/5087/5087 5080/5080/5080
f 5080/5080/5080 5087/5087/5087 5088/5088/5088 5081/5081/5081
f 5081/5081/5081 5088/5088/5088 5089/5089/5089 5082/5082/5082
f 5082/5082/5082 5089/5089/5089 5090/5090/5090 5083/5083/5083
f 5083/5083/5083 5090/5090/5090 5091/5091/5091 5084/5084/5084
f 4879/4879/4879 4880/4880/4880 5092/5092/5092 5085/5085/5085
f 5085/5085/5085 5092/5092/5092 5093/5093/5093 5086/5086/5086
f 5086/5086/5086 5093/5093/5093 5094/5094/5094 5087/5087/5087
f 5087/5087/5087 5094/5094/5094 5095/5095/5095 5088/5088/5088
f 5088/5088/5088 5095/5095/5095 5096/5096/5096 5089/5089/5089
f 5089/5089/5089 5096/5096/5096 5097/5097/5097 5090/5090/5090
f 5090/5090/5090 5097/5097/5097 5098/5098/5098 5091/5091/5091
f 4880/4880/4880 4881/4881/4881 5099/5099/5099 5092/5092/5092
f 5092/5092/5092 5099/5099/5099 5100/5100/5100 5093/5093/5093
f 5093/5093/5093 5100/5100/5100 5101/5101/5101 5094/5094/5094
f 5094/5094/5094 5101/5101/5101 5102/5102/5102 5095/5095/5095
f 5095/5095/5095 5102/5102/5102 5103/5103/5103 5096/5096/5096
f 5096/5096/5096 5103/5103/5103 5104/5104/5104 5097/5097/5097
f 5097/5097/5097 5104/5104/5104 5105/5105/5105 5098/5098/5098
f 4881/4881/4881 4851/4851/4851 4883/4883/4883 5099/5099/5099
f 5099/5099/5099 4883/4883/4883 4885/4885/4885 5100/5100/5100
f 5100/5100/5100 4885/4885/4885 4887/4887/4887 5101/5101/5101
f 5101/5101/5101 4887/4887/4887 4889/4889/4889 5102/5102/5102
f 5102/5102/5102 4889/4889/4889 4891/4891/4891 5103/5103/5103
f 5103/5103/5103 4891/4891/4891 4893/4893/4893 5104/5104/5104
f 5104/5104/5104 4893/4893/4893 4895/4895/4895 5105/5105/5105
f 4895/4895/4895 4894/4894/4894 5106/5106/5106 5107/5107/5107
f 4894/4894/4894 4902/4902/4902 5108/5108/5108 5106/5106/5106
f 4902/4902/4902 4909/4909/4909 5109/5109/5109 5108/5108/5108
f 4909/4909/4909 4916/4916/4916 5110/5110/5110 5109/5109/5109
f 4916/4916/4916 4923/4923/4923 5111/5111/5111 5110/5110/5110
f 4923/4923/4923 4930/4930/4930 5112/5112/5112 5111/5111/5111
f 4930/4930/4930 4937/4937/4937 5113/5113/5113 5112/5112/5112
f 4937/4937/4937 4944/4944/4944 5114/5114/5114 5113/5113/5113
f 4944/4944/4944 4951/4951/4951 5115/5115/5115 5114/5114/5114
f 4951/4951/4951 4958/4958/4958 5116/5116/5116 5115/5115/5115
f 4958/4958/4958 4965/4965/4965 5117/5117/5117 5116/5116/5116
f 4965/4965/4965 4972/4972/4972 5118/5118/5118 5117/5117/5117
f 4972/4972/4972 4979/4979/4979 5119/5119/5119 5118/5118/5118
f 4979/4979/4979 4986/4986/4986 5120/5120/5120 5119/5119/5119
f 4986/4986/4986 4993/4993/4993 5121/5121/5121 5120/5120/5120
f 4993/4993/4993 5000/5000/5000 5122/5122/5122 5121/5121/5121
f 5000/5000/5000 5007/5007/5007 5123/5123/5123 5122/5122/5122
f 5007/5007/5007 5014/5014/5014 5124/5124/5124 5123/5123/5123
f 5014/5014/5014 5021/5021/5021 5125/5125/5125 5124/5124/5124
f 5021/5021/5021 5028/5028/5028 5126/5126/5126 5125/5125/5125
f 5028/5028/5028 5035/5035/5035 5127/5127/5127 5126/5126/5126
f 5035/5035/5035 5042/5042/5042 5128/5128/5128 5127/5127/5127
f 5042/5042/5042 5049/5049/5049 5129/5129/5129 5128/5128/5128
f 5049/5049/5049 5056/5056/5056 5130/5130/5130 5129/5129/5129
f 5056/5056/5056 5063/5063/5063 5131/5131/5131 5130/5130/5130
f 5063/5063/5063 5070/5070/5070 5132/5132/5132 5131/5131/5131
f 5070/5070/5070 5077/5077/5077 5133/5133/5133 5132/5132/5132
f 5077/5077/5077 5084/5084/5084 5134/5134/5134 5133/5133/5133
f 5084/5084/5084 5091/5091/5091 5135/5135/5135 5134/5134/5134
f 5091/5091/5091 5098/5098/5098 5136/5136/5136 5135/5135/5135
f 5098/5098/5098 5105/5105/5105 5137/5137/5137 5136/5136/5136
f 5105/5105/5105 4895/4895/4895 5107/5107/5107 5137/5137/5137
f 5107/5107/5107 5106/5106/5106 5138/5138/5138 5139/5139/5139
f 5106/5106/5106 5108/5108/5108 5140/5140/5140 5138/5138/5138
f 5108/5108/5108 5109/5109/5109 5141/5141/5141 5140/5140/5140
f 5109/5109/5109 5110/5110/5110 5142/5142/5142 5141/5141/5141
f 5110/5110/5110 5111/5111/5111 5143/5143/5143 5142/5142/5142
f 5111/5111/5111 5112/5112/5112 5144/5144/5144 5143/5143/5143
f 5112/5112/5112 5113/5113/5113 5145/5145/5145 5144/5144/5144
f 5113/5113/5113 5114/5114/5114 5146/5146/5146 5145/5145/5145
f 5114/5114/5114 5115/5115/5115 5147/5147/5147 5146/5146/5146
f 5115/5115/5115 5116/5116/5116 5148/5148/5148 5147/5147/5147
f 5116/5116/5116 5117/5117/5117 5149/5149/5149 5148/5148/5148
f 5117/5117/5117 5118/5118/5118 5150/5150/5150 5149/5149/5149
f 5118/5118/5118 5119/5119/5119 5151/5151/5151 5150/5150/5150
f 5119/5119/5119 5120/5120/5120 5152/5152/5152 5151/5151/5151
f 5120/5120/5120 5121/5121/5121 5153/5153/5153 5152/5152/5152
f 5121/5121/5121 5122/5122/5122 5154/5154/5154 5153/5153/5153
f 5122/5122/5122 5123/5123/5123 5155/5155/5155 5154/5154/5154
f 5123/5123/5123 5124/5124/5124 5156/5156/5156 5155/5155/5155
f 5124/5124/5124 5125/5125/5125 5157/5157/5157 5156/5156/5156
f 5125/5125/5125 5126/5126/5126 5158/5158/5158 5157/5157/5157
f 5126/5126/5126 5127/5127/5127 5159/5159/5159 5158/5158/5158
f 5127/5127/5127 5128/5128/5128 5160/5160/5160 5159/5159/5159
f 5128/5128/5128 5129/5129/5129 5161/5161/5161 5160/5160/5160
f 5129/5129/5129 5130/5130/5130 5162/5162/5162 5161/5161/5161
f 5130/5130/5130 5131/5131/5131 5163/5163/5163 5162/5162/5162
f 5131/5131/5131 5132/5132/5132 5164/5164/5164 5163/5163/5163
f 5132/5132/5132 5133/5133/5133 5165/5165/5165 5164/5164/5164
f 5133/5133/5133 5134/5134/5134 5166/5166/5166 5165/5165/5165
f 5134/5134/5134 5135/5135/5135 5167/5167/5167 5166/5166/5166
f 5135/5135/5135 5136/5136/5136 5168/5168/5168 5167/5167/5167
f 5136/5136/5136 5137/5137/5137 5169/5169/5169 5168/5168/5168
f 5137/5137/5137 5107/5107/5107 5139/5139/5139 5169/5169/5169
g default
v 0.004800 0.435565 0.015997
v 0.000000 0.435615 0.016467
v 0.009416 0.435416 0.014605
v 0.013671 0.435174 0.012344
v 0.017399 0.434849 0.009301
v 0.020459 0.434453 0.005593
v 0.022733 0.434001 0.001363
v 0.024133 0.433510 -0.003227
v 0.024606 0.433000 -0.008000
v 0.024133 0.432490 -0.012773
v 0.022733 0.431999 -0.017363
v 0.020459 0.431547 -0.021593
v 0.017399 0.431151 -0.025301
v 0.013671 0.430826 -0.028344
v 0.009416 0.430584 -0.030605
v 0.004800 0.430435 -0.031997
v -0.000000 0.430385 -0.032467
v -0.004800 0.430435 -0.031997
v -0.009416 0.430584 -0.030605
v -0.013671 0.430826 -0.028344
v -0.017399 0.431151 -0.025301
v -0.020459 0.431547 -0.021593
v -0.022733 0.431999 -0.017363
v -0.024133 0.432490 -0.012773
v -0.024606 0.433000 -0.008000
v -0.024133 0.433510 -0.003227
v -0.022733 0.434001 0.001363
v -0.020459 0.434453 0.005593
v -0.017399 0.434849 0.009301
v -0.013671 0.435174 0.012344
v -0.009416 0.435416 0.014605
v -0.004800 0.435565 0.015997
v -0.013671 0.368327 0.020465
v -0.017399 0.367997 0.017422
v -0.020459 0.367594 0.013715
v -0.022733 0.367135 0.009486
v -0.024133 0.366636 0.004897
v -0.024606 0.366118 0.000125
v -0.024133 0.365600 -0.004648
v -0.022733 0.365102 -0.009237
v -0.020459 0.364642 -0.013466
v -0.017399 0.364240 -0.017173
v -0.013671 0.363910 -0.020215
v -0.009416 0.363664 -0.022476
v -0.004800 0.363513 -0.023868
v -0.000000 0.363462 -0.024338
v 0.004800 0.363513 -0.023868
v 0.009416 0.363664 -0.022476
v 0.013671 0.363910 -0.020215
v 0.017399 0.364240 -0.017173
v 0.020459 0.364642 -0.013466
v 0.022733 0.365102 -0.009237
v 0.024133 0.365600 -0.004648
v 0.024606 0.366118 0.000125
v 0.024133 0.366636 0.004897
v 0.022733 0.367135 0.009486
v 0.020459 0.367594 0.013715
v 0.017399 0.367997 0.017422
v 0.013671 0.368327 0.020465
v 0.009416 0.368572 0.022725
v 0.004800 0.368724 0.024117
v 0.000000 0.368775 0.024587
v -0.004800 0.368724 0.024117
v -0.009416 0.368572 0.022725
v -0.012595 0.364034 0.019312
v -0.016031 0.363729 0.016509
v -0.018850 0.363358 0.013094
v -0.020945 0.362935 0.009197
v -0.022236 0.362476 0.004969
v -0.022671 0.361999 0.000572
v -0.022236 0.361521 -0.003825
v -0.020945 0.361062 -0.008053
v -0.018850 0.360639 -0.011950
v -0.016031 0.360268 -0.015365
v -0.012595 0.359964 -0.018168
v -0.008676 0.359737 -0.020251
v -0.004423 0.359598 -0.021534
v -0.000000 0.359551 -0.021967
v 0.004423 0.359598 -0.021534
v 0.008676 0.359737 -0.020251
v 0.012595 0.359964 -0.018168
v 0.016031 0.360268 -0.015365
v 0.018850 0.360639 -0.011950
v 0.020945 0.361062 -0.008053
v 0.022236 0.361521 -0.003825
v 0.022671 0.361999 0.000572
v 0.022236 0.362476 0.004969
v 0.020945 0.362935 0.009197
v 0.018850 0.363358 0.013094
v 0.016031 0.363729 0.016509
v 0.012595 0.364034 0.019312
v 0.008676 0.364260 0.021395
v 0.004423 0.364399 0.022678
v 0.000000 0.364446 0.023111
v -0.004423 0.364399 0.022678
v -0.008676 0.364260 0.021395
v 0.021689 0.436395 -0.012702
v 0.022113 0.436854 -0.008412
v 0.020430 0.435954 -0.016826
v 0.018387 0.435548 -0.020628
v 0.015637 0.435192 -0.023960
v 0.012286 0.434900 -0.026694
v 0.008462 0.434683 -0.028726
v 0.004314 0.434549 -0.029978
v -0.000000 0.434504 -0.030400
v -0.004314 0.434549 -0.029978
v -0.008462 0.434683 -0.028726
v -0.012286 0.434900 -0.026694
v -0.015637 0.435192 -0.023960
v -0.018387 0.435548 -0.020628
v -0.020430 0.435954 -0.016826
v -0.021689 0.436395 -0.012702
v -0.022113 0.436854 -0.008412
v -0.021689 0.437312 -0.004122
v -0.020430 0.437753 0.000003
v -0.018387 0.438159 0.003804
v -0.015637 0.438515 0.007136
v -0.012286 0.438808 0.009871
v -0.008462 0.439025 0.011903
v -0.004314 0.439158 0.013154
v -0.000000 0.439204 0.013576
v 0.004314 0.439158 0.013154
v 0.008462 0.439025 0.011903
v 0.012286 0.438808 0.009871
v 0.015637 0.438515 0.007136
v 0.018387 0.438159 0.003804
v 0.020430 0.437753 0.000003
v 0.021689 0.437312 -0.004122
v -0.036000 0.341394 0.000000
v -0.036000 0.341866 0.004800
v -0.036000 0.390606 0.000000
v -0.036000 0.390134 0.004800
v -0.036000 0.341866 -0.004800
v -0.036000 0.390134 -0.004800
v -0.036000 0.343267 0.009416
v -0.036000 0.345541 0.013671
v -0.036000 0.348601 0.017399
v -0.036000 0.352329 0.020459
v -0.036000 0.356584 0.022733
v -0.036000 0.361200 0.024133
v -0.036000 0.366000 0.024606
v -0.036000 0.370800 0.024133
v -0.036000 0.375416 0.022733
v -0.036000 0.379671 0.020459
v -0.036000 0.383399 0.017399
v -0.036000 0.386459 0.013671
v -0.036000 0.388733 0.009416
v -0.036000 0.343267 -0.009416
v -0.036000 0.345541 -0.013671
v -0.036000 0.348601 -0.017399
v -0.036000 0.352329 -0.020459
v -0.036000 0.356584 -0.022733
v -0.036000 0.361200 -0.024133
v -0.036000 0.366000 -0.024606
v -0.036000 0.370800 -0.024133
v -0.036000 0.375416 -0.022733
v -0.036000 0.379671 -0.020459
v -0.036000 0.383399 -0.017399
v -0.036000 0.386459 -0.013671
v -0.036000 0.388733 -0.009416
v 0.000000 0.379671 0.020459
v 0.000000 0.375416 0.022733
v 0.000000 0.370800 0.024133
v 0.000000 0.366000 0.024606
v 0.000000 0.361200 0.024133
v 0.000000 0.356584 0.022733
v 0.000000 0.352329 0.020459
v 0.000000 0.348601 0.017399
v 0.000000 0.345541 0.013671
v 0.000000 0.343267 0.009416
v 0.000000 0.341866 0.004800
v 0.000000 0.341394 0.000000
v 0.000000 0.341866 -0.004800
v 0.000000 0.343267 -0.009416
v 0.000000 0.345541 -0.013671
v 0.000000 0.348601 -0.017399
v 0.000000 0.352329 -0.020459
v 0.000000 0.356584 -0.022733
v 0.000000 0.361200 -0.024133
v 0.000000 0.366000 -0.024606
v 0.000000 0.370800 -0.024133
v 0.000000 0.375416 -0.022733
v 0.000000 0.379671 -0.020459
v 0.000000 0.383399 -0.017399
v 0.000000 0.386459 -0.013671
v 0.000000 0.388733 -0.009416
v 0.000000 0.390134 -0.004800
v 0.000000 0.390606 0.000000
v 0.000000 0.390134 0.004800
v 0.000000 0.388733 0.009416
v 0.000000 0.386459 0.013671
v 0.000000 0.383399 0.017399
v 0.000000 0.379671 0.020459
v 0.000000 0.375416 0.022733
v -0.000000 0.370800 0.024133
v 0.000000 0.366000 0.024606
v 0.000000 0.361200 0.024133
v 0.000000 0.356584 0.022733
v 0.000000 0.352329 0.020459
v 0.000000 0.348601 0.017399
v 0.000000 0.345541 0.013670
v 0.000000 0.343267 0.009416
v -0.000000 0.341866 0.004800
v 0.000000 0.341394 0.000000
v -0.000000 0.341866 -0.004800
v 0.000000 0.343267 -0.009416
v 0.000000 0.345541 -0.013671
v 0.000000 0.348601 -0.017399
v 0.000000 0.352329 -0.020459
v 0.000000 0.356584 -0.022733
v -0.000000 0.361200 -0.024133
v 0.000000 0.366000 -0.024606
v 0.000000 0.370800 -0.024133
v 0.000000 0.375416 -0.022733
v 0.000000 0.379671 -0.020459
v 0.000000 0.383399 -0.017399
v -0.000000 0.386459 -0.013671
v -0.000000 0.388733 -0.009416
v 0.000000 0.390134 -0.004800
v -0.000000 0.390606 0.000000
v 0.000000 0.390134 0.004800
v -0.000000 0.388733 0.009416
v -0.000000 0.386459 0.013670
v 0.000000 0.383399 0.017399
v 0.036000 0.379671 0.020459
v 0.036000 0.375416 0.022733
v 0.036000 0.370800 0.024133
v 0.036000 0.366000 0.024606
v 0.036000 0.361200 0.024133
v 0.036000 0.356584 0.022733
v 0.036000 0.352329 0.020459
v 0.036000 0.348601 0.017399
v 0.036000 0.345541 0.013670
v 0.036000 0.343267 0.009416
v 0.036000 0.341866 0.004800
v 0.036000 0.341394 0.000000
v 0.036000 0.341866 -0.004800
v 0.036000 0.343267 -0.009416
v 0.036000 0.345541 -0.013671
v 0.036000 0.348601 -0.017399
v 0.036000 0.352329 -0.020459
v 0.036000 0.356584 -0.022733
v 0.036000 0.361200 -0.024133
v 0.036000 0.366000 -0.024606
v 0.036000 0.370800 -0.024133
v 0.036000 0.375416 -0.022733
v 0.036000 0.379671 -0.020459
v 0.036000 0.383399 -0.017399
v 0.036000 0.386459 -0.013671
v 0.036000 0.388733 -0.009416
v 0.036000 0.390134 -0.004800
v 0.036000 0.390606 0.000000
v 0.036000 0.390134 0.004800
v 0.036000 0.388733 0.009416
v 0.036000 0.386459 0.013670
v 0.036000 0.383399 0.017399
v -0.038512 0.382248 0.016248
v -0.038512 0.378767 0.019106
v -0.038512 0.385106 0.012766
v -0.038512 0.387229 0.008794
v -0.038512 0.388538 0.004483
v -0.038512 0.388978 0.000000
v -0.038512 0.388538 -0.004483
v -0.038512 0.387229 -0.008794
v -0.038512 0.385106 -0.012766
v -0.038512 0.382248 -0.016248
v -0.038512 0.378767 -0.019106
v -0.038512 0.374793 -0.021230
v -0.038512 0.370483 -0.022537
v -0.038512 0.366000 -0.022979
v -0.038512 0.361517 -0.022537
v -0.038512 0.357207 -0.021230
v -0.038512 0.353233 -0.019106
v -0.038512 0.349752 -0.016248
v -0.038512 0.346894 -0.012766
v -0.038512 0.344771 -0.008794
v -0.038512 0.343462 -0.004483
v -0.038512 0.343022 0.000000
v -0.038512 0.343462 0.004483
v -0.038512 0.344771 0.008794
v -0.038512 0.346894 0.012766
v -0.038512 0.349752 0.016248
v -0.038512 0.353233 0.019106
v -0.038512 0.357207 0.021230
v -0.038512 0.361517 0.022537
v -0.038512 0.366000 0.022979
v -0.038512 0.370483 0.022537
v -0.038512 0.374793 0.021230
v 0.039174 0.375143 0.022074
v 0.039174 0.370661 0.023434
v 0.039174 0.366000 0.023893
v 0.039174 0.361339 0.023434
v 0.039174 0.356857 0.022074
v 0.039174 0.352725 0.019866
v 0.039174 0.349105 0.016895
v 0.039174 0.346134 0.013274
v 0.039174 0.343926 0.009143
v 0.039174 0.342566 0.004661
v 0.039174 0.342107 0.000000
v 0.039174 0.342566 -0.004661
v 0.039174 0.343926 -0.009143
v 0.039174 0.346134 -0.013274
v 0.039174 0.349105 -0.016895
v 0.039174 0.352725 -0.019866
v 0.039174 0.356857 -0.022074
v 0.039174 0.361339 -0.023434
v 0.039174 0.366000 -0.023893
v 0.039174 0.370661 -0.023434
v 0.039174 0.375143 -0.022074
v 0.039174 0.379275 -0.019866
v 0.039174 0.382895 -0.016895
v 0.039174 0.385866 -0.013274
v 0.039174 0.388074 -0.009143
v 0.039174 0.389434 -0.004661
v 0.039174 0.389893 0.000000
v 0.039174 0.389434 0.004661
v 0.039174 0.388074 0.009143
v 0.039174 0.385866 0.013274
v 0.039174 0.382895 0.016895
v 0.039174 0.379275 0.019866
vt 0.475570 0.622865
vt 0.468906 0.622401
vt 0.468906 0.527053
vt 0.475570 0.527524
vt 0.463437 0.621836
vt 0.463437 0.526479
vt 0.459373 0.621191
vt 0.459373 0.525824
vt 0.456871 0.620491
vt 0.456871 0.525113
vt 0.456026 0.619764
vt 0.456026 0.524374
vt 0.456871 0.619036
vt 0.456871 0.523635
vt 0.459373 0.618337
vt 0.459373 0.522924
vt 0.463437 0.617692
vt 0.463437 0.522269
vt 0.468906 0.617127
vt 0.468906 0.521695
vt 0.475570 0.616663
vt 0.475570 0.521224
vt 0.483172 0.616318
vt 0.483172 0.520874
vt 0.491421 0.616106
vt 0.491421 0.520658
vt 0.500000 0.616034
vt 0.500000 0.520586
vt 0.508579 0.616106
vt 0.508579 0.520658
vt 0.516828 0.616318
vt 0.516828 0.520874
vt 0.524430 0.616663
vt 0.524430 0.521224
vt 0.531094 0.617127
vt 0.531094 0.521695
vt 0.536563 0.617692
vt 0.536563 0.522269
vt 0.540627 0.618337
vt 0.540627 0.522924
vt 0.543129 0.619036
vt 0.543129 0.523635
vt 0.543974 0.619764
vt 0.543974 0.524374
vt 0.543129 0.620491
vt 0.543129 0.525113
vt 0.540627 0.621191
vt 0.540627 0.525824
vt 0.536563 0.621836
vt 0.536563 0.526479
vt 0.531094 0.622401
vt 0.531094 0.527053
vt 0.524430 0.622865
vt 0.524430 0.527524
vt 0.516828 0.623209
vt 0.516828 0.527874
vt 0.508579 0.623422
vt 0.508579 0.528090
vt 0.500000 0.623493
vt 0.500000 0.528163
vt 0.491421 0.623422
vt 0.491421 0.528090
vt 0.483172 0.623209
vt 0.483172 0.527874
vt 0.471351 0.520967
vt 0.477491 0.521401
vt 0.466313 0.520438
vt 0.462569 0.519834
vt 0.460263 0.519179
vt 0.459485 0.518498
vt 0.460263 0.517817
vt 0.462569 0.517163
vt 0.466313 0.516559
vt 0.471351 0.516030
vt 0.477491 0.515596
vt 0.484495 0.515274
vt 0.492096 0.515075
vt 0.500000 0.515008
vt 0.507904 0.515075
vt 0.515505 0.515274
vt 0.522509 0.515596
vt 0.528649 0.516030
vt 0.533687 0.516559
vt 0.537431 0.517163
vt 0.539737 0.517817
vt 0.540515 0.518498
vt 0.539737 0.519179
vt 0.537431 0.519834
vt 0.533687 0.520438
vt 0.528649 0.520967
vt 0.522509 0.521401
vt 0.515505 0.521723
vt 0.507904 0.521922
vt 0.500000 0.521989
vt 0.492096 0.521922
vt 0.484495 0.521723
vt 0.538759 0.624606
vt 0.539519 0.625260
vt 0.536511 0.623978
vt 0.532859 0.623398
vt 0.527944 0.622890
vt 0.521955 0.622473
vt 0.515123 0.622164
vt 0.507710 0.621973
vt 0.500000 0.621909
vt 0.492290 0.621973
vt 0.484877 0.622164
vt 0.478045 0.622473
vt 0.472056 0.622890
vt 0.467141 0.623398
vt 0.463489 0.623978
vt 0.461241 0.624606
vt 0.460481 0.625260
vt 0.461241 0.625914
vt 0.463489 0.626543
vt 0.467141 0.627122
vt 0.472056 0.627630
vt 0.478045 0.628047
vt 0.484877 0.628357
vt 0.492290 0.628547
vt 0.500000 0.628612
vt 0.507710 0.628547
vt 0.515123 0.628357
vt 0.521955 0.628047
vt 0.527944 0.627630
vt 0.532859 0.627122
vt 0.536511 0.626543
vt 0.538759 0.625914
vt 0.435665 0.543704
vt 0.435665 0.537635
vt 0.500000 0.537635
vt 0.500000 0.543704
vt 0.435665 0.531051
vt 0.500000 0.531051
vt 0.435665 0.524206
vt 0.500000 0.524206
vt 0.435665 0.517359
vt 0.500000 0.517359
vt 0.435665 0.510776
vt 0.500000 0.510776
vt 0.435665 0.504707
vt 0.500000 0.504707
vt 0.435665 0.499390
vt 0.500000 0.499390
vt 0.435665 0.495026
vt 0.500000 0.495026
vt 0.435665 0.491783
vt 0.500000 0.491783
vt 0.435665 0.489785
vt 0.500000 0.489785
vt 0.435665 0.489111
vt 0.500000 0.489111
vt 0.435665 0.489785
vt 0.500000 0.489785
vt 0.435665 0.491783
vt 0.500000 0.491783
vt 0.435665 0.495026
vt 0.500000 0.495026
vt 0.435665 0.499390
vt 0.500000 0.499390
vt 0.435665 0.504707
vt 0.500000 0.504707
vt 0.435665 0.510776
vt 0.500000 0.510776
vt 0.435665 0.517359
vt 0.500000 0.517359
vt 0.435665 0.524206
vt 0.500000 0.524206
vt 0.435665 0.531051
vt 0.500000 0.531051
vt 0.435665 0.537635
vt 0.500000 0.537635
vt 0.435665 0.543704
vt 0.500000 0.543704
vt 0.435665 0.549021
vt 0.500000 0.549021
vt 0.435665 0.553385
vt 0.500000 0.553385
vt 0.435665 0.556628
vt 0.500000 0.556628
vt 0.435665 0.558626
vt 0.500000 0.558626
vt 0.435665 0.559300
vt 0.500000 0.559300
vt 0.435665 0.558626
vt 0.500000 0.558626
vt 0.435665 0.556628
vt 0.500000 0.556628
vt 0.435665 0.553385
vt 0.500000 0.553385
vt 0.435665 0.549021
vt 0.500000 0.549021
vt 0.564335 0.543704
vt 0.500000 0.543704
vt 0.500000 0.537635
vt 0.564335 0.537635
vt 0.500000 0.531051
vt 0.564335 0.531051
vt 0.500000 0.524206
vt 0.564335 0.524206
vt 0.500000 0.517359
vt 0.564335 0.517359
vt 0.500000 0.510776
vt 0.564335 0.510776
vt 0.500000 0.504707
vt 0.564335 0.504707
vt 0.500000 0.499390
vt 0.564335 0.499390
vt 0.500000 0.495026
vt 0.564335 0.495026
vt 0.500000 0.491783
vt 0.564335 0.491783
vt 0.500000 0.489785
vt 0.564335 0.489785
vt 0.500000 0.489111
vt 0.564335 0.489111
vt 0.500000 0.489785
vt 0.564335 0.489785
vt 0.500000 0.491783
vt 0.564335 0.491783
vt 0.500000 0.495026
vt 0.564335 0.495026
vt 0.500000 0.499390
vt 0.564335 0.499390
vt 0.500000 0.504707
vt 0.564335 0.504707
vt 0.500000 0.510776
vt 0.564335 0.510776
vt 0.500000 0.517359
vt 0.564335 0.517359
vt 0.500000 0.524206
vt 0.564335 0.524205
vt 0.500000 0.531051
vt 0.564335 0.531051
vt 0.500000 0.537635
vt 0.564335 0.537635
vt 0.500000 0.543704
vt 0.564335 0.543704
vt 0.500000 0.549021
vt 0.564335 0.549021
vt 0.500000 0.553385
vt 0.564335 0.553385
vt 0.500000 0.556628
vt 0.564335 0.556628
vt 0.500000 0.558626
vt 0.564335 0.558626
vt 0.500000 0.559300
vt 0.564335 0.559300
vt 0.500000 0.558626
vt 0.564335 0.558626
vt 0.500000 0.556628
vt 0.564335 0.556628
vt 0.500000 0.553385
vt 0.564335 0.553385
vt 0.500000 0.549021
vt 0.564335 0.549021
vt 0.431176 0.547379
vt 0.431176 0.542414
vt 0.431176 0.551455
vt 0.431176 0.554484
vt 0.431176 0.556350
vt 0.431176 0.556978
vt 0.431176 0.556350
vt 0.431176 0.554484
vt 0.431176 0.551455
vt 0.431176 0.547379
vt 0.431176 0.542414
vt 0.431176 0.536747
vt 0.431176 0.530599
vt 0.431176 0.524206
vt 0.431176 0.517812
vt 0.431176 0.511664
vt 0.431176 0.505997
vt 0.431176 0.501032
vt 0.431176 0.496956
vt 0.431176 0.493927
vt 0.431176 0.492061
vt 0.431176 0.491433
vt 0.431176 0.492061
vt 0.431176 0.493927
vt 0.431176 0.496956
vt 0.431176 0.501032
vt 0.431176 0.505997
vt 0.431176 0.511664
vt 0.431176 0.517812
vt 0.431176 0.524206
vt 0.431176 0.530599
vt 0.431176 0.536747
vt 0.570007 0.530853
vt 0.570007 0.537246
vt 0.570007 0.524206
vt 0.570007 0.517558
vt 0.570007 0.511165
vt 0.570007 0.505273
vt 0.570007 0.500110
vt 0.570007 0.495872
vt 0.570007 0.492723
vt 0.570007 0.490782
vt 0.570007 0.490129
vt 0.570007 0.490782
vt 0.570007 0.492723
vt 0.570007 0.495872
vt 0.570007 0.500110
vt 0.570007 0.505273
vt 0.570007 0.511165
vt 0.570007 0.517558
vt 0.570007 0.524205
vt 0.570007 0.530853
vt 0.570007 0.537246
vt 0.570007 0.543138
vt 0.570007 0.548301
vt 0.570007 0.552539
vt 0.570007 0.555688
vt 0.570007 0.557629
vt 0.570007 0.558282
vt 0.570007 0.557629
vt 0.570007 0.555688
vt 0.570007 0.552539
vt 0.570007 0.548301
vt 0.570007 0.543138
vn -0.532057 0.370850 0.761174
vn -0.677359 0.357359 0.643023
vn -0.690967 -0.136581 0.709866
vn -0.542983 -0.122678 0.830734
vn -0.796751 0.340911 0.498967
vn -0.812322 -0.153516 0.562642
vn -0.885630 0.322134 0.334499
vn -0.902388 -0.172828 0.394748
vn -0.940556 0.301743 0.155901
vn -0.957720 -0.193773 0.212660
vn -0.959379 0.280522 -0.029979
vn -0.976214 -0.215542 0.023405
vn -0.941334 0.259284 -0.216016
vn -0.957192 -0.237301 -0.165745
vn -0.887066 0.238845 -0.395053
vn -0.901413 -0.258211 -0.347537
vn -0.798629 0.219997 -0.560173
vn -0.811049 -0.277471 -0.514985
vn -0.679394 0.203465 -0.705001
vn -0.689590 -0.294346 -0.661684
vn -0.533935 0.189890 -0.823927
vn -0.541711 -0.308189 -0.782029
vn -0.367852 0.179800 -0.912336
vn -0.373087 -0.318471 -0.871425
vn -0.187547 0.173583 -0.966796
vn -0.190176 -0.324802 -0.926464
vn 0.000000 0.171483 -0.985187
vn 0.000000 -0.326940 -0.945045
vn 0.187547 0.173583 -0.966796
vn 0.190176 -0.324802 -0.926464
vn 0.367851 0.179799 -0.912336
vn 0.373087 -0.318472 -0.871425
vn 0.533935 0.189890 -0.823927
vn 0.541710 -0.308189 -0.782029
vn 0.679394 0.203465 -0.705001
vn 0.689590 -0.294346 -0.661685
vn 0.798629 0.219997 -0.560172
vn 0.811049 -0.277471 -0.514985
vn 0.887066 0.238846 -0.395052
vn 0.901412 -0.258211 -0.347538
vn 0.941334 0.259284 -0.216016
vn 0.957192 -0.237300 -0.165746
vn 0.959379 0.280522 -0.029981
vn 0.976214 -0.215542 0.023406
vn 0.940556 0.301743 0.155901
vn 0.957720 -0.193773 0.212660
vn 0.885630 0.322134 0.334499
vn 0.902389 -0.172828 0.394747
vn 0.796750 0.340911 0.498967
vn 0.812322 -0.153516 0.562642
vn 0.677360 0.357359 0.643023
vn 0.690967 -0.136581 0.709866
vn 0.532058 0.370850 0.761173
vn 0.542984 -0.122678 0.830734
vn 0.366414 0.380869 0.848928
vn 0.374060 -0.112345 0.920575
vn 0.186769 0.387038 0.902950
vn 0.190706 -0.105979 0.975910
vn 0.000000 0.389121 0.921187
vn 0.000000 -0.103830 0.994595
vn -0.186769 0.387038 0.902950
vn -0.190706 -0.105980 0.975910
vn -0.366415 0.380870 0.848928
vn -0.374060 -0.112345 0.920575
vn -0.640686 -0.351493 0.682623
vn -0.503384 -0.339329 0.794645
vn -0.753367 -0.366316 0.546123
vn -0.837098 -0.383227 0.390391
vn -0.888660 -0.401576 0.221407
vn -0.906068 -0.420659 0.045678
vn -0.888659 -0.439742 -0.130048
vn -0.837097 -0.458092 -0.299032
vn -0.753367 -0.475001 -0.454766
vn -0.640687 -0.489824 -0.591263
vn -0.503386 -0.501989 -0.703285
vn -0.346739 -0.511027 -0.786527
vn -0.176758 -0.516593 -0.837787
vn 0.000000 -0.518473 -0.855094
vn 0.176759 -0.516593 -0.837787
vn 0.346739 -0.511027 -0.786526
vn 0.503385 -0.501988 -0.703286
vn 0.640687 -0.489824 -0.591264
vn 0.753367 -0.475001 -0.454766
vn 0.837096 -0.458092 -0.299035
vn 0.888659 -0.439742 -0.130050
vn 0.906068 -0.420659 0.045679
vn 0.888660 -0.401576 0.221407
vn 0.837098 -0.383227 0.390389
vn 0.753367 -0.366316 0.546123
vn 0.640687 -0.351494 0.682622
vn 0.503385 -0.339329 0.794644
vn 0.346736 -0.330290 0.877885
vn 0.176762 -0.324724 0.929145
vn 0.000000 -0.322845 0.946452
vn -0.176763 -0.324724 0.929145
vn -0.346736 -0.330290 0.877885
vn 0.824881 0.520471 -0.220637
vn 0.841042 0.537907 -0.057489
vn 0.777020 0.503705 -0.377519
vn 0.699301 0.488254 -0.522098
vn 0.594707 0.474712 -0.648824
vn 0.467259 0.463596 -0.752827
vn 0.321853 0.455338 -0.830107
vn 0.164076 0.450252 -0.877697
vn 0.000000 0.448533 -0.893766
vn -0.164076 0.450251 -0.877698
vn -0.321853 0.455338 -0.830107
vn -0.467259 0.463596 -0.752827
vn -0.594707 0.474712 -0.648824
vn -0.699300 0.488254 -0.522099
vn -0.777020 0.503705 -0.377520
vn -0.824881 0.520471 -0.220636
vn -0.841042 0.537907 -0.057486
vn -0.824882 0.555343 0.105662
vn -0.777021 0.572110 0.262543
vn -0.699301 0.587561 0.407125
vn -0.594705 0.601104 0.533854
vn -0.467258 0.612218 0.637855
vn -0.321854 0.620478 0.715135
vn -0.164076 0.625563 0.762725
vn 0.000000 0.627282 0.778792
vn 0.164076 0.625563 0.762726
vn 0.321853 0.620477 0.715135
vn 0.467259 0.612219 0.637853
vn 0.594706 0.601104 0.533853
vn 0.699301 0.587560 0.407126
vn 0.777021 0.572110 0.262544
vn 0.824882 0.555343 0.105661
vn -0.283721 0.532747 0.797298
vn -0.283717 0.366918 0.885932
vn 0.000000 0.382641 0.923897
vn 0.000000 0.555577 0.831465
vn -0.283717 0.187073 0.940483
vn 0.000000 0.195089 0.980785
vn -0.283717 0.000000 0.958908
vn 0.000000 0.000000 1.000000
vn -0.283717 -0.187073 0.940483
vn 0.000000 -0.195090 0.980785
vn -0.283716 -0.366917 0.885933
vn -0.000000 -0.382640 0.923897
vn -0.283721 -0.532748 0.797297
vn -0.000000 -0.555578 0.831465
vn -0.283716 -0.678092 0.678009
vn -0.000000 -0.707150 0.707063
vn -0.283715 -0.797302 0.532744
vn -0.000000 -0.831468 0.555573
vn -0.283716 -0.885883 0.367038
vn 0.000000 -0.923845 0.382766
vn -0.283723 -0.940483 0.187064
vn 0.000000 -0.980787 0.195081
vn -0.283715 -0.958909 -0.000000
vn -0.000000 -1.000000 -0.000000
vn -0.283723 -0.940483 -0.187066
vn 0.000000 -0.980787 -0.195083
vn -0.283716 -0.885883 -0.367039
vn 0.000000 -0.923845 -0.382766
vn -0.283715 -0.797302 -0.532744
vn -0.000000 -0.831468 -0.555573
vn -0.283716 -0.678092 -0.678009
vn -0.000000 -0.707150 -0.707064
vn -0.283720 -0.532748 -0.797297
vn -0.000000 -0.555578 -0.831465
vn -0.283716 -0.366917 -0.885933
vn -0.000000 -0.382641 -0.923897
vn -0.283717 -0.187073 -0.940483
vn 0.000000 -0.195090 -0.980785
vn -0.283718 -0.000000 -0.958908
vn 0.000000 0.000000 -1.000000
vn -0.283717 0.187073 -0.940483
vn 0.000000 0.195089 -0.980786
vn -0.283717 0.366918 -0.885932
vn 0.000000 0.382641 -0.923897
vn -0.283721 0.532747 -0.797297
vn 0.000000 0.555578 -0.831465
vn -0.283717 0.678093 -0.678008
vn 0.000000 0.707151 -0.707063
vn -0.283715 0.797303 -0.532742
vn 0.000000 0.831469 -0.555571
vn -0.283716 0.885883 -0.367039
vn 0.000000 0.923845 -0.382768
vn -0.283723 0.940483 -0.187065
vn 0.000000 0.980787 -0.195083
vn -0.283715 0.958909 0.000001
vn -0.000000 1.000000 -0.000002
vn -0.283723 0.940483 0.187066
vn 0.000000 0.980787 0.195081
vn -0.283716 0.885882 0.367039
vn 0.000000 0.923845 0.382767
vn -0.283715 0.797303 0.532742
vn 0.000000 0.831469 0.555571
vn -0.283716 0.678092 0.678009
vn 0.000000 0.707150 0.707064
vn 0.110327 0.552186 0.826389
vn -0.000000 0.555578 0.831465
vn -0.000000 0.382641 0.923897
vn 0.110326 0.380305 0.918257
vn 0.000000 0.195089 0.980786
vn 0.110326 0.193898 0.974798
vn 0.000000 -0.000000 1.000000
vn 0.110327 -0.000000 0.993895
vn 0.000000 -0.195091 0.980785
vn 0.110327 -0.193900 0.974798
vn 0.000000 -0.382640 0.923898
vn 0.110326 -0.380304 0.918258
vn 0.000000 -0.555577 0.831465
vn 0.110328 -0.552185 0.826389
vn 0.000000 -0.707150 0.707064
vn 0.110326 -0.702834 0.702747
vn 0.000000 -0.831468 0.555573
vn 0.110324 -0.826392 0.552182
vn 0.000000 -0.923845 0.382767
vn 0.110324 -0.918205 0.380431
vn 0.000000 -0.980787 0.195083
vn 0.110328 -0.974799 0.193892
vn 0.000000 -1.000000 0.000000
vn 0.110324 -0.993896 0.000001
vn 0.000000 -0.980787 -0.195081
vn 0.110328 -0.974800 -0.193889
vn -0.000000 -0.923846 -0.382765
vn 0.110324 -0.918206 -0.380429
vn 0.000000 -0.831467 -0.555574
vn 0.110324 -0.826391 -0.552184
vn 0.000000 -0.707149 -0.707064
vn 0.110326 -0.702832 -0.702748
vn 0.000000 -0.555578 -0.831464
vn 0.110327 -0.552187 -0.826388
vn -0.000000 -0.382641 -0.923897
vn 0.110325 -0.380304 -0.918258
vn -0.000000 -0.195090 -0.980785
vn 0.110326 -0.193899 -0.974798
vn 0.000000 0.000000 -1.000000
vn 0.110327 -0.000000 -0.993895
vn 0.000000 0.195089 -0.980786
vn 0.110326 0.193898 -0.974798
vn 0.000000 0.382641 -0.923897
vn 0.110326 0.380304 -0.918258
vn -0.000000 0.555577 -0.831465
vn 0.110327 0.552185 -0.826389
vn -0.000000 0.707149 -0.707064
vn 0.110326 0.702833 -0.702748
vn -0.000000 0.831469 -0.555572
vn 0.110324 0.826393 -0.552181
vn -0.000000 0.923845 -0.382767
vn 0.110324 0.918206 -0.380430
vn -0.000000 0.980787 -0.195083
vn 0.110328 0.974800 -0.193891
vn -0.000000 1.000000 -0.000001
vn 0.110324 0.993896 0.000000
vn 0.000000 0.980787 0.195083
vn 0.110328 0.974799 0.193893
vn 0.000000 0.923846 0.382764
vn 0.110324 0.918206 0.380429
vn 0.000000 0.831471 0.555569
vn 0.110324 0.826395 0.552177
vn -0.000000 0.707151 0.707063
vn 0.110326 0.702834 0.702746
vn -0.543763 0.593468 0.593395
vn -0.543770 0.466259 0.697794
vn -0.543761 0.697802 0.466258
vn -0.543762 0.775326 0.321235
vn -0.543774 0.823107 0.163722
vn -0.543761 0.839240 0.000003
vn -0.543774 0.823108 -0.163717
vn -0.543763 0.775327 -0.321233
vn -0.543761 0.697802 -0.466257
vn -0.543764 0.593468 -0.593394
vn -0.543771 0.466259 -0.697793
vn -0.543764 0.321127 -0.775370
vn -0.543764 0.163727 -0.823112
vn -0.543765 -0.000000 -0.839237
vn -0.543763 -0.163727 -0.823113
vn -0.543762 -0.321127 -0.775371
vn -0.543769 -0.466261 -0.697794
vn -0.543763 -0.593468 -0.593395
vn -0.543761 -0.697801 -0.466259
vn -0.543762 -0.775327 -0.321234
vn -0.543774 -0.823108 -0.163719
vn -0.543761 -0.839240 -0.000000
vn -0.543774 -0.823108 0.163718
vn -0.543762 -0.775327 0.321234
vn -0.543761 -0.697801 0.466259
vn -0.543763 -0.593468 0.593395
vn -0.543770 -0.466261 0.697793
vn -0.543763 -0.321127 0.775370
vn -0.543763 -0.163727 0.823113
vn -0.543765 0.000000 0.839238
vn -0.543764 0.163727 0.823113
vn -0.543764 0.321127 0.775370
vn 0.219280 0.190341 0.956915
vn 0.219279 0.373328 0.901412
vn 0.219282 0.000000 0.975662
vn 0.219281 -0.190343 0.956914
vn 0.219280 -0.373327 0.901412
vn 0.219283 -0.542055 0.811228
vn 0.219279 -0.689941 0.689854
vn 0.219277 -0.811232 0.542052
vn 0.219276 -0.901360 0.373453
vn 0.219283 -0.956916 0.190336
vn 0.219276 -0.975663 0.000002
vn 0.219283 -0.956916 -0.190331
vn 0.219277 -0.901362 -0.373450
vn 0.219277 -0.811230 -0.542056
vn 0.219279 -0.689938 -0.689856
vn 0.219283 -0.542057 -0.811227
vn 0.219279 -0.373327 -0.901412
vn 0.219280 -0.190342 -0.956915
vn 0.219282 -0.000000 -0.975662
vn 0.219280 0.190340 -0.956915
vn 0.219279 0.373327 -0.901412
vn 0.219283 0.542055 -0.811229
vn 0.219279 0.689939 -0.689855
vn 0.219277 0.811232 -0.542051
vn 0.219277 0.901361 -0.373450
vn 0.219283 0.956916 -0.190333
vn 0.219276 0.975663 0.000001
vn 0.219283 0.956915 0.190338
vn 0.219277 0.901361 0.373451
vn 0.219277 0.811235 0.542047
vn 0.219279 0.689941 0.689854
vn 0.219283 0.542056 0.811228
s 1
g hip
usemtl default
f 5199/5170/5170 5198/5171/5171 5203/5172/5172 5202/5173/5173
f 5198/5171/5171 5197/5174/5174 5204/5175/5175 5203/5172/5172
f 5197/5174/5174 5196/5176/5176 5205/5177/5177 5204/5175/5175
f 5196/5176/5176 5195/5178/5178 5206/5179/5179 5205/5177/5177
f 5195/5178/5178 5194/5180/5180 5207/5181/5181 5206/5179/5179
f 5194/5180/5180 5193/5182/5182 5208/5183/5183 5207/5181/5181
f 5193/5182/5182 5192/5184/5184 5209/5185/5185 5208/5183/5183
f 5192/5184/5184 5191/5186/5186 5210/5187/5187 5209/5185/5185
f 5191/5186/5186 5190/5188/5188 5211/5189/5189 5210/5187/5187
f 5190/5188/5188 5189/5190/5190 5212/5191/5191 5211/5189/5189
f 5189/5190/5190 5188/5192/5192 5213/5193/5193 5212/5191/5191
f 5188/5192/5192 5187/5194/5194 5214/5195/5195 5213/5193/5193
f 5187/5194/5194 5186/5196/5196 5215/5197/5197 5214/5195/5195
f 5186/5196/5196 5185/5198/5198 5216/5199/5199 5215/5197/5197
f 5185/5198/5198 5184/5200/5200 5217/5201/5201 5216/5199/5199
f 5184/5200/5200 5183/5202/5202 5218/5203/5203 5217/5201/5201
f 5183/5202/5202 5182/5204/5204 5219/5205/5205 5218/5203/5203
f 5182/5204/5204 5181/5206/5206 5220/5207/5207 5219/5205/5205
f 5181/5206/5206 5180/5208/5208 5221/5209/5209 5220/5207/5207
f 5180/5208/5208 5179/5210/5210 5222/5211/5211 5221/5209/5209
f 5179/5210/5210 5178/5212/5212 5223/5213/5213 5222/5211/5211
f 5178/5212/5212 5177/5214/5214 5224/5215/5215 5223/5213/5213
f 5177/5214/5214 5176/5216/5216 5225/5217/5217 5224/5215/5215
f 5176/5216/5216 5175/5218/5218 5226/5219/5219 5225/5217/5217
f 5175/5218/5218 5174/5220/5220 5227/5221/5221 5226/5219/5219
f 5174/5220/5220 5173/5222/5222 5228/5223/5223 5227/5221/5221
f 5173/5222/5222 5172/5224/5224 5229/5225/5225 5228/5223/5223
f 5172/5224/5224 5170/5226/5226 5230/5227/5227 5229/5225/5225
f 5170/5226/5226 5171/5228/5228 5231/5229/5229 5230/5227/5227
f 5171/5228/5228 5201/5230/5230 5232/5231/5231 5231/5229/5229
f 5201/5230/5230 5200/5232/5232 5233/5233/5233 5232/5231/5231
f 5200/5232/5232 5199/5170/5170 5202/5173/5173 5233/5233/5233
f 5202/5173/5173 5203/5172/5172 5235/5234/5234 5234/5235/5235
f 5203/5172/5172 5204/5175/5175 5236/5236/5236 5235/5234/5234
f 5204/5175/5175 5205/5177/5177 5237/5237/5237 5236/5236/5236
f 5205/5177/5177 5206/5179/5179 5238/5238/5238 5237/5237/5237
f 5206/5179/5179 5207/5181/5181 5239/5239/5239 5238/5238/5238
f 5207/5181/5181 5208/5183/5183 5240/5240/5240 5239/5239/5239
f 5208/5183/5183 5209/5185/5185 5241/5241/5241 5240/5240/5240
f 5209/5185/5185 5210/5187/5187 5242/5242/5242 5241/5241/5241
f 5210/5187/5187 5211/5189/5189 5243/5243/5243 5242/5242/5242
f 5211/5189/5189 5212/5191/5191 5244/5244/5244 5243/5243/5243
f 5212/5191/5191 5213/5193/5193 5245/5245/5245 5244/5244/5244
f 5213/5193/5193 5214/5195/5195 5246/5246/5246 5245/5245/5245
f 5214/5195/5195 5215/5197/5197 5247/5247/5247 5246/5246/5246
f 5215/5197/5197 5216/5199/5199 5248/5248/5248 5247/5247/5247
f 5216/5199/5199 5217/5201/5201 5249/5249/5249 5248/5248/5248
f 5217/5201/5201 5218/5203/5203 5250/5250/5250 5249/5249/5249
f 5218/5203/5203 5219/5205/5205 5251/5251/5251 5250/5250/5250
f 5219/5205/5205 5220/5207/5207 5252/5252/5252 5251/5251/5251
f 5220/5207/5207 5221/5209/5209 5253/5253/5253 5252/5252/5252
f 5221/5209/5209 5222/5211/5211 5254/5254/5254 5253/5253/5253
f 5222/5211/5211 5223/5213/5213 5255/5255/5255 5254/5254/5254
f 5223/5213/5213 5224/5215/5215 5256/5256/5256 5255/5255/5255
f 5224/5215/5215 5225/5217/5217 5257/5257/5257 5256/5256/5256
f 5225/5217/5217 5226/5219/5219 5258/5258/5258 5257/5257/5257
f 5226/5219/5219 5227/5221/5221 5259/5259/5259 5258/5258/5258
f 5227/5221/5221 5228/5223/5223 5260/5260/5260 5259/5259/5259
f 5228/5223/5223 5229/5225/5225 5261/5261/5261 5260/5260/5260
f 5229/5225/5225 5230/5227/5227 5262/5262/5262 5261/5261/5261
f 5230/5227/5227 5231/5229/5229 5263/5263/5263 5262/5262/5262
f 5231/5229/5229 5232/5231/5231 5264/5264/5264 5263/5263/5263
f 5232/5231/5231 5233/5233/5233 5265/5265/5265 5264/5264/5264
f 5233/5233/5233 5202/5173/5173 5234/5235/5235 5265/5265/5265
f 5178/5212/5212 5179/5210/5210 5266/5266/5266 5267/5267/5267
f 5179/5210/5210 5180/5208/5208 5268/5268/5268 5266/5266/5266
f 5180/5208/5208 5181/5206/5206 5269/5269/5269 5268/5268/5268
f 5181/5206/5206 5182/5204/5204 5270/5270/5270 5269/5269/5269
f 5182/5204/5204 5183/5202/5202 5271/5271/5271 5270/5270/5270
f 5183/5202/5202 5184/5200/5200 5272/5272/5272 5271/5271/5271
f 5184/5200/5200 5185/5198/5198 5273/5273/5273 5272/5272/5272
f 5185/5198/5198 5186/5196/5196 5274/5274/5274 5273/5273/5273
f 5186/5196/5196 5187/5194/5194 5275/5275/5275 5274/5274/5274
f 5187/5194/5194 5188/5192/5192 5276/5276/5276 5275/5275/5275
f 5188/5192/5192 5189/5190/5190 5277/5277/5277 5276/5276/5276
f 5189/5190/5190 5190/5188/5188 5278/5278/5278 5277/5277/5277
f 5190/5188/5188 5191/5186/5186 5279/5279/5279 5278/5278/5278
f 5191/5186/5186 5192/5184/5184 5280/5280/5280 5279/5279/5279
f 5192/5184/5184 5193/5182/5182 5281/5281/5281 5280/5280/5280
f 5193/5182/5182 5194/5180/5180 5282/5282/5282 5281/5281/5281
f 5194/5180/5180 5195/5178/5178 5283/5283/5283 5282/5282/5282
f 5195/5178/5178 5196/5176/5176 5284/5284/5284 5283/5283/5283
f 5196/5176/5176 5197/5174/5174 5285/5285/5285 5284/5284/5284
f 5197/5174/5174 5198/5171/5171 5286/5286/5286 5285/5285/5285
f 5198/5171/5171 5199/5170/5170 5287/5287/5287 5286/5286/5286
f 5199/5170/5170 5200/5232/5232 5288/5288/5288 5287/5287/5287
f 5200/5232/5232 5201/5230/5230 5289/5289/5289 5288/5288/5288
f 5201/5230/5230 5171/5228/5228 5290/5290/5290 5289/5289/5289
f 5171/5228/5228 5170/5226/5226 5291/5291/5291 5290/5290/5290
f 5170/5226/5226 5172/5224/5224 5292/5292/5292 5291/5291/5291
f 5172/5224/5224 5173/5222/5222 5293/5293/5293 5292/5292/5292
f 5173/5222/5222 5174/5220/5220 5294/5294/5294 5293/5293/5293
f 5174/5220/5220 5175/5218/5218 5295/5295/5295 5294/5294/5294
f 5175/5218/5218 5176/5216/5216 5296/5296/5296 5295/5295/5295
f 5176/5216/5216 5177/5214/5214 5297/5297/5297 5296/5296/5296
f 5177/5214/5214 5178/5212/5212 5267/5267/5267 5297/5297/5297
s 2
f 5313/5298/5298 5312/5299/5299 5331/5300/5300 5330/5301/5301
f 5312/5299/5299 5311/5302/5302 5332/5303/5303 5331/5300/5300
f 5311/5302/5302 5310/5304/5304 5333/5305/5305 5332/5303/5303
f 5310/5304/5304 5309/5306/5306 5334/5307/5307 5333/5305/5305
f 5309/5306/5306 5308/5308/5308 5335/5309/5309 5334/5307/5307
f 5308/5308/5308 5307/5310/5310 5336/5311/5311 5335/5309/5309
f 5307/5310/5310 5306/5312/5312 5337/5313/5313 5336/5311/5311
f 5306/5312/5312 5305/5314/5314 5338/5315/5315 5337/5313/5313
f 5305/5314/5314 5304/5316/5316 5339/5317/5317 5338/5315/5315
f 5304/5316/5316 5299/5318/5318 5340/5319/5319 5339/5317/5317
f 5299/5318/5318 5298/5320/5320 5341/5321/5321 5340/5319/5319
f 5298/5320/5320 5302/5322/5322 5342/5323/5323 5341/5321/5321
f 5302/5322/5322 5317/5324/5324 5343/5325/5325 5342/5323/5323
f 5317/5324/5324 5318/5326/5326 5344/5327/5327 5343/5325/5325
f 5318/5326/5326 5319/5328/5328 5345/5329/5329 5344/5327/5327
f 5319/5328/5328 5320/5330/5330 5346/5331/5331 5345/5329/5329
f 5320/5330/5330 5321/5332/5332 5347/5333/5333 5346/5331/5331
f 5321/5332/5332 5322/5334/5334 5348/5335/5335 5347/5333/5333
f 5322/5334/5334 5323/5336/5336 5349/5337/5337 5348/5335/5335
f 5323/5336/5336 5324/5338/5338 5350/5339/5339 5349/5337/5337
f 5324/5338/5338 5325/5340/5340 5351/5341/5341 5350/5339/5339
f 5325/5340/5340 5326/5342/5342 5352/5343/5343 5351/5341/5341
f 5326/5342/5342 5327/5344/5344 5353/5345/5345 5352/5343/5343
f 5327/5344/5344 5328/5346/5346 5354/5347/5347 5353/5345/5345
f 5328/5346/5346 5329/5348/5348 5355/5349/5349 5354/5347/5347
f 5329/5348/5348 5303/5350/5350 5356/5351/5351 5355/5349/5349
f 5303/5350/5350 5300/5352/5352 5357/5353/5353 5356/5351/5351
f 5300/5352/5352 5301/5354/5354 5358/5355/5355 5357/5353/5353
f 5301/5354/5354 5316/5356/5356 5359/5357/5357 5358/5355/5355
f 5316/5356/5356 5315/5358/5358 5360/5359/5359 5359/5357/5357
f 5315/5358/5358 5314/5360/5360 5361/5361/5361 5360/5359/5359
f 5314/5360/5360 5313/5298/5298 5330/5301/5301 5361/5361/5361
s 3
f 5394/5362/5362 5362/5363/5363 5363/5364/5364 5395/5365/5365
f 5395/5365/5365 5363/5364/5364 5364/5366/5366 5396/5367/5367
f 5396/5367/5367 5364/5366/5366 5365/5368/5368 5397/5369/5369
f 5397/5369/5369 5365/5368/5368 5366/5370/5370 5398/5371/5371
f 5398/5371/5371 5366/5370/5370 5367/5372/5372 5399/5373/5373
f 5399/5373/5373 5367/5372/5372 5368/5374/5374 5400/5375/5375
f 5400/5375/5375 5368/5374/5374 5369/5376/5376 5401/5377/5377
f 5401/5377/5377 5369/5376/5376 5370/5378/5378 5402/5379/5379
f 5402/5379/5379 5370/5378/5378 5371/5380/5380 5403/5381/5381
f 5403/5381/5381 5371/5380/5380 5372/5382/5382 5404/5383/5383
f 5404/5383/5383 5372/5382/5382 5373/5384/5384 5405/5385/5385
f 5405/5385/5385 5373/5384/5384 5374/5386/5386 5406/5387/5387
f 5406/5387/5387 5374/5386/5386 5375/5388/5388 5407/5389/5389
f 5407/5389/5389 5375/5388/5388 5376/5390/5390 5408/5391/5391
f 5408/5391/5391 5376/5390/5390 5377/5392/5392 5409/5393/5393
f 5409/5393/5393 5377/5392/5392 5378/5394/5394 5410/5395/5395
f 5410/5395/5395 5378/5394/5394 5379/5396/5396 5411/5397/5397
f 5411/5397/5397 5379/5396/5396 5380/5398/5398 5412/5399/5399
f 5412/5399/5399 5380/5398/5398 5381/5400/5400 5413/5401/5401
f 5413/5401/5401 5381/5400/5400 5382/5402/5402 5414/5403/5403
f 5414/5403/5403 5382/5402/5402 5383/5404/5404 5415/5405/5405
f 5415/5405/5405 5383/5404/5404 5384/5406/5406 5416/5407/5407
f 5416/5407/5407 5384/5406/5406 5385/5408/5408 5417/5409/5409
f 5417/5409/5409 5385/5408/5408 5386/5410/5410 5418/5411/5411
f 5418/5411/5411 5386/5410/5410 5387/5412/5412 5419/5413/5413
f 5419/5413/5413 5387/5412/5412 5388/5414/5414 5420/5415/5415
f 5420/5415/5415 5388/5414/5414 5389/5416/5416 5421/5417/5417
f 5421/5417/5417 5389/5416/5416 5390/5418/5418 5422/5419/5419
f 5422/5419/5419 5390/5418/5418 5391/5420/5420 5423/5421/5421
f 5423/5421/5421 5391/5420/5420 5392/5422/5422 5424/5423/5423
f 5424/5423/5423 5392/5422/5422 5393/5424/5424 5425/5425/5425
f 5425/5425/5425 5393/5424/5424 5362/5363/5363 5394/5362/5362
s 2
f 5313/5298/5298 5314/5360/5360 5426/5426/5426 5427/5427/5427
f 5314/5360/5360 5315/5358/5358 5428/5428/5428 5426/5426/5426
f 5315/5358/5358 5316/5356/5356 5429/5429/5429 5428/5428/5428
f 5316/5356/5356 5301/5354/5354 5430/5430/5430 5429/5429/5429
f 5301/5354/5354 5300/5352/5352 5431/5431/5431 5430/5430/5430
f 5300/5352/5352 5303/5350/5350 5432/5432/5432 5431/5431/5431
f 5303/5350/5350 5329/5348/5348 5433/5433/5433 5432/5432/5432
f 5329/5348/5348 5328/5346/5346 5434/5434/5434 5433/5433/5433
f 5328/5346/5346 5327/5344/5344 5435/5435/5435 5434/5434/5434
f 5327/5344/5344 5326/5342/5342 5436/5436/5436 5435/5435/5435
f 5326/5342/5342 5325/5340/5340 5437/5437/5437 5436/5436/5436
f 5325/5340/5340 5324/5338/5338 5438/5438/5438 5437/5437/5437
f 5324/5338/5338 5323/5336/5336 5439/5439/5439 5438/5438/5438
f 5323/5336/5336 5322/5334/5334 5440/5440/5440 5439/5439/5439
f 5322/5334/5334 5321/5332/5332 5441/5441/5441 5440/5440/5440
f 5321/5332/5332 5320/5330/5330 5442/5442/5442 5441/5441/5441
f 5320/5330/5330 5319/5328/5328 5443/5443/5443 5442/5442/5442
f 5319/5328/5328 5318/5326/5326 5444/5444/5444 5443/5443/5443
f 5318/5326/5326 5317/5324/5324 5445/5445/5445 5444/5444/5444
f 5317/5324/5324 5302/5322/5322 5446/5446/5446 5445/5445/5445
f 5302/5322/5322 5298/5320/5320 5447/5447/5447 5446/5446/5446
f 5298/5320/5320 5299/5318/5318 5448/5448/5448 5447/5447/5447
f 5299/5318/5318 5304/5316/5316 5449/5449/5449 5448/5448/5448
f 5304/5316/5316 5305/5314/5314 5450/5450/5450 5449/5449/5449
f 5305/5314/5314 5306/5312/5312 5451/5451/5451 5450/5450/5450
f 5306/5312/5312 5307/5310/5310 5452/5452/5452 5451/5451/5451
f 5307/5310/5310 5308/5308/5308 5453/5453/5453 5452/5452/5452
f 5308/5308/5308 5309/5306/5306 5454/5454/5454 5453/5453/5453
f 5309/5306/5306 5310/5304/5304 5455/5455/5455 5454/5454/5454
f 5310/5304/5304 5311/5302/5302 5456/5456/5456 5455/5455/5455
f 5311/5302/5302 5312/5299/5299 5457/5457/5457 5456/5456/5456
f 5312/5299/5299 5313/5298/5298 5427/5427/5427 5457/5457/5457
s 3
f 5395/5365/5365 5396/5367/5367 5459/5458/5458 5458/5459/5459
f 5396/5367/5367 5397/5369/5369 5460/5460/5460 5459/5458/5458
f 5397/5369/5369 5398/5371/5371 5461/5461/5461 5460/5460/5460
f 5398/5371/5371 5399/5373/5373 5462/5462/5462 5461/5461/5461
f 5399/5373/5373 5400/5375/5375 5463/5463/5463 5462/5462/5462
f 5400/5375/5375 5401/5377/5377 5464/5464/5464 5463/5463/5463
f 5401/5377/5377 5402/5379/5379 5465/5465/5465 5464/5464/5464
f 5402/5379/5379 5403/5381/5381 5466/5466/5466 5465/5465/5465
f 5403/5381/5381 5404/5383/5383 5467/5467/5467 5466/5466/5466
f 5404/5383/5383 5405/5385/5385 5468/5468/5468 5467/5467/5467
f 5405/5385/5385 5406/5387/5387 5469/5469/5469 5468/5468/5468
f 5406/5387/5387 5407/5389/5389 5470/5470/5470 5469/5469/5469
f 5407/5389/5389 5408/5391/5391 5471/5471/5471 5470/5470/5470
f 5408/5391/5391 5409/5393/5393 5472/5472/5472 5471/5471/5471
f 5409/5393/5393 5410/5395/5395 5473/5473/5473 5472/5472/5472
f 5410/5395/5395 5411/5397/5397 5474/5474/5474 5473/5473/5473
f 5411/5397/5397 5412/5399/5399 5475/5475/5475 5474/5474/5474
f 5412/5399/5399 5413/5401/5401 5476/5476/5476 5475/5475/5475
f 5413/5401/5401 5414/5403/5403 5477/5477/5477 5476/5476/5476
f 5414/5403/5403 5415/5405/5405 5478/5478/5478 5477/5477/5477
f 5415/5405/5405 5416/5407/5407 5479/5479/5479 5478/5478/5478
f 5416/5407/5407 5417/5409/5409 5480/5480/5480 5479/5479/5479
f 5417/5409/5409 5418/5411/5411 5481/5481/5481 5480/5480/5480
f 5418/5411/5411 5419/5413/5413 5482/5482/5482 5481/5481/5481
f 5419/5413/5413 5420/5415/5415 5483/5483/5483 5482/5482/5482
f 5420/5415/5415 5421/5417/5417 5484/5484/5484 5483/5483/5483
f 5421/5417/5417 5422/5419/5419 5485/5485/5485 5484/5484/5484
f 5422/5419/5419 5423/5421/5421 5486/5486/5486 5485/5485/5485
f 5423/5421/5421 5424/5423/5423 5487/5487/5487 5486/5486/5486
f 5424/5423/5423 5425/5425/5425 5488/5488/5488 5487/5487/5487
f 5425/5425/5425 5394/5362/5362 5489/5489/5489 5488/5488/5488
f 5394/5362/5362 5395/5365/5365 5458/5459/5459 5489/5489/5489
g default
v -0.036000 0.383606 -0.009000
v -0.036000 0.383134 -0.004200
v -0.035064 0.383134 -0.004292
v -0.034163 0.383134 -0.004565
v -0.033333 0.383134 -0.005009
v -0.032606 0.383134 -0.005606
v -0.032009 0.383134 -0.006333
v -0.031565 0.383134 -0.007163
v -0.031292 0.383134 -0.008063
v -0.031199 0.383134 -0.009000
v -0.031292 0.383134 -0.009937
v -0.031565 0.383134 -0.010837
v -0.032009 0.383134 -0.011667
v -0.032606 0.383134 -0.012394
v -0.033333 0.383134 -0.012991
v -0.034163 0.383134 -0.013435
v -0.035064 0.383134 -0.013708
v -0.036000 0.383134 -0.013800
v -0.036936 0.383134 -0.013708
v -0.037837 0.383134 -0.013435
v -0.038667 0.383134 -0.012991
v -0.039394 0.383134 -0.012394
v -0.039991 0.383134 -0.011667
v -0.040435 0.383134 -0.010837
v -0.040708 0.383134 -0.009937
v -0.040800 0.383134 -0.009000
v -0.040708 0.383134 -0.008063
v -0.040435 0.383134 -0.007163
v -0.039991 0.383134 -0.006333
v -0.039394 0.383134 -0.005606
v -0.038667 0.383134 -0.005009
v -0.037837 0.383134 -0.004565
v -0.036936 0.383134 -0.004292
v -0.031199 0.359000 0.015134
v -0.036000 0.359000 0.015606
v -0.031292 0.363800 0.014670
v -0.036000 0.363800 0.015134
v -0.031565 0.368416 0.013296
v -0.036000 0.368416 0.013733
v -0.032009 0.372671 0.011066
v -0.036000 0.372671 0.011459
v -0.032606 0.376399 0.008065
v -0.036000 0.376399 0.008399
v -0.033333 0.379459 0.004408
v -0.036000 0.379459 0.004671
v -0.034163 0.381733 0.000235
v -0.036000 0.381733 0.000416
v -0.026584 0.359000 0.013733
v -0.026765 0.363800 0.013296
v -0.027300 0.368416 0.012003
v -0.028170 0.372671 0.009902
v -0.029342 0.376399 0.007075
v -0.030769 0.379459 0.003630
v -0.032396 0.381733 -0.000300
v -0.022329 0.359000 0.011459
v -0.022592 0.363800 0.011066
v -0.023370 0.368416 0.009902
v -0.024633 0.372671 0.008011
v -0.026333 0.376399 0.005467
v -0.028405 0.379459 0.002367
v -0.030769 0.381733 -0.001171
v -0.018601 0.359000 0.008399
v -0.018935 0.363800 0.008065
v -0.019925 0.368416 0.007075
v -0.021533 0.372671 0.005467
v -0.023697 0.376399 0.003303
v -0.026333 0.379459 0.000667
v -0.029342 0.381733 -0.002342
v -0.015541 0.359000 0.004671
v -0.015934 0.363800 0.004408
v -0.017098 0.368416 0.003630
v -0.018989 0.372671 0.002367
v -0.021533 0.376399 0.000667
v -0.024633 0.379459 -0.001405
v -0.028170 0.381733 -0.003769
v -0.013267 0.359000 0.000416
v -0.013704 0.363800 0.000235
v -0.014997 0.368416 -0.000300
v -0.017098 0.372671 -0.001171
v -0.019925 0.376399 -0.002342
v -0.023370 0.379459 -0.003769
v -0.027300 0.381733 -0.005396
v -0.011866 0.359000 -0.004200
v -0.012330 0.363800 -0.004292
v -0.013704 0.368416 -0.004565
v -0.015934 0.372671 -0.005009
v -0.018935 0.376399 -0.005606
v -0.022592 0.379459 -0.006333
v -0.026765 0.381733 -0.007163
v -0.011394 0.359000 -0.009000
v -0.011866 0.363800 -0.009000
v -0.013267 0.368416 -0.009000
v -0.015541 0.372671 -0.009000
v -0.018601 0.376399 -0.009000
v -0.022329 0.379459 -0.009000
v -0.026584 0.381733 -0.009000
v -0.011866 0.359000 -0.013800
v -0.012330 0.363800 -0.013708
v -0.013704 0.368416 -0.013435
v -0.015934 0.372671 -0.012991
v -0.018935 0.376399 -0.012394
v -0.022592 0.379459 -0.011667
v -0.026765 0.381733 -0.010837
v -0.013267 0.359000 -0.018416
v -0.013704 0.363800 -0.018236
v -0.014997 0.368416 -0.017700
v -0.017098 0.372671 -0.016829
v -0.019925 0.376399 -0.015658
v -0.023370 0.379459 -0.014232
v -0.027300 0.381733 -0.012603
v -0.015541 0.359000 -0.022670
v -0.015934 0.363800 -0.022408
v -0.017098 0.368416 -0.021630
v -0.018989 0.372671 -0.020367
v -0.021533 0.376399 -0.018667
v -0.024633 0.379459 -0.016595
v -0.028170 0.381733 -0.014232
v -0.018601 0.359000 -0.026399
v -0.018935 0.363800 -0.026065
v -0.019925 0.368416 -0.025075
v -0.021533 0.372671 -0.023467
v -0.023697 0.376399 -0.021303
v -0.026333 0.379459 -0.018667
v -0.029342 0.381733 -0.015658
v -0.022329 0.359000 -0.029459
v -0.022592 0.363800 -0.029066
v -0.023370 0.368416 -0.027902
v -0.024633 0.372671 -0.026011
v -0.026333 0.376399 -0.023467
v -0.028405 0.379459 -0.020367
v -0.030769 0.381733 -0.016829
v -0.026584 0.359000 -0.031733
v -0.026765 0.363800 -0.031296
v -0.027300 0.368416 -0.030003
v -0.028170 0.372671 -0.027902
v -0.029342 0.376399 -0.025075
v -0.030769 0.379459 -0.021630
v -0.032396 0.381733 -0.017700
v -0.031199 0.359000 -0.033133
v -0.031292 0.363800 -0.032670
v -0.031565 0.368416 -0.031296
v -0.032009 0.372671 -0.029066
v -0.032606 0.376399 -0.026065
v -0.033333 0.379459 -0.022408
v -0.034163 0.381733 -0.018236
v -0.036000 0.359000 -0.033606
v -0.036000 0.363800 -0.033133
v -0.036000 0.368416 -0.031733
v -0.036000 0.372671 -0.029459
v -0.036000 0.376399 -0.026399
v -0.036000 0.379459 -0.022670
v -0.036000 0.381733 -0.018416
v -0.040801 0.359000 -0.033133
v -0.040708 0.363800 -0.032670
v -0.040435 0.368416 -0.031296
v -0.039991 0.372671 -0.029066
v -0.039394 0.376399 -0.026065
v -0.038667 0.379459 -0.022408
v -0.037837 0.381733 -0.018236
v -0.045416 0.359000 -0.031733
v -0.045235 0.363800 -0.031296
v -0.044700 0.368416 -0.030003
v -0.043830 0.372671 -0.027902
v -0.042658 0.376399 -0.025075
v -0.041232 0.379459 -0.021630
v -0.039604 0.381733 -0.017700
v -0.049670 0.359000 -0.029459
v -0.049408 0.363800 -0.029066
v -0.048630 0.368416 -0.027902
v -0.047367 0.372671 -0.026011
v -0.045667 0.376399 -0.023467
v -0.043595 0.379459 -0.020367
v -0.041232 0.381733 -0.016829
v -0.053399 0.359000 -0.026399
v -0.053065 0.363800 -0.026065
v -0.052075 0.368416 -0.025075
v -0.050467 0.372671 -0.023467
v -0.048303 0.376399 -0.021303
v -0.045667 0.379459 -0.018667
v -0.042658 0.381733 -0.015658
v -0.056459 0.359000 -0.022670
v -0.056066 0.363800 -0.022408
v -0.054902 0.368416 -0.021630
v -0.053011 0.372671 -0.020367
v -0.050467 0.376399 -0.018667
v -0.047367 0.379459 -0.016595
v -0.043830 0.381733 -0.014232
v -0.058733 0.359000 -0.018416
v -0.058296 0.363800 -0.018236
v -0.057003 0.368416 -0.017700
v -0.054902 0.372671 -0.016829
v -0.052075 0.376399 -0.015658
v -0.048630 0.379459 -0.014232
v -0.044700 0.381733 -0.012603
v -0.060133 0.359000 -0.013800
v -0.059670 0.363800 -0.013708
v -0.058296 0.368416 -0.013435
v -0.056066 0.372671 -0.012991
v -0.053065 0.376399 -0.012394
v -0.049408 0.379459 -0.011667
v -0.045235 0.381733 -0.010837
v -0.060606 0.359000 -0.009000
v -0.060133 0.363800 -0.009000
v -0.058733 0.368416 -0.009000
v -0.056459 0.372671 -0.009000
v -0.053399 0.376399 -0.009000
v -0.049670 0.379459 -0.009000
v -0.045416 0.381733 -0.009000
v -0.060133 0.359000 -0.004200
v -0.059670 0.363800 -0.004292
v -0.058296 0.368416 -0.004565
v -0.056066 0.372671 -0.005009
v -0.053065 0.376399 -0.005606
v -0.049408 0.379459 -0.006333
v -0.045235 0.381733 -0.007163
v -0.058733 0.359000 0.000416
v -0.058296 0.363800 0.000235
v -0.057003 0.368416 -0.000300
v -0.054902 0.372671 -0.001171
v -0.052075 0.376399 -0.002342
v -0.048630 0.379459 -0.003769
v -0.044700 0.381733 -0.005396
v -0.056459 0.359000 0.004671
v -0.056066 0.363800 0.004408
v -0.054902 0.368416 0.003630
v -0.053011 0.372671 0.002367
v -0.050467 0.376399 0.000667
v -0.047367 0.379459 -0.001405
v -0.043830 0.381733 -0.003769
v -0.053399 0.359000 0.008399
v -0.053065 0.363800 0.008065
v -0.052075 0.368416 0.007075
v -0.050467 0.372671 0.005467
v -0.048303 0.376399 0.003303
v -0.045667 0.379459 0.000667
v -0.042658 0.381733 -0.002342
v -0.049670 0.359000 0.011459
v -0.049408 0.363800 0.011066
v -0.048630 0.368416 0.009902
v -0.047367 0.372671 0.008011
v -0.045667 0.376399 0.005467
v -0.043595 0.379459 0.002367
v -0.041232 0.381733 -0.001171
v -0.045416 0.359000 0.013733
v -0.045235 0.363800 0.013296
v -0.044700 0.368416 0.012003
v -0.043830 0.372671 0.009902
v -0.042658 0.376399 0.007075
v -0.041232 0.379459 0.003630
v -0.039604 0.381733 -0.000300
v -0.040800 0.359000 0.015134
v -0.040708 0.363800 0.014670
v -0.040435 0.368416 0.013296
v -0.039991 0.372671 0.011066
v -0.039394 0.376399 0.008065
v -0.038667 0.379459 0.004408
v -0.037837 0.381733 0.000235
v -0.036000 0.208000 -0.030606
v -0.031200 0.208000 -0.030134
v -0.026584 0.208000 -0.028733
v -0.022330 0.208000 -0.026459
v -0.018601 0.208000 -0.023399
v -0.015541 0.208000 -0.019671
v -0.013267 0.208000 -0.015416
v -0.011867 0.208000 -0.010801
v -0.011394 0.208000 -0.006000
v -0.011867 0.208000 -0.001200
v -0.013267 0.208000 0.003416
v -0.015541 0.208000 0.007671
v -0.018601 0.208000 0.011399
v -0.022330 0.208000 0.014459
v -0.026584 0.208000 0.016733
v -0.031200 0.208000 0.018133
v -0.036000 0.208000 0.018606
v -0.040800 0.208000 0.018133
v -0.045416 0.208000 0.016733
v -0.049671 0.208000 0.014459
v -0.053399 0.208000 0.011399
v -0.056459 0.208000 0.007671
v -0.058733 0.208000 0.003416
v -0.060134 0.208000 -0.001200
v -0.060606 0.208000 -0.006000
v -0.060134 0.208000 -0.010801
v -0.058733 0.208000 -0.015416
v -0.056459 0.208000 -0.019671
v -0.053399 0.208000 -0.023399
v -0.049671 0.208000 -0.026459
v -0.045416 0.208000 -0.028733
v -0.040801 0.208000 -0.030134
v -0.036000 0.183394 -0.006000
v -0.035064 0.183866 -0.001292
v -0.036000 0.183866 -0.001200
v -0.034163 0.183866 -0.001565
v -0.033333 0.183866 -0.002009
v -0.032606 0.183866 -0.002606
v -0.032009 0.183866 -0.003333
v -0.031565 0.183866 -0.004163
v -0.031292 0.183866 -0.005063
v -0.031199 0.183866 -0.006000
v -0.031292 0.183866 -0.006937
v -0.031565 0.183866 -0.007837
v -0.032009 0.183866 -0.008667
v -0.032606 0.183866 -0.009394
v -0.033333 0.183866 -0.009991
v -0.034163 0.183866 -0.010435
v -0.035064 0.183866 -0.010708
v -0.036000 0.183866 -0.010801
v -0.036936 0.183866 -0.010708
v -0.037837 0.183866 -0.010435
v -0.038667 0.183866 -0.009991
v -0.039394 0.183866 -0.009394
v -0.039991 0.183866 -0.008667
v -0.040435 0.183866 -0.007837
v -0.040708 0.183866 -0.006937
v -0.040800 0.183866 -0.006000
v -0.040708 0.183866 -0.005063
v -0.040435 0.183866 -0.004163
v -0.039991 0.183866 -0.003333
v -0.039394 0.183866 -0.002606
v -0.038667 0.183866 -0.002009
v -0.037837 0.183866 -0.001565
v -0.036936 0.183866 -0.001292
v -0.034163 0.185267 0.003235
v -0.036000 0.185267 0.003416
v -0.033333 0.187541 0.007408
v -0.036000 0.187541 0.007671
v -0.032606 0.190601 0.011065
v -0.036000 0.190601 0.011399
v -0.032009 0.194329 0.014066
v -0.036000 0.194329 0.014459
v -0.031565 0.198584 0.016296
v -0.036000 0.198584 0.016733
v -0.031292 0.203200 0.017670
v -0.036000 0.203200 0.018134
v -0.031199 0.208000 0.018134
v -0.036000 0.208000 0.018606
v -0.032396 0.185267 0.002700
v -0.030769 0.187541 0.006630
v -0.029342 0.190601 0.010075
v -0.028170 0.194329 0.012902
v -0.027300 0.198584 0.015003
v -0.026765 0.203200 0.016296
v -0.026584 0.208000 0.016733
v -0.030769 0.185267 0.001829
v -0.028405 0.187541 0.005367
v -0.026333 0.190601 0.008467
v -0.024633 0.194329 0.011011
v -0.023370 0.198584 0.012902
v -0.022592 0.203200 0.014066
v -0.022329 0.208000 0.014459
v -0.029342 0.185267 0.000658
v -0.026333 0.187541 0.003667
v -0.023697 0.190601 0.006303
v -0.021533 0.194329 0.008467
v -0.019925 0.198584 0.010075
v -0.018935 0.203200 0.011065
v -0.018601 0.208000 0.011399
v -0.028170 0.185267 -0.000769
v -0.024633 0.187541 0.001595
v -0.021533 0.190601 0.003667
v -0.018989 0.194329 0.005367
v -0.017098 0.198584 0.006630
v -0.015934 0.203200 0.007408
v -0.015541 0.208000 0.007671
v -0.027300 0.185267 -0.002396
v -0.023370 0.187541 -0.000769
v -0.019925 0.190601 0.000658
v -0.017098 0.194329 0.001829
v -0.014997 0.198584 0.002700
v -0.013704 0.203200 0.003235
v -0.013267 0.208000 0.003416
v -0.026765 0.185267 -0.004163
v -0.022592 0.187541 -0.003333
v -0.018935 0.190601 -0.002606
v -0.015934 0.194329 -0.002009
v -0.013704 0.198584 -0.001565
v -0.012330 0.203200 -0.001292
v -0.011866 0.208000 -0.001200
v -0.026584 0.185267 -0.006000
v -0.022329 0.187541 -0.006000
v -0.018601 0.190601 -0.006000
v -0.015541 0.194329 -0.006000
v -0.013267 0.198584 -0.006000
v -0.011866 0.203200 -0.006000
v -0.011394 0.208000 -0.006000
v -0.026765 0.185267 -0.007837
v -0.022592 0.187541 -0.008667
v -0.018935 0.190601 -0.009394
v -0.015934 0.194329 -0.009991
v -0.013704 0.198584 -0.010435
v -0.012330 0.203200 -0.010708
v -0.011866 0.208000 -0.010801
v -0.027300 0.185267 -0.009604
v -0.023370 0.187541 -0.011231
v -0.019925 0.190601 -0.012658
v -0.017098 0.194329 -0.013830
v -0.014997 0.198584 -0.014700
v -0.013704 0.203200 -0.015236
v -0.013267 0.208000 -0.015416
v -0.028170 0.185267 -0.011231
v -0.024633 0.187541 -0.013595
v -0.021533 0.190601 -0.015666
v -0.018989 0.194329 -0.017367
v -0.017098 0.198584 -0.018630
v -0.015934 0.203200 -0.019408
v -0.015541 0.208000 -0.019670
v -0.029342 0.185267 -0.012658
v -0.026333 0.187541 -0.015666
v -0.023697 0.190601 -0.018303
v -0.021533 0.194329 -0.020467
v -0.019925 0.198584 -0.022075
v -0.018935 0.203200 -0.023065
v -0.018601 0.208000 -0.023399
v -0.030769 0.185267 -0.013830
v -0.028405 0.187541 -0.017367
v -0.026333 0.190601 -0.020467
v -0.024633 0.194329 -0.023011
v -0.023370 0.198584 -0.024902
v -0.022592 0.203200 -0.026066
v -0.022329 0.208000 -0.026459
v -0.032396 0.185267 -0.014700
v -0.030769 0.187541 -0.018630
v -0.029342 0.190601 -0.022075
v -0.028170 0.194329 -0.024902
v -0.027300 0.198584 -0.027003
v -0.026765 0.203200 -0.028296
v -0.026584 0.208000 -0.028733
v -0.034163 0.185267 -0.015236
v -0.033333 0.187541 -0.019408
v -0.032606 0.190601 -0.023065
v -0.032009 0.194329 -0.026066
v -0.031565 0.198584 -0.028296
v -0.031292 0.203200 -0.029670
v -0.031199 0.208000 -0.030134
v -0.036000 0.185267 -0.015416
v -0.036000 0.187541 -0.019670
v -0.036000 0.190601 -0.023399
v -0.036000 0.194329 -0.026459
v -0.036000 0.198584 -0.028733
v -0.036000 0.203200 -0.030134
v -0.036000 0.208000 -0.030606
v -0.037837 0.185267 -0.015236
v -0.038667 0.187541 -0.019408
v -0.039394 0.190601 -0.023065
v -0.039991 0.194329 -0.026066
v -0.040435 0.198584 -0.028296
v -0.040708 0.203200 -0.029670
v -0.040801 0.208000 -0.030134
v -0.039604 0.185267 -0.014700
v -0.041232 0.187541 -0.018630
v -0.042658 0.190601 -0.022075
v -0.043830 0.194329 -0.024902
v -0.044700 0.198584 -0.027003
v -0.045235 0.203200 -0.028296
v -0.045416 0.208000 -0.028733
v -0.041232 0.185267 -0.013830
v -0.043595 0.187541 -0.017367
v -0.045667 0.190601 -0.020467
v -0.047367 0.194329 -0.023011
v -0.048630 0.198584 -0.024902
v -0.049408 0.203200 -0.026066
v -0.049670 0.208000 -0.026459
v -0.042658 0.185267 -0.012658
v -0.045667 0.187541 -0.015666
v -0.048303 0.190601 -0.018303
v -0.050467 0.194329 -0.020467
v -0.052075 0.198584 -0.022075
v -0.053065 0.203200 -0.023065
v -0.053399 0.208000 -0.023399
v -0.043830 0.185267 -0.011231
v -0.047367 0.187541 -0.013595
v -0.050467 0.190601 -0.015666
v -0.053011 0.194329 -0.017367
v -0.054902 0.198584 -0.018630
v -0.056066 0.203200 -0.019408
v -0.056459 0.208000 -0.019670
v -0.044700 0.185267 -0.009604
v -0.048630 0.187541 -0.011231
v -0.052075 0.190601 -0.012658
v -0.054902 0.194329 -0.013830
v -0.057003 0.198584 -0.014700
v -0.058296 0.203200 -0.015236
v -0.058733 0.208000 -0.015416
v -0.045235 0.185267 -0.007837
v -0.049408 0.187541 -0.008667
v -0.053065 0.190601 -0.009394
v -0.056066 0.194329 -0.009991
v -0.058296 0.198584 -0.010435
v -0.059670 0.203200 -0.010708
v -0.060133 0.208000 -0.010801
v -0.045416 0.185267 -0.006000
v -0.049670 0.187541 -0.006000
v -0.053399 0.190601 -0.006000
v -0.056459 0.194329 -0.006000
v -0.058733 0.198584 -0.006000
v -0.060133 0.203200 -0.006000
v -0.060606 0.208000 -0.006000
v -0.045235 0.185267 -0.004163
v -0.049408 0.187541 -0.003333
v -0.053065 0.190601 -0.002606
v -0.056066 0.194329 -0.002009
v -0.058296 0.198584 -0.001565
v -0.059670 0.203200 -0.001292
v -0.060133 0.208000 -0.001200
v -0.044700 0.185267 -0.002396
v -0.048630 0.187541 -0.000769
v -0.052075 0.190601 0.000658
v -0.054902 0.194329 0.001829
v -0.057003 0.198584 0.002700
v -0.058296 0.203200 0.003235
v -0.058733 0.208000 0.003416
v -0.043830 0.185267 -0.000769
v -0.047367 0.187541 0.001595
v -0.050467 0.190601 0.003667
v -0.053011 0.194329 0.005367
v -0.054902 0.198584 0.006630
v -0.056066 0.203200 0.007408
v -0.056459 0.208000 0.007671
v -0.042658 0.185267 0.000658
v -0.045667 0.187541 0.003667
v -0.048303 0.190601 0.006303
v -0.050467 0.194329 0.008467
v -0.052075 0.198584 0.010075
v -0.053065 0.203200 0.011065
v -0.053399 0.208000 0.011399
v -0.041232 0.185267 0.001829
v -0.043595 0.187541 0.005367
v -0.045667 0.190601 0.008467
v -0.047367 0.194329 0.011011
v -0.048630 0.198584 0.012902
v -0.049408 0.203200 0.014066
v -0.049670 0.208000 0.014459
v -0.039604 0.185267 0.002700
v -0.041232 0.187541 0.006630
v -0.042658 0.190601 0.010075
v -0.043830 0.194329 0.012902
v -0.044700 0.198584 0.015003
v -0.045235 0.203200 0.016296
v -0.045416 0.208000 0.016733
v -0.037837 0.185267 0.003235
v -0.038667 0.187541 0.007408
v -0.039394 0.190601 0.011065
v -0.039991 0.194329 0.014066
v -0.040435 0.198584 0.016296
v -0.040708 0.203200 0.017670
v -0.040800 0.208000 0.018134
vt 0.435665 0.549316
vt 0.435665 0.548643
vt 0.437338 0.548643
vt 0.438948 0.548643
vt 0.440431 0.548643
vt 0.441731 0.548643
vt 0.442798 0.548643
vt 0.443590 0.548643
vt 0.444079 0.548643
vt 0.444244 0.548643
vt 0.444079 0.548643
vt 0.443590 0.548643
vt 0.442798 0.548643
vt 0.441731 0.548643
vt 0.440431 0.548643
vt 0.438948 0.548643
vt 0.437338 0.548643
vt 0.435665 0.548643
vt 0.433991 0.548643
vt 0.432382 0.548643
vt 0.430898 0.548643
vt 0.429599 0.548643
vt 0.428532 0.548643
vt 0.427739 0.548643
vt 0.427251 0.548643
vt 0.427086 0.548643
vt 0.427251 0.548643
vt 0.427739 0.548643
vt 0.428532 0.548643
vt 0.429599 0.548643
vt 0.430898 0.548643
vt 0.432382 0.548643
vt 0.433991 0.548643
vt 0.435665 0.514222
vt 0.444244 0.514222
vt 0.444079 0.521068
vt 0.435665 0.521068
vt 0.443590 0.527651
vt 0.435665 0.527651
vt 0.442798 0.533720
vt 0.435665 0.533720
vt 0.441731 0.539037
vt 0.435665 0.539037
vt 0.440431 0.543401
vt 0.435665 0.543401
vt 0.438948 0.546645
vt 0.435665 0.546645
vt 0.452493 0.514222
vt 0.452169 0.521068
vt 0.451212 0.527651
vt 0.449657 0.533720
vt 0.447564 0.539037
vt 0.445014 0.543401
vt 0.442104 0.546645
vt 0.460095 0.514222
vt 0.459626 0.521068
vt 0.458235 0.527651
vt 0.455978 0.533720
vt 0.452940 0.539037
vt 0.449237 0.543401
vt 0.445014 0.546645
vt 0.466759 0.514222
vt 0.466161 0.521068
vt 0.464392 0.527651
vt 0.461519 0.533720
vt 0.457652 0.539037
vt 0.452940 0.543401
vt 0.447564 0.546645
vt 0.472228 0.514222
vt 0.471525 0.521068
vt 0.469444 0.527651
vt 0.466066 0.533720
vt 0.461519 0.539037
vt 0.455978 0.543401
vt 0.449657 0.546645
vt 0.476291 0.514222
vt 0.475510 0.521068
vt 0.473199 0.527651
vt 0.469444 0.533720
vt 0.464392 0.539037
vt 0.458235 0.543401
vt 0.451212 0.546645
vt 0.478793 0.514222
vt 0.477965 0.521068
vt 0.475510 0.527651
vt 0.471525 0.533720
vt 0.466161 0.539037
vt 0.459626 0.543401
vt 0.452169 0.546645
vt 0.479638 0.514222
vt 0.478793 0.521068
vt 0.476291 0.527651
vt 0.472228 0.533720
vt 0.466759 0.539037
vt 0.460095 0.543401
vt 0.452493 0.546645
vt 0.478793 0.514222
vt 0.477965 0.521068
vt 0.475510 0.527651
vt 0.471525 0.533720
vt 0.466161 0.539037
vt 0.459626 0.543401
vt 0.452169 0.546645
vt 0.476291 0.514222
vt 0.475510 0.521068
vt 0.473199 0.527651
vt 0.469444 0.533720
vt 0.464392 0.539037
vt 0.458235 0.543401
vt 0.451212 0.546645
vt 0.472228 0.514222
vt 0.471525 0.521068
vt 0.469444 0.527651
vt 0.466066 0.533720
vt 0.461519 0.539037
vt 0.455978 0.543401
vt 0.449657 0.546645
vt 0.466759 0.514222
vt 0.466161 0.521068
vt 0.464392 0.527651
vt 0.461519 0.533720
vt 0.457652 0.539037
vt 0.452940 0.543401
vt 0.447564 0.546645
vt 0.460095 0.514222
vt 0.459626 0.521068
vt 0.458235 0.527651
vt 0.455978 0.533720
vt 0.452940 0.539037
vt 0.449237 0.543401
vt 0.445014 0.546645
vt 0.452493 0.514222
vt 0.452169 0.521068
vt 0.451212 0.527651
vt 0.449657 0.533720
vt 0.447564 0.539037
vt 0.445014 0.543401
vt 0.442104 0.546645
vt 0.444244 0.514222
vt 0.444079 0.521068
vt 0.443590 0.527651
vt 0.442798 0.533720
vt 0.441731 0.539037
vt 0.440431 0.543401
vt 0.438948 0.546645
vt 0.435665 0.514222
vt 0.435665 0.521068
vt 0.435665 0.527651
vt 0.435665 0.533720
vt 0.435665 0.539037
vt 0.435665 0.543401
vt 0.435665 0.546645
vt 0.427086 0.514222
vt 0.427251 0.521068
vt 0.427739 0.527651
vt 0.428532 0.533720
vt 0.429599 0.539037
vt 0.430898 0.543401
vt 0.432382 0.546645
vt 0.418837 0.514222
vt 0.419160 0.521068
vt 0.420118 0.527651
vt 0.421673 0.533720
vt 0.423765 0.539037
vt 0.426315 0.543401
vt 0.429225 0.546645
vt 0.411234 0.514222
vt 0.411703 0.521068
vt 0.413094 0.527651
vt 0.415351 0.533720
vt 0.418390 0.539037
vt 0.422092 0.543401
vt 0.426315 0.546645
vt 0.404570 0.514222
vt 0.405168 0.521068
vt 0.406937 0.527651
vt 0.409811 0.533720
vt 0.413678 0.539037
vt 0.418390 0.543401
vt 0.423765 0.546645
vt 0.399102 0.514222
vt 0.399804 0.521068
vt 0.401885 0.527651
vt 0.405264 0.533720
vt 0.409811 0.539037
vt 0.415351 0.543401
vt 0.421673 0.546645
vt 0.395038 0.514222
vt 0.395819 0.521068
vt 0.398131 0.527651
vt 0.401885 0.533720
vt 0.406937 0.539037
vt 0.413094 0.543401
vt 0.420118 0.546645
vt 0.392536 0.514222
vt 0.393365 0.521068
vt 0.395819 0.527651
vt 0.399804 0.533720
vt 0.405168 0.539037
vt 0.411704 0.543401
vt 0.419160 0.546645
vt 0.391691 0.514222
vt 0.392536 0.521068
vt 0.395038 0.527651
vt 0.399102 0.533720
vt 0.404570 0.539037
vt 0.411234 0.543401
vt 0.418837 0.546645
vt 0.392536 0.514222
vt 0.393365 0.521068
vt 0.395819 0.527651
vt 0.399804 0.533720
vt 0.405168 0.539037
vt 0.411704 0.543401
vt 0.419160 0.546645
vt 0.395038 0.514222
vt 0.395819 0.521068
vt 0.398131 0.527651
vt 0.401885 0.533720
vt 0.406937 0.539037
vt 0.413094 0.543401
vt 0.420118 0.546645
vt 0.399102 0.514222
vt 0.399804 0.521068
vt 0.401885 0.527651
vt 0.405264 0.533720
vt 0.409811 0.539037
vt 0.415351 0.543401
vt 0.421673 0.546645
vt 0.404570 0.514222
vt 0.405168 0.521068
vt 0.406937 0.527651
vt 0.409811 0.533720
vt 0.413678 0.539037
vt 0.418390 0.543401
vt 0.423765 0.546645
vt 0.411234 0.514222
vt 0.411703 0.521068
vt 0.413094 0.527651
vt 0.415351 0.533720
vt 0.418390 0.539037
vt 0.422092 0.543401
vt 0.426315 0.546645
vt 0.418837 0.514222
vt 0.419160 0.521068
vt 0.420118 0.527651
vt 0.421673 0.533720
vt 0.423765 0.539037
vt 0.426315 0.543401
vt 0.429225 0.546645
vt 0.427086 0.514222
vt 0.427251 0.521068
vt 0.427739 0.527651
vt 0.428532 0.533720
vt 0.429599 0.539037
vt 0.430898 0.543401
vt 0.432382 0.546645
vt 0.444244 0.298859
vt 0.435665 0.298859
vt 0.452493 0.298859
vt 0.460095 0.298859
vt 0.466759 0.298859
vt 0.472227 0.298859
vt 0.476291 0.298859
vt 0.478793 0.298859
vt 0.479638 0.298859
vt 0.478793 0.298859
vt 0.476291 0.298859
vt 0.472227 0.298859
vt 0.466759 0.298859
vt 0.460095 0.298859
vt 0.452493 0.298859
vt 0.444244 0.298859
vt 0.435665 0.298859
vt 0.427086 0.298859
vt 0.418837 0.298859
vt 0.411234 0.298859
vt 0.404570 0.298859
vt 0.399102 0.298859
vt 0.395038 0.298859
vt 0.392536 0.298859
vt 0.391691 0.298859
vt 0.392536 0.298859
vt 0.395038 0.298859
vt 0.399102 0.298859
vt 0.404570 0.298859
vt 0.411234 0.298859
vt 0.418837 0.298859
vt 0.427086 0.298859
vt 0.435665 0.263765
vt 0.437338 0.264438
vt 0.435665 0.264438
vt 0.438948 0.264438
vt 0.440431 0.264438
vt 0.441731 0.264438
vt 0.442798 0.264438
vt 0.443590 0.264438
vt 0.444079 0.264438
vt 0.444244 0.264438
vt 0.444079 0.264438
vt 0.443590 0.264438
vt 0.442798 0.264438
vt 0.441731 0.264438
vt 0.440431 0.264438
vt 0.438948 0.264438
vt 0.437338 0.264438
vt 0.435665 0.264438
vt 0.433991 0.264438
vt 0.432382 0.264438
vt 0.430898 0.264438
vt 0.429599 0.264438
vt 0.428532 0.264438
vt 0.427739 0.264438
vt 0.427251 0.264438
vt 0.427086 0.264438
vt 0.427251 0.264438
vt 0.427739 0.264438
vt 0.428532 0.264438
vt 0.429599 0.264438
vt 0.430898 0.264438
vt 0.432382 0.264438
vt 0.433991 0.264438
vt 0.438948 0.266436
vt 0.435665 0.266436
vt 0.440431 0.269679
vt 0.435665 0.269679
vt 0.441731 0.274044
vt 0.435665 0.274044
vt 0.442798 0.279361
vt 0.435665 0.279361
vt 0.443590 0.285429
vt 0.435665 0.285429
vt 0.444079 0.292013
vt 0.435665 0.292013
vt 0.444244 0.298859
vt 0.435665 0.298859
vt 0.442104 0.266436
vt 0.445014 0.269679
vt 0.447564 0.274044
vt 0.449657 0.279361
vt 0.451212 0.285429
vt 0.452169 0.292013
vt 0.452493 0.298859
vt 0.445014 0.266436
vt 0.449237 0.269679
vt 0.452940 0.274044
vt 0.455978 0.279361
vt 0.458235 0.285429
vt 0.459626 0.292013
vt 0.460095 0.298859
vt 0.447564 0.266436
vt 0.452940 0.269679
vt 0.457652 0.274044
vt 0.461519 0.279361
vt 0.464392 0.285429
vt 0.466161 0.292013
vt 0.466759 0.298859
vt 0.449657 0.266436
vt 0.455978 0.269679
vt 0.461519 0.274044
vt 0.466066 0.279361
vt 0.469444 0.285429
vt 0.471525 0.292013
vt 0.472228 0.298859
vt 0.451212 0.266436
vt 0.458235 0.269679
vt 0.464392 0.274044
vt 0.469444 0.279361
vt 0.473199 0.285429
vt 0.475510 0.292013
vt 0.476291 0.298859
vt 0.452169 0.266436
vt 0.459626 0.269679
vt 0.466161 0.274044
vt 0.471525 0.279361
vt 0.475510 0.285429
vt 0.477965 0.292013
vt 0.478793 0.298859
vt 0.452493 0.266436
vt 0.460095 0.269679
vt 0.466759 0.274044
vt 0.472228 0.279361
vt 0.476291 0.285429
vt 0.478793 0.292013
vt 0.479638 0.298859
vt 0.452169 0.266436
vt 0.459626 0.269679
vt 0.466161 0.274044
vt 0.471525 0.279361
vt 0.475510 0.285429
vt 0.477965 0.292013
vt 0.478793 0.298859
vt 0.451212 0.266436
vt 0.458235 0.269679
vt 0.464392 0.274044
vt 0.469444 0.279361
vt 0.473199 0.285429
vt 0.475510 0.292013
vt 0.476291 0.298859
vt 0.449657 0.266436
vt 0.455978 0.269679
vt 0.461519 0.274044
vt 0.466066 0.279361
vt 0.469444 0.285429
vt 0.471525 0.292013
vt 0.472228 0.298859
vt 0.447564 0.266436
vt 0.452940 0.269679
vt 0.457652 0.274044
vt 0.461519 0.279361
vt 0.464392 0.285429
vt 0.466161 0.292013
vt 0.466759 0.298859
vt 0.445014 0.266436
vt 0.449237 0.269679
vt 0.452940 0.274044
vt 0.455978 0.279361
vt 0.458235 0.285429
vt 0.459626 0.292013
vt 0.460095 0.298859
vt 0.442104 0.266436
vt 0.445014 0.269679
vt 0.447564 0.274044
vt 0.449657 0.279361
vt 0.451212 0.285429
vt 0.452169 0.292013
vt 0.452493 0.298859
vt 0.438948 0.266436
vt 0.440431 0.269679
vt 0.441731 0.274044
vt 0.442798 0.279361
vt 0.443590 0.285429
vt 0.444079 0.292013
vt 0.444244 0.298859
vt 0.435665 0.266436
vt 0.435665 0.269679
vt 0.435665 0.274044
vt 0.435665 0.279361
vt 0.435665 0.285429
vt 0.435665 0.292013
vt 0.435665 0.298859
vt 0.432382 0.266436
vt 0.430898 0.269679
vt 0.429599 0.274044
vt 0.428532 0.279361
vt 0.427739 0.285429
vt 0.427251 0.292013
vt 0.427086 0.298859
vt 0.429225 0.266436
vt 0.426315 0.269679
vt 0.423765 0.274044
vt 0.421673 0.279361
vt 0.420118 0.285429
vt 0.419160 0.292013
vt 0.418837 0.298859
vt 0.426315 0.266436
vt 0.422092 0.269679
vt 0.418390 0.274044
vt 0.415351 0.279361
vt 0.413094 0.285429
vt 0.411703 0.292013
vt 0.411234 0.298859
vt 0.423765 0.266436
vt 0.418390 0.269679
vt 0.413678 0.274044
vt 0.409811 0.279361
vt 0.406937 0.285429
vt 0.405168 0.292013
vt 0.404570 0.298859
vt 0.421673 0.266436
vt 0.415351 0.269679
vt 0.409811 0.274044
vt 0.405264 0.279361
vt 0.401885 0.285429
vt 0.399804 0.292013
vt 0.399102 0.298859
vt 0.420118 0.266436
vt 0.413094 0.269679
vt 0.406937 0.274044
vt 0.401885 0.279361
vt 0.398131 0.285429
vt 0.395819 0.292013
vt 0.395038 0.298859
vt 0.419160 0.266436
vt 0.411704 0.269679
vt 0.405168 0.274044
vt 0.399804 0.279361
vt 0.395819 0.285429
vt 0.393365 0.292013
vt 0.392536 0.298859
vt 0.418837 0.266436
vt 0.411234 0.269679
vt 0.404570 0.274044
vt 0.399102 0.279361
vt 0.395038 0.285429
vt 0.392536 0.292013
vt 0.391691 0.298859
vt 0.419160 0.266436
vt 0.411704 0.269679
vt 0.405168 0.274044
vt 0.399804 0.279361
vt 0.395819 0.285429
vt 0.393365 0.292013
vt 0.392536 0.298859
vt 0.420118 0.266436
vt 0.413094 0.269679
vt 0.406937 0.274044
vt 0.401885 0.279361
vt 0.398131 0.285429
vt 0.395819 0.292013
vt 0.395038 0.298859
vt 0.421673 0.266436
vt 0.415351 0.269679
vt 0.409811 0.274044
vt 0.405264 0.279361
vt 0.401885 0.285429
vt 0.399804 0.292013
vt 0.399102 0.298859
vt 0.423765 0.266436
vt 0.418390 0.269679
vt 0.413678 0.274044
vt 0.409811 0.279361
vt 0.406937 0.285429
vt 0.405168 0.292013
vt 0.404570 0.298859
vt 0.426315 0.266436
vt 0.422092 0.269679
vt 0.418390 0.274044
vt 0.415351 0.279361
vt 0.413094 0.285429
vt 0.411703 0.292013
vt 0.411234 0.298859
vt 0.429225 0.266436
vt 0.426315 0.269679
vt 0.423765 0.274044
vt 0.421673 0.279361
vt 0.420118 0.285429
vt 0.419160 0.292013
vt 0.418837 0.298859
vt 0.432382 0.266436
vt 0.430898 0.269679
vt 0.429599 0.274044
vt 0.428532 0.279361
vt 0.427739 0.285429
vt 0.427251 0.292013
vt 0.427086 0.298859
vn -0.000000 1.000000 -0.000002
vn -0.000000 0.980791 0.195063
vn 0.038054 0.980790 0.191317
vn 0.074647 0.980791 0.180213
vn 0.108374 0.980791 0.162187
vn 0.137932 0.980791 0.137926
vn 0.162190 0.980792 0.108357
vn 0.180216 0.980790 0.074650
vn 0.191315 0.980790 0.038067
vn 0.195064 0.980790 -0.000003
vn 0.191315 0.980790 -0.038069
vn 0.180216 0.980790 -0.074651
vn 0.162188 0.980791 -0.108371
vn 0.137931 0.980789 -0.137940
vn 0.108372 0.980790 -0.162193
vn 0.074648 0.980791 -0.180214
vn 0.038059 0.980791 -0.191313
vn 0.000000 0.980790 -0.195065
vn -0.038061 0.980790 -0.191320
vn -0.074647 0.980790 -0.180218
vn -0.108370 0.980790 -0.162192
vn -0.137931 0.980790 -0.137933
vn -0.162188 0.980791 -0.108366
vn -0.180216 0.980791 -0.074643
vn -0.191315 0.980791 -0.038053
vn -0.195064 0.980790 0.000001
vn -0.191315 0.980790 0.038060
vn -0.180216 0.980790 0.074653
vn -0.162190 0.980791 0.108370
vn -0.137932 0.980790 0.137932
vn -0.108371 0.980791 0.162190
vn -0.074646 0.980791 0.180215
vn -0.038055 0.980791 0.191314
vn -0.000001 0.058990 0.998259
vn 0.194752 0.058802 0.979088
vn 0.191343 0.195113 0.961935
vn -0.000000 0.195111 0.980781
vn 0.180244 0.382670 0.906132
vn -0.000000 0.382671 0.923885
vn 0.162207 0.555610 0.815467
vn 0.000000 0.555611 0.831442
vn 0.137935 0.707184 0.693444
vn 0.000000 0.707184 0.707030
vn 0.108380 0.831493 0.544861
vn -0.000000 0.831494 0.555534
vn 0.074668 0.923858 0.375380
vn -0.000000 0.923860 0.382731
vn 0.382035 0.058239 0.922311
vn 0.375326 0.195114 0.906124
vn 0.353553 0.382671 0.853559
vn 0.318180 0.555609 0.768153
vn 0.270571 0.707183 0.653211
vn 0.212596 0.831492 0.513249
vn 0.146467 0.923857 0.353603
vn 0.554658 0.057319 0.830102
vn 0.544891 0.195113 0.815491
vn 0.513281 0.382674 0.768182
vn 0.461924 0.555609 0.691321
vn 0.392804 0.707182 0.587876
vn 0.308640 0.831492 0.461912
vn 0.212638 0.923857 0.318233
vn 0.705994 0.056084 0.705993
vn 0.693518 0.195113 0.693516
vn 0.653284 0.382674 0.653285
vn 0.587918 0.555608 0.587922
vn 0.499944 0.707183 0.499949
vn 0.392822 0.831493 0.392824
vn 0.270635 0.923857 0.270638
vn 0.830230 0.054585 0.554741
vn 0.815491 0.195114 0.544890
vn 0.768183 0.382672 0.513281
vn 0.691322 0.555609 0.461923
vn 0.587876 0.707183 0.392802
vn 0.461912 0.831493 0.308637
vn 0.318233 0.923857 0.212639
vn 0.922588 0.052873 0.382147
vn 0.906124 0.195114 0.375327
vn 0.853559 0.382671 0.353553
vn 0.768153 0.555610 0.318179
vn 0.653211 0.707182 0.270573
vn 0.513248 0.831492 0.212599
vn 0.353601 0.923858 0.146469
vn 0.979509 0.051010 0.194834
vn 0.961935 0.195113 0.191343
vn 0.906132 0.382671 0.180244
vn 0.815467 0.555609 0.162210
vn 0.693445 0.707182 0.137938
vn 0.544860 0.831493 0.108381
vn 0.375379 0.923859 0.074669
vn 0.998795 0.049073 0.000000
vn 0.980781 0.195111 0.000000
vn 0.923884 0.382672 -0.000001
vn 0.831444 0.555609 0.000000
vn 0.707032 0.707182 0.000001
vn 0.555536 0.831492 -0.000001
vn 0.382735 0.923858 0.000000
vn 0.979695 0.047139 -0.194872
vn 0.961935 0.195114 -0.191343
vn 0.906132 0.382671 -0.180244
vn 0.815467 0.555609 -0.162209
vn 0.693446 0.707182 -0.137935
vn 0.544860 0.831493 -0.108381
vn 0.375379 0.923859 -0.074668
vn 0.922932 0.045278 -0.382291
vn 0.906124 0.195115 -0.375326
vn 0.853559 0.382671 -0.353553
vn 0.768153 0.555609 -0.318181
vn 0.653210 0.707182 -0.270574
vn 0.513248 0.831491 -0.212601
vn 0.353601 0.923858 -0.146470
vn 0.830683 0.043559 -0.555040
vn 0.815492 0.195115 -0.544889
vn 0.768182 0.382674 -0.513280
vn 0.691321 0.555608 -0.461924
vn 0.587875 0.707184 -0.392803
vn 0.461912 0.831492 -0.308641
vn 0.318232 0.923857 -0.212643
vn 0.706482 0.042052 -0.706480
vn 0.693517 0.195115 -0.693516
vn 0.653285 0.382676 -0.653283
vn 0.587921 0.555607 -0.587920
vn 0.499945 0.707185 -0.499945
vn 0.392824 0.831492 -0.392824
vn 0.270636 0.923857 -0.270638
vn 0.555106 0.040821 -0.830777
vn 0.544890 0.195114 -0.815491
vn 0.513282 0.382674 -0.768181
vn 0.461924 0.555609 -0.691321
vn 0.392802 0.707184 -0.587875
vn 0.308639 0.831493 -0.461911
vn 0.212637 0.923858 -0.318232
vn 0.382380 0.039908 -0.923143
vn 0.375327 0.195115 -0.906124
vn 0.353553 0.382671 -0.853559
vn 0.318179 0.555609 -0.768154
vn 0.270572 0.707182 -0.653211
vn 0.212600 0.831492 -0.513247
vn 0.146469 0.923858 -0.353600
vn 0.194939 0.039343 -0.980026
vn 0.191343 0.195114 -0.961935
vn 0.180244 0.382671 -0.906132
vn 0.162209 0.555608 -0.815468
vn 0.137937 0.707182 -0.693446
vn 0.108381 0.831493 -0.544860
vn 0.074670 0.923859 -0.375378
vn 0.000000 0.039150 -0.999233
vn 0.000000 0.195111 -0.980781
vn 0.000000 0.382671 -0.923885
vn -0.000000 0.555609 -0.831444
vn -0.000000 0.707183 -0.707031
vn -0.000000 0.831494 -0.555534
vn 0.000000 0.923859 -0.382733
vn -0.194939 0.039343 -0.980026
vn -0.191343 0.195113 -0.961935
vn -0.180244 0.382670 -0.906132
vn -0.162209 0.555608 -0.815468
vn -0.137938 0.707183 -0.693445
vn -0.108381 0.831494 -0.544859
vn -0.074671 0.923859 -0.375379
vn -0.382380 0.039908 -0.923143
vn -0.375326 0.195115 -0.906124
vn -0.353552 0.382670 -0.853560
vn -0.318179 0.555609 -0.768154
vn -0.270573 0.707183 -0.653209
vn -0.212600 0.831492 -0.513247
vn -0.146468 0.923858 -0.353602
vn -0.555106 0.040821 -0.830777
vn -0.544890 0.195114 -0.815491
vn -0.513281 0.382673 -0.768182
vn -0.461924 0.555610 -0.691320
vn -0.392805 0.707185 -0.587872
vn -0.308641 0.831492 -0.461911
vn -0.212636 0.923858 -0.318234
vn -0.706483 0.042054 -0.706479
vn -0.693519 0.195115 -0.693514
vn -0.653286 0.382674 -0.653283
vn -0.587919 0.555609 -0.587919
vn -0.499945 0.707185 -0.499944
vn -0.392826 0.831491 -0.392823
vn -0.270636 0.923857 -0.270638
vn -0.830683 0.043562 -0.555040
vn -0.815492 0.195114 -0.544888
vn -0.768183 0.382671 -0.513281
vn -0.691320 0.555611 -0.461924
vn -0.587873 0.707185 -0.392803
vn -0.461912 0.831492 -0.308638
vn -0.318233 0.923857 -0.212641
vn -0.922932 0.045280 -0.382292
vn -0.906123 0.195115 -0.375329
vn -0.853559 0.382670 -0.353554
vn -0.768153 0.555610 -0.318179
vn -0.653210 0.707184 -0.270568
vn -0.513250 0.831492 -0.212592
vn -0.353602 0.923857 -0.146468
vn -0.979695 0.047140 -0.194872
vn -0.961935 0.195114 -0.191343
vn -0.906132 0.382671 -0.180243
vn -0.815467 0.555609 -0.162209
vn -0.693443 0.707184 -0.137936
vn -0.544860 0.831493 -0.108380
vn -0.375381 0.923858 -0.074665
vn -0.998795 0.049073 0.000001
vn -0.980781 0.195111 0.000000
vn -0.923885 0.382671 0.000000
vn -0.831444 0.555609 -0.000001
vn -0.707029 0.707184 -0.000001
vn -0.555535 0.831493 0.000002
vn -0.382736 0.923858 0.000002
vn -0.979509 0.051010 0.194834
vn -0.961935 0.195113 0.191343
vn -0.906132 0.382671 0.180245
vn -0.815467 0.555609 0.162211
vn -0.693443 0.707184 0.137938
vn -0.544860 0.831493 0.108382
vn -0.375382 0.923858 0.074666
vn -0.922588 0.052873 0.382147
vn -0.906124 0.195114 0.375327
vn -0.853559 0.382671 0.353554
vn -0.768153 0.555609 0.318181
vn -0.653211 0.707183 0.270570
vn -0.513249 0.831492 0.212592
vn -0.353603 0.923858 0.146463
vn -0.830231 0.054585 0.554741
vn -0.815491 0.195114 0.544890
vn -0.768183 0.382672 0.513281
vn -0.691320 0.555611 0.461924
vn -0.587874 0.707184 0.392805
vn -0.461912 0.831492 0.308640
vn -0.318233 0.923858 0.212636
vn -0.705994 0.056085 0.705993
vn -0.693518 0.195113 0.693516
vn -0.653284 0.382674 0.653285
vn -0.587916 0.555610 0.587921
vn -0.499943 0.707183 0.499949
vn -0.392823 0.831491 0.392827
vn -0.270635 0.923857 0.270638
vn -0.554657 0.057319 0.830103
vn -0.544890 0.195113 0.815491
vn -0.513281 0.382674 0.768182
vn -0.461925 0.555610 0.691319
vn -0.392806 0.707183 0.587874
vn -0.308642 0.831492 0.461910
vn -0.212637 0.923858 0.318234
vn -0.382033 0.058238 0.922312
vn -0.375326 0.195114 0.906124
vn -0.353553 0.382671 0.853559
vn -0.318180 0.555609 0.768154
vn -0.270571 0.707182 0.653211
vn -0.212595 0.831493 0.513248
vn -0.146465 0.923857 0.353605
vn -0.194751 0.058801 0.979089
vn -0.191343 0.195113 0.961935
vn -0.180244 0.382671 0.906132
vn -0.162207 0.555609 0.815468
vn -0.137934 0.707182 0.693446
vn -0.108380 0.831492 0.544862
vn -0.074668 0.923858 0.375381
vn 0.195051 -0.019482 -0.980600
vn -0.000000 -0.019864 -0.999803
vn 0.382622 -0.018352 -0.923723
vn 0.555496 -0.016517 -0.831355
vn 0.707038 -0.014047 -0.707036
vn 0.831420 -0.011037 -0.555535
vn 0.923853 -0.007603 -0.382673
vn 0.980779 -0.003876 -0.195086
vn 1.000000 -0.000000 0.000001
vn 0.980779 0.003876 0.195084
vn 0.923854 0.007603 0.382670
vn 0.831419 0.011037 0.555537
vn 0.707037 0.014047 0.707037
vn 0.555497 0.016517 0.831355
vn 0.382622 0.018352 0.923723
vn 0.195051 0.019482 0.980600
vn -0.000001 0.019864 0.999803
vn -0.195050 0.019482 0.980600
vn -0.382619 0.018352 0.923724
vn -0.555496 0.016517 0.831355
vn -0.707037 0.014047 0.707037
vn -0.831419 0.011037 0.555537
vn -0.923854 0.007603 0.382670
vn -0.980779 0.003876 0.195084
vn -1.000000 0.000000 0.000001
vn -0.980779 -0.003876 -0.195086
vn -0.923853 -0.007603 -0.382672
vn -0.831420 -0.011037 -0.555535
vn -0.707038 -0.014047 -0.707036
vn -0.555496 -0.016517 -0.831355
vn -0.382622 -0.018352 -0.923723
vn -0.195051 -0.019482 -0.980600
vn -0.000000 -1.000000 -0.000001
vn 0.038055 -0.980790 0.191318
vn -0.000000 -0.980790 0.195066
vn 0.074648 -0.980790 0.180216
vn 0.108375 -0.980791 0.162184
vn 0.137933 -0.980791 0.137926
vn 0.162191 -0.980790 0.108370
vn 0.180217 -0.980790 0.074649
vn 0.191317 -0.980790 0.038060
vn 0.195066 -0.980790 0.000004
vn 0.191317 -0.980790 -0.038055
vn 0.180217 -0.980790 -0.074644
vn 0.162191 -0.980791 -0.108368
vn 0.137933 -0.980790 -0.137931
vn 0.108372 -0.980791 -0.162189
vn 0.074648 -0.980790 -0.180216
vn 0.038060 -0.980790 -0.191317
vn 0.000000 -0.980790 -0.195065
vn -0.038060 -0.980790 -0.191319
vn -0.074648 -0.980789 -0.180224
vn -0.108372 -0.980790 -0.162194
vn -0.137933 -0.980790 -0.137929
vn -0.162191 -0.980791 -0.108367
vn -0.180217 -0.980790 -0.074648
vn -0.191317 -0.980790 -0.038056
vn -0.195066 -0.980790 0.000001
vn -0.191317 -0.980790 0.038060
vn -0.180217 -0.980790 0.074650
vn -0.162191 -0.980791 0.108364
vn -0.137933 -0.980792 0.137922
vn -0.108375 -0.980791 0.162185
vn -0.074647 -0.980791 0.180216
vn -0.038054 -0.980790 0.191317
vn 0.074668 -0.923858 0.375381
vn -0.000000 -0.923859 0.382733
vn 0.108382 -0.831491 0.544863
vn -0.000000 -0.831492 0.555536
vn 0.137938 -0.707181 0.693447
vn 0.000000 -0.707181 0.707033
vn 0.162209 -0.555609 0.815467
vn 0.000000 -0.555609 0.831444
vn 0.180244 -0.382671 0.906132
vn 0.000000 -0.382672 0.923884
vn 0.191343 -0.195114 0.961935
vn -0.000000 -0.195112 0.980781
vn 0.194151 -0.098029 0.976061
vn -0.000000 -0.098024 0.995184
vn 0.146467 -0.923858 0.353601
vn 0.212598 -0.831490 0.513250
vn 0.270572 -0.707181 0.653212
vn 0.318180 -0.555610 0.768153
vn 0.353553 -0.382671 0.853559
vn 0.375326 -0.195115 0.906124
vn 0.380839 -0.098030 0.919430
vn 0.212638 -0.923858 0.318231
vn 0.308639 -0.831491 0.461914
vn 0.392802 -0.707182 0.587878
vn 0.461924 -0.555610 0.691321
vn 0.513282 -0.382675 0.768181
vn 0.544890 -0.195115 0.815491
vn 0.552891 -0.098021 0.827468
vn 0.270634 -0.923859 0.270633
vn 0.392823 -0.831492 0.392824
vn 0.499945 -0.707183 0.499948
vn 0.587919 -0.555607 0.587921
vn 0.653284 -0.382675 0.653284
vn 0.693517 -0.195116 0.693515
vn 0.703703 -0.098019 0.703700
vn 0.318232 -0.923859 0.212635
vn 0.461913 -0.831492 0.308637
vn 0.587878 -0.707183 0.392800
vn 0.691321 -0.555609 0.461923
vn 0.768182 -0.382672 0.513283
vn 0.815491 -0.195115 0.544889
vn 0.827468 -0.098027 0.552890
vn 0.353599 -0.923859 0.146468
vn 0.513249 -0.831491 0.212599
vn 0.653212 -0.707181 0.270571
vn 0.768154 -0.555610 0.318178
vn 0.853559 -0.382670 0.353554
vn 0.906123 -0.195115 0.375327
vn 0.919430 -0.098032 0.380839
vn 0.375378 -0.923859 0.074668
vn 0.544861 -0.831493 0.108380
vn 0.693446 -0.707181 0.137938
vn 0.815467 -0.555609 0.162210
vn 0.906132 -0.382671 0.180244
vn 0.961935 -0.195113 0.191343
vn 0.976061 -0.098028 0.194151
vn 0.382734 -0.923859 0.000001
vn 0.555537 -0.831492 -0.000001
vn 0.707033 -0.707181 -0.000000
vn 0.831444 -0.555609 0.000001
vn 0.923884 -0.382672 -0.000000
vn 0.980781 -0.195112 -0.000000
vn 0.995184 -0.098024 0.000000
vn 0.375378 -0.923859 -0.074667
vn 0.544861 -0.831493 -0.108381
vn 0.693446 -0.707181 -0.137938
vn 0.815467 -0.555609 -0.162209
vn 0.906132 -0.382671 -0.180244
vn 0.961935 -0.195114 -0.191343
vn 0.976061 -0.098029 -0.194151
vn 0.353600 -0.923859 -0.146466
vn 0.513249 -0.831491 -0.212600
vn 0.653211 -0.707181 -0.270573
vn 0.768153 -0.555610 -0.318179
vn 0.853559 -0.382671 -0.353553
vn 0.906124 -0.195115 -0.375326
vn 0.919430 -0.098030 -0.380839
vn 0.318232 -0.923859 -0.212635
vn 0.461913 -0.831491 -0.308640
vn 0.587876 -0.707184 -0.392801
vn 0.691322 -0.555609 -0.461923
vn 0.768182 -0.382674 -0.513281
vn 0.815491 -0.195115 -0.544890
vn 0.827468 -0.098021 -0.552891
vn 0.270636 -0.923859 -0.270631
vn 0.392825 -0.831492 -0.392823
vn 0.499946 -0.707184 -0.499944
vn 0.587921 -0.555607 -0.587920
vn 0.653284 -0.382675 -0.653284
vn 0.693516 -0.195116 -0.693517
vn 0.703702 -0.098016 -0.703702
vn 0.212636 -0.923859 -0.318230
vn 0.308640 -0.831492 -0.461912
vn 0.392803 -0.707184 -0.587875
vn 0.461924 -0.555609 -0.691321
vn 0.513281 -0.382674 -0.768182
vn 0.544889 -0.195115 -0.815491
vn 0.552891 -0.098021 -0.827468
vn 0.146468 -0.923858 -0.353600
vn 0.212600 -0.831491 -0.513249
vn 0.270573 -0.707181 -0.653211
vn 0.318180 -0.555610 -0.768153
vn 0.353553 -0.382672 -0.853559
vn 0.375326 -0.195115 -0.906124
vn 0.380839 -0.098030 -0.919430
vn 0.074670 -0.923859 -0.375379
vn 0.108381 -0.831492 -0.544862
vn 0.137938 -0.707181 -0.693447
vn 0.162209 -0.555609 -0.815467
vn 0.180244 -0.382671 -0.906132
vn 0.191343 -0.195114 -0.961935
vn 0.194151 -0.098029 -0.976061
vn 0.000000 -0.923858 -0.382735
vn 0.000000 -0.831492 -0.555537
vn 0.000000 -0.707180 -0.707034
vn 0.000000 -0.555608 -0.831444
vn 0.000000 -0.382672 -0.923884
vn 0.000000 -0.195112 -0.980781
vn 0.000000 -0.098024 -0.995184
vn -0.074670 -0.923859 -0.375378
vn -0.108381 -0.831492 -0.544862
vn -0.137938 -0.707180 -0.693447
vn -0.162209 -0.555609 -0.815467
vn -0.180244 -0.382671 -0.906132
vn -0.191343 -0.195115 -0.961935
vn -0.194151 -0.098029 -0.976061
vn -0.146468 -0.923858 -0.353601
vn -0.212600 -0.831491 -0.513249
vn -0.270573 -0.707181 -0.653212
vn -0.318180 -0.555610 -0.768153
vn -0.353554 -0.382672 -0.853559
vn -0.375327 -0.195116 -0.906123
vn -0.380840 -0.098030 -0.919430
vn -0.212636 -0.923858 -0.318233
vn -0.308641 -0.831491 -0.461912
vn -0.392805 -0.707184 -0.587873
vn -0.461925 -0.555611 -0.691319
vn -0.513281 -0.382674 -0.768182
vn -0.544889 -0.195115 -0.815491
vn -0.552891 -0.098021 -0.827468
vn -0.270636 -0.923858 -0.270633
vn -0.392826 -0.831491 -0.392825
vn -0.499946 -0.707184 -0.499944
vn -0.587919 -0.555610 -0.587919
vn -0.653285 -0.382674 -0.653283
vn -0.693519 -0.195116 -0.693514
vn -0.703704 -0.098020 -0.703699
vn -0.318232 -0.923858 -0.212636
vn -0.461913 -0.831491 -0.308641
vn -0.587874 -0.707184 -0.392804
vn -0.691320 -0.555611 -0.461924
vn -0.768183 -0.382671 -0.513282
vn -0.815492 -0.195115 -0.544888
vn -0.827469 -0.098027 -0.552889
vn -0.353601 -0.923858 -0.146468
vn -0.513250 -0.831491 -0.212596
vn -0.653211 -0.707182 -0.270570
vn -0.768153 -0.555610 -0.318180
vn -0.853559 -0.382670 -0.353555
vn -0.906123 -0.195115 -0.375328
vn -0.919429 -0.098033 -0.380841
vn -0.375380 -0.923858 -0.074668
vn -0.544861 -0.831493 -0.108381
vn -0.693444 -0.707183 -0.137937
vn -0.815467 -0.555609 -0.162209
vn -0.906132 -0.382670 -0.180245
vn -0.961935 -0.195114 -0.191343
vn -0.976061 -0.098030 -0.194151
vn -0.382735 -0.923858 -0.000001
vn -0.555535 -0.831493 0.000000
vn -0.707030 -0.707183 0.000000
vn -0.831444 -0.555609 -0.000000
vn -0.923884 -0.382672 -0.000001
vn -0.980781 -0.195112 -0.000000
vn -0.995184 -0.098025 0.000000
vn -0.375380 -0.923858 0.074668
vn -0.544861 -0.831493 0.108382
vn -0.693444 -0.707183 0.137938
vn -0.815467 -0.555609 0.162210
vn -0.906132 -0.382671 0.180244
vn -0.961935 -0.195113 0.191342
vn -0.976061 -0.098028 0.194151
vn -0.353601 -0.923858 0.146466
vn -0.513250 -0.831491 0.212595
vn -0.653212 -0.707182 0.270570
vn -0.768153 -0.555610 0.318179
vn -0.853559 -0.382671 0.353553
vn -0.906124 -0.195115 0.375327
vn -0.919430 -0.098032 0.380839
vn -0.318232 -0.923859 0.212634
vn -0.461913 -0.831491 0.308641
vn -0.587875 -0.707183 0.392804
vn -0.691320 -0.555610 0.461924
vn -0.768182 -0.382673 0.513282
vn -0.815491 -0.195115 0.544890
vn -0.827467 -0.098027 0.552891
vn -0.270634 -0.923859 0.270632
vn -0.392824 -0.831490 0.392827
vn -0.499944 -0.707183 0.499948
vn -0.587918 -0.555609 0.587921
vn -0.653283 -0.382675 0.653284
vn -0.693516 -0.195116 0.693516
vn -0.703701 -0.098019 0.703702
vn -0.212637 -0.923859 0.318230
vn -0.308641 -0.831490 0.461914
vn -0.392805 -0.707182 0.587875
vn -0.461924 -0.555611 0.691320
vn -0.513281 -0.382674 0.768182
vn -0.544889 -0.195115 0.815491
vn -0.552891 -0.098021 0.827468
vn -0.146465 -0.923859 0.353600
vn -0.212597 -0.831491 0.513250
vn -0.270572 -0.707181 0.653211
vn -0.318180 -0.555610 0.768153
vn -0.353553 -0.382671 0.853559
vn -0.375326 -0.195115 0.906124
vn -0.380838 -0.098029 0.919431
vn -0.074667 -0.923859 0.375379
vn -0.108381 -0.831492 0.544862
vn -0.137938 -0.707181 0.693446
vn -0.162209 -0.555609 0.815467
vn -0.180244 -0.382671 0.906132
vn -0.191343 -0.195114 0.961935
vn -0.194150 -0.098027 0.976062
s 1
g rThigh
usemtl default
f 5490/5490/5490 5491/5491/5491 5492/5492/5492
f 5490/5490/5490 5492/5492/5492 5493/5493/5493
f 5490/5490/5490 5493/5493/5493 5494/5494/5494
f 5490/5490/5490 5494/5494/5494 5495/5495/5495
f 5490/5490/5490 5495/5495/5495 5496/5496/5496
f 5490/5490/5490 5496/5496/5496 5497/5497/5497
f 5490/5490/5490 5497/5497/5497 5498/5498/5498
f 5490/5490/5490 5498/5498/5498 5499/5499/5499
f 5490/5490/5490 5499/5499/5499 5500/5500/5500
f 5490/5490/5490 5500/5500/5500 5501/5501/5501
f 5490/5490/5490 5501/5501/5501 5502/5502/5502
f 5490/5490/5490 5502/5502/5502 5503/5503/5503
f 5490/5490/5490 5503/5503/5503 5504/5504/5504
f 5490/5490/5490 5504/5504/5504 5505/5505/5505
f 5490/5490/5490 5505/5505/5505 5506/5506/5506
f 5490/5490/5490 5506/5506/5506 5507/5507/5507
f 5490/5490/5490 5507/5507/5507 5508/5508/5508
f 5490/5490/5490 5508/5508/5508 5509/5509/5509
f 5490/5490/5490 5509/5509/5509 5510/5510/5510
f 5490/5490/5490 5510/5510/5510 5511/5511/5511
f 5490/5490/5490 5511/5511/5511 5512/5512/5512
f 5490/5490/5490 5512/5512/5512 5513/5513/5513
f 5490/5490/5490 5513/5513/5513 5514/5514/5514
f 5490/5490/5490 5514/5514/5514 5515/5515/5515
f 5490/5490/5490 5515/5515/5515 5516/5516/5516
f 5490/5490/5490 5516/5516/5516 5517/5517/5517
f 5490/5490/5490 5517/5517/5517 5518/5518/5518
f 5490/5490/5490 5518/5518/5518 5519/5519/5519
f 5490/5490/5490 5519/5519/5519 5520/5520/5520
f 5490/5490/5490 5520/5520/5520 5521/5521/5521
f 5490/5490/5490 5521/5521/5521 5522/5522/5522
f 5490/5490/5490 5522/5522/5522 5491/5491/5491
f 5524/5523/5523 5523/5524/5524 5525/5525/5525 5526/5526/5526
f 5526/5526/5526 5525/5525/5525 5527/5527/5527 5528/5528/5528
f 5528/5528/5528 5527/5527/5527 5529/5529/5529 5530/5530/5530
f 5530/5530/5530 5529/5529/5529 5531/5531/5531 5532/5532/5532
f 5532/5532/5532 5531/5531/5531 5533/5533/5533 5534/5534/5534
f 5534/5534/5534 5533/5533/5533 5535/5535/5535 5536/5536/5536
f 5536/5536/5536 5535/5535/5535 5492/5492/5492 5491/5491/5491
f 5523/5524/5524 5537/5537/5537 5538/5538/5538 5525/5525/5525
f 5525/5525/5525 5538/5538/5538 5539/5539/5539 5527/5527/5527
f 5527/5527/5527 5539/5539/5539 5540/5540/5540 5529/5529/5529
f 5529/5529/5529 5540/5540/5540 5541/5541/5541 5531/5531/5531
f 5531/5531/5531 5541/5541/5541 5542/5542/5542 5533/5533/5533
f 5533/5533/5533 5542/5542/5542 5543/5543/5543 5535/5535/5535
f 5535/5535/5535 5543/5543/5543 5493/5493/5493 5492/5492/5492
f 5537/5537/5537 5544/5544/5544 5545/5545/5545 5538/5538/5538
f 5538/5538/5538 5545/5545/5545 5546/5546/5546 5539/5539/5539
f 5539/5539/5539 5546/5546/5546 5547/5547/5547 5540/5540/5540
f 5540/5540/5540 5547/5547/5547 5548/5548/5548 5541/5541/5541
f 5541/5541/5541 5548/5548/5548 5549/5549/5549 5542/5542/5542
f 5542/5542/5542 5549/5549/5549 5550/5550/5550 5543/5543/5543
f 5543/5543/5543 5550/5550/5550 5494/5494/5494 5493/5493/5493
f 5544/5544/5544 5551/5551/5551 5552/5552/5552 5545/5545/5545
f 5545/5545/5545 5552/5552/5552 5553/5553/5553 5546/5546/5546
f 5546/5546/5546 5553/5553/5553 5554/5554/5554 5547/5547/5547
f 5547/5547/5547 5554/5554/5554 5555/5555/5555 5548/5548/5548
f 5548/5548/5548 5555/5555/5555 5556/5556/5556 5549/5549/5549
f 5549/5549/5549 5556/5556/5556 5557/5557/5557 5550/5550/5550
f 5550/5550/5550 5557/5557/5557 5495/5495/5495 5494/5494/5494
f 5551/5551/5551 5558/5558/5558 5559/5559/5559 5552/5552/5552
f 5552/5552/5552 5559/5559/5559 5560/5560/5560 5553/5553/5553
f 5553/5553/5553 5560/5560/5560 5561/5561/5561 5554/5554/5554
f 5554/5554/5554 5561/5561/5561 5562/5562/5562 5555/5555/5555
f 5555/5555/5555 5562/5562/5562 5563/5563/5563 5556/5556/5556
f 5556/5556/5556 5563/5563/5563 5564/5564/5564 5557/5557/5557
f 5557/5557/5557 5564/5564/5564 5496/5496/5496 5495/5495/5495
f 5558/5558/5558 5565/5565/5565 5566/5566/5566 5559/5559/5559
f 5559/5559/5559 5566/5566/5566 5567/5567/5567 5560/5560/5560
f 5560/5560/5560 5567/5567/5567 5568/5568/5568 5561/5561/5561
f 5561/5561/5561 5568/5568/5568 5569/5569/5569 5562/5562/5562
f 5562/5562/5562 5569/5569/5569 5570/5570/5570 5563/5563/5563
f 5563/5563/5563 5570/5570/5570 5571/5571/5571 5564/5564/5564
f 5564/5564/5564 5571/5571/5571 5497/5497/5497 5496/5496/5496
f 5565/5565/5565 5572/5572/5572 5573/5573/5573 5566/5566/5566
f 5566/5566/5566 5573/5573/5573 5574/5574/5574 5567/5567/5567
f 5567/5567/5567 5574/5574/5574 5575/5575/5575 5568/5568/5568
f 5568/5568/5568 5575/5575/5575 5576/5576/5576 5569/5569/5569
f 5569/5569/5569 5576/5576/5576 5577/5577/5577 5570/5570/5570
f 5570/5570/5570 5577/5577/5577 5578/5578/5578 5571/5571/5571
f 5571/5571/5571 5578/5578/5578 5498/5498/5498 5497/5497/5497
f 5572/5572/5572 5579/5579/5579 5580/5580/5580 5573/5573/5573
f 5573/5573/5573 5580/5580/5580 5581/5581/5581 5574/5574/5574
f 5574/5574/5574 5581/5581/5581 5582/5582/5582 5575/5575/5575
f 5575/5575/5575 5582/5582/5582 5583/5583/5583 5576/5576/5576
f 5576/5576/5576 5583/5583/5583 5584/5584/5584 5577/5577/5577
f 5577/5577/5577 5584/5584/5584 5585/5585/5585 5578/5578/5578
f 5578/5578/5578 5585/5585/5585 5499/5499/5499 5498/5498/5498
f 5579/5579/5579 5586/5586/5586 5587/5587/5587 5580/5580/5580
f 5580/5580/5580 5587/5587/5587 5588/5588/5588 5581/5581/5581
f 5581/5581/5581 5588/5588/5588 5589/5589/5589 5582/5582/5582
f 5582/5582/5582 5589/5589/5589 5590/5590/5590 5583/5583/5583
f 5583/5583/5583 5590/5590/5590 5591/5591/5591 5584/5584/5584
f 5584/5584/5584 5591/5591/5591 5592/5592/5592 5585/5585/5585
f 5585/5585/5585 5592/5592/5592 5500/5500/5500 5499/5499/5499
f 5586/5586/5586 5593/5593/5593 5594/5594/5594 5587/5587/5587
f 5587/5587/5587 5594/5594/5594 5595/5595/5595 5588/5588/5588
f 5588/5588/5588 5595/5595/5595 5596/5596/5596 5589/5589/5589
f 5589/5589/5589 5596/5596/5596 5597/5597/5597 5590/5590/5590
f 5590/5590/5590 5597/5597/5597 5598/5598/5598 5591/5591/5591
f 5591/5591/5591 5598/5598/5598 5599/5599/5599 5592/5592/5592
f 5592/5592/5592 5599/5599/5599 5501/5501/5501 5500/5500/5500
f 5593/5593/5593 5600/5600/5600 5601/5601/5601 5594/5594/5594
f 5594/5594/5594 5601/5601/5601 5602/5602/5602 5595/5595/5595
f 5595/5595/5595 5602/5602/5602 5603/5603/5603 5596/5596/5596
f 5596/5596/5596 5603/5603/5603 5604/5604/5604 5597/5597/5597
f 5597/5597/5597 5604/5604/5604 5605/5605/5605 5598/5598/5598
f 5598/5598/5598 5605/5605/5605 5606/5606/5606 5599/5599/5599
f 5599/5599/5599 5606/5606/5606 5502/5502/5502 5501/5501/5501
f 5600/5600/5600 5607/5607/5607 5608/5608/5608 5601/5601/5601
f 5601/5601/5601 5608/5608/5608 5609/5609/5609 5602/5602/5602
f 5602/5602/5602 5609/5609/5609 5610/5610/5610 5603/5603/5603
f 5603/5603/5603 5610/5610/5610 5611/5611/5611 5604/5604/5604
f 5604/5604/5604 5611/5611/5611 5612/5612/5612 5605/5605/5605
f 5605/5605/5605 5612/5612/5612 5613/5613/5613 5606/5606/5606
f 5606/5606/5606 5613/5613/5613 5503/5503/5503 5502/5502/5502
f 5607/5607/5607 5614/5614/5614 5615/5615/5615 5608/5608/5608
f 5608/5608/5608 5615/5615/5615 5616/5616/5616 5609/5609/5609
f 5609/5609/5609 5616/5616/5616 5617/5617/5617 5610/5610/5610
f 5610/5610/5610 5617/5617/5617 5618/5618/5618 5611/5611/5611
f 5611/5611/5611 5618/5618/5618 5619/5619/5619 5612/5612/5612
f 5612/5612/5612 5619/5619/5619 5620/5620/5620 5613/5613/5613
f 5613/5613/5613 5620/5620/5620 5504/5504/5504 5503/5503/5503
f 5614/5614/5614 5621/5621/5621 5622/5622/5622 5615/5615/5615
f 5615/5615/5615 5622/5622/5622 5623/5623/5623 5616/5616/5616
f 5616/5616/5616 5623/5623/5623 5624/5624/5624 5617/5617/5617
f 5617/5617/5617 5624/5624/5624 5625/5625/5625 5618/5618/5618
f 5618/5618/5618 5625/5625/5625 5626/5626/5626 5619/5619/5619
f 5619/5619/5619 5626/5626/5626 5627/5627/5627 5620/5620/5620
f 5620/5620/5620 5627/5627/5627 5505/5505/5505 5504/5504/5504
f 5621/5621/5621 5628/5628/5628 5629/5629/5629 5622/5622/5622
f 5622/5622/5622 5629/5629/5629 5630/5630/5630 5623/5623/5623
f 5623/5623/5623 5630/5630/5630 5631/5631/5631 5624/5624/5624
f 5624/5624/5624 5631/5631/5631 5632/5632/5632 5625/5625/5625
f 5625/5625/5625 5632/5632/5632 5633/5633/5633 5626/5626/5626
f 5626/5626/5626 5633/5633/5633 5634/5634/5634 5627/5627/5627
f 5627/5627/5627 5634/5634/5634 5506/5506/5506 5505/5505/5505
f 5628/5628/5628 5635/5635/5635 5636/5636/5636 5629/5629/5629
f 5629/5629/5629 5636/5636/5636 5637/5637/5637 5630/5630/5630
f 5630/5630/5630 5637/5637/5637 5638/5638/5638 5631/5631/5631
f 5631/5631/5631 5638/5638/5638 5639/5639/5639 5632/5632/5632
f 5632/5632/5632 5639/5639/5639 5640/5640/5640 5633/5633/5633
f 5633/5633/5633 5640/5640/5640 5641/5641/5641 5634/5634/5634
f 5634/5634/5634 5641/5641/5641 5507/5507/5507 5506/5506/5506
f 5635/5635/5635 5642/5642/5642 5643/5643/5643 5636/5636/5636
f 5636/5636/5636 5643/5643/5643 5644/5644/5644 5637/5637/5637
f 5637/5637/5637 5644/5644/5644 5645/5645/5645 5638/5638/5638
f 5638/5638/5638 5645/5645/5645 5646/5646/5646 5639/5639/5639
f 5639/5639/5639 5646/5646/5646 5647/5647/5647 5640/5640/5640
f 5640/5640/5640 5647/5647/5647 5648/5648/5648 5641/5641/5641
f 5641/5641/5641 5648/5648/5648 5508/5508/5508 5507/5507/5507
f 5642/5642/5642 5649/5649/5649 5650/5650/5650 5643/5643/5643
f 5643/5643/5643 5650/5650/5650 5651/5651/5651 5644/5644/5644
f 5644/5644/5644 5651/5651/5651 5652/5652/5652 5645/5645/5645
f 5645/5645/5645 5652/5652/5652 5653/5653/5653 5646/5646/5646
f 5646/5646/5646 5653/5653/5653 5654/5654/5654 5647/5647/5647
f 5647/5647/5647 5654/5654/5654 5655/5655/5655 5648/5648/5648
f 5648/5648/5648 5655/5655/5655 5509/5509/5509 5508/5508/5508
f 5649/5649/5649 5656/5656/5656 5657/5657/5657 5650/5650/5650
f 5650/5650/5650 5657/5657/5657 5658/5658/5658 5651/5651/5651
f 5651/5651/5651 5658/5658/5658 5659/5659/5659 5652/5652/5652
f 5652/5652/5652 5659/5659/5659 5660/5660/5660 5653/5653/5653
f 5653/5653/5653 5660/5660/5660 5661/5661/5661 5654/5654/5654
f 5654/5654/5654 5661/5661/5661 5662/5662/5662 5655/5655/5655
f 5655/5655/5655 5662/5662/5662 5510/5510/5510 5509/5509/5509
f 5656/5656/5656 5663/5663/5663 5664/5664/5664 5657/5657/5657
f 5657/5657/5657 5664/5664/5664 5665/5665/5665 5658/5658/5658
f 5658/5658/5658 5665/5665/5665 5666/5666/5666 5659/5659/5659
f 5659/5659/5659 5666/5666/5666 5667/5667/5667 5660/5660/5660
f 5660/5660/5660 5667/5667/5667 5668/5668/5668 5661/5661/5661
f 5661/5661/5661 5668/5668/5668 5669/5669/5669 5662/5662/5662
f 5662/5662/5662 5669/5669/5669 5511/5511/5511 5510/5510/5510
f 5663/5663/5663 5670/5670/5670 5671/5671/5671 5664/5664/5664
f 5664/5664/5664 5671/5671/5671 5672/5672/5672 5665/5665/5665
f 5665/5665/5665 5672/5672/5672 5673/5673/5673 5666/5666/5666
f 5666/5666/5666 5673/5673/5673 5674/5674/5674 5667/5667/5667
f 5667/5667/5667 5674/5674/5674 5675/5675/5675 5668/5668/5668
f 5668/5668/5668 5675/5675/5675 5676/5676/5676 5669/5669/5669
f 5669/5669/5669 5676/5676/5676 5512/5512/5512 5511/5511/5511
f 5670/5670/5670 5677/5677/5677 5678/5678/5678 5671/5671/5671
f 5671/5671/5671 5678/5678/5678 5679/5679/5679 5672/5672/5672
f 5672/5672/5672 5679/5679/5679 5680/5680/5680 5673/5673/5673
f 5673/5673/5673 5680/5680/5680 5681/5681/5681 5674/5674/5674
f 5674/5674/5674 5681/5681/5681 5682/5682/5682 5675/5675/5675
f 5675/5675/5675 5682/5682/5682 5683/5683/5683 5676/5676/5676
f 5676/5676/5676 5683/5683/5683 5513/5513/5513 5512/5512/5512
f 5677/5677/5677 5684/5684/5684 5685/5685/5685 5678/5678/5678
f 5678/5678/5678 5685/5685/5685 5686/5686/5686 5679/5679/5679
f 5679/5679/5679 5686/5686/5686 5687/5687/5687 5680/5680/5680
f 5680/5680/5680 5687/5687/5687 5688/5688/5688 5681/5681/5681
f 5681/5681/5681 5688/5688/5688 5689/5689/5689 5682/5682/5682
f 5682/5682/5682 5689/5689/5689 5690/5690/5690 5683/5683/5683
f 5683/5683/5683 5690/5690/5690 5514/5514/5514 5513/5513/5513
f 5684/5684/5684 5691/5691/5691 5692/5692/5692 5685/5685/5685
f 5685/5685/5685 5692/5692/5692 5693/5693/5693 5686/5686/5686
f 5686/5686/5686 5693/5693/5693 5694/5694/5694 5687/5687/5687
f 5687/5687/5687 5694/5694/5694 5695/5695/5695 5688/5688/5688
f 5688/5688/5688 5695/5695/5695 5696/5696/5696 5689/5689/5689
f 5689/5689/5689 5696/5696/5696 5697/5697/5697 5690/5690/5690
f 5690/5690/5690 5697/5697/5697 5515/5515/5515 5514/5514/5514
f 5691/5691/5691 5698/5698/5698 5699/5699/5699 5692/5692/5692
f 5692/5692/5692 5699/5699/5699 5700/5700/5700 5693/5693/5693
f 5693/5693/5693 5700/5700/5700 5701/5701/5701 5694/5694/5694
f 5694/5694/5694 5701/5701/5701 5702/5702/5702 5695/5695/5695
f 5695/5695/5695 5702/5702/5702 5703/5703/5703 5696/5696/5696
f 5696/5696/5696 5703/5703/5703 5704/5704/5704 5697/5697/5697
f 5697/5697/5697 5704/5704/5704 5516/5516/5516 5515/5515/5515
f 5698/5698/5698 5705/5705/5705 5706/5706/5706 5699/5699/5699
f 5699/5699/5699 5706/5706/5706 5707/5707/5707 5700/5700/5700
f 5700/5700/5700 5707/5707/5707 5708/5708/5708 5701/5701/5701
f 5701/5701/5701 5708/5708/5708 5709/5709/5709 5702/5702/5702
f 5702/5702/5702 5709/5709/5709 5710/5710/5710 5703/5703/5703
f 5703/5703/5703 5710/5710/5710 5711/5711/5711 5704/5704/5704
f 5704/5704/5704 5711/5711/5711 5517/5517/5517 5516/5516/5516
f 5705/5705/5705 5712/5712/5712 5713/5713/5713 5706/5706/5706
f 5706/5706/5706 5713/5713/5713 5714/5714/5714 5707/5707/5707
f 5707/5707/5707 5714/5714/5714 5715/5715/5715 5708/5708/5708
f 5708/5708/5708 5715/5715/5715 5716/5716/5716 5709/5709/5709
f 5709/5709/5709 5716/5716/5716 5717/5717/5717 5710/5710/5710
f 5710/5710/5710 5717/5717/5717 5718/5718/5718 5711/5711/5711
f 5711/5711/5711 5718/5718/5718 5518/5518/5518 5517/5517/5517
f 5712/5712/5712 5719/5719/5719 5720/5720/5720 5713/5713/5713
f 5713/5713/5713 5720/5720/5720 5721/5721/5721 5714/5714/5714
f 5714/5714/5714 5721/5721/5721 5722/5722/5722 5715/5715/5715
f 5715/5715/5715 5722/5722/5722 5723/5723/5723 5716/5716/5716
f 5716/5716/5716 5723/5723/5723 5724/5724/5724 5717/5717/5717
f 5717/5717/5717 5724/5724/5724 5725/5725/5725 5718/5718/5718
f 5718/5718/5718 5725/5725/5725 5519/5519/5519 5518/5518/5518
f 5719/5719/5719 5726/5726/5726 5727/5727/5727 5720/5720/5720
f 5720/5720/5720 5727/5727/5727 5728/5728/5728 5721/5721/5721
f 5721/5721/5721 5728/5728/5728 5729/5729/5729 5722/5722/5722
f 5722/5722/5722 5729/5729/5729 5730/5730/5730 5723/5723/5723
f 5723/5723/5723 5730/5730/5730 5731/5731/5731 5724/5724/5724
f 5724/5724/5724 5731/5731/5731 5732/5732/5732 5725/5725/5725
f 5725/5725/5725 5732/5732/5732 5520/5520/5520 5519/5519/5519
f 5726/5726/5726 5733/5733/5733 5734/5734/5734 5727/5727/5727
f 5727/5727/5727 5734/5734/5734 5735/5735/5735 5728/5728/5728
f 5728/5728/5728 5735/5735/5735 5736/5736/5736 5729/5729/5729
f 5729/5729/5729 5736/5736/5736 5737/5737/5737 5730/5730/5730
f 5730/5730/5730 5737/5737/5737 5738/5738/5738 5731/5731/5731
f 5731/5731/5731 5738/5738/5738 5739/5739/5739 5732/5732/5732
f 5732/5732/5732 5739/5739/5739 5521/5521/5521 5520/5520/5520
f 5733/5733/5733 5740/5740/5740 5741/5741/5741 5734/5734/5734
f 5734/5734/5734 5741/5741/5741 5742/5742/5742 5735/5735/5735
f 5735/5735/5735 5742/5742/5742 5743/5743/5743 5736/5736/5736
f 5736/5736/5736 5743/5743/5743 5744/5744/5744 5737/5737/5737
f 5737/5737/5737 5744/5744/5744 5745/5745/5745 5738/5738/5738
f 5738/5738/5738 5745/5745/5745 5746/5746/5746 5739/5739/5739
f 5739/5739/5739 5746/5746/5746 5522/5522/5522 5521/5521/5521
f 5740/5740/5740 5524/5523/5523 5526/5526/5526 5741/5741/5741
f 5741/5741/5741 5526/5526/5526 5528/5528/5528 5742/5742/5742
f 5742/5742/5742 5528/5528/5528 5530/5530/5530 5743/5743/5743
f 5743/5743/5743 5530/5530/5530 5532/5532/5532 5744/5744/5744
f 5744/5744/5744 5532/5532/5532 5534/5534/5534 5745/5745/5745
f 5745/5745/5745 5534/5534/5534 5536/5536/5536 5746/5746/5746
f 5746/5746/5746 5536/5536/5536 5491/5491/5491 5522/5522/5522
f 5635/5635/5635 5628/5628/5628 5748/5747/5747 5747/5748/5748
f 5628/5628/5628 5621/5621/5621 5749/5749/5749 5748/5747/5747
f 5621/5621/5621 5614/5614/5614 5750/5750/5750 5749/5749/5749
f 5614/5614/5614 5607/5607/5607 5751/5751/5751 5750/5750/5750
f 5607/5607/5607 5600/5600/5600 5752/5752/5752 5751/5751/5751
f 5600/5600/5600 5593/5593/5593 5753/5753/5753 5752/5752/5752
f 5593/5593/5593 5586/5586/5586 5754/5754/5754 5753/5753/5753
f 5586/5586/5586 5579/5579/5579 5755/5755/5755 5754/5754/5754
f 5579/5579/5579 5572/5572/5572 5756/5756/5756 5755/5755/5755
f 5572/5572/5572 5565/5565/5565 5757/5757/5757 5756/5756/5756
f 5565/5565/5565 5558/5558/5558 5758/5758/5758 5757/5757/5757
f 5558/5558/5558 5551/5551/5551 5759/5759/5759 5758/5758/5758
f 5551/5551/5551 5544/5544/5544 5760/5760/5760 5759/5759/5759
f 5544/5544/5544 5537/5537/5537 5761/5761/5761 5760/5760/5760
f 5537/5537/5537 5523/5524/5524 5762/5762/5762 5761/5761/5761
f 5523/5524/5524 5524/5523/5523 5763/5763/5763 5762/5762/5762
f 5524/5523/5523 5740/5740/5740 5764/5764/5764 5763/5763/5763
f 5740/5740/5740 5733/5733/5733 5765/5765/5765 5764/5764/5764
f 5733/5733/5733 5726/5726/5726 5766/5766/5766 5765/5765/5765
f 5726/5726/5726 5719/5719/5719 5767/5767/5767 5766/5766/5766
f 5719/5719/5719 5712/5712/5712 5768/5768/5768 5767/5767/5767
f 5712/5712/5712 5705/5705/5705 5769/5769/5769 5768/5768/5768
f 5705/5705/5705 5698/5698/5698 5770/5770/5770 5769/5769/5769
f 5698/5698/5698 5691/5691/5691 5771/5771/5771 5770/5770/5770
f 5691/5691/5691 5684/5684/5684 5772/5772/5772 5771/5771/5771
f 5684/5684/5684 5677/5677/5677 5773/5773/5773 5772/5772/5772
f 5677/5677/5677 5670/5670/5670 5774/5774/5774 5773/5773/5773
f 5670/5670/5670 5663/5663/5663 5775/5775/5775 5774/5774/5774
f 5663/5663/5663 5656/5656/5656 5776/5776/5776 5775/5775/5775
f 5656/5656/5656 5649/5649/5649 5777/5777/5777 5776/5776/5776
f 5649/5649/5649 5642/5642/5642 5778/5778/5778 5777/5777/5777
f 5642/5642/5642 5635/5635/5635 5747/5748/5748 5778/5778/5778
s 2
f 5779/5779/5779 5780/5780/5780 5781/5781/5781
f 5779/5779/5779 5782/5782/5782 5780/5780/5780
f 5779/5779/5779 5783/5783/5783 5782/5782/5782
f 5779/5779/5779 5784/5784/5784 5783/5783/5783
f 5779/5779/5779 5785/5785/5785 5784/5784/5784
f 5779/5779/5779 5786/5786/5786 5785/5785/5785
f 5779/5779/5779 5787/5787/5787 5786/5786/5786
f 5779/5779/5779 5788/5788/5788 5787/5787/5787
f 5779/5779/5779 5789/5789/5789 5788/5788/5788
f 5779/5779/5779 5790/5790/5790 5789/5789/5789
f 5779/5779/5779 5791/5791/5791 5790/5790/5790
f 5779/5779/5779 5792/5792/5792 5791/5791/5791
f 5779/5779/5779 5793/5793/5793 5792/5792/5792
f 5779/5779/5779 5794/5794/5794 5793/5793/5793
f 5779/5779/5779 5795/5795/5795 5794/5794/5794
f 5779/5779/5779 5796/5796/5796 5795/5795/5795
f 5779/5779/5779 5797/5797/5797 5796/5796/5796
f 5779/5779/5779 5798/5798/5798 5797/5797/5797
f 5779/5779/5779 5799/5799/5799 5798/5798/5798
f 5779/5779/5779 5800/5800/5800 5799/5799/5799
f 5779/5779/5779 5801/5801/5801 5800/5800/5800
f 5779/5779/5779 5802/5802/5802 5801/5801/5801
f 5779/5779/5779 5803/5803/5803 5802/5802/5802
f 5779/5779/5779 5804/5804/5804 5803/5803/5803
f 5779/5779/5779 5805/5805/5805 5804/5804/5804
f 5779/5779/5779 5806/5806/5806 5805/5805/5805
f 5779/5779/5779 5807/5807/5807 5806/5806/5806
f 5779/5779/5779 5808/5808/5808 5807/5807/5807
f 5779/5779/5779 5809/5809/5809 5808/5808/5808
f 5779/5779/5779 5810/5810/5810 5809/5809/5809
f 5779/5779/5779 5811/5811/5811 5810/5810/5810
f 5779/5779/5779 5781/5781/5781 5811/5811/5811
f 5781/5781/5781 5780/5780/5780 5812/5812/5812 5813/5813/5813
f 5813/5813/5813 5812/5812/5812 5814/5814/5814 5815/5815/5815
f 5815/5815/5815 5814/5814/5814 5816/5816/5816 5817/5817/5817
f 5817/5817/5817 5816/5816/5816 5818/5818/5818 5819/5819/5819
f 5819/5819/5819 5818/5818/5818 5820/5820/5820 5821/5821/5821
f 5821/5821/5821 5820/5820/5820 5822/5822/5822 5823/5823/5823
f 5823/5823/5823 5822/5822/5822 5824/5824/5824 5825/5825/5825
f 5780/5780/5780 5782/5782/5782 5826/5826/5826 5812/5812/5812
f 5812/5812/5812 5826/5826/5826 5827/5827/5827 5814/5814/5814
f 5814/5814/5814 5827/5827/5827 5828/5828/5828 5816/5816/5816
f 5816/5816/5816 5828/5828/5828 5829/5829/5829 5818/5818/5818
f 5818/5818/5818 5829/5829/5829 5830/5830/5830 5820/5820/5820
f 5820/5820/5820 5830/5830/5830 5831/5831/5831 5822/5822/5822
f 5822/5822/5822 5831/5831/5831 5832/5832/5832 5824/5824/5824
f 5782/5782/5782 5783/5783/5783 5833/5833/5833 5826/5826/5826
f 5826/5826/5826 5833/5833/5833 5834/5834/5834 5827/5827/5827
f 5827/5827/5827 5834/5834/5834 5835/5835/5835 5828/5828/5828
f 5828/5828/5828 5835/5835/5835 5836/5836/5836 5829/5829/5829
f 5829/5829/5829 5836/5836/5836 5837/5837/5837 5830/5830/5830
f 5830/5830/5830 5837/5837/5837 5838/5838/5838 5831/5831/5831
f 5831/5831/5831 5838/5838/5838 5839/5839/5839 5832/5832/5832
f 5783/5783/5783 5784/5784/5784 5840/5840/5840 5833/5833/5833
f 5833/5833/5833 5840/5840/5840 5841/5841/5841 5834/5834/5834
f 5834/5834/5834 5841/5841/5841 5842/5842/5842 5835/5835/5835
f 5835/5835/5835 5842/5842/5842 5843/5843/5843 5836/5836/5836
f 5836/5836/5836 5843/5843/5843 5844/5844/5844 5837/5837/5837
f 5837/5837/5837 5844/5844/5844 5845/5845/5845 5838/5838/5838
f 5838/5838/5838 5845/5845/5845 5846/5846/5846 5839/5839/5839
f 5784/5784/5784 5785/5785/5785 5847/5847/5847 5840/5840/5840
f 5840/5840/5840 5847/5847/5847 5848/5848/5848 5841/5841/5841
f 5841/5841/5841 5848/5848/5848 5849/5849/5849 5842/5842/5842
f 5842/5842/5842 5849/5849/5849 5850/5850/5850 5843/5843/5843
f 5843/5843/5843 5850/5850/5850 5851/5851/5851 5844/5844/5844
f 5844/5844/5844 5851/5851/5851 5852/5852/5852 5845/5845/5845
f 5845/5845/5845 5852/5852/5852 5853/5853/5853 5846/5846/5846
f 5785/5785/5785 5786/5786/5786 5854/5854/5854 5847/5847/5847
f 5847/5847/5847 5854/5854/5854 5855/5855/5855 5848/5848/5848
f 5848/5848/5848 5855/5855/5855 5856/5856/5856 5849/5849/5849
f 5849/5849/5849 5856/5856/5856 5857/5857/5857 5850/5850/5850
f 5850/5850/5850 5857/5857/5857 5858/5858/5858 5851/5851/5851
f 5851/5851/5851 5858/5858/5858 5859/5859/5859 5852/5852/5852
f 5852/5852/5852 5859/5859/5859 5860/5860/5860 5853/5853/5853
f 5786/5786/5786 5787/5787/5787 5861/5861/5861 5854/5854/5854
f 5854/5854/5854 5861/5861/5861 5862/5862/5862 5855/5855/5855
f 5855/5855/5855 5862/5862/5862 5863/5863/5863 5856/5856/5856
f 5856/5856/5856 5863/5863/5863 5864/5864/5864 5857/5857/5857
f 5857/5857/5857 5864/5864/5864 5865/5865/5865 5858/5858/5858
f 5858/5858/5858 5865/5865/5865 5866/5866/5866 5859/5859/5859
f 5859/5859/5859 5866/5866/5866 5867/5867/5867 5860/5860/5860
f 5787/5787/5787 5788/5788/5788 5868/5868/5868 5861/5861/5861
f 5861/5861/5861 5868/5868/5868 5869/5869/5869 5862/5862/5862
f 5862/5862/5862 5869/5869/5869 5870/5870/5870 5863/5863/5863
f 5863/5863/5863 5870/5870/5870 5871/5871/5871 5864/5864/5864
f 5864/5864/5864 5871/5871/5871 5872/5872/5872 5865/5865/5865
f 5865/5865/5865 5872/5872/5872 5873/5873/5873 5866/5866/5866
f 5866/5866/5866 5873/5873/5873 5874/5874/5874 5867/5867/5867
f 5788/5788/5788 5789/5789/5789 5875/5875/5875 5868/5868/5868
f 5868/5868/5868 5875/5875/5875 5876/5876/5876 5869/5869/5869
f 5869/5869/5869 5876/5876/5876 5877/5877/5877 5870/5870/5870
f 5870/5870/5870 5877/5877/5877 5878/5878/5878 5871/5871/5871
f 5871/5871/5871 5878/5878/5878 5879/5879/5879 5872/5872/5872
f 5872/5872/5872 5879/5879/5879 5880/5880/5880 5873/5873/5873
f 5873/5873/5873 5880/5880/5880 5881/5881/5881 5874/5874/5874
f 5789/5789/5789 5790/5790/5790 5882/5882/5882 5875/5875/5875
f 5875/5875/5875 5882/5882/5882 5883/5883/5883 5876/5876/5876
f 5876/5876/5876 5883/5883/5883 5884/5884/5884 5877/5877/5877
f 5877/5877/5877 5884/5884/5884 5885/5885/5885 5878/5878/5878
f 5878/5878/5878 5885/5885/5885 5886/5886/5886 5879/5879/5879
f 5879/5879/5879 5886/5886/5886 5887/5887/5887 5880/5880/5880
f 5880/5880/5880 5887/5887/5887 5888/5888/5888 5881/5881/5881
f 5790/5790/5790 5791/5791/5791 5889/5889/5889 5882/5882/5882
f 5882/5882/5882 5889/5889/5889 5890/5890/5890 5883/5883/5883
f 5883/5883/5883 5890/5890/5890 5891/5891/5891 5884/5884/5884
f 5884/5884/5884 5891/5891/5891 5892/5892/5892 5885/5885/5885
f 5885/5885/5885 5892/5892/5892 5893/5893/5893 5886/5886/5886
f 5886/5886/5886 5893/5893/5893 5894/5894/5894 5887/5887/5887
f 5887/5887/5887 5894/5894/5894 5895/5895/5895 5888/5888/5888
f 5791/5791/5791 5792/5792/5792 5896/5896/5896 5889/5889/5889
f 5889/5889/5889 5896/5896/5896 5897/5897/5897 5890/5890/5890
f 5890/5890/5890 5897/5897/5897 5898/5898/5898 5891/5891/5891
f 5891/5891/5891 5898/5898/5898 5899/5899/5899 5892/5892/5892
f 5892/5892/5892 5899/5899/5899 5900/5900/5900 5893/5893/5893
f 5893/5893/5893 5900/5900/5900 5901/5901/5901 5894/5894/5894
f 5894/5894/5894 5901/5901/5901 5902/5902/5902 5895/5895/5895
f 5792/5792/5792 5793/5793/5793 5903/5903/5903 5896/5896/5896
f 5896/5896/5896 5903/5903/5903 5904/5904/5904 5897/5897/5897
f 5897/5897/5897 5904/5904/5904 5905/5905/5905 5898/5898/5898
f 5898/5898/5898 5905/5905/5905 5906/5906/5906 5899/5899/5899
f 5899/5899/5899 5906/5906/5906 5907/5907/5907 5900/5900/5900
f 5900/5900/5900 5907/5907/5907 5908/5908/5908 5901/5901/5901
f 5901/5901/5901 5908/5908/5908 5909/5909/5909 5902/5902/5902
f 5793/5793/5793 5794/5794/5794 5910/5910/5910 5903/5903/5903
f 5903/5903/5903 5910/5910/5910 5911/5911/5911 5904/5904/5904
f 5904/5904/5904 5911/5911/5911 5912/5912/5912 5905/5905/5905
f 5905/5905/5905 5912/5912/5912 5913/5913/5913 5906/5906/5906
f 5906/5906/5906 5913/5913/5913 5914/5914/5914 5907/5907/5907
f 5907/5907/5907 5914/5914/5914 5915/5915/5915 5908/5908/5908
f 5908/5908/5908 5915/5915/5915 5916/5916/5916 5909/5909/5909
f 5794/5794/5794 5795/5795/5795 5917/5917/5917 5910/5910/5910
f 5910/5910/5910 5917/5917/5917 5918/5918/5918 5911/5911/5911
f 5911/5911/5911 5918/5918/5918 5919/5919/5919 5912/5912/5912
f 5912/5912/5912 5919/5919/5919 5920/5920/5920 5913/5913/5913
f 5913/5913/5913 5920/5920/5920 5921/5921/5921 5914/5914/5914
f 5914/5914/5914 5921/5921/5921 5922/5922/5922 5915/5915/5915
f 5915/5915/5915 5922/5922/5922 5923/5923/5923 5916/5916/5916
f 5795/5795/5795 5796/5796/5796 5924/5924/5924 5917/5917/5917
f 5917/5917/5917 5924/5924/5924 5925/5925/5925 5918/5918/5918
f 5918/5918/5918 5925/5925/5925 5926/5926/5926 5919/5919/5919
f 5919/5919/5919 5926/5926/5926 5927/5927/5927 5920/5920/5920
f 5920/5920/5920 5927/5927/5927 5928/5928/5928 5921/5921/5921
f 5921/5921/5921 5928/5928/5928 5929/5929/5929 5922/5922/5922
f 5922/5922/5922 5929/5929/5929 5930/5930/5930 5923/5923/5923
f 5796/5796/5796 5797/5797/5797 5931/5931/5931 5924/5924/5924
f 5924/5924/5924 5931/5931/5931 5932/5932/5932 5925/5925/5925
f 5925/5925/5925 5932/5932/5932 5933/5933/5933 5926/5926/5926
f 5926/5926/5926 5933/5933/5933 5934/5934/5934 5927/5927/5927
f 5927/5927/5927 5934/5934/5934 5935/5935/5935 5928/5928/5928
f 5928/5928/5928 5935/5935/5935 5936/5936/5936 5929/5929/5929
f 5929/5929/5929 5936/5936/5936 5937/5937/5937 5930/5930/5930
f 5797/5797/5797 5798/5798/5798 5938/5938/5938 5931/5931/5931
f 5931/5931/5931 5938/5938/5938 5939/5939/5939 5932/5932/5932
f 5932/5932/5932 5939/5939/5939 5940/5940/5940 5933/5933/5933
f 5933/5933/5933 5940/5940/5940 5941/5941/5941 5934/5934/5934
f 5934/5934/5934 5941/5941/5941 5942/5942/5942 5935/5935/5935
f 5935/5935/5935 5942/5942/5942 5943/5943/5943 5936/5936/5936
f 5936/5936/5936 5943/5943/5943 5944/5944/5944 5937/5937/5937
f 5798/5798/5798 5799/5799/5799 5945/5945/5945 5938/5938/5938
f 5938/5938/5938 5945/5945/5945 5946/5946/5946 5939/5939/5939
f 5939/5939/5939 5946/5946/5946 5947/5947/5947 5940/5940/5940
f 5940/5940/5940 5947/5947/5947 5948/5948/5948 5941/5941/5941
f 5941/5941/5941 5948/5948/5948 5949/5949/5949 5942/5942/5942
f 5942/5942/5942 5949/5949/5949 5950/5950/5950 5943/5943/5943
f 5943/5943/5943 5950/5950/5950 5951/5951/5951 5944/5944/5944
f 5799/5799/5799 5800/5800/5800 5952/5952/5952 5945/5945/5945
f 5945/5945/5945 5952/5952/5952 5953/5953/5953 5946/5946/5946
f 5946/5946/5946 5953/5953/5953 5954/5954/5954 5947/5947/5947
f 5947/5947/5947 5954/5954/5954 5955/5955/5955 5948/5948/5948
f 5948/5948/5948 5955/5955/5955 5956/5956/5956 5949/5949/5949
f 5949/5949/5949 5956/5956/5956 5957/5957/5957 5950/5950/5950
f 5950/5950/5950 5957/5957/5957 5958/5958/5958 5951/5951/5951
f 5800/5800/5800 5801/5801/5801 5959/5959/5959 5952/5952/5952
f 5952/5952/5952 5959/5959/5959 5960/5960/5960 5953/5953/5953
f 5953/5953/5953 5960/5960/5960 5961/5961/5961 5954/5954/5954
f 5954/5954/5954 5961/5961/5961 5962/5962/5962 5955/5955/5955
f 5955/5955/5955 5962/5962/5962 5963/5963/5963 5956/5956/5956
f 5956/5956/5956 5963/5963/5963 5964/5964/5964 5957/5957/5957
f 5957/5957/5957 5964/5964/5964 5965/5965/5965 5958/5958/5958
f 5801/5801/5801 5802/5802/5802 5966/5966/5966 5959/5959/5959
f 5959/5959/5959 5966/5966/5966 5967/5967/5967 5960/5960/5960
f 5960/5960/5960 5967/5967/5967 5968/5968/5968 5961/5961/5961
f 5961/5961/5961 5968/5968/5968 5969/5969/5969 5962/5962/5962
f 5962/5962/5962 5969/5969/5969 5970/5970/5970 5963/5963/5963
f 5963/5963/5963 5970/5970/5970 5971/5971/5971 5964/5964/5964
f 5964/5964/5964 5971/5971/5971 5972/5972/5972 5965/5965/5965
f 5802/5802/5802 5803/5803/5803 5973/5973/5973 5966/5966/5966
f 5966/5966/5966 5973/5973/5973 5974/5974/5974 5967/5967/5967
f 5967/5967/5967 5974/5974/5974 5975/5975/5975 5968/5968/5968
f 5968/5968/5968 5975/5975/5975 5976/5976/5976 5969/5969/5969
f 5969/5969/5969 5976/5976/5976 5977/5977/5977 5970/5970/5970
f 5970/5970/5970 5977/5977/5977 5978/5978/5978 5971/5971/5971
f 5971/5971/5971 5978/5978/5978 5979/5979/5979 5972/5972/5972
f 5803/5803/5803 5804/5804/5804 5980/5980/5980 5973/5973/5973
f 5973/5973/5973 5980/5980/5980 5981/5981/5981 5974/5974/5974
f 5974/5974/5974 5981/5981/5981 5982/5982/5982 5975/5975/5975
f 5975/5975/5975 5982/5982/5982 5983/5983/5983 5976/5976/5976
f 5976/5976/5976 5983/5983/5983 5984/5984/5984 5977/5977/5977
f 5977/5977/5977 5984/5984/5984 5985/5985/5985 5978/5978/5978
f 5978/5978/5978 5985/5985/5985 5986/5986/5986 5979/5979/5979
f 5804/5804/5804 5805/5805/5805 5987/5987/5987 5980/5980/5980
f 5980/5980/5980 5987/5987/5987 5988/5988/5988 5981/5981/5981
f 5981/5981/5981 5988/5988/5988 5989/5989/5989 5982/5982/5982
f 5982/5982/5982 5989/5989/5989 5990/5990/5990 5983/5983/5983
f 5983/5983/5983 5990/5990/5990 5991/5991/5991 5984/5984/5984
f 5984/5984/5984 5991/5991/5991 5992/5992/5992 5985/5985/5985
f 5985/5985/5985 5992/5992/5992 5993/5993/5993 5986/5986/5986
f 5805/5805/5805 5806/5806/5806 5994/5994/5994 5987/5987/5987
f 5987/5987/5987 5994/5994/5994 5995/5995/5995 5988/5988/5988
f 5988/5988/5988 5995/5995/5995 5996/5996/5996 5989/5989/5989
f 5989/5989/5989 5996/5996/5996 5997/5997/5997 5990/5990/5990
f 5990/5990/5990 5997/5997/5997 5998/5998/5998 5991/5991/5991
f 5991/5991/5991 5998/5998/5998 5999/5999/5999 5992/5992/5992
f 5992/5992/5992 5999/5999/5999 6000/6000/6000 5993/5993/5993
f 5806/5806/5806 5807/5807/5807 6001/6001/6001 5994/5994/5994
f 5994/5994/5994 6001/6001/6001 6002/6002/6002 5995/5995/5995
f 5995/5995/5995 6002/6002/6002 6003/6003/6003 5996/5996/5996
f 5996/5996/5996 6003/6003/6003 6004/6004/6004 5997/5997/5997
f 5997/5997/5997 6004/6004/6004 6005/6005/6005 5998/5998/5998
f 5998/5998/5998 6005/6005/6005 6006/6006/6006 5999/5999/5999
f 5999/5999/5999 6006/6006/6006 6007/6007/6007 6000/6000/6000
f 5807/5807/5807 5808/5808/5808 6008/6008/6008 6001/6001/6001
f 6001/6001/6001 6008/6008/6008 6009/6009/6009 6002/6002/6002
f 6002/6002/6002 6009/6009/6009 6010/6010/6010 6003/6003/6003
f 6003/6003/6003 6010/6010/6010 6011/6011/6011 6004/6004/6004
f 6004/6004/6004 6011/6011/6011 6012/6012/6012 6005/6005/6005
f 6005/6005/6005 6012/6012/6012 6013/6013/6013 6006/6006/6006
f 6006/6006/6006 6013/6013/6013 6014/6014/6014 6007/6007/6007
f 5808/5808/5808 5809/5809/5809 6015/6015/6015 6008/6008/6008
f 6008/6008/6008 6015/6015/6015 6016/6016/6016 6009/6009/6009
f 6009/6009/6009 6016/6016/6016 6017/6017/6017 6010/6010/6010
f 6010/6010/6010 6017/6017/6017 6018/6018/6018 6011/6011/6011
f 6011/6011/6011 6018/6018/6018 6019/6019/6019 6012/6012/6012
f 6012/6012/6012 6019/6019/6019 6020/6020/6020 6013/6013/6013
f 6013/6013/6013 6020/6020/6020 6021/6021/6021 6014/6014/6014
f 5809/5809/5809 5810/5810/5810 6022/6022/6022 6015/6015/6015
f 6015/6015/6015 6022/6022/6022 6023/6023/6023 6016/6016/6016
f 6016/6016/6016 6023/6023/6023 6024/6024/6024 6017/6017/6017
f 6017/6017/6017 6024/6024/6024 6025/6025/6025 6018/6018/6018
f 6018/6018/6018 6025/6025/6025 6026/6026/6026 6019/6019/6019
f 6019/6019/6019 6026/6026/6026 6027/6027/6027 6020/6020/6020
f 6020/6020/6020 6027/6027/6027 6028/6028/6028 6021/6021/6021
f 5810/5810/5810 5811/5811/5811 6029/6029/6029 6022/6022/6022
f 6022/6022/6022 6029/6029/6029 6030/6030/6030 6023/6023/6023
f 6023/6023/6023 6030/6030/6030 6031/6031/6031 6024/6024/6024
f 6024/6024/6024 6031/6031/6031 6032/6032/6032 6025/6025/6025
f 6025/6025/6025 6032/6032/6032 6033/6033/6033 6026/6026/6026
f 6026/6026/6026 6033/6033/6033 6034/6034/6034 6027/6027/6027
f 6027/6027/6027 6034/6034/6034 6035/6035/6035 6028/6028/6028
f 5811/5811/5811 5781/5781/5781 5813/5813/5813 6029/6029/6029
f 6029/6029/6029 5813/5813/5813 5815/5815/5815 6030/6030/6030
f 6030/6030/6030 5815/5815/5815 5817/5817/5817 6031/6031/6031
f 6031/6031/6031 5817/5817/5817 5819/5819/5819 6032/6032/6032
f 6032/6032/6032 5819/5819/5819 5821/5821/5821 6033/6033/6033
f 6033/6033/6033 5821/5821/5821 5823/5823/5823 6034/6034/6034
f 6034/6034/6034 5823/5823/5823 5825/5825/5825 6035/6035/6035
g default
v 0.036000 0.383606 -0.009000
v 0.036000 0.383134 -0.004200
v 0.036936 0.383134 -0.004292
v 0.037837 0.383134 -0.004565
v 0.038667 0.383134 -0.005009
v 0.039394 0.383134 -0.005606
v 0.039991 0.383134 -0.006333
v 0.040435 0.383134 -0.007163
v 0.040708 0.383134 -0.008063
v 0.040800 0.383134 -0.009000
v 0.040708 0.383134 -0.009937
v 0.040435 0.383134 -0.010837
v 0.039991 0.383134 -0.011667
v 0.039394 0.383134 -0.012394
v 0.038667 0.383134 -0.012991
v 0.037837 0.383134 -0.013435
v 0.036936 0.383134 -0.013708
v 0.036000 0.383134 -0.013800
v 0.035064 0.383134 -0.013708
v 0.034163 0.383134 -0.013435
v 0.033333 0.383134 -0.012991
v 0.032606 0.383134 -0.012394
v 0.032009 0.383134 -0.011667
v 0.031565 0.383134 -0.010837
v 0.031292 0.383134 -0.009937
v 0.031199 0.383134 -0.009000
v 0.031292 0.383134 -0.008063
v 0.031565 0.383134 -0.007163
v 0.032009 0.383134 -0.006333
v 0.032606 0.383134 -0.005606
v 0.033333 0.383134 -0.005009
v 0.034163 0.383134 -0.004565
v 0.035064 0.383134 -0.004292
v 0.040800 0.359000 0.015134
v 0.036000 0.359000 0.015606
v 0.040708 0.363800 0.014670
v 0.036000 0.363800 0.015134
v 0.040435 0.368416 0.013296
v 0.036000 0.368416 0.013733
v 0.039991 0.372671 0.011066
v 0.036000 0.372671 0.011459
v 0.039394 0.376399 0.008065
v 0.036000 0.376399 0.008399
v 0.038667 0.379459 0.004408
v 0.036000 0.379459 0.004671
v 0.037837 0.381733 0.000235
v 0.036000 0.381733 0.000416
v 0.045416 0.359000 0.013733
v 0.045235 0.363800 0.013296
v 0.044700 0.368416 0.012003
v 0.043830 0.372671 0.009902
v 0.042658 0.376399 0.007075
v 0.041232 0.379459 0.003630
v 0.039604 0.381733 -0.000300
v 0.049670 0.359000 0.011459
v 0.049408 0.363800 0.011066
v 0.048630 0.368416 0.009902
v 0.047367 0.372671 0.008011
v 0.045667 0.376399 0.005467
v 0.043595 0.379459 0.002367
v 0.041232 0.381733 -0.001171
v 0.053399 0.359000 0.008399
v 0.053065 0.363800 0.008065
v 0.052075 0.368416 0.007075
v 0.050467 0.372671 0.005467
v 0.048303 0.376399 0.003303
v 0.045667 0.379459 0.000667
v 0.042658 0.381733 -0.002342
v 0.056459 0.359000 0.004671
v 0.056066 0.363800 0.004408
v 0.054902 0.368416 0.003630
v 0.053011 0.372671 0.002367
v 0.050467 0.376399 0.000667
v 0.047367 0.379459 -0.001405
v 0.043830 0.381733 -0.003769
v 0.058733 0.359000 0.000416
v 0.058296 0.363800 0.000235
v 0.057003 0.368416 -0.000300
v 0.054902 0.372671 -0.001171
v 0.052075 0.376399 -0.002342
v 0.048630 0.379459 -0.003769
v 0.044700 0.381733 -0.005396
v 0.060133 0.359000 -0.004200
v 0.059670 0.363800 -0.004292
v 0.058296 0.368416 -0.004565
v 0.056066 0.372671 -0.005009
v 0.053065 0.376399 -0.005606
v 0.049408 0.379459 -0.006333
v 0.045235 0.381733 -0.007163
v 0.060606 0.359000 -0.009000
v 0.060133 0.363800 -0.009000
v 0.058733 0.368416 -0.009000
v 0.056459 0.372671 -0.009000
v 0.053399 0.376399 -0.009000
v 0.049670 0.379459 -0.009000
v 0.045416 0.381733 -0.009000
v 0.060133 0.359000 -0.013800
v 0.059670 0.363800 -0.013708
v 0.058296 0.368416 -0.013435
v 0.056066 0.372671 -0.012991
v 0.053065 0.376399 -0.012394
v 0.049408 0.379459 -0.011667
v 0.045235 0.381733 -0.010837
v 0.058733 0.359000 -0.018416
v 0.058296 0.363800 -0.018236
v 0.057003 0.368416 -0.017700
v 0.054902 0.372671 -0.016829
v 0.052075 0.376399 -0.015658
v 0.048630 0.379459 -0.014232
v 0.044700 0.381733 -0.012603
v 0.056459 0.359000 -0.022670
v 0.056066 0.363800 -0.022408
v 0.054902 0.368416 -0.021630
v 0.053011 0.372671 -0.020367
v 0.050467 0.376399 -0.018667
v 0.047367 0.379459 -0.016595
v 0.043830 0.381733 -0.014232
v 0.053399 0.359000 -0.026399
v 0.053065 0.363800 -0.026065
v 0.052075 0.368416 -0.025075
v 0.050467 0.372671 -0.023467
v 0.048303 0.376399 -0.021303
v 0.045667 0.379459 -0.018667
v 0.042658 0.381733 -0.015658
v 0.049670 0.359000 -0.029459
v 0.049408 0.363800 -0.029066
v 0.048630 0.368416 -0.027902
v 0.047367 0.372671 -0.026011
v 0.045667 0.376399 -0.023467
v 0.043595 0.379459 -0.020367
v 0.041232 0.381733 -0.016829
v 0.045416 0.359000 -0.031733
v 0.045235 0.363800 -0.031296
v 0.044700 0.368416 -0.030003
v 0.043830 0.372671 -0.027902
v 0.042658 0.376399 -0.025075
v 0.041232 0.379459 -0.021630
v 0.039604 0.381733 -0.017700
v 0.040800 0.359000 -0.033133
v 0.040708 0.363800 -0.032670
v 0.040435 0.368416 -0.031296
v 0.039991 0.372671 -0.029066
v 0.039394 0.376399 -0.026065
v 0.038667 0.379459 -0.022408
v 0.037837 0.381733 -0.018236
v 0.036000 0.359000 -0.033606
v 0.036000 0.363800 -0.033133
v 0.036000 0.368416 -0.031733
v 0.036000 0.372671 -0.029459
v 0.036000 0.376399 -0.026399
v 0.036000 0.379459 -0.022670
v 0.036000 0.381733 -0.018416
v 0.031199 0.359000 -0.033133
v 0.031292 0.363800 -0.032670
v 0.031565 0.368416 -0.031296
v 0.032009 0.372671 -0.029066
v 0.032606 0.376399 -0.026065
v 0.033333 0.379459 -0.022408
v 0.034163 0.381733 -0.018236
v 0.026584 0.359000 -0.031733
v 0.026765 0.363800 -0.031296
v 0.027300 0.368416 -0.030003
v 0.028170 0.372671 -0.027902
v 0.029342 0.376399 -0.025075
v 0.030769 0.379459 -0.021630
v 0.032396 0.381733 -0.017700
v 0.022329 0.359000 -0.029459
v 0.022592 0.363800 -0.029066
v 0.023370 0.368416 -0.027902
v 0.024633 0.372671 -0.026011
v 0.026333 0.376399 -0.023467
v 0.028405 0.379459 -0.020367
v 0.030769 0.381733 -0.016829
v 0.018601 0.359000 -0.026399
v 0.018935 0.363800 -0.026065
v 0.019925 0.368416 -0.025075
v 0.021533 0.372671 -0.023467
v 0.023697 0.376399 -0.021303
v 0.026333 0.379459 -0.018667
v 0.029342 0.381733 -0.015658
v 0.015541 0.359000 -0.022670
v 0.015934 0.363800 -0.022408
v 0.017098 0.368416 -0.021630
v 0.018989 0.372671 -0.020367
v 0.021533 0.376399 -0.018667
v 0.024633 0.379459 -0.016595
v 0.028170 0.381733 -0.014232
v 0.013267 0.359000 -0.018416
v 0.013704 0.363800 -0.018236
v 0.014997 0.368416 -0.017700
v 0.017098 0.372671 -0.016829
v 0.019925 0.376399 -0.015658
v 0.023370 0.379459 -0.014232
v 0.027300 0.381733 -0.012603
v 0.011866 0.359000 -0.013800
v 0.012330 0.363800 -0.013708
v 0.013704 0.368416 -0.013435
v 0.015934 0.372671 -0.012991
v 0.018935 0.376399 -0.012394
v 0.022592 0.379459 -0.011667
v 0.026765 0.381733 -0.010837
v 0.011394 0.359000 -0.009000
v 0.011866 0.363800 -0.009000
v 0.013267 0.368416 -0.009000
v 0.015541 0.372671 -0.009000
v 0.018601 0.376399 -0.009000
v 0.022329 0.379459 -0.009000
v 0.026584 0.381733 -0.009000
v 0.011866 0.359000 -0.004200
v 0.012330 0.363800 -0.004292
v 0.013704 0.368416 -0.004565
v 0.015934 0.372671 -0.005009
v 0.018935 0.376399 -0.005606
v 0.022592 0.379459 -0.006333
v 0.026765 0.381733 -0.007163
v 0.013267 0.359000 0.000416
v 0.013704 0.363800 0.000235
v 0.014997 0.368416 -0.000300
v 0.017098 0.372671 -0.001171
v 0.019925 0.376399 -0.002342
v 0.023370 0.379459 -0.003769
v 0.027300 0.381733 -0.005396
v 0.015541 0.359000 0.004671
v 0.015934 0.363800 0.004408
v 0.017098 0.368416 0.003630
v 0.018989 0.372671 0.002367
v 0.021533 0.376399 0.000667
v 0.024633 0.379459 -0.001405
v 0.028170 0.381733 -0.003769
v 0.018601 0.359000 0.008399
v 0.018935 0.363800 0.008065
v 0.019925 0.368416 0.007075
v 0.021533 0.372671 0.005467
v 0.023697 0.376399 0.003303
v 0.026333 0.379459 0.000667
v 0.029342 0.381733 -0.002342
v 0.022329 0.359000 0.011459
v 0.022592 0.363800 0.011066
v 0.023370 0.368416 0.009902
v 0.024633 0.372671 0.008011
v 0.026333 0.376399 0.005467
v 0.028405 0.379459 0.002367
v 0.030769 0.381733 -0.001171
v 0.026584 0.359000 0.013733
v 0.026765 0.363800 0.013296
v 0.027300 0.368416 0.012003
v 0.028170 0.372671 0.009902
v 0.029342 0.376399 0.007075
v 0.030769 0.379459 0.003630
v 0.032396 0.381733 -0.000300
v 0.031199 0.359000 0.015134
v 0.031292 0.363800 0.014670
v 0.031565 0.368416 0.013296
v 0.032009 0.372671 0.011066
v 0.032606 0.376399 0.008065
v 0.033333 0.379459 0.004408
v 0.034163 0.381733 0.000235
v 0.056459 0.208000 -0.019671
v 0.058733 0.208000 -0.015416
v 0.060133 0.208000 -0.010800
v 0.060606 0.208000 -0.006000
v 0.060133 0.208000 -0.001200
v 0.058733 0.208000 0.003416
v 0.056459 0.208000 0.007671
v 0.053399 0.208000 0.011399
v 0.049670 0.208000 0.014459
v 0.045416 0.208000 0.016733
v 0.040800 0.208000 0.018133
v 0.036000 0.208000 0.018606
v 0.031199 0.208000 0.018133
v 0.026584 0.208000 0.016733
v 0.022329 0.208000 0.014459
v 0.018601 0.208000 0.011399
v 0.015541 0.208000 0.007671
v 0.013267 0.208000 0.003416
v 0.011866 0.208000 -0.001200
v 0.011394 0.208000 -0.006000
v 0.011866 0.208000 -0.010800
v 0.013267 0.208000 -0.015416
v 0.015541 0.208000 -0.019671
v 0.018601 0.208000 -0.023399
v 0.022329 0.208000 -0.026459
v 0.026584 0.208000 -0.028733
v 0.031199 0.208000 -0.030134
v 0.036000 0.208000 -0.030606
v 0.040800 0.208000 -0.030134
v 0.045416 0.208000 -0.028733
v 0.049670 0.208000 -0.026459
v 0.053399 0.208000 -0.023399
v 0.036000 0.183394 -0.006000
v 0.036936 0.183866 -0.001292
v 0.036000 0.183866 -0.001200
v 0.037837 0.183866 -0.001565
v 0.038667 0.183866 -0.002009
v 0.039394 0.183866 -0.002606
v 0.039991 0.183866 -0.003333
v 0.040435 0.183866 -0.004163
v 0.040708 0.183866 -0.005063
v 0.040800 0.183866 -0.006000
v 0.040708 0.183866 -0.006937
v 0.040435 0.183866 -0.007837
v 0.039991 0.183866 -0.008667
v 0.039394 0.183866 -0.009394
v 0.038667 0.183866 -0.009991
v 0.037837 0.183866 -0.010435
v 0.036936 0.183866 -0.010708
v 0.036000 0.183866 -0.010801
v 0.035064 0.183866 -0.010708
v 0.034163 0.183866 -0.010435
v 0.033333 0.183866 -0.009991
v 0.032606 0.183866 -0.009394
v 0.032009 0.183866 -0.008667
v 0.031565 0.183866 -0.007837
v 0.031292 0.183866 -0.006937
v 0.031199 0.183866 -0.006000
v 0.031292 0.183866 -0.005063
v 0.031565 0.183866 -0.004163
v 0.032009 0.183866 -0.003333
v 0.032606 0.183866 -0.002606
v 0.033333 0.183866 -0.002009
v 0.034163 0.183866 -0.001565
v 0.035064 0.183866 -0.001292
v 0.037837 0.185267 0.003235
v 0.036000 0.185267 0.003416
v 0.038667 0.187541 0.007408
v 0.036000 0.187541 0.007671
v 0.039394 0.190601 0.011065
v 0.036000 0.190601 0.011399
v 0.039991 0.194329 0.014066
v 0.036000 0.194329 0.014459
v 0.040435 0.198584 0.016296
v 0.036000 0.198584 0.016733
v 0.040708 0.203200 0.017670
v 0.036000 0.203200 0.018134
v 0.040800 0.208000 0.018134
v 0.036000 0.208000 0.018606
v 0.039604 0.185267 0.002700
v 0.041232 0.187541 0.006630
v 0.042658 0.190601 0.010075
v 0.043830 0.194329 0.012902
v 0.044700 0.198584 0.015003
v 0.045235 0.203200 0.016296
v 0.045416 0.208000 0.016733
v 0.041232 0.185267 0.001829
v 0.043595 0.187541 0.005367
v 0.045667 0.190601 0.008467
v 0.047367 0.194329 0.011011
v 0.048630 0.198584 0.012902
v 0.049408 0.203200 0.014066
v 0.049670 0.208000 0.014459
v 0.042658 0.185267 0.000658
v 0.045667 0.187541 0.003667
v 0.048303 0.190601 0.006303
v 0.050467 0.194329 0.008467
v 0.052075 0.198584 0.010075
v 0.053065 0.203200 0.011065
v 0.053399 0.208000 0.011399
v 0.043830 0.185267 -0.000769
v 0.047367 0.187541 0.001595
v 0.050467 0.190601 0.003667
v 0.053011 0.194329 0.005367
v 0.054902 0.198584 0.006630
v 0.056066 0.203200 0.007408
v 0.056459 0.208000 0.007671
v 0.044700 0.185267 -0.002396
v 0.048630 0.187541 -0.000769
v 0.052075 0.190601 0.000658
v 0.054902 0.194329 0.001829
v 0.057003 0.198584 0.002700
v 0.058296 0.203200 0.003235
v 0.058733 0.208000 0.003416
v 0.045235 0.185267 -0.004163
v 0.049408 0.187541 -0.003333
v 0.053065 0.190601 -0.002606
v 0.056066 0.194329 -0.002009
v 0.058296 0.198584 -0.001565
v 0.059670 0.203200 -0.001292
v 0.060133 0.208000 -0.001200
v 0.045416 0.185267 -0.006000
v 0.049670 0.187541 -0.006000
v 0.053399 0.190601 -0.006000
v 0.056459 0.194329 -0.006000
v 0.058733 0.198584 -0.006000
v 0.060133 0.203200 -0.006000
v 0.060606 0.208000 -0.006000
v 0.045235 0.185267 -0.007837
v 0.049408 0.187541 -0.008667
v 0.053065 0.190601 -0.009394
v 0.056066 0.194329 -0.009991
v 0.058296 0.198584 -0.010435
v 0.059670 0.203200 -0.010708
v 0.060133 0.208000 -0.010801
v 0.044700 0.185267 -0.009604
v 0.048630 0.187541 -0.011231
v 0.052075 0.190601 -0.012658
v 0.054902 0.194329 -0.013830
v 0.057003 0.198584 -0.014700
v 0.058296 0.203200 -0.015236
v 0.058733 0.208000 -0.015416
v 0.043830 0.185267 -0.011231
v 0.047367 0.187541 -0.013595
v 0.050467 0.190601 -0.015666
v 0.053011 0.194329 -0.017367
v 0.054902 0.198584 -0.018630
v 0.056066 0.203200 -0.019408
v 0.056459 0.208000 -0.019670
v 0.042658 0.185267 -0.012658
v 0.045667 0.187541 -0.015666
v 0.048303 0.190601 -0.018303
v 0.050467 0.194329 -0.020467
v 0.052075 0.198584 -0.022075
v 0.053065 0.203200 -0.023065
v 0.053399 0.208000 -0.023399
v 0.041232 0.185267 -0.013830
v 0.043595 0.187541 -0.017367
v 0.045667 0.190601 -0.020467
v 0.047367 0.194329 -0.023011
v 0.048630 0.198584 -0.024902
v 0.049408 0.203200 -0.026066
v 0.049670 0.208000 -0.026459
v 0.039604 0.185267 -0.014700
v 0.041232 0.187541 -0.018630
v 0.042658 0.190601 -0.022075
v 0.043830 0.194329 -0.024902
v 0.044700 0.198584 -0.027003
v 0.045235 0.203200 -0.028296
v 0.045416 0.208000 -0.028733
v 0.037837 0.185267 -0.015236
v 0.038667 0.187541 -0.019408
v 0.039394 0.190601 -0.023065
v 0.039991 0.194329 -0.026066
v 0.040435 0.198584 -0.028296
v 0.040708 0.203200 -0.029670
v 0.040800 0.208000 -0.030134
v 0.036000 0.185267 -0.015416
v 0.036000 0.187541 -0.019670
v 0.036000 0.190601 -0.023399
v 0.036000 0.194329 -0.026459
v 0.036000 0.198584 -0.028733
v 0.036000 0.203200 -0.030134
v 0.036000 0.208000 -0.030606
v 0.034163 0.185267 -0.015236
v 0.033333 0.187541 -0.019408
v 0.032606 0.190601 -0.023065
v 0.032009 0.194329 -0.026066
v 0.031565 0.198584 -0.028296
v 0.031292 0.203200 -0.029670
v 0.031199 0.208000 -0.030134
v 0.032396 0.185267 -0.014700
v 0.030769 0.187541 -0.018630
v 0.029342 0.190601 -0.022075
v 0.028170 0.194329 -0.024902
v 0.027300 0.198584 -0.027003
v 0.026765 0.203200 -0.028296
v 0.026584 0.208000 -0.028733
v 0.030769 0.185267 -0.013830
v 0.028405 0.187541 -0.017367
v 0.026333 0.190601 -0.020467
v 0.024633 0.194329 -0.023011
v 0.023370 0.198584 -0.024902
v 0.022592 0.203200 -0.026066
v 0.022329 0.208000 -0.026459
v 0.029342 0.185267 -0.012658
v 0.026333 0.187541 -0.015666
v 0.023697 0.190601 -0.018303
v 0.021533 0.194329 -0.020467
v 0.019925 0.198584 -0.022075
v 0.018935 0.203200 -0.023065
v 0.018601 0.208000 -0.023399
v 0.028170 0.185267 -0.011231
v 0.024633 0.187541 -0.013595
v 0.021533 0.190601 -0.015666
v 0.018989 0.194329 -0.017367
v 0.017098 0.198584 -0.018630
v 0.015934 0.203200 -0.019408
v 0.015541 0.208000 -0.019670
v 0.027300 0.185267 -0.009604
v 0.023370 0.187541 -0.011231
v 0.019925 0.190601 -0.012658
v 0.017098 0.194329 -0.013830
v 0.014997 0.198584 -0.014700
v 0.013704 0.203200 -0.015236
v 0.013267 0.208000 -0.015416
v 0.026765 0.185267 -0.007837
v 0.022592 0.187541 -0.008667
v 0.018935 0.190601 -0.009394
v 0.015934 0.194329 -0.009991
v 0.013704 0.198584 -0.010435
v 0.012330 0.203200 -0.010708
v 0.011866 0.208000 -0.010801
v 0.026584 0.185267 -0.006000
v 0.022329 0.187541 -0.006000
v 0.018601 0.190601 -0.006000
v 0.015541 0.194329 -0.006000
v 0.013267 0.198584 -0.006000
v 0.011866 0.203200 -0.006000
v 0.011394 0.208000 -0.006000
v 0.026765 0.185267 -0.004163
v 0.022592 0.187541 -0.003333
v 0.018935 0.190601 -0.002606
v 0.015934 0.194329 -0.002009
v 0.013704 0.198584 -0.001565
v 0.012330 0.203200 -0.001292
v 0.011866 0.208000 -0.001200
v 0.027300 0.185267 -0.002396
v 0.023370 0.187541 -0.000769
v 0.019925 0.190601 0.000658
v 0.017098 0.194329 0.001829
v 0.014997 0.198584 0.002700
v 0.013704 0.203200 0.003235
v 0.013267 0.208000 0.003416
v 0.028170 0.185267 -0.000769
v 0.024633 0.187541 0.001595
v 0.021533 0.190601 0.003667
v 0.018989 0.194329 0.005367
v 0.017098 0.198584 0.006630
v 0.015934 0.203200 0.007408
v 0.015541 0.208000 0.007671
v 0.029342 0.185267 0.000658
v 0.026333 0.187541 0.003667
v 0.023697 0.190601 0.006303
v 0.021533 0.194329 0.008467
v 0.019925 0.198584 0.010075
v 0.018935 0.203200 0.011065
v 0.018601 0.208000 0.011399
v 0.030769 0.185267 0.001829
v 0.028405 0.187541 0.005367
v 0.026333 0.190601 0.008467
v 0.024633 0.194329 0.011011
v 0.023370 0.198584 0.012902
v 0.022592 0.203200 0.014066
v 0.022329 0.208000 0.014459
v 0.032396 0.185267 0.002700
v 0.030769 0.187541 0.006630
v 0.029342 0.190601 0.010075
v 0.028170 0.194329 0.012902
v 0.027300 0.198584 0.015003
v 0.026765 0.203200 0.016296
v 0.026584 0.208000 0.016733
v 0.034163 0.185267 0.003235
v 0.033333 0.187541 0.007408
v 0.032606 0.190601 0.011065
v 0.032009 0.194329 0.014066
v 0.031565 0.198584 0.016296
v 0.031292 0.203200 0.017670
v 0.031199 0.208000 0.018134
vt 0.564335 0.549316
vt 0.564335 0.548643
vt 0.566009 0.548643
vt 0.567618 0.548643
vt 0.569102 0.548643
vt 0.570401 0.548643
vt 0.571468 0.548643
vt 0.572261 0.548643
vt 0.572749 0.548643
vt 0.572914 0.548643
vt 0.572749 0.548643
vt 0.572261 0.548643
vt 0.571468 0.548643
vt 0.570401 0.548643
vt 0.569102 0.548643
vt 0.567618 0.548643
vt 0.566009 0.548643
vt 0.564335 0.548643
vt 0.562662 0.548643
vt 0.561052 0.548643
vt 0.559569 0.548643
vt 0.558269 0.548643
vt 0.557202 0.548643
vt 0.556410 0.548643
vt 0.555921 0.548643
vt 0.555756 0.548643
vt 0.555921 0.548643
vt 0.556410 0.548643
vt 0.557202 0.548643
vt 0.558269 0.548643
vt 0.559569 0.548643
vt 0.561052 0.548643
vt 0.562662 0.548643
vt 0.564335 0.514222
vt 0.572914 0.514222
vt 0.572749 0.521068
vt 0.564335 0.521068
vt 0.572261 0.527651
vt 0.564335 0.527651
vt 0.571468 0.533720
vt 0.564335 0.533720
vt 0.570401 0.539037
vt 0.564335 0.539037
vt 0.569102 0.543401
vt 0.564335 0.543401
vt 0.567618 0.546645
vt 0.564335 0.546645
vt 0.581163 0.514222
vt 0.580840 0.521068
vt 0.579882 0.527651
vt 0.578327 0.533720
vt 0.576235 0.539037
vt 0.573685 0.543401
vt 0.570775 0.546645
vt 0.588766 0.514222
vt 0.588296 0.521068
vt 0.586906 0.527651
vt 0.584648 0.533720
vt 0.581610 0.539037
vt 0.577908 0.543401
vt 0.573685 0.546645
vt 0.595429 0.514222
vt 0.594832 0.521068
vt 0.593063 0.527651
vt 0.590189 0.533720
vt 0.586322 0.539037
vt 0.581610 0.543401
vt 0.576235 0.546645
vt 0.600898 0.514222
vt 0.600196 0.521068
vt 0.598115 0.527651
vt 0.594736 0.533720
vt 0.590189 0.539037
vt 0.584648 0.543401
vt 0.578327 0.546645
vt 0.604962 0.514222
vt 0.604181 0.521068
vt 0.601869 0.527651
vt 0.598115 0.533720
vt 0.593063 0.539037
vt 0.586906 0.543401
vt 0.579882 0.546645
vt 0.607464 0.514222
vt 0.606635 0.521068
vt 0.604181 0.527651
vt 0.600196 0.533720
vt 0.594832 0.539037
vt 0.588296 0.543401
vt 0.580840 0.546645
vt 0.608309 0.514222
vt 0.607464 0.521068
vt 0.604962 0.527651
vt 0.600898 0.533720
vt 0.595429 0.539037
vt 0.588766 0.543401
vt 0.581163 0.546645
vt 0.607464 0.514222
vt 0.606635 0.521068
vt 0.604181 0.527651
vt 0.600196 0.533720
vt 0.594832 0.539037
vt 0.588296 0.543401
vt 0.580840 0.546645
vt 0.604962 0.514222
vt 0.604181 0.521068
vt 0.601869 0.527651
vt 0.598115 0.533720
vt 0.593063 0.539037
vt 0.586906 0.543401
vt 0.579882 0.546645
vt 0.600898 0.514222
vt 0.600196 0.521068
vt 0.598115 0.527651
vt 0.594736 0.533720
vt 0.590189 0.539037
vt 0.584648 0.543401
vt 0.578327 0.546645
vt 0.595429 0.514222
vt 0.594832 0.521068
vt 0.593063 0.527651
vt 0.590189 0.533720
vt 0.586322 0.539037
vt 0.581610 0.543401
vt 0.576235 0.546645
vt 0.588766 0.514222
vt 0.588296 0.521068
vt 0.586906 0.527651
vt 0.584648 0.533720
vt 0.581610 0.539037
vt 0.577908 0.543401
vt 0.573685 0.546645
vt 0.581163 0.514222
vt 0.580840 0.521068
vt 0.579882 0.527651
vt 0.578327 0.533720
vt 0.576235 0.539037
vt 0.573685 0.543401
vt 0.570775 0.546645
vt 0.572914 0.514222
vt 0.572749 0.521068
vt 0.572261 0.527651
vt 0.571468 0.533720
vt 0.570401 0.539037
vt 0.569102 0.543401
vt 0.567618 0.546645
vt 0.564335 0.514222
vt 0.564335 0.521068
vt 0.564335 0.527651
vt 0.564335 0.533720
vt 0.564335 0.539037
vt 0.564335 0.543401
vt 0.564335 0.546645
vt 0.555756 0.514222
vt 0.555921 0.521068
vt 0.556410 0.527651
vt 0.557202 0.533720
vt 0.558269 0.539037
vt 0.559569 0.543401
vt 0.561052 0.546645
vt 0.547507 0.514222
vt 0.547831 0.521068
vt 0.548788 0.527651
vt 0.550343 0.533720
vt 0.552436 0.539037
vt 0.554986 0.543401
vt 0.557896 0.546645
vt 0.539905 0.514222
vt 0.540374 0.521068
vt 0.541765 0.527651
vt 0.544022 0.533720
vt 0.547060 0.539037
vt 0.550763 0.543401
vt 0.554986 0.546645
vt 0.533241 0.514222
vt 0.533839 0.521068
vt 0.535608 0.527651
vt 0.538481 0.533720
vt 0.542348 0.539037
vt 0.547060 0.543401
vt 0.552436 0.546645
vt 0.527772 0.514222
vt 0.528475 0.521068
vt 0.530556 0.527651
vt 0.533934 0.533720
vt 0.538481 0.539037
vt 0.544022 0.543401
vt 0.550343 0.546645
vt 0.523709 0.514222
vt 0.524490 0.521068
vt 0.526801 0.527651
vt 0.530556 0.533720
vt 0.535608 0.539037
vt 0.541765 0.543401
vt 0.548788 0.546645
vt 0.521207 0.514222
vt 0.522035 0.521068
vt 0.524490 0.527651
vt 0.528475 0.533720
vt 0.533839 0.539037
vt 0.540374 0.543401
vt 0.547831 0.546645
vt 0.520362 0.514222
vt 0.521207 0.521068
vt 0.523709 0.527651
vt 0.527772 0.533720
vt 0.533241 0.539037
vt 0.539905 0.543401
vt 0.547507 0.546645
vt 0.521207 0.514222
vt 0.522035 0.521068
vt 0.524490 0.527651
vt 0.528475 0.533720
vt 0.533839 0.539037
vt 0.540374 0.543401
vt 0.547831 0.546645
vt 0.523709 0.514222
vt 0.524490 0.521068
vt 0.526801 0.527651
vt 0.530556 0.533720
vt 0.535608 0.539037
vt 0.541765 0.543401
vt 0.548788 0.546645
vt 0.527772 0.514222
vt 0.528475 0.521068
vt 0.530556 0.527651
vt 0.533934 0.533720
vt 0.538481 0.539037
vt 0.544022 0.543401
vt 0.550343 0.546645
vt 0.533241 0.514222
vt 0.533839 0.521068
vt 0.535608 0.527651
vt 0.538481 0.533720
vt 0.542349 0.539037
vt 0.547060 0.543401
vt 0.552436 0.546645
vt 0.539905 0.514222
vt 0.540374 0.521068
vt 0.541765 0.527651
vt 0.544022 0.533720
vt 0.547060 0.539037
vt 0.550763 0.543401
vt 0.554986 0.546645
vt 0.547507 0.514222
vt 0.547831 0.521068
vt 0.548788 0.527651
vt 0.550343 0.533720
vt 0.552436 0.539037
vt 0.554986 0.543401
vt 0.557896 0.546645
vt 0.555756 0.514222
vt 0.555921 0.521068
vt 0.556410 0.527651
vt 0.557202 0.533720
vt 0.558269 0.539037
vt 0.559569 0.543401
vt 0.561052 0.546645
vt 0.604962 0.298859
vt 0.600898 0.298859
vt 0.607464 0.298859
vt 0.608309 0.298859
vt 0.607464 0.298859
vt 0.604962 0.298859
vt 0.600898 0.298859
vt 0.595429 0.298859
vt 0.588766 0.298859
vt 0.581163 0.298859
vt 0.572914 0.298859
vt 0.564335 0.298859
vt 0.555756 0.298859
vt 0.547507 0.298859
vt 0.539905 0.298859
vt 0.533241 0.298859
vt 0.527772 0.298859
vt 0.523709 0.298859
vt 0.521207 0.298859
vt 0.520362 0.298859
vt 0.521207 0.298859
vt 0.523709 0.298859
vt 0.527772 0.298859
vt 0.533241 0.298859
vt 0.539905 0.298859
vt 0.547507 0.298859
vt 0.555756 0.298859
vt 0.564335 0.298859
vt 0.572914 0.298859
vt 0.581163 0.298859
vt 0.588766 0.298859
vt 0.595429 0.298859
vt 0.564335 0.263765
vt 0.566009 0.264438
vt 0.564335 0.264438
vt 0.567618 0.264438
vt 0.569102 0.264438
vt 0.570401 0.264438
vt 0.571468 0.264438
vt 0.572261 0.264438
vt 0.572749 0.264438
vt 0.572914 0.264438
vt 0.572749 0.264438
vt 0.572261 0.264438
vt 0.571468 0.264438
vt 0.570401 0.264438
vt 0.569102 0.264438
vt 0.567618 0.264438
vt 0.566009 0.264438
vt 0.564335 0.264438
vt 0.562662 0.264438
vt 0.561052 0.264438
vt 0.559569 0.264438
vt 0.558269 0.264438
vt 0.557202 0.264438
vt 0.556410 0.264438
vt 0.555921 0.264438
vt 0.555756 0.264438
vt 0.555921 0.264438
vt 0.556410 0.264438
vt 0.557202 0.264438
vt 0.558269 0.264438
vt 0.559569 0.264438
vt 0.561052 0.264438
vt 0.562662 0.264438
vt 0.567618 0.266436
vt 0.564335 0.266436
vt 0.569102 0.269679
vt 0.564335 0.269679
vt 0.570401 0.274044
vt 0.564335 0.274044
vt 0.571468 0.279361
vt 0.564335 0.279361
vt 0.572261 0.285429
vt 0.564335 0.285429
vt 0.572749 0.292013
vt 0.564335 0.292013
vt 0.572914 0.298859
vt 0.564335 0.298859
vt 0.570775 0.266436
vt 0.573685 0.269679
vt 0.576235 0.274044
vt 0.578327 0.279361
vt 0.579882 0.285429
vt 0.580840 0.292013
vt 0.581163 0.298859
vt 0.573685 0.266436
vt 0.577908 0.269679
vt 0.581610 0.274044
vt 0.584648 0.279361
vt 0.586906 0.285429
vt 0.588297 0.292013
vt 0.588766 0.298859
vt 0.576235 0.266436
vt 0.581610 0.269679
vt 0.586322 0.274044
vt 0.590189 0.279361
vt 0.593063 0.285429
vt 0.594832 0.292013
vt 0.595429 0.298859
vt 0.578327 0.266436
vt 0.584648 0.269679
vt 0.590189 0.274044
vt 0.594736 0.279361
vt 0.598115 0.285429
vt 0.600196 0.292013
vt 0.600898 0.298859
vt 0.579882 0.266436
vt 0.586906 0.269679
vt 0.593063 0.274044
vt 0.598115 0.279361
vt 0.601869 0.285429
vt 0.604181 0.292013
vt 0.604962 0.298859
vt 0.580840 0.266436
vt 0.588297 0.269679
vt 0.594832 0.274044
vt 0.600196 0.279361
vt 0.604181 0.285429
vt 0.606635 0.292013
vt 0.607464 0.298859
vt 0.581163 0.266436
vt 0.588766 0.269679
vt 0.595429 0.274044
vt 0.600898 0.279361
vt 0.604962 0.285429
vt 0.607464 0.292013
vt 0.608309 0.298859
vt 0.580840 0.266436
vt 0.588296 0.269679
vt 0.594832 0.274044
vt 0.600196 0.279361
vt 0.604181 0.285429
vt 0.606635 0.292013
vt 0.607464 0.298859
vt 0.579882 0.266436
vt 0.586906 0.269679
vt 0.593063 0.274044
vt 0.598115 0.279361
vt 0.601869 0.285429
vt 0.604181 0.292013
vt 0.604962 0.298859
vt 0.578327 0.266436
vt 0.584648 0.269679
vt 0.590189 0.274044
vt 0.594736 0.279361
vt 0.598115 0.285429
vt 0.600196 0.292013
vt 0.600898 0.298859
vt 0.576235 0.266436
vt 0.581610 0.269679
vt 0.586322 0.274044
vt 0.590189 0.279361
vt 0.593063 0.285429
vt 0.594832 0.292013
vt 0.595429 0.298859
vt 0.573685 0.266436
vt 0.577908 0.269679
vt 0.581610 0.274044
vt 0.584648 0.279361
vt 0.586906 0.285429
vt 0.588296 0.292013
vt 0.588766 0.298859
vt 0.570775 0.266436
vt 0.573685 0.269679
vt 0.576235 0.274044
vt 0.578327 0.279361
vt 0.579882 0.285429
vt 0.580840 0.292013
vt 0.581163 0.298859
vt 0.567618 0.266436
vt 0.569102 0.269679
vt 0.570401 0.274044
vt 0.571468 0.279361
vt 0.572261 0.285429
vt 0.572749 0.292013
vt 0.572914 0.298859
vt 0.564335 0.266436
vt 0.564335 0.269679
vt 0.564335 0.274044
vt 0.564335 0.279361
vt 0.564335 0.285429
vt 0.564335 0.292013
vt 0.564335 0.298859
vt 0.561052 0.266436
vt 0.559569 0.269679
vt 0.558269 0.274044
vt 0.557202 0.279361
vt 0.556410 0.285429
vt 0.555921 0.292013
vt 0.555756 0.298859
vt 0.557896 0.266436
vt 0.554986 0.269679
vt 0.552436 0.274044
vt 0.550343 0.279361
vt 0.548788 0.285429
vt 0.547831 0.292013
vt 0.547507 0.298859
vt 0.554986 0.266436
vt 0.550763 0.269679
vt 0.547060 0.274044
vt 0.544022 0.279361
vt 0.541765 0.285429
vt 0.540374 0.292013
vt 0.539905 0.298859
vt 0.552436 0.266436
vt 0.547060 0.269679
vt 0.542348 0.274044
vt 0.538481 0.279361
vt 0.535608 0.285429
vt 0.533839 0.292013
vt 0.533241 0.298859
vt 0.550343 0.266436
vt 0.544022 0.269679
vt 0.538481 0.274044
vt 0.533934 0.279361
vt 0.530556 0.285429
vt 0.528475 0.292013
vt 0.527772 0.298859
vt 0.548788 0.266436
vt 0.541765 0.269679
vt 0.535608 0.274044
vt 0.530556 0.279361
vt 0.526801 0.285429
vt 0.524490 0.292013
vt 0.523709 0.298859
vt 0.547831 0.266436
vt 0.540374 0.269679
vt 0.533839 0.274044
vt 0.528475 0.279361
vt 0.524490 0.285429
vt 0.522035 0.292013
vt 0.521207 0.298859
vt 0.547507 0.266436
vt 0.539905 0.269679
vt 0.533241 0.274044
vt 0.527772 0.279361
vt 0.523709 0.285429
vt 0.521207 0.292013
vt 0.520362 0.298859
vt 0.547831 0.266436
vt 0.540374 0.269679
vt 0.533839 0.274044
vt 0.528475 0.279361
vt 0.524490 0.285429
vt 0.522035 0.292013
vt 0.521207 0.298859
vt 0.548788 0.266436
vt 0.541765 0.269679
vt 0.535608 0.274044
vt 0.530556 0.279361
vt 0.526801 0.285429
vt 0.524490 0.292013
vt 0.523709 0.298859
vt 0.550343 0.266436
vt 0.544022 0.269679
vt 0.538481 0.274044
vt 0.533934 0.279361
vt 0.530556 0.285429
vt 0.528475 0.292013
vt 0.527772 0.298859
vt 0.552436 0.266436
vt 0.547060 0.269679
vt 0.542349 0.274044
vt 0.538481 0.279361
vt 0.535608 0.285429
vt 0.533839 0.292013
vt 0.533241 0.298859
vt 0.554986 0.266436
vt 0.550763 0.269679
vt 0.547060 0.274044
vt 0.544022 0.279361
vt 0.541765 0.285429
vt 0.540374 0.292013
vt 0.539905 0.298859
vt 0.557896 0.266436
vt 0.554986 0.269679
vt 0.552436 0.274044
vt 0.550343 0.279361
vt 0.548788 0.285429
vt 0.547831 0.292013
vt 0.547507 0.298859
vt 0.561052 0.266436
vt 0.559569 0.269679
vt 0.558269 0.274044
vt 0.557202 0.279361
vt 0.556410 0.285429
vt 0.555921 0.292013
vt 0.555756 0.298859
vn 0.000000 1.000000 0.000002
vn 0.000000 0.980790 0.195064
vn 0.038055 0.980790 0.191320
vn 0.074646 0.980790 0.180218
vn 0.108372 0.980790 0.162192
vn 0.137932 0.980790 0.137932
vn 0.162190 0.980791 0.108364
vn 0.180216 0.980791 0.074643
vn 0.191315 0.980791 0.038053
vn 0.195064 0.980790 -0.000001
vn 0.191315 0.980790 -0.038060
vn 0.180216 0.980790 -0.074653
vn 0.162188 0.980791 -0.108373
vn 0.137931 0.980790 -0.137933
vn 0.108370 0.980791 -0.162190
vn 0.074647 0.980791 -0.180215
vn 0.038060 0.980791 -0.191313
vn 0.000000 0.980791 -0.195063
vn -0.038059 0.980790 -0.191316
vn -0.074648 0.980791 -0.180214
vn -0.108373 0.980791 -0.162187
vn -0.137931 0.980791 -0.137927
vn -0.162188 0.980792 -0.108359
vn -0.180216 0.980790 -0.074650
vn -0.191315 0.980790 -0.038067
vn -0.195064 0.980790 0.000004
vn -0.191315 0.980790 0.038070
vn -0.180216 0.980790 0.074651
vn -0.162190 0.980791 0.108368
vn -0.137932 0.980789 0.137939
vn -0.108374 0.980790 0.162193
vn -0.074648 0.980791 0.180215
vn -0.038054 0.980791 0.191314
vn 0.000001 0.058990 0.998259
vn 0.194751 0.058801 0.979089
vn 0.191343 0.195112 0.961935
vn 0.000000 0.195111 0.980781
vn 0.180244 0.382670 0.906132
vn -0.000000 0.382671 0.923885
vn 0.162207 0.555609 0.815468
vn -0.000000 0.555611 0.831442
vn 0.137935 0.707183 0.693445
vn -0.000000 0.707184 0.707030
vn 0.108380 0.831493 0.544861
vn 0.000000 0.831493 0.555535
vn 0.074668 0.923858 0.375380
vn 0.000001 0.923859 0.382733
vn 0.382034 0.058239 0.922311
vn 0.375327 0.195114 0.906124
vn 0.353554 0.382670 0.853559
vn 0.318180 0.555609 0.768154
vn 0.270571 0.707183 0.653210
vn 0.212595 0.831492 0.513248
vn 0.146465 0.923858 0.353602
vn 0.554657 0.057321 0.830102
vn 0.544890 0.195113 0.815491
vn 0.513281 0.382672 0.768183
vn 0.461925 0.555610 0.691319
vn 0.392807 0.707183 0.587873
vn 0.308642 0.831492 0.461911
vn 0.212637 0.923858 0.318233
vn 0.705993 0.056086 0.705994
vn 0.693515 0.195113 0.693518
vn 0.653283 0.382673 0.653286
vn 0.587916 0.555610 0.587921
vn 0.499944 0.707184 0.499948
vn 0.392823 0.831492 0.392824
vn 0.270635 0.923857 0.270638
vn 0.830230 0.054586 0.554741
vn 0.815491 0.195114 0.544890
vn 0.768183 0.382672 0.513282
vn 0.691320 0.555611 0.461924
vn 0.587874 0.707185 0.392802
vn 0.461912 0.831493 0.308636
vn 0.318233 0.923857 0.212639
vn 0.922588 0.052873 0.382147
vn 0.906124 0.195114 0.375327
vn 0.853559 0.382670 0.353554
vn 0.768154 0.555610 0.318179
vn 0.653211 0.707184 0.270567
vn 0.513250 0.831493 0.212591
vn 0.353603 0.923858 0.146467
vn 0.979509 0.051010 0.194834
vn 0.961935 0.195113 0.191343
vn 0.906132 0.382671 0.180244
vn 0.815467 0.555609 0.162210
vn 0.693443 0.707185 0.137937
vn 0.544860 0.831493 0.108380
vn 0.375382 0.923858 0.074665
vn 0.998795 0.049073 0.000000
vn 0.980781 0.195111 -0.000000
vn 0.923884 0.382671 -0.000001
vn 0.831444 0.555609 -0.000000
vn 0.707029 0.707184 0.000000
vn 0.555534 0.831493 -0.000002
vn 0.382736 0.923858 -0.000001
vn 0.979695 0.047139 -0.194873
vn 0.961935 0.195114 -0.191343
vn 0.906132 0.382671 -0.180245
vn 0.815467 0.555609 -0.162210
vn 0.693443 0.707184 -0.137938
vn 0.544860 0.831493 -0.108382
vn 0.375381 0.923858 -0.074666
vn 0.922932 0.045279 -0.382291
vn 0.906124 0.195115 -0.375326
vn 0.853559 0.382671 -0.353553
vn 0.768153 0.555609 -0.318182
vn 0.653210 0.707183 -0.270571
vn 0.513249 0.831492 -0.212593
vn 0.353603 0.923858 -0.146464
vn 0.830682 0.043559 -0.555040
vn 0.815492 0.195115 -0.544889
vn 0.768182 0.382674 -0.513280
vn 0.691320 0.555610 -0.461925
vn 0.587873 0.707184 -0.392805
vn 0.461912 0.831491 -0.308642
vn 0.318233 0.923858 -0.212639
vn 0.706481 0.042054 -0.706481
vn 0.693515 0.195115 -0.693518
vn 0.653283 0.382674 -0.653285
vn 0.587920 0.555609 -0.587919
vn 0.499945 0.707184 -0.499945
vn 0.392825 0.831490 -0.392826
vn 0.270636 0.923857 -0.270638
vn 0.555106 0.040824 -0.830777
vn 0.544889 0.195114 -0.815491
vn 0.513281 0.382671 -0.768183
vn 0.461924 0.555610 -0.691320
vn 0.392805 0.707185 -0.587872
vn 0.308641 0.831492 -0.461910
vn 0.212636 0.923858 -0.318235
vn 0.382379 0.039909 -0.923143
vn 0.375328 0.195114 -0.906123
vn 0.353554 0.382670 -0.853559
vn 0.318179 0.555609 -0.768154
vn 0.270572 0.707182 -0.653211
vn 0.212599 0.831492 -0.513247
vn 0.146467 0.923857 -0.353604
vn 0.194937 0.039342 -0.980026
vn 0.191343 0.195113 -0.961935
vn 0.180244 0.382671 -0.906132
vn 0.162209 0.555608 -0.815468
vn 0.137937 0.707181 -0.693446
vn 0.108380 0.831493 -0.544860
vn 0.074670 0.923859 -0.375379
vn 0.000001 0.039150 -0.999233
vn 0.000000 0.195111 -0.980781
vn -0.000000 0.382671 -0.923885
vn -0.000000 0.555609 -0.831444
vn -0.000000 0.707183 -0.707031
vn 0.000000 0.831494 -0.555533
vn 0.000000 0.923860 -0.382732
vn -0.194939 0.039343 -0.980026
vn -0.191343 0.195114 -0.961935
vn -0.180244 0.382670 -0.906132
vn -0.162209 0.555609 -0.815467
vn -0.137938 0.707183 -0.693444
vn -0.108381 0.831494 -0.544859
vn -0.074670 0.923859 -0.375378
vn -0.382380 0.039908 -0.923143
vn -0.375327 0.195115 -0.906124
vn -0.353552 0.382670 -0.853560
vn -0.318179 0.555609 -0.768154
vn -0.270573 0.707182 -0.653210
vn -0.212600 0.831491 -0.513248
vn -0.146469 0.923857 -0.353602
vn -0.555106 0.040821 -0.830777
vn -0.544890 0.195114 -0.815491
vn -0.513281 0.382673 -0.768182
vn -0.461923 0.555609 -0.691322
vn -0.392802 0.707185 -0.587875
vn -0.308639 0.831492 -0.461912
vn -0.212637 0.923857 -0.318234
vn -0.706483 0.042054 -0.706479
vn -0.693519 0.195115 -0.693514
vn -0.653285 0.382674 -0.653283
vn -0.587921 0.555607 -0.587920
vn -0.499945 0.707184 -0.499945
vn -0.392824 0.831492 -0.392823
vn -0.270636 0.923857 -0.270638
vn -0.830682 0.043561 -0.555040
vn -0.815492 0.195114 -0.544888
vn -0.768183 0.382671 -0.513281
vn -0.691322 0.555609 -0.461923
vn -0.587875 0.707184 -0.392803
vn -0.461912 0.831492 -0.308639
vn -0.318232 0.923857 -0.212641
vn -0.922932 0.045280 -0.382292
vn -0.906123 0.195115 -0.375328
vn -0.853559 0.382670 -0.353553
vn -0.768154 0.555609 -0.318179
vn -0.653210 0.707182 -0.270574
vn -0.513248 0.831491 -0.212600
vn -0.353600 0.923858 -0.146470
vn -0.979695 0.047139 -0.194872
vn -0.961935 0.195114 -0.191343
vn -0.906132 0.382671 -0.180243
vn -0.815467 0.555609 -0.162209
vn -0.693445 0.707182 -0.137938
vn -0.544861 0.831493 -0.108381
vn -0.375379 0.923859 -0.074669
vn -0.998795 0.049073 0.000000
vn -0.980781 0.195111 -0.000000
vn -0.923884 0.382672 0.000000
vn -0.831444 0.555609 -0.000001
vn -0.707032 0.707182 -0.000002
vn -0.555536 0.831492 0.000001
vn -0.382735 0.923858 0.000000
vn -0.979509 0.051010 0.194834
vn -0.961935 0.195113 0.191342
vn -0.906132 0.382671 0.180245
vn -0.815467 0.555609 0.162209
vn -0.693446 0.707183 0.137936
vn -0.544860 0.831493 0.108381
vn -0.375379 0.923859 0.074668
vn -0.922588 0.052873 0.382147
vn -0.906124 0.195114 0.375326
vn -0.853559 0.382670 0.353554
vn -0.768153 0.555610 0.318180
vn -0.653211 0.707182 0.270574
vn -0.513248 0.831492 0.212599
vn -0.353600 0.923858 0.146469
vn -0.830231 0.054585 0.554741
vn -0.815491 0.195114 0.544890
vn -0.768183 0.382672 0.513281
vn -0.691320 0.555610 0.461924
vn -0.587873 0.707183 0.392806
vn -0.461911 0.831491 0.308642
vn -0.318233 0.923857 0.212641
vn -0.705994 0.056085 0.705993
vn -0.693518 0.195113 0.693516
vn -0.653284 0.382674 0.653284
vn -0.587916 0.555610 0.587921
vn -0.499943 0.707183 0.499949
vn -0.392823 0.831491 0.392827
vn -0.270635 0.923857 0.270638
vn -0.554657 0.057319 0.830103
vn -0.544891 0.195113 0.815491
vn -0.513281 0.382675 0.768181
vn -0.461925 0.555611 0.691319
vn -0.392806 0.707183 0.587874
vn -0.308642 0.831492 0.461911
vn -0.212638 0.923858 0.318232
vn -0.382035 0.058239 0.922311
vn -0.375327 0.195114 0.906124
vn -0.353553 0.382672 0.853559
vn -0.318180 0.555609 0.768154
vn -0.270571 0.707182 0.653211
vn -0.212596 0.831492 0.513248
vn -0.146467 0.923858 0.353601
vn -0.194752 0.058802 0.979088
vn -0.191343 0.195114 0.961935
vn -0.180244 0.382671 0.906132
vn -0.162207 0.555609 0.815467
vn -0.137935 0.707183 0.693446
vn -0.108380 0.831492 0.544862
vn -0.074668 0.923858 0.375380
vn 0.923853 -0.007603 -0.382672
vn 0.831420 -0.011037 -0.555535
vn 0.980779 -0.003876 -0.195086
vn 1.000000 -0.000000 0.000001
vn 0.980779 0.003876 0.195084
vn 0.923854 0.007603 0.382670
vn 0.831418 0.011037 0.555537
vn 0.707037 0.014047 0.707037
vn 0.555497 0.016517 0.831354
vn 0.382619 0.018352 0.923724
vn 0.195049 0.019482 0.980600
vn 0.000001 0.019864 0.999803
vn -0.195051 0.019482 0.980600
vn -0.382622 0.018352 0.923723
vn -0.555496 0.016517 0.831355
vn -0.707037 0.014047 0.707037
vn -0.831419 0.011037 0.555537
vn -0.923854 0.007603 0.382670
vn -0.980779 0.003876 0.195084
vn -1.000000 0.000000 0.000001
vn -0.980779 -0.003876 -0.195086
vn -0.923853 -0.007603 -0.382673
vn -0.831420 -0.011037 -0.555534
vn -0.707038 -0.014047 -0.707036
vn -0.555495 -0.016517 -0.831356
vn -0.382622 -0.018352 -0.923723
vn -0.195051 -0.019482 -0.980600
vn 0.000001 -0.019864 -0.999803
vn 0.195049 -0.019482 -0.980600
vn 0.382619 -0.018352 -0.923724
vn 0.555496 -0.016517 -0.831355
vn 0.707038 -0.014047 -0.707036
vn 0.000000 -1.000000 0.000000
vn 0.038055 -0.980790 0.191320
vn -0.000000 -0.980790 0.195065
vn 0.074648 -0.980789 0.180223
vn 0.108375 -0.980790 0.162193
vn 0.137933 -0.980790 0.137929
vn 0.162191 -0.980791 0.108367
vn 0.180217 -0.980790 0.074648
vn 0.191317 -0.980790 0.038056
vn 0.195066 -0.980790 -0.000001
vn 0.191317 -0.980790 -0.038060
vn 0.180217 -0.980790 -0.074650
vn 0.162191 -0.980791 -0.108365
vn 0.137933 -0.980791 -0.137922
vn 0.108370 -0.980790 -0.162191
vn 0.074647 -0.980789 -0.180222
vn 0.038061 -0.980790 -0.191317
vn -0.000000 -0.980790 -0.195066
vn -0.038060 -0.980790 -0.191317
vn -0.074648 -0.980790 -0.180217
vn -0.108372 -0.980791 -0.162185
vn -0.137933 -0.980791 -0.137926
vn -0.162191 -0.980790 -0.108370
vn -0.180217 -0.980790 -0.074649
vn -0.191317 -0.980790 -0.038060
vn -0.195066 -0.980790 -0.000004
vn -0.191317 -0.980790 0.038055
vn -0.180217 -0.980790 0.074644
vn -0.162191 -0.980791 0.108367
vn -0.137933 -0.980790 0.137932
vn -0.108375 -0.980790 0.162188
vn -0.074648 -0.980790 0.180215
vn -0.038055 -0.980790 0.191318
vn 0.074668 -0.923859 0.375380
vn -0.000000 -0.923859 0.382734
vn 0.108381 -0.831492 0.544863
vn -0.000000 -0.831492 0.555537
vn 0.137938 -0.707181 0.693447
vn -0.000000 -0.707181 0.707033
vn 0.162209 -0.555609 0.815467
vn -0.000000 -0.555609 0.831444
vn 0.180244 -0.382671 0.906132
vn -0.000000 -0.382672 0.923884
vn 0.191343 -0.195113 0.961935
vn 0.000000 -0.195112 0.980781
vn 0.194150 -0.098027 0.976062
vn 0.000001 -0.098024 0.995184
vn 0.146467 -0.923858 0.353601
vn 0.212598 -0.831490 0.513250
vn 0.270572 -0.707181 0.653212
vn 0.318180 -0.555611 0.768153
vn 0.353553 -0.382672 0.853559
vn 0.375326 -0.195115 0.906124
vn 0.380839 -0.098029 0.919430
vn 0.212638 -0.923858 0.318231
vn 0.308642 -0.831491 0.461913
vn 0.392805 -0.707182 0.587875
vn 0.461925 -0.555611 0.691319
vn 0.513282 -0.382674 0.768181
vn 0.544889 -0.195115 0.815491
vn 0.552891 -0.098021 0.827468
vn 0.270634 -0.923859 0.270633
vn 0.392824 -0.831491 0.392825
vn 0.499945 -0.707183 0.499947
vn 0.587918 -0.555609 0.587921
vn 0.653283 -0.382675 0.653284
vn 0.693517 -0.195116 0.693516
vn 0.703703 -0.098019 0.703701
vn 0.318232 -0.923859 0.212635
vn 0.461913 -0.831492 0.308639
vn 0.587875 -0.707183 0.392803
vn 0.691319 -0.555610 0.461925
vn 0.768182 -0.382672 0.513283
vn 0.815491 -0.195115 0.544889
vn 0.827468 -0.098027 0.552890
vn 0.353599 -0.923858 0.146470
vn 0.513249 -0.831491 0.212599
vn 0.653212 -0.707181 0.270571
vn 0.768153 -0.555610 0.318179
vn 0.853559 -0.382670 0.353554
vn 0.906124 -0.195114 0.375327
vn 0.919430 -0.098032 0.380839
vn 0.375378 -0.923860 0.074667
vn 0.544861 -0.831493 0.108380
vn 0.693446 -0.707182 0.137937
vn 0.815467 -0.555609 0.162209
vn 0.906132 -0.382671 0.180245
vn 0.961935 -0.195113 0.191343
vn 0.976061 -0.098028 0.194151
vn 0.382734 -0.923858 -0.000002
vn 0.555536 -0.831492 -0.000006
vn 0.707031 -0.707182 -0.000003
vn 0.831444 -0.555609 -0.000000
vn 0.923885 -0.382671 0.000000
vn 0.980781 -0.195112 0.000000
vn 0.995184 -0.098024 0.000000
vn 0.375380 -0.923858 -0.074668
vn 0.544861 -0.831492 -0.108382
vn 0.693444 -0.707183 -0.137938
vn 0.815467 -0.555609 -0.162209
vn 0.906132 -0.382671 -0.180244
vn 0.961935 -0.195114 -0.191343
vn 0.976061 -0.098029 -0.194151
vn 0.353601 -0.923858 -0.146467
vn 0.513250 -0.831491 -0.212596
vn 0.653211 -0.707182 -0.270571
vn 0.768153 -0.555610 -0.318180
vn 0.853559 -0.382671 -0.353553
vn 0.906124 -0.195115 -0.375326
vn 0.919430 -0.098030 -0.380839
vn 0.318232 -0.923859 -0.212635
vn 0.461912 -0.831491 -0.308643
vn 0.587874 -0.707184 -0.392805
vn 0.691320 -0.555610 -0.461924
vn 0.768182 -0.382674 -0.513281
vn 0.815491 -0.195115 -0.544889
vn 0.827468 -0.098022 -0.552891
vn 0.270636 -0.923859 -0.270632
vn 0.392826 -0.831490 -0.392826
vn 0.499946 -0.707184 -0.499945
vn 0.587919 -0.555610 -0.587919
vn 0.653283 -0.382674 -0.653285
vn 0.693514 -0.195116 -0.693519
vn 0.703699 -0.098020 -0.703704
vn 0.212635 -0.923859 -0.318232
vn 0.308641 -0.831491 -0.461913
vn 0.392805 -0.707184 -0.587873
vn 0.461925 -0.555610 -0.691320
vn 0.513281 -0.382671 -0.768183
vn 0.544888 -0.195115 -0.815492
vn 0.552890 -0.098027 -0.827468
vn 0.146467 -0.923858 -0.353601
vn 0.212600 -0.831491 -0.513249
vn 0.270573 -0.707181 -0.653211
vn 0.318179 -0.555610 -0.768153
vn 0.353554 -0.382670 -0.853559
vn 0.375328 -0.195115 -0.906123
vn 0.380841 -0.098031 -0.919429
vn 0.074671 -0.923859 -0.375378
vn 0.108381 -0.831492 -0.544862
vn 0.137938 -0.707181 -0.693447
vn 0.162209 -0.555609 -0.815467
vn 0.180244 -0.382671 -0.906132
vn 0.191343 -0.195114 -0.961935
vn 0.194151 -0.098027 -0.976062
vn -0.000000 -0.923859 -0.382734
vn 0.000000 -0.831492 -0.555537
vn -0.000000 -0.707180 -0.707034
vn -0.000000 -0.555608 -0.831444
vn 0.000000 -0.382672 -0.923884
vn 0.000000 -0.195112 -0.980781
vn 0.000001 -0.098024 -0.995184
vn -0.074670 -0.923859 -0.375379
vn -0.108381 -0.831492 -0.544862
vn -0.137938 -0.707181 -0.693447
vn -0.162209 -0.555609 -0.815467
vn -0.180244 -0.382671 -0.906132
vn -0.191343 -0.195114 -0.961935
vn -0.194151 -0.098029 -0.976061
vn -0.146468 -0.923858 -0.353601
vn -0.212600 -0.831491 -0.513249
vn -0.270573 -0.707181 -0.653212
vn -0.318179 -0.555610 -0.768153
vn -0.353553 -0.382671 -0.853559
vn -0.375327 -0.195115 -0.906124
vn -0.380839 -0.098030 -0.919430
vn -0.212636 -0.923858 -0.318233
vn -0.308639 -0.831491 -0.461913
vn -0.392802 -0.707183 -0.587876
vn -0.461924 -0.555609 -0.691321
vn -0.513282 -0.382674 -0.768181
vn -0.544890 -0.195115 -0.815491
vn -0.552891 -0.098022 -0.827468
vn -0.270636 -0.923858 -0.270633
vn -0.392825 -0.831492 -0.392824
vn -0.499946 -0.707184 -0.499945
vn -0.587921 -0.555608 -0.587919
vn -0.653286 -0.382674 -0.653283
vn -0.693519 -0.195116 -0.693514
vn -0.703705 -0.098020 -0.703699
vn -0.318232 -0.923858 -0.212636
vn -0.461913 -0.831492 -0.308639
vn -0.587876 -0.707184 -0.392801
vn -0.691322 -0.555609 -0.461923
vn -0.768183 -0.382671 -0.513282
vn -0.815492 -0.195115 -0.544888
vn -0.827469 -0.098027 -0.552889
vn -0.353599 -0.923859 -0.146468
vn -0.513249 -0.831491 -0.212600
vn -0.653211 -0.707181 -0.270573
vn -0.768154 -0.555610 -0.318179
vn -0.853559 -0.382670 -0.353554
vn -0.906123 -0.195116 -0.375329
vn -0.919429 -0.098032 -0.380841
vn -0.375378 -0.923859 -0.074667
vn -0.544861 -0.831493 -0.108380
vn -0.693446 -0.707181 -0.137938
vn -0.815467 -0.555609 -0.162210
vn -0.906132 -0.382671 -0.180244
vn -0.961935 -0.195115 -0.191343
vn -0.976061 -0.098029 -0.194151
vn -0.382734 -0.923858 -0.000001
vn -0.555537 -0.831492 0.000001
vn -0.707033 -0.707181 0.000000
vn -0.831444 -0.555609 -0.000001
vn -0.923884 -0.382672 -0.000000
vn -0.980781 -0.195112 0.000000
vn -0.995184 -0.098024 0.000000
vn -0.375378 -0.923859 0.074667
vn -0.544861 -0.831493 0.108382
vn -0.693446 -0.707181 0.137938
vn -0.815467 -0.555609 0.162209
vn -0.906132 -0.382671 0.180244
vn -0.961935 -0.195114 0.191343
vn -0.976062 -0.098028 0.194150
vn -0.353599 -0.923859 0.146466
vn -0.513249 -0.831491 0.212599
vn -0.653212 -0.707181 0.270571
vn -0.768154 -0.555610 0.318178
vn -0.853559 -0.382671 0.353553
vn -0.906124 -0.195115 0.375327
vn -0.919430 -0.098033 0.380839
vn -0.318232 -0.923859 0.212633
vn -0.461913 -0.831491 0.308641
vn -0.587875 -0.707183 0.392804
vn -0.691320 -0.555610 0.461924
vn -0.768181 -0.382673 0.513283
vn -0.815491 -0.195115 0.544890
vn -0.827468 -0.098027 0.552891
vn -0.270634 -0.923859 0.270631
vn -0.392824 -0.831491 0.392826
vn -0.499944 -0.707183 0.499948
vn -0.587918 -0.555609 0.587921
vn -0.653283 -0.382675 0.653284
vn -0.693516 -0.195116 0.693516
vn -0.703702 -0.098019 0.703702
vn -0.212638 -0.923859 0.318229
vn -0.308641 -0.831491 0.461913
vn -0.392805 -0.707182 0.587875
vn -0.461925 -0.555611 0.691319
vn -0.513282 -0.382674 0.768181
vn -0.544889 -0.195115 0.815491
vn -0.552890 -0.098021 0.827468
vn -0.146467 -0.923858 0.353600
vn -0.212598 -0.831491 0.513250
vn -0.270572 -0.707181 0.653212
vn -0.318180 -0.555610 0.768153
vn -0.353553 -0.382672 0.853559
vn -0.375326 -0.195115 0.906124
vn -0.380839 -0.098030 0.919430
vn -0.074668 -0.923858 0.375381
vn -0.108382 -0.831491 0.544863
vn -0.137938 -0.707181 0.693446
vn -0.162209 -0.555609 0.815467
vn -0.180244 -0.382671 0.906132
vn -0.191343 -0.195114 0.961935
vn -0.194151 -0.098029 0.976061
s 1
g lThigh
usemtl default
f 6036/6036/6036 6037/6037/6037 6038/6038/6038
f 6036/6036/6036 6038/6038/6038 6039/6039/6039
f 6036/6036/6036 6039/6039/6039 6040/6040/6040
f 6036/6036/6036 6040/6040/6040 6041/6041/6041
f 6036/6036/6036 6041/6041/6041 6042/6042/6042
f 6036/6036/6036 6042/6042/6042 6043/6043/6043
f 6036/6036/6036 6043/6043/6043 6044/6044/6044
f 6036/6036/6036 6044/6044/6044 6045/6045/6045
f 6036/6036/6036 6045/6045/6045 6046/6046/6046
f 6036/6036/6036 6046/6046/6046 6047/6047/6047
f 6036/6036/6036 6047/6047/6047 6048/6048/6048
f 6036/6036/6036 6048/6048/6048 6049/6049/6049
f 6036/6036/6036 6049/6049/6049 6050/6050/6050
f 6036/6036/6036 6050/6050/6050 6051/6051/6051
f 6036/6036/6036 6051/6051/6051 6052/6052/6052
f 6036/6036/6036 6052/6052/6052 6053/6053/6053
f 6036/6036/6036 6053/6053/6053 6054/6054/6054
f 6036/6036/6036 6054/6054/6054 6055/6055/6055
f 6036/6036/6036 6055/6055/6055 6056/6056/6056
f 6036/6036/6036 6056/6056/6056 6057/6057/6057
f 6036/6036/6036 6057/6057/6057 6058/6058/6058
f 6036/6036/6036 6058/6058/6058 6059/6059/6059
f 6036/6036/6036 6059/6059/6059 6060/6060/6060
f 6036/6036/6036 6060/6060/6060 6061/6061/6061
f 6036/6036/6036 6061/6061/6061 6062/6062/6062
f 6036/6036/6036 6062/6062/6062 6063/6063/6063
f 6036/6036/6036 6063/6063/6063 6064/6064/6064
f 6036/6036/6036 6064/6064/6064 6065/6065/6065
f 6036/6036/6036 6065/6065/6065 6066/6066/6066
f 6036/6036/6036 6066/6066/6066 6067/6067/6067
f 6036/6036/6036 6067/6067/6067 6068/6068/6068
f 6036/6036/6036 6068/6068/6068 6037/6037/6037
f 6070/6069/6069 6069/6070/6070 6071/6071/6071 6072/6072/6072
f 6072/6072/6072 6071/6071/6071 6073/6073/6073 6074/6074/6074
f 6074/6074/6074 6073/6073/6073 6075/6075/6075 6076/6076/6076
f 6076/6076/6076 6075/6075/6075 6077/6077/6077 6078/6078/6078
f 6078/6078/6078 6077/6077/6077 6079/6079/6079 6080/6080/6080
f 6080/6080/6080 6079/6079/6079 6081/6081/6081 6082/6082/6082
f 6082/6082/6082 6081/6081/6081 6038/6038/6038 6037/6037/6037
f 6069/6070/6070 6083/6083/6083 6084/6084/6084 6071/6071/6071
f 6071/6071/6071 6084/6084/6084 6085/6085/6085 6073/6073/6073
f 6073/6073/6073 6085/6085/6085 6086/6086/6086 6075/6075/6075
f 6075/6075/6075 6086/6086/6086 6087/6087/6087 6077/6077/6077
f 6077/6077/6077 6087/6087/6087 6088/6088/6088 6079/6079/6079
f 6079/6079/6079 6088/6088/6088 6089/6089/6089 6081/6081/6081
f 6081/6081/6081 6089/6089/6089 6039/6039/6039 6038/6038/6038
f 6083/6083/6083 6090/6090/6090 6091/6091/6091 6084/6084/6084
f 6084/6084/6084 6091/6091/6091 6092/6092/6092 6085/6085/6085
f 6085/6085/6085 6092/6092/6092 6093/6093/6093 6086/6086/6086
f 6086/6086/6086 6093/6093/6093 6094/6094/6094 6087/6087/6087
f 6087/6087/6087 6094/6094/6094 6095/6095/6095 6088/6088/6088
f 6088/6088/6088 6095/6095/6095 6096/6096/6096 6089/6089/6089
f 6089/6089/6089 6096/6096/6096 6040/6040/6040 6039/6039/6039
f 6090/6090/6090 6097/6097/6097 6098/6098/6098 6091/6091/6091
f 6091/6091/6091 6098/6098/6098 6099/6099/6099 6092/6092/6092
f 6092/6092/6092 6099/6099/6099 6100/6100/6100 6093/6093/6093
f 6093/6093/6093 6100/6100/6100 6101/6101/6101 6094/6094/6094
f 6094/6094/6094 6101/6101/6101 6102/6102/6102 6095/6095/6095
f 6095/6095/6095 6102/6102/6102 6103/6103/6103 6096/6096/6096
f 6096/6096/6096 6103/6103/6103 6041/6041/6041 6040/6040/6040
f 6097/6097/6097 6104/6104/6104 6105/6105/6105 6098/6098/6098
f 6098/6098/6098 6105/6105/6105 6106/6106/6106 6099/6099/6099
f 6099/6099/6099 6106/6106/6106 6107/6107/6107 6100/6100/6100
f 6100/6100/6100 6107/6107/6107 6108/6108/6108 6101/6101/6101
f 6101/6101/6101 6108/6108/6108 6109/6109/6109 6102/6102/6102
f 6102/6102/6102 6109/6109/6109 6110/6110/6110 6103/6103/6103
f 6103/6103/6103 6110/6110/6110 6042/6042/6042 6041/6041/6041
f 6104/6104/6104 6111/6111/6111 6112/6112/6112 6105/6105/6105
f 6105/6105/6105 6112/6112/6112 6113/6113/6113 6106/6106/6106
f 6106/6106/6106 6113/6113/6113 6114/6114/6114 6107/6107/6107
f 6107/6107/6107 6114/6114/6114 6115/6115/6115 6108/6108/6108
f 6108/6108/6108 6115/6115/6115 6116/6116/6116 6109/6109/6109
f 6109/6109/6109 6116/6116/6116 6117/6117/6117 6110/6110/6110
f 6110/6110/6110 6117/6117/6117 6043/6043/6043 6042/6042/6042
f 6111/6111/6111 6118/6118/6118 6119/6119/6119 6112/6112/6112
f 6112/6112/6112 6119/6119/6119 6120/6120/6120 6113/6113/6113
f 6113/6113/6113 6120/6120/6120 6121/6121/6121 6114/6114/6114
f 6114/6114/6114 6121/6121/6121 6122/6122/6122 6115/6115/6115
f 6115/6115/6115 6122/6122/6122 6123/6123/6123 6116/6116/6116
f 6116/6116/6116 6123/6123/6123 6124/6124/6124 6117/6117/6117
f 6117/6117/6117 6124/6124/6124 6044/6044/6044 6043/6043/6043
f 6118/6118/6118 6125/6125/6125 6126/6126/6126 6119/6119/6119
f 6119/6119/6119 6126/6126/6126 6127/6127/6127 6120/6120/6120
f 6120/6120/6120 6127/6127/6127 6128/6128/6128 6121/6121/6121
f 6121/6121/6121 6128/6128/6128 6129/6129/6129 6122/6122/6122
f 6122/6122/6122 6129/6129/6129 6130/6130/6130 6123/6123/6123
f 6123/6123/6123 6130/6130/6130 6131/6131/6131 6124/6124/6124
f 6124/6124/6124 6131/6131/6131 6045/6045/6045 6044/6044/6044
f 6125/6125/6125 6132/6132/6132 6133/6133/6133 6126/6126/6126
f 6126/6126/6126 6133/6133/6133 6134/6134/6134 6127/6127/6127
f 6127/6127/6127 6134/6134/6134 6135/6135/6135 6128/6128/6128
f 6128/6128/6128 6135/6135/6135 6136/6136/6136 6129/6129/6129
f 6129/6129/6129 6136/6136/6136 6137/6137/6137 6130/6130/6130
f 6130/6130/6130 6137/6137/6137 6138/6138/6138 6131/6131/6131
f 6131/6131/6131 6138/6138/6138 6046/6046/6046 6045/6045/6045
f 6132/6132/6132 6139/6139/6139 6140/6140/6140 6133/6133/6133
f 6133/6133/6133 6140/6140/6140 6141/6141/6141 6134/6134/6134
f 6134/6134/6134 6141/6141/6141 6142/6142/6142 6135/6135/6135
f 6135/6135/6135 6142/6142/6142 6143/6143/6143 6136/6136/6136
f 6136/6136/6136 6143/6143/6143 6144/6144/6144 6137/6137/6137
f 6137/6137/6137 6144/6144/6144 6145/6145/6145 6138/6138/6138
f 6138/6138/6138 6145/6145/6145 6047/6047/6047 6046/6046/6046
f 6139/6139/6139 6146/6146/6146 6147/6147/6147 6140/6140/6140
f 6140/6140/6140 6147/6147/6147 6148/6148/6148 6141/6141/6141
f 6141/6141/6141 6148/6148/6148 6149/6149/6149 6142/6142/6142
f 6142/6142/6142 6149/6149/6149 6150/6150/6150 6143/6143/6143
f 6143/6143/6143 6150/6150/6150 6151/6151/6151 6144/6144/6144
f 6144/6144/6144 6151/6151/6151 6152/6152/6152 6145/6145/6145
f 6145/6145/6145 6152/6152/6152 6048/6048/6048 6047/6047/6047
f 6146/6146/6146 6153/6153/6153 6154/6154/6154 6147/6147/6147
f 6147/6147/6147 6154/6154/6154 6155/6155/6155 6148/6148/6148
f 6148/6148/6148 6155/6155/6155 6156/6156/6156 6149/6149/6149
f 6149/6149/6149 6156/6156/6156 6157/6157/6157 6150/6150/6150
f 6150/6150/6150 6157/6157/6157 6158/6158/6158 6151/6151/6151
f 6151/6151/6151 6158/6158/6158 6159/6159/6159 6152/6152/6152
f 6152/6152/6152 6159/6159/6159 6049/6049/6049 6048/6048/6048
f 6153/6153/6153 6160/6160/6160 6161/6161/6161 6154/6154/6154
f 6154/6154/6154 6161/6161/6161 6162/6162/6162 6155/6155/6155
f 6155/6155/6155 6162/6162/6162 6163/6163/6163 6156/6156/6156
f 6156/6156/6156 6163/6163/6163 6164/6164/6164 6157/6157/6157
f 6157/6157/6157 6164/6164/6164 6165/6165/6165 6158/6158/6158
f 6158/6158/6158 6165/6165/6165 6166/6166/6166 6159/6159/6159
f 6159/6159/6159 6166/6166/6166 6050/6050/6050 6049/6049/6049
f 6160/6160/6160 6167/6167/6167 6168/6168/6168 6161/6161/6161
f 6161/6161/6161 6168/6168/6168 6169/6169/6169 6162/6162/6162
f 6162/6162/6162 6169/6169/6169 6170/6170/6170 6163/6163/6163
f 6163/6163/6163 6170/6170/6170 6171/6171/6171 6164/6164/6164
f 6164/6164/6164 6171/6171/6171 6172/6172/6172 6165/6165/6165
f 6165/6165/6165 6172/6172/6172 6173/6173/6173 6166/6166/6166
f 6166/6166/6166 6173/6173/6173 6051/6051/6051 6050/6050/6050
f 6167/6167/6167 6174/6174/6174 6175/6175/6175 6168/6168/6168
f 6168/6168/6168 6175/6175/6175 6176/6176/6176 6169/6169/6169
f 6169/6169/6169 6176/6176/6176 6177/6177/6177 6170/6170/6170
f 6170/6170/6170 6177/6177/6177 6178/6178/6178 6171/6171/6171
f 6171/6171/6171 6178/6178/6178 6179/6179/6179 6172/6172/6172
f 6172/6172/6172 6179/6179/6179 6180/6180/6180 6173/6173/6173
f 6173/6173/6173 6180/6180/6180 6052/6052/6052 6051/6051/6051
f 6174/6174/6174 6181/6181/6181 6182/6182/6182 6175/6175/6175
f 6175/6175/6175 6182/6182/6182 6183/6183/6183 6176/6176/6176
f 6176/6176/6176 6183/6183/6183 6184/6184/6184 6177/6177/6177
f 6177/6177/6177 6184/6184/6184 6185/6185/6185 6178/6178/6178
f 6178/6178/6178 6185/6185/6185 6186/6186/6186 6179/6179/6179
f 6179/6179/6179 6186/6186/6186 6187/6187/6187 6180/6180/6180
f 6180/6180/6180 6187/6187/6187 6053/6053/6053 6052/6052/6052
f 6181/6181/6181 6188/6188/6188 6189/6189/6189 6182/6182/6182
f 6182/6182/6182 6189/6189/6189 6190/6190/6190 6183/6183/6183
f 6183/6183/6183 6190/6190/6190 6191/6191/6191 6184/6184/6184
f 6184/6184/6184 6191/6191/6191 6192/6192/6192 6185/6185/6185
f 6185/6185/6185 6192/6192/6192 6193/6193/6193 6186/6186/6186
f 6186/6186/6186 6193/6193/6193 6194/6194/6194 6187/6187/6187
f 6187/6187/6187 6194/6194/6194 6054/6054/6054 6053/6053/6053
f 6188/6188/6188 6195/6195/6195 6196/6196/6196 6189/6189/6189
f 6189/6189/6189 6196/6196/6196 6197/6197/6197 6190/6190/6190
f 6190/6190/6190 6197/6197/6197 6198/6198/6198 6191/6191/6191
f 6191/6191/6191 6198/6198/6198 6199/6199/6199 6192/6192/6192
f 6192/6192/6192 6199/6199/6199 6200/6200/6200 6193/6193/6193
f 6193/6193/6193 6200/6200/6200 6201/6201/6201 6194/6194/6194
f 6194/6194/6194 6201/6201/6201 6055/6055/6055 6054/6054/6054
f 6195/6195/6195 6202/6202/6202 6203/6203/6203 6196/6196/6196
f 6196/6196/6196 6203/6203/6203 6204/6204/6204 6197/6197/6197
f 6197/6197/6197 6204/6204/6204 6205/6205/6205 6198/6198/6198
f 6198/6198/6198 6205/6205/6205 6206/6206/6206 6199/6199/6199
f 6199/6199/6199 6206/6206/6206 6207/6207/6207 6200/6200/6200
f 6200/6200/6200 6207/6207/6207 6208/6208/6208 6201/6201/6201
f 6201/6201/6201 6208/6208/6208 6056/6056/6056 6055/6055/6055
f 6202/6202/6202 6209/6209/6209 6210/6210/6210 6203/6203/6203
f 6203/6203/6203 6210/6210/6210 6211/6211/6211 6204/6204/6204
f 6204/6204/6204 6211/6211/6211 6212/6212/6212 6205/6205/6205
f 6205/6205/6205 6212/6212/6212 6213/6213/6213 6206/6206/6206
f 6206/6206/6206 6213/6213/6213 6214/6214/6214 6207/6207/6207
f 6207/6207/6207 6214/6214/6214 6215/6215/6215 6208/6208/6208
f 6208/6208/6208 6215/6215/6215 6057/6057/6057 6056/6056/6056
f 6209/6209/6209 6216/6216/6216 6217/6217/6217 6210/6210/6210
f 6210/6210/6210 6217/6217/6217 6218/6218/6218 6211/6211/6211
f 6211/6211/6211 6218/6218/6218 6219/6219/6219 6212/6212/6212
f 6212/6212/6212 6219/6219/6219 6220/6220/6220 6213/6213/6213
f 6213/6213/6213 6220/6220/6220 6221/6221/6221 6214/6214/6214
f 6214/6214/6214 6221/6221/6221 6222/6222/6222 6215/6215/6215
f 6215/6215/6215 6222/6222/6222 6058/6058/6058 6057/6057/6057
f 6216/6216/6216 6223/6223/6223 6224/6224/6224 6217/6217/6217
f 6217/6217/6217 6224/6224/6224 6225/6225/6225 6218/6218/6218
f 6218/6218/6218 6225/6225/6225 6226/6226/6226 6219/6219/6219
f 6219/6219/6219 6226/6226/6226 6227/6227/6227 6220/6220/6220
f 6220/6220/6220 6227/6227/6227 6228/6228/6228 6221/6221/6221
f 6221/6221/6221 6228/6228/6228 6229/6229/6229 6222/6222/6222
f 6222/6222/6222 6229/6229/6229 6059/6059/6059 6058/6058/6058
f 6223/6223/6223 6230/6230/6230 6231/6231/6231 6224/6224/6224
f 6224/6224/6224 6231/6231/6231 6232/6232/6232 6225/6225/6225
f 6225/6225/6225 6232/6232/6232 6233/6233/6233 6226/6226/6226
f 6226/6226/6226 6233/6233/6233 6234/6234/6234 6227/6227/6227
f 6227/6227/6227 6234/6234/6234 6235/6235/6235 6228/6228/6228
f 6228/6228/6228 6235/6235/6235 6236/6236/6236 6229/6229/6229
f 6229/6229/6229 6236/6236/6236 6060/6060/6060 6059/6059/6059
f 6230/6230/6230 6237/6237/6237 6238/6238/6238 6231/6231/6231
f 6231/6231/6231 6238/6238/6238 6239/6239/6239 6232/6232/6232
f 6232/6232/6232 6239/6239/6239 6240/6240/6240 6233/6233/6233
f 6233/6233/6233 6240/6240/6240 6241/6241/6241 6234/6234/6234
f 6234/6234/6234 6241/6241/6241 6242/6242/6242 6235/6235/6235
f 6235/6235/6235 6242/6242/6242 6243/6243/6243 6236/6236/6236
f 6236/6236/6236 6243/6243/6243 6061/6061/6061 6060/6060/6060
f 6237/6237/6237 6244/6244/6244 6245/6245/6245 6238/6238/6238
f 6238/6238/6238 6245/6245/6245 6246/6246/6246 6239/6239/6239
f 6239/6239/6239 6246/6246/6246 6247/6247/6247 6240/6240/6240
f 6240/6240/6240 6247/6247/6247 6248/6248/6248 6241/6241/6241
f 6241/6241/6241 6248/6248/6248 6249/6249/6249 6242/6242/6242
f 6242/6242/6242 6249/6249/6249 6250/6250/6250 6243/6243/6243
f 6243/6243/6243 6250/6250/6250 6062/6062/6062 6061/6061/6061
f 6244/6244/6244 6251/6251/6251 6252/6252/6252 6245/6245/6245
f 6245/6245/6245 6252/6252/6252 6253/6253/6253 6246/6246/6246
f 6246/6246/6246 6253/6253/6253 6254/6254/6254 6247/6247/6247
f 6247/6247/6247 6254/6254/6254 6255/6255/6255 6248/6248/6248
f 6248/6248/6248 6255/6255/6255 6256/6256/6256 6249/6249/6249
f 6249/6249/6249 6256/6256/6256 6257/6257/6257 6250/6250/6250
f 6250/6250/6250 6257/6257/6257 6063/6063/6063 6062/6062/6062
f 6251/6251/6251 6258/6258/6258 6259/6259/6259 6252/6252/6252
f 6252/6252/6252 6259/6259/6259 6260/6260/6260 6253/6253/6253
f 6253/6253/6253 6260/6260/6260 6261/6261/6261 6254/6254/6254
f 6254/6254/6254 6261/6261/6261 6262/6262/6262 6255/6255/6255
f 6255/6255/6255 6262/6262/6262 6263/6263/6263 6256/6256/6256
f 6256/6256/6256 6263/6263/6263 6264/6264/6264 6257/6257/6257
f 6257/6257/6257 6264/6264/6264 6064/6064/6064 6063/6063/6063
f 6258/6258/6258 6265/6265/6265 6266/6266/6266 6259/6259/6259
f 6259/6259/6259 6266/6266/6266 6267/6267/6267 6260/6260/6260
f 6260/6260/6260 6267/6267/6267 6268/6268/6268 6261/6261/6261
f 6261/6261/6261 6268/6268/6268 6269/6269/6269 6262/6262/6262
f 6262/6262/6262 6269/6269/6269 6270/6270/6270 6263/6263/6263
f 6263/6263/6263 6270/6270/6270 6271/6271/6271 6264/6264/6264
f 6264/6264/6264 6271/6271/6271 6065/6065/6065 6064/6064/6064
f 6265/6265/6265 6272/6272/6272 6273/6273/6273 6266/6266/6266
f 6266/6266/6266 6273/6273/6273 6274/6274/6274 6267/6267/6267
f 6267/6267/6267 6274/6274/6274 6275/6275/6275 6268/6268/6268
f 6268/6268/6268 6275/6275/6275 6276/6276/6276 6269/6269/6269
f 6269/6269/6269 6276/6276/6276 6277/6277/6277 6270/6270/6270
f 6270/6270/6270 6277/6277/6277 6278/6278/6278 6271/6271/6271
f 6271/6271/6271 6278/6278/6278 6066/6066/6066 6065/6065/6065
f 6272/6272/6272 6279/6279/6279 6280/6280/6280 6273/6273/6273
f 6273/6273/6273 6280/6280/6280 6281/6281/6281 6274/6274/6274
f 6274/6274/6274 6281/6281/6281 6282/6282/6282 6275/6275/6275
f 6275/6275/6275 6282/6282/6282 6283/6283/6283 6276/6276/6276
f 6276/6276/6276 6283/6283/6283 6284/6284/6284 6277/6277/6277
f 6277/6277/6277 6284/6284/6284 6285/6285/6285 6278/6278/6278
f 6278/6278/6278 6285/6285/6285 6067/6067/6067 6066/6066/6066
f 6279/6279/6279 6286/6286/6286 6287/6287/6287 6280/6280/6280
f 6280/6280/6280 6287/6287/6287 6288/6288/6288 6281/6281/6281
f 6281/6281/6281 6288/6288/6288 6289/6289/6289 6282/6282/6282
f 6282/6282/6282 6289/6289/6289 6290/6290/6290 6283/6283/6283
f 6283/6283/6283 6290/6290/6290 6291/6291/6291 6284/6284/6284
f 6284/6284/6284 6291/6291/6291 6292/6292/6292 6285/6285/6285
f 6285/6285/6285 6292/6292/6292 6068/6068/6068 6067/6067/6067
f 6286/6286/6286 6070/6069/6069 6072/6072/6072 6287/6287/6287
f 6287/6287/6287 6072/6072/6072 6074/6074/6074 6288/6288/6288
f 6288/6288/6288 6074/6074/6074 6076/6076/6076 6289/6289/6289
f 6289/6289/6289 6076/6076/6076 6078/6078/6078 6290/6290/6290
f 6290/6290/6290 6078/6078/6078 6080/6080/6080 6291/6291/6291
f 6291/6291/6291 6080/6080/6080 6082/6082/6082 6292/6292/6292
f 6292/6292/6292 6082/6082/6082 6037/6037/6037 6068/6068/6068
f 6146/6146/6146 6139/6139/6139 6294/6293/6293 6293/6294/6294
f 6139/6139/6139 6132/6132/6132 6295/6295/6295 6294/6293/6293
f 6132/6132/6132 6125/6125/6125 6296/6296/6296 6295/6295/6295
f 6125/6125/6125 6118/6118/6118 6297/6297/6297 6296/6296/6296
f 6118/6118/6118 6111/6111/6111 6298/6298/6298 6297/6297/6297
f 6111/6111/6111 6104/6104/6104 6299/6299/6299 6298/6298/6298
f 6104/6104/6104 6097/6097/6097 6300/6300/6300 6299/6299/6299
f 6097/6097/6097 6090/6090/6090 6301/6301/6301 6300/6300/6300
f 6090/6090/6090 6083/6083/6083 6302/6302/6302 6301/6301/6301
f 6083/6083/6083 6069/6070/6070 6303/6303/6303 6302/6302/6302
f 6069/6070/6070 6070/6069/6069 6304/6304/6304 6303/6303/6303
f 6070/6069/6069 6286/6286/6286 6305/6305/6305 6304/6304/6304
f 6286/6286/6286 6279/6279/6279 6306/6306/6306 6305/6305/6305
f 6279/6279/6279 6272/6272/6272 6307/6307/6307 6306/6306/6306
f 6272/6272/6272 6265/6265/6265 6308/6308/6308 6307/6307/6307
f 6265/6265/6265 6258/6258/6258 6309/6309/6309 6308/6308/6308
f 6258/6258/6258 6251/6251/6251 6310/6310/6310 6309/6309/6309
f 6251/6251/6251 6244/6244/6244 6311/6311/6311 6310/6310/6310
f 6244/6244/6244 6237/6237/6237 6312/6312/6312 6311/6311/6311
f 6237/6237/6237 6230/6230/6230 6313/6313/6313 6312/6312/6312
f 6230/6230/6230 6223/6223/6223 6314/6314/6314 6313/6313/6313
f 6223/6223/6223 6216/6216/6216 6315/6315/6315 6314/6314/6314
f 6216/6216/6216 6209/6209/6209 6316/6316/6316 6315/6315/6315
f 6209/6209/6209 6202/6202/6202 6317/6317/6317 6316/6316/6316
f 6202/6202/6202 6195/6195/6195 6318/6318/6318 6317/6317/6317
f 6195/6195/6195 6188/6188/6188 6319/6319/6319 6318/6318/6318
f 6188/6188/6188 6181/6181/6181 6320/6320/6320 6319/6319/6319
f 6181/6181/6181 6174/6174/6174 6321/6321/6321 6320/6320/6320
f 6174/6174/6174 6167/6167/6167 6322/6322/6322 6321/6321/6321
f 6167/6167/6167 6160/6160/6160 6323/6323/6323 6322/6322/6322
f 6160/6160/6160 6153/6153/6153 6324/6324/6324 6323/6323/6323
f 6153/6153/6153 6146/6146/6146 6293/6294/6294 6324/6324/6324
s 2
f 6325/6325/6325 6326/6326/6326 6327/6327/6327
f 6325/6325/6325 6328/6328/6328 6326/6326/6326
f 6325/6325/6325 6329/6329/6329 6328/6328/6328
f 6325/6325/6325 6330/6330/6330 6329/6329/6329
f 6325/6325/6325 6331/6331/6331 6330/6330/6330
f 6325/6325/6325 6332/6332/6332 6331/6331/6331
f 6325/6325/6325 6333/6333/6333 6332/6332/6332
f 6325/6325/6325 6334/6334/6334 6333/6333/6333
f 6325/6325/6325 6335/6335/6335 6334/6334/6334
f 6325/6325/6325 6336/6336/6336 6335/6335/6335
f 6325/6325/6325 6337/6337/6337 6336/6336/6336
f 6325/6325/6325 6338/6338/6338 6337/6337/6337
f 6325/6325/6325 6339/6339/6339 6338/6338/6338
f 6325/6325/6325 6340/6340/6340 6339/6339/6339
f 6325/6325/6325 6341/6341/6341 6340/6340/6340
f 6325/6325/6325 6342/6342/6342 6341/6341/6341
f 6325/6325/6325 6343/6343/6343 6342/6342/6342
f 6325/6325/6325 6344/6344/6344 6343/6343/6343
f 6325/6325/6325 6345/6345/6345 6344/6344/6344
f 6325/6325/6325 6346/6346/6346 6345/6345/6345
f 6325/6325/6325 6347/6347/6347 6346/6346/6346
f 6325/6325/6325 6348/6348/6348 6347/6347/6347
f 6325/6325/6325 6349/6349/6349 6348/6348/6348
f 6325/6325/6325 6350/6350/6350 6349/6349/6349
f 6325/6325/6325 6351/6351/6351 6350/6350/6350
f 6325/6325/6325 6352/6352/6352 6351/6351/6351
f 6325/6325/6325 6353/6353/6353 6352/6352/6352
f 6325/6325/6325 6354/6354/6354 6353/6353/6353
f 6325/6325/6325 6355/6355/6355 6354/6354/6354
f 6325/6325/6325 6356/6356/6356 6355/6355/6355
f 6325/6325/6325 6357/6357/6357 6356/6356/6356
f 6325/6325/6325 6327/6327/6327 6357/6357/6357
f 6327/6327/6327 6326/6326/6326 6358/6358/6358 6359/6359/6359
f 6359/6359/6359 6358/6358/6358 6360/6360/6360 6361/6361/6361
f 6361/6361/6361 6360/6360/6360 6362/6362/6362 6363/6363/6363
f 6363/6363/6363 6362/6362/6362 6364/6364/6364 6365/6365/6365
f 6365/6365/6365 6364/6364/6364 6366/6366/6366 6367/6367/6367
f 6367/6367/6367 6366/6366/6366 6368/6368/6368 6369/6369/6369
f 6369/6369/6369 6368/6368/6368 6370/6370/6370 6371/6371/6371
f 6326/6326/6326 6328/6328/6328 6372/6372/6372 6358/6358/6358
f 6358/6358/6358 6372/6372/6372 6373/6373/6373 6360/6360/6360
f 6360/6360/6360 6373/6373/6373 6374/6374/6374 6362/6362/6362
f 6362/6362/6362 6374/6374/6374 6375/6375/6375 6364/6364/6364
f 6364/6364/6364 6375/6375/6375 6376/6376/6376 6366/6366/6366
f 6366/6366/6366 6376/6376/6376 6377/6377/6377 6368/6368/6368
f 6368/6368/6368 6377/6377/6377 6378/6378/6378 6370/6370/6370
f 6328/6328/6328 6329/6329/6329 6379/6379/6379 6372/6372/6372
f 6372/6372/6372 6379/6379/6379 6380/6380/6380 6373/6373/6373
f 6373/6373/6373 6380/6380/6380 6381/6381/6381 6374/6374/6374
f 6374/6374/6374 6381/6381/6381 6382/6382/6382 6375/6375/6375
f 6375/6375/6375 6382/6382/6382 6383/6383/6383 6376/6376/6376
f 6376/6376/6376 6383/6383/6383 6384/6384/6384 6377/6377/6377
f 6377/6377/6377 6384/6384/6384 6385/6385/6385 6378/6378/6378
f 6329/6329/6329 6330/6330/6330 6386/6386/6386 6379/6379/6379
f 6379/6379/6379 6386/6386/6386 6387/6387/6387 6380/6380/6380
f 6380/6380/6380 6387/6387/6387 6388/6388/6388 6381/6381/6381
f 6381/6381/6381 6388/6388/6388 6389/6389/6389 6382/6382/6382
f 6382/6382/6382 6389/6389/6389 6390/6390/6390 6383/6383/6383
f 6383/6383/6383 6390/6390/6390 6391/6391/6391 6384/6384/6384
f 6384/6384/6384 6391/6391/6391 6392/6392/6392 6385/6385/6385
f 6330/6330/6330 6331/6331/6331 6393/6393/6393 6386/6386/6386
f 6386/6386/6386 6393/6393/6393 6394/6394/6394 6387/6387/6387
f 6387/6387/6387 6394/6394/6394 6395/6395/6395 6388/6388/6388
f 6388/6388/6388 6395/6395/6395 6396/6396/6396 6389/6389/6389
f 6389/6389/6389 6396/6396/6396 6397/6397/6397 6390/6390/6390
f 6390/6390/6390 6397/6397/6397 6398/6398/6398 6391/6391/6391
f 6391/6391/6391 6398/6398/6398 6399/6399/6399 6392/6392/6392
f 6331/6331/6331 6332/6332/6332 6400/6400/6400 6393/6393/6393
f 6393/6393/6393 6400/6400/6400 6401/6401/6401 6394/6394/6394
f 6394/6394/6394 6401/6401/6401 6402/6402/6402 6395/6395/6395
f 6395/6395/6395 6402/6402/6402 6403/6403/6403 6396/6396/6396
f 6396/6396/6396 6403/6403/6403 6404/6404/6404 6397/6397/6397
f 6397/6397/6397 6404/6404/6404 6405/6405/6405 6398/6398/6398
f 6398/6398/6398 6405/6405/6405 6406/6406/6406 6399/6399/6399
f 6332/6332/6332 6333/6333/6333 6407/6407/6407 6400/6400/6400
f 6400/6400/6400 6407/6407/6407 6408/6408/6408 6401/6401/6401
f 6401/6401/6401 6408/6408/6408 6409/6409/6409 6402/6402/6402
f 6402/6402/6402 6409/6409/6409 6410/6410/6410 6403/6403/6403
f 6403/6403/6403 6410/6410/6410 6411/6411/6411 6404/6404/6404
f 6404/6404/6404 6411/6411/6411 6412/6412/6412 6405/6405/6405
f 6405/6405/6405 6412/6412/6412 6413/6413/6413 6406/6406/6406
f 6333/6333/6333 6334/6334/6334 6414/6414/6414 6407/6407/6407
f 6407/6407/6407 6414/6414/6414 6415/6415/6415 6408/6408/6408
f 6408/6408/6408 6415/6415/6415 6416/6416/6416 6409/6409/6409
f 6409/6409/6409 6416/6416/6416 6417/6417/6417 6410/6410/6410
f 6410/6410/6410 6417/6417/6417 6418/6418/6418 6411/6411/6411
f 6411/6411/6411 6418/6418/6418 6419/6419/6419 6412/6412/6412
f 6412/6412/6412 6419/6419/6419 6420/6420/6420 6413/6413/6413
f 6334/6334/6334 6335/6335/6335 6421/6421/6421 6414/6414/6414
f 6414/6414/6414 6421/6421/6421 6422/6422/6422 6415/6415/6415
f 6415/6415/6415 6422/6422/6422 6423/6423/6423 6416/6416/6416
f 6416/6416/6416 6423/6423/6423 6424/6424/6424 6417/6417/6417
f 6417/6417/6417 6424/6424/6424 6425/6425/6425 6418/6418/6418
f 6418/6418/6418 6425/6425/6425 6426/6426/6426 6419/6419/6419
f 6419/6419/6419 6426/6426/6426 6427/6427/6427 6420/6420/6420
f 6335/6335/6335 6336/6336/6336 6428/6428/6428 6421/6421/6421
f 6421/6421/6421 6428/6428/6428 6429/6429/6429 6422/6422/6422
f 6422/6422/6422 6429/6429/6429 6430/6430/6430 6423/6423/6423
f 6423/6423/6423 6430/6430/6430 6431/6431/6431 6424/6424/6424
f 6424/6424/6424 6431/6431/6431 6432/6432/6432 6425/6425/6425
f 6425/6425/6425 6432/6432/6432 6433/6433/6433 6426/6426/6426
f 6426/6426/6426 6433/6433/6433 6434/6434/6434 6427/6427/6427
f 6336/6336/6336 6337/6337/6337 6435/6435/6435 6428/6428/6428
f 6428/6428/6428 6435/6435/6435 6436/6436/6436 6429/6429/6429
f 6429/6429/6429 6436/6436/6436 6437/6437/6437 6430/6430/6430
f 6430/6430/6430 6437/6437/6437 6438/6438/6438 6431/6431/6431
f 6431/6431/6431 6438/6438/6438 6439/6439/6439 6432/6432/6432
f 6432/6432/6432 6439/6439/6439 6440/6440/6440 6433/6433/6433
f 6433/6433/6433 6440/6440/6440 6441/6441/6441 6434/6434/6434
f 6337/6337/6337 6338/6338/6338 6442/6442/6442 6435/6435/6435
f 6435/6435/6435 6442/6442/6442 6443/6443/6443 6436/6436/6436
f 6436/6436/6436 6443/6443/6443 6444/6444/6444 6437/6437/6437
f 6437/6437/6437 6444/6444/6444 6445/6445/6445 6438/6438/6438
f 6438/6438/6438 6445/6445/6445 6446/6446/6446 6439/6439/6439
f 6439/6439/6439 6446/6446/6446 6447/6447/6447 6440/6440/6440
f 6440/6440/6440 6447/6447/6447 6448/6448/6448 6441/6441/6441
f 6338/6338/6338 6339/6339/6339 6449/6449/6449 6442/6442/6442
f 6442/6442/6442 6449/6449/6449 6450/6450/6450 6443/6443/6443
f 6443/6443/6443 6450/6450/6450 6451/6451/6451 6444/6444/6444
f 6444/6444/6444 6451/6451/6451 6452/6452/6452 6445/6445/6445
f 6445/6445/6445 6452/6452/6452 6453/6453/6453 6446/6446/6446
f 6446/6446/6446 6453/6453/6453 6454/6454/6454 6447/6447/6447
f 6447/6447/6447 6454/6454/6454 6455/6455/6455 6448/6448/6448
f 6339/6339/6339 6340/6340/6340 6456/6456/6456 6449/6449/6449
f 6449/6449/6449 6456/6456/6456 6457/6457/6457 6450/6450/6450
f 6450/6450/6450 6457/6457/6457 6458/6458/6458 6451/6451/6451
f 6451/6451/6451 6458/6458/6458 6459/6459/6459 6452/6452/6452
f 6452/6452/6452 6459/6459/6459 6460/6460/6460 6453/6453/6453
f 6453/6453/6453 6460/6460/6460 6461/6461/6461 6454/6454/6454
f 6454/6454/6454 6461/6461/6461 6462/6462/6462 6455/6455/6455
f 6340/6340/6340 6341/6341/6341 6463/6463/6463 6456/6456/6456
f 6456/6456/6456 6463/6463/6463 6464/6464/6464 6457/6457/6457
f 6457/6457/6457 6464/6464/6464 6465/6465/6465 6458/6458/6458
f 6458/6458/6458 6465/6465/6465 6466/6466/6466 6459/6459/6459
f 6459/6459/6459 6466/6466/6466 6467/6467/6467 6460/6460/6460
f 6460/6460/6460 6467/6467/6467 6468/6468/6468 6461/6461/6461
f 6461/6461/6461 6468/6468/6468 6469/6469/6469 6462/6462/6462
f 6341/6341/6341 6342/6342/6342 6470/6470/6470 6463/6463/6463
f 6463/6463/6463 6470/6470/6470 6471/6471/6471 6464/6464/6464
f 6464/6464/6464 6471/6471/6471 6472/6472/6472 6465/6465/6465
f 6465/6465/6465 6472/6472/6472 6473/6473/6473 6466/6466/6466
f 6466/6466/6466 6473/6473/6473 6474/6474/6474 6467/6467/6467
f 6467/6467/6467 6474/6474/6474 6475/6475/6475 6468/6468/6468
f 6468/6468/6468 6475/6475/6475 6476/6476/6476 6469/6469/6469
f 6342/6342/6342 6343/6343/6343 6477/6477/6477 6470/6470/6470
f 6470/6470/6470 6477/6477/6477 6478/6478/6478 6471/6471/6471
f 6471/6471/6471 6478/6478/6478 6479/6479/6479 6472/6472/6472
f 6472/6472/6472 6479/6479/6479 6480/6480/6480 6473/6473/6473
f 6473/6473/6473 6480/6480/6480 6481/6481/6481 6474/6474/6474
f 6474/6474/6474 6481/6481/6481 6482/6482/6482 6475/6475/6475
f 6475/6475/6475 6482/6482/6482 6483/6483/6483 6476/6476/6476
f 6343/6343/6343 6344/6344/6344 6484/6484/6484 6477/6477/6477
f 6477/6477/6477 6484/6484/6484 6485/6485/6485 6478/6478/6478
f 6478/6478/6478 6485/6485/6485 6486/6486/6486 6479/6479/6479
f 6479/6479/6479 6486/6486/6486 6487/6487/6487 6480/6480/6480
f 6480/6480/6480 6487/6487/6487 6488/6488/6488 6481/6481/6481
f 6481/6481/6481 6488/6488/6488 6489/6489/6489 6482/6482/6482
f 6482/6482/6482 6489/6489/6489 6490/6490/6490 6483/6483/6483
f 6344/6344/6344 6345/6345/6345 6491/6491/6491 6484/6484/6484
f 6484/6484/6484 6491/6491/6491 6492/6492/6492 6485/6485/6485
f 6485/6485/6485 6492/6492/6492 6493/6493/6493 6486/6486/6486
f 6486/6486/6486 6493/6493/6493 6494/6494/6494 6487/6487/6487
f 6487/6487/6487 6494/6494/6494 6495/6495/6495 6488/6488/6488
f 6488/6488/6488 6495/6495/6495 6496/6496/6496 6489/6489/6489
f 6489/6489/6489 6496/6496/6496 6497/6497/6497 6490/6490/6490
f 6345/6345/6345 6346/6346/6346 6498/6498/6498 6491/6491/6491
f 6491/6491/6491 6498/6498/6498 6499/6499/6499 6492/6492/6492
f 6492/6492/6492 6499/6499/6499 6500/6500/6500 6493/6493/6493
f 6493/6493/6493 6500/6500/6500 6501/6501/6501 6494/6494/6494
f 6494/6494/6494 6501/6501/6501 6502/6502/6502 6495/6495/6495
f 6495/6495/6495 6502/6502/6502 6503/6503/6503 6496/6496/6496
f 6496/6496/6496 6503/6503/6503 6504/6504/6504 6497/6497/6497
f 6346/6346/6346 6347/6347/6347 6505/6505/6505 6498/6498/6498
f 6498/6498/6498 6505/6505/6505 6506/6506/6506 6499/6499/6499
f 6499/6499/6499 6506/6506/6506 6507/6507/6507 6500/6500/6500
f 6500/6500/6500 6507/6507/6507 6508/6508/6508 6501/6501/6501
f 6501/6501/6501 6508/6508/6508 6509/6509/6509 6502/6502/6502
f 6502/6502/6502 6509/6509/6509 6510/6510/6510 6503/6503/6503
f 6503/6503/6503 6510/6510/6510 6511/6511/6511 6504/6504/6504
f 6347/6347/6347 6348/6348/6348 6512/6512/6512 6505/6505/6505
f 6505/6505/6505 6512/6512/6512 6513/6513/6513 6506/6506/6506
f 6506/6506/6506 6513/6513/6513 6514/6514/6514 6507/6507/6507
f 6507/6507/6507 6514/6514/6514 6515/6515/6515 6508/6508/6508
f 6508/6508/6508 6515/6515/6515 6516/6516/6516 6509/6509/6509
f 6509/6509/6509 6516/6516/6516 6517/6517/6517 6510/6510/6510
f 6510/6510/6510 6517/6517/6517 6518/6518/6518 6511/6511/6511
f 6348/6348/6348 6349/6349/6349 6519/6519/6519 6512/6512/6512
f 6512/6512/6512 6519/6519/6519 6520/6520/6520 6513/6513/6513
f 6513/6513/6513 6520/6520/6520 6521/6521/6521 6514/6514/6514
f 6514/6514/6514 6521/6521/6521 6522/6522/6522 6515/6515/6515
f 6515/6515/6515 6522/6522/6522 6523/6523/6523 6516/6516/6516
f 6516/6516/6516 6523/6523/6523 6524/6524/6524 6517/6517/6517
f 6517/6517/6517 6524/6524/6524 6525/6525/6525 6518/6518/6518
f 6349/6349/6349 6350/6350/6350 6526/6526/6526 6519/6519/6519
f 6519/6519/6519 6526/6526/6526 6527/6527/6527 6520/6520/6520
f 6520/6520/6520 6527/6527/6527 6528/6528/6528 6521/6521/6521
f 6521/6521/6521 6528/6528/6528 6529/6529/6529 6522/6522/6522
f 6522/6522/6522 6529/6529/6529 6530/6530/6530 6523/6523/6523
f 6523/6523/6523 6530/6530/6530 6531/6531/6531 6524/6524/6524
f 6524/6524/6524 6531/6531/6531 6532/6532/6532 6525/6525/6525
f 6350/6350/6350 6351/6351/6351 6533/6533/6533 6526/6526/6526
f 6526/6526/6526 6533/6533/6533 6534/6534/6534 6527/6527/6527
f 6527/6527/6527 6534/6534/6534 6535/6535/6535 6528/6528/6528
f 6528/6528/6528 6535/6535/6535 6536/6536/6536 6529/6529/6529
f 6529/6529/6529 6536/6536/6536 6537/6537/6537 6530/6530/6530
f 6530/6530/6530 6537/6537/6537 6538/6538/6538 6531/6531/6531
f 6531/6531/6531 6538/6538/6538 6539/6539/6539 6532/6532/6532
f 6351/6351/6351 6352/6352/6352 6540/6540/6540 6533/6533/6533
f 6533/6533/6533 6540/6540/6540 6541/6541/6541 6534/6534/6534
f 6534/6534/6534 6541/6541/6541 6542/6542/6542 6535/6535/6535
f 6535/6535/6535 6542/6542/6542 6543/6543/6543 6536/6536/6536
f 6536/6536/6536 6543/6543/6543 6544/6544/6544 6537/6537/6537
f 6537/6537/6537 6544/6544/6544 6545/6545/6545 6538/6538/6538
f 6538/6538/6538 6545/6545/6545 6546/6546/6546 6539/6539/6539
f 6352/6352/6352 6353/6353/6353 6547/6547/6547 6540/6540/6540
f 6540/6540/6540 6547/6547/6547 6548/6548/6548 6541/6541/6541
f 6541/6541/6541 6548/6548/6548 6549/6549/6549 6542/6542/6542
f 6542/6542/6542 6549/6549/6549 6550/6550/6550 6543/6543/6543
f 6543/6543/6543 6550/6550/6550 6551/6551/6551 6544/6544/6544
f 6544/6544/6544 6551/6551/6551 6552/6552/6552 6545/6545/6545
f 6545/6545/6545 6552/6552/6552 6553/6553/6553 6546/6546/6546
f 6353/6353/6353 6354/6354/6354 6554/6554/6554 6547/6547/6547
f 6547/6547/6547 6554/6554/6554 6555/6555/6555 6548/6548/6548
f 6548/6548/6548 6555/6555/6555 6556/6556/6556 6549/6549/6549
f 6549/6549/6549 6556/6556/6556 6557/6557/6557 6550/6550/6550
f 6550/6550/6550 6557/6557/6557 6558/6558/6558 6551/6551/6551
f 6551/6551/6551 6558/6558/6558 6559/6559/6559 6552/6552/6552
f 6552/6552/6552 6559/6559/6559 6560/6560/6560 6553/6553/6553
f 6354/6354/6354 6355/6355/6355 6561/6561/6561 6554/6554/6554
f 6554/6554/6554 6561/6561/6561 6562/6562/6562 6555/6555/6555
f 6555/6555/6555 6562/6562/6562 6563/6563/6563 6556/6556/6556
f 6556/6556/6556 6563/6563/6563 6564/6564/6564 6557/6557/6557
f 6557/6557/6557 6564/6564/6564 6565/6565/6565 6558/6558/6558
f 6558/6558/6558 6565/6565/6565 6566/6566/6566 6559/6559/6559
f 6559/6559/6559 6566/6566/6566 6567/6567/6567 6560/6560/6560
f 6355/6355/6355 6356/6356/6356 6568/6568/6568 6561/6561/6561
f 6561/6561/6561 6568/6568/6568 6569/6569/6569 6562/6562/6562
f 6562/6562/6562 6569/6569/6569 6570/6570/6570 6563/6563/6563
f 6563/6563/6563 6570/6570/6570 6571/6571/6571 6564/6564/6564
f 6564/6564/6564 6571/6571/6571 6572/6572/6572 6565/6565/6565
f 6565/6565/6565 6572/6572/6572 6573/6573/6573 6566/6566/6566
f 6566/6566/6566 6573/6573/6573 6574/6574/6574 6567/6567/6567
f 6356/6356/6356 6357/6357/6357 6575/6575/6575 6568/6568/6568
f 6568/6568/6568 6575/6575/6575 6576/6576/6576 6569/6569/6569
f 6569/6569/6569 6576/6576/6576 6577/6577/6577 6570/6570/6570
f 6570/6570/6570 6577/6577/6577 6578/6578/6578 6571/6571/6571
f 6571/6571/6571 6578/6578/6578 6579/6579/6579 6572/6572/6572
f 6572/6572/6572 6579/6579/6579 6580/6580/6580 6573/6573/6573
f 6573/6573/6573 6580/6580/6580 6581/6581/6581 6574/6574/6574
f 6357/6357/6357 6327/6327/6327 6359/6359/6359 6575/6575/6575
f 6575/6575/6575 6359/6359/6359 6361/6361/6361 6576/6576/6576
f 6576/6576/6576 6361/6361/6361 6363/6363/6363 6577/6577/6577
f 6577/6577/6577 6363/6363/6363 6365/6365/6365 6578/6578/6578
f 6578/6578/6578 6365/6365/6365 6367/6367/6367 6579/6579/6579
f 6579/6579/6579 6367/6367/6367 6369/6369/6369 6580/6580/6580
f 6580/6580/6580 6369/6369/6369 6371/6371/6371 6581/6581/6581
