mtllib model_14.mtl
o model_14
v 6.473562717437744 1.8933252096176147 41.967872619628906 
v 6.473562717437744 1.5647046566009521 43.19194030761719 
v 7.651063919067383 1.7707659006118774 42.039039611816406 
v 7.651063919067383 1.4589803218841553 43.20210647583008 
v 10.3221435546875 1.7707659006118774 42.041072845458984 
v 10.344403266906738 1.4677345752716064 43.17770767211914 
v 13.525214195251465 1.7707659006118774 42.04513931274414 
v 13.569731712341309 1.4764888286590576 43.1533088684082 
v 14.842947006225586 1.7963552474975586 42.04513931274414 
v 14.842947006225586 1.5014047622680664 43.14517593383789 
v 16.053836822509766 1.4892834424972534 43.135009765625 
v 15.964800834655762 0.698034942150116 43.934112548828125 
v 19.196807861328125 0.4448353946208954 43.89141082763672 
v 19.045446395874023 -0.5773903727531433 44.17607879638672 
v 22.16393280029297 -0.7962462902069092 44.08457946777344 
v 22.079347610473633 -1.7740274667739868 43.82024383544922 
v 24.225114822387695 -0.9383343458175659 43.966644287109375 
v 24.140531539916992 -1.9147686958312988 43.72671127319336 
v 6.473562717437744 0.6690785884857178 44.088645935058594 
v 7.651063919067383 0.6077989339828491 44.05204391479492 
v 10.402276039123535 0.6401222944259644 44.00934600830078 
v 13.685479164123535 0.6731190085411072 43.9646110534668 
v 14.842947006225586 0.6960147023200989 43.95037841796875 
v 15.84460163116455 -0.38210347294807434 44.22488021850586 
v 18.896310806274414 -1.5996160507202148 43.89141082763672 
v 22.01702308654785 -2.4891815185546875 43.102474212646484 
v 24.062623977661133 -2.802313804626465 43.09840774536133 
v 6.473562717437744 -0.5551680326461792 44.416011810302734 
v 7.651063919067383 -0.5551680326461792 44.365177154541016 
v 10.48240852355957 -0.48984795808792114 44.312313079833984 
v 13.843517303466797 -0.4238544702529907 44.261478424072266 
v 14.842947006225586 -0.4036523699760437 44.24521255493164 
v 15.722177505493164 -1.4615684747695923 43.934112548828125 
v 18.787240982055664 -2.347766876220703 43.112640380859375 
v 21.99476432800293 -2.7511351108551025 42.122406005859375 
v 24.02923583984375 -3.1672983169555664 42.30540466308594 
v 24.055946350097656 -2.873694658279419 41.17283630371094 
v 7.651063919067383 -1.7188084125518799 44.05204391479492 
v 10.562541007995605 -1.6198182106018066 44.00934600830078 
v 14.003782272338867 -1.5215013027191162 43.9646110534668 
v 14.842947006225586 -1.503319501876831 43.95037841796875 
v 15.63314151763916 -2.252816915512085 43.135009765625 
v 18.747175216674805 -2.6218419075012207 42.0492057800293 
v 22.01702308654785 -2.4891815185546875 41.14030075073242 
v 24.124950408935547 -2.070998191833496 40.51810073852539 
v 7.651063919067383 -2.5699899196624756 43.20210647583008 
v 10.620414733886719 -2.447430372238159 43.17770767211914 
v 14.119529724121094 -2.324197769165039 43.1533088684082 
v 14.842947006225586 -2.3087093830108643 43.14517593383789 
v 15.601978302001953 -2.5417068004608154 42.04717254638672 
v 15.63314151763916 -2.252816915512085 40.95730209350586 
v 18.787240982055664 -2.347766876220703 40.98576736450195 
v 15.722177505493164 -1.4615684747695923 40.158199310302734 
v 18.896310806274414 -1.5996160507202148 40.20699691772461 
v 15.842375755310059 -0.38210347294807434 39.867431640625 
v 19.045446395874023 -0.5773903727531433 39.92029571533203 
v 15.964800834655762 0.698034942150116 40.158199310302734 
v 19.196807861328125 0.4448353946208954 40.20699691772461 
v 16.053836822509766 1.4892834424972534 40.95730209350586 
v 19.305875778198242 1.1929861307144165 40.98576736450195 
v 16.084999084472656 1.7781733274459839 42.04717254638672 
v 19.345943450927734 1.467061161994934 42.0492057800293 
v 7.651063919067383 -2.881775379180908 42.039039611816406 
v 10.640447616577148 -2.749788522720337 42.041072845458984 
v 14.161821365356445 -2.6184747219085693 42.04513931274414 
v 14.842947006225586 -2.6036598682403564 42.04513931274414 
v 14.842947006225586 -2.3087093830108643 40.94510269165039 
v 14.842947006225586 -1.503319501876831 40.139896392822266 
v 14.842947006225586 -0.4036523699760437 39.845062255859375 
v 14.842947006225586 0.6960147023200989 40.139896392822266 
v 14.842947006225586 1.5014047622680664 40.94510269165039 
v 14.842947006225586 1.7963552474975586 42.04513931274414 
v 14.119529724121094 -2.324197769165039 40.934932708740234 
v 14.003782272338867 -1.5215013027191162 40.12363052368164 
v 13.843517303466797 -0.4238544702529907 39.82676315307617 
v 13.685479164123535 0.6731190085411072 40.12363052368164 
v 13.569731712341309 1.4764888286590576 40.934932708740234 
v 13.525214195251465 1.7707659006118774 42.04513931274414 
v 10.620414733886719 -2.447430372238159 40.90443420410156 
v 10.562541007995605 -1.6198182106018066 40.074832916259766 
v 10.48240852355957 -0.48984795808792114 39.76982879638672 
v 10.402276039123535 0.6401222944259644 40.074832916259766 
v 10.344403266906738 1.4677345752716064 40.90443420410156 
v 10.3221435546875 1.7707659006118774 42.041072845458984 
v 7.651063919067383 -2.5699899196624756 40.87596893310547 
v 7.651063919067383 -1.7188084125518799 40.02399826049805 
v 7.651063919067383 -0.5551680326461792 39.71289825439453 
v 7.651063919067383 0.6077989339828491 40.02399826049805 
v 7.651063919067383 1.4589803218841553 40.87596893310547 
v 7.651063919067383 1.7707659006118774 42.039039611816406 
v 6.473562717437744 1.8933252096176147 41.967872619628906 
v 6.473562717437744 1.5647046566009521 40.74380111694336 
v 6.473562717437744 0.6690785884857178 39.84709548950195 
v 6.473562717437744 -0.5551680326461792 39.51972961425781 
v 6.473562717437744 -1.7794146537780762 39.84709548950195 
v 6.473562717437744 -2.6757140159606934 40.74380111694336 
v 6.473562717437744 -3.0036613941192627 41.967872619628906 
v 6.473562717437744 -2.6757140159606934 43.265140533447266 
v 6.473562717437744 -1.7794146537780762 44.088645935058594 
v -6.474497318267822 1.8933252096176147 41.967872619628906 
v -7.651998519897461 1.7707659006118774 42.039039611816406 
v -6.474497318267822 1.5647046566009521 43.19194030761719 
v -7.651998519897461 1.4589803218841553 43.20210647583008 
v -6.474497318267822 0.6690785884857178 44.088645935058594 
v -7.651998519897461 0.6077989339828491 44.05204391479492 
v -6.474497318267822 -0.5551680326461792 44.416011810302734 
v -7.651998519897461 -0.5551680326461792 44.365177154541016 
v -7.651998519897461 -1.7188084125518799 44.05204391479492 
v -10.483343124389648 -0.48984795808792114 44.312313079833984 
v -10.563475608825684 -1.6198182106018066 44.00934600830078 
v -13.844452857971191 -0.4238544702529907 44.261478424072266 
v -14.004716873168945 -1.5215013027191162 43.9646110534668 
v -14.843881607055664 -0.4036523699760437 44.24521255493164 
v -14.843881607055664 -1.503319501876831 43.95037841796875 
v -15.723112106323242 -1.4615684747695923 43.934112548828125 
v -15.634076118469238 -2.252816915512085 43.135009765625 
v -18.788175582885742 -2.347766876220703 43.112640380859375 
v -18.748109817504883 -2.6218419075012207 42.0492057800293 
v -21.995698928833008 -2.7511351108551025 42.122406005859375 
v -22.01795768737793 -2.4891815185546875 41.14030075073242 
v -24.056880950927734 -2.873694658279419 41.17283630371094 
v -24.125885009765625 -2.070998191833496 40.51810073852539 
v -10.403210639953613 0.6401222944259644 44.00934600830078 
v -13.686413764953613 0.6731190085411072 43.9646110534668 
v -14.843881607055664 0.6960147023200989 43.95037841796875 
v -15.845536231994629 -0.38210347294807434 44.22488021850586 
v -18.897245407104492 -1.5996160507202148 43.89141082763672 
v -22.01795768737793 -2.4891815185546875 43.102474212646484 
v -24.030170440673828 -3.1672983169555664 42.30540466308594 
v -13.570666313171387 1.4764888286590576 43.1533088684082 
v -14.843881607055664 1.5014047622680664 43.14517593383789 
v -15.96573543548584 0.698034942150116 43.934112548828125 
v -19.0463809967041 -0.5773903727531433 44.17607879638672 
v -22.08028221130371 -1.7740274667739868 43.82024383544922 
v -24.14146614074707 -1.9147686958312988 43.72671127319336 
v -24.06355857849121 -2.802313804626465 43.09840774536133 
v -14.843881607055664 1.7963552474975586 42.04513931274414 
v -16.054771423339844 1.4892834424972534 43.135009765625 
v -19.197742462158203 0.4448353946208954 43.89141082763672 
v -22.164867401123047 -0.7962462902069092 44.08457946777344 
v -24.226049423217773 -0.9383343458175659 43.966644287109375 
v -16.085933685302734 1.7781733274459839 42.04717254638672 
v -19.30681037902832 1.1929861307144165 43.112640380859375 
v -22.251676559448242 0.18153484165668488 43.82024383544922 
v -19.346878051757812 1.467061161994934 42.0492057800293 
v -22.314001083374023 0.8966888189315796 43.102474212646484 
v -24.319538116455078 0.12227537482976913 43.72671127319336 
v -22.336261749267578 1.1586425304412842 42.122406005859375 
v -24.390766143798828 0.939113199710846 43.031307220458984 
v 22.079347610473633 -1.7740274667739868 40.42253112792969 
v 22.16393280029297 -0.7962462902069092 40.158199310302734 
v 22.250741958618164 0.18153484165668488 40.42253112792969 
v 22.313066482543945 0.8966888189315796 41.14030075073242 
v 22.3353271484375 1.1586425304412842 42.122406005859375 
v 24.222888946533203 -0.9746981263160706 40.27816390991211 
v 24.318603515625 0.12227537482976913 40.51810073852539 
v 24.387605667114258 0.9242983460426331 41.17283630371094 
v 24.414316177368164 1.2185754776000977 42.06953811645508 
v -6.474497318267822 -0.5551680326461792 44.416011810302734 
v -5.5641045570373535 -0.5551680326461792 44.51157760620117 
v -6.474497318267822 0.6690785884857178 44.088645935058594 
v -5.374902725219727 0.6717722415924072 44.51157760620117 
v -6.474497318267822 1.5647046566009521 43.19194030761719 
v -4.983144283294678 2.066389799118042 44.43431091308594 
v -5.593040943145752 2.673125982284546 42.02886962890625 
v -3.8969051837921143 4.326330184936523 42.203739166259766 
v -3.8969051837921143 4.599731922149658 39.7006950378418 
v -1.6710052490234375 5.439465522766113 42.203739166259766 
v -1.6710052490234375 5.775493621826172 39.822696685791016 
v -0.0015803000424057245 5.650914192199707 42.203739166259766 
v -0.0015803000424057245 5.999063491821289 39.822696685791016 
v 1.6700706481933594 5.775493621826172 39.822696685791016 
v -0.0015803000424057245 6.36068058013916 36.83572006225586 
v 2.092991590499878 6.023979187011719 36.83572006225586 
v -0.0015803000424057245 6.9175848960876465 32.909339904785156 
v 2.295548439025879 6.553947448730469 32.909339904785156 
v -0.0015803000424057245 7.282569408416748 28.879261016845703 
v 2.4736204147338867 6.900750160217285 28.879261016845703 
v 2.28664493560791 6.503442287445068 25.60558319091797 
v 4.659454345703125 5.485930442810059 26.002084732055664 
v 4.841978073120117 4.252929210662842 23.65154457092285 
v 6.794092178344727 3.096696376800537 24.973215103149414 
v 6.742896556854248 2.7310385704040527 23.42787742614746 
v 7.971593379974365 1.2185754776000977 24.190380096435547 
v -3.3582375049591064 3.1748111248016357 44.51157760620117 
v -1.4395116567611694 4.025992393493652 44.51157760620117 
v -0.0015803000424057245 4.1876091957092285 44.51157760620117 
v 1.6700706481933594 5.439465522766113 42.203739166259766 
v 3.895970582962036 4.599731922149658 39.7006950378418 
v 3.9916841983795166 5.041484355926514 36.83572006225586 
v 4.37899112701416 5.49199104309082 32.909339904785156 
v 4.71732759475708 5.7869415283203125 28.879261016845703 
v 6.7362189292907715 3.870436429977417 26.679187774658203 
v 7.869202136993408 1.7842339277267456 26.84998893737793 
v 7.887009143829346 1.3391145467758179 25.35751724243164 
v 8.283219337463379 -0.5565148591995239 26.876420974731445 
v 8.312155723571777 -0.5578616857528687 25.41444969177246 
v 5.500844478607178 3.5108392238616943 36.83572006225586 
v 6.032834529876709 3.8381130695343018 32.909339904785156 
v 6.498047828674316 4.052928447723389 28.879261016845703 
v 7.639934539794922 1.8670625686645508 28.879261016845703 
v 8.033918380737305 -0.5551680326461792 28.879261016845703 
v 7.094588756561279 1.7546042203903198 32.909339904785156 
v 6.46911096572876 1.582213044166565 36.83572006225586 
v 5.592106342315674 2.673125982284546 39.38146209716797 
v 5.592106342315674 2.673125982284546 42.02886962890625 
v 3.895970582962036 4.326330184936523 42.203739166259766 
v 4.9822096824646 2.066389799118042 44.43431091308594 
v 3.3573029041290283 3.1748111248016357 44.51157760620117 
v 3.036773204803467 1.1976999044418335 45.21308135986328 
v 2.115250587463379 2.2024171352386475 45.21308135986328 
v 2.667273759841919 1.3828858137130737 45.80681610107422 
v 1.937178611755371 2.1128547191619873 45.80681610107422 
v 1.4385770559310913 4.025992393493652 44.51157760620117 
v 0.9065868854522705 2.8313755989074707 45.21308135986328 
v 1.0178818702697754 2.581543207168579 45.80681610107422 
v -0.0015803000424057245 2.7424864768981934 45.80681610107422 
v -0.0015803000424057245 2.9505679607391357 45.21308135986328 
v -0.9075216054916382 2.8313755989074707 45.21308135986328 
v -2.116185188293457 2.2024171352386475 45.21308135986328 
v -3.037707805633545 1.1976999044418335 45.21308135986328 
v -3.387174129486084 0.35190579295158386 45.21308135986328 
v -3.5073728561401367 -0.5551680326461792 45.21308135986328 
v -3.29813814163208 -0.5551680326461792 45.80681610107422 
v -3.137873411178589 0.46369069814682007 45.80681610107422 
v -2.668208599090576 1.3828858137130737 45.80681610107422 
v -1.9381133317947388 2.1128547191619873 45.80681610107422 
v -1.018816590309143 2.581543207168579 45.80681610107422 
v -24.415250778198242 1.2185754776000977 42.06953811645508 
v -22.336261749267578 1.1586425304412842 42.122406005859375 
v -24.388540267944336 0.9242983460426331 41.17283630371094 
v -22.314001083374023 0.8966888189315796 41.14030075073242 
v -24.319538116455078 0.12227537482976913 40.51810073852539 
v -22.251676559448242 0.18153484165668488 40.42253112792969 
v -24.22382354736328 -0.9746981263160706 40.27816390991211 
v -22.164867401123047 -0.7962462902069092 40.158199310302734 
v -22.08028221130371 -1.7740274667739868 40.42253112792969 
v -19.0463809967041 -0.5773903727531433 39.92029571533203 
v -18.897245407104492 -1.5996160507202148 40.20699691772461 
v -15.843310356140137 -0.38210347294807434 39.867431640625 
v -15.723112106323242 -1.4615684747695923 40.158199310302734 
v -14.843881607055664 -0.4036523699760437 39.845062255859375 
v -14.843881607055664 -1.503319501876831 40.139896392822266 
v -14.004716873168945 -1.5215013027191162 40.12363052368164 
v -14.120464324951172 -2.324197769165039 40.934932708740234 
v -10.621349334716797 -2.447430372238159 40.90443420410156 
v -10.641382217407227 -2.749788522720337 42.041072845458984 
v -7.651998519897461 -2.5699899196624756 40.87596893310547 
v -7.651998519897461 -2.881775379180908 42.039039611816406 
v -6.474497318267822 -3.0036613941192627 41.967872619628906 
v -6.474497318267822 -2.6757140159606934 43.265140533447266 
v -18.788175582885742 -2.347766876220703 40.98576736450195 
v -15.634076118469238 -2.252816915512085 40.95730209350586 
v -15.602913856506348 -2.5417068004608154 42.04717254638672 
v -14.843881607055664 -2.3087093830108643 43.14517593383789 
v -14.120464324951172 -2.324197769165039 43.1533088684082 
v -10.621349334716797 -2.447430372238159 43.17770767211914 
v -7.651998519897461 -2.5699899196624756 43.20210647583008 
v -6.474497318267822 -1.7794146537780762 44.088645935058594 
v -14.843881607055664 -2.3087093830108643 40.94510269165039 
v -14.843881607055664 -2.6036598682403564 42.04513931274414 
v -14.162755966186523 -2.6184747219085693 42.04513931274414 
v -6.474497318267822 1.8933252096176147 41.967872619628906 
v -6.474497318267822 1.5647046566009521 40.74380111694336 
v -5.593040943145752 2.673125982284546 39.38146209716797 
v -5.501779079437256 3.5108392238616943 36.83572006225586 
v -3.992619037628174 5.041484355926514 36.83572006225586 
v -4.379925727844238 5.49199104309082 32.909339904785156 
v -2.296483278274536 6.553947448730469 32.909339904785156 
v -2.474555253982544 6.900750160217285 28.879261016845703 
v -2.2875795364379883 6.503442287445068 25.60558319091797 
v -0.0015803000424057245 6.812534332275391 25.489683151245117 
v -2.038278818130493 5.001753330230713 22.83414077758789 
v -0.0015803000424057245 5.217916011810303 22.712141036987305 
v -2.174058675765991 3.512186050415039 21.25016975402832 
v -0.0015803000424057245 3.6690890789031982 20.898401260375977 
v -0.7094165086746216 1.8845710754394531 20.01999855041504 
v -0.0015803000424057245 2.2408010959625244 19.881731033325195 
v -0.0015803000424057245 -0.559881865978241 19.48929786682129 
v 0.7084817886352539 1.8845710754394531 20.01999855041504 
v 0.4903436005115509 -0.5922052264213562 19.515729904174805 
v 1.2360200881958008 1.529014229774475 19.53403091430664 
v 0.9822674989700317 -0.6238551735877991 19.100929260253906 
v 2.037344217300415 5.001753330230713 22.83414077758789 
v 2.173124074935913 3.512186050415039 21.25016975402832 
v 4.931014060974121 3.827338695526123 22.083839416503906 
v 2.3044521808624268 3.0946762561798096 20.355499267578125 
v 30.684677124023438 1.4259835481643677 42.281005859375 
v 30.617900848388672 1.2529189586639404 41.504268646240234 
v 29.551694869995117 1.4663877487182617 42.16917037963867 
v 29.44707679748535 1.2933231592178345 41.2379035949707 
v 28.309640884399414 1.5552769899368286 42.16307067871094 
v 28.231735229492188 1.3727847337722778 41.11183547973633 
v 26.93181037902832 1.5633578300476074 42.03090286254883 
v 26.87393569946289 1.3519092798233032 40.98983383178711 
v 25.44268226623535 1.3923134803771973 41.95566940307617 
v 25.402616500854492 0.8852409720420837 40.719398498535156 
v 24.387605667114258 0.9242983460426331 41.17283630371094 
v 24.318603515625 0.12227537482976913 40.51810073852539 
v 30.58896255493164 0.6280010342597961 41.24400329589844 
v 29.371397018432617 0.7263178825378418 40.861732482910156 
v 28.158281326293945 0.8131868243217468 40.67060089111328 
v 26.81161117553711 0.8259814977645874 40.572998046875 
v 26.75151252746582 0.19298268854618073 40.453033447265625 
v 25.309127807617188 -0.12688374519348145 40.44896697998047 
v 26.6914119720459 -0.4885011613368988 40.381866455078125 
v 26.64244270324707 -1.1154392957687378 40.37983322143555 
v 28.04253387451172 -0.5524744391441345 40.475399017333984 
v 28.015823364257812 -1.2312647104263306 40.4550666809082 
v 29.280134201049805 -0.6514647006988525 40.71736526489258 
v 29.311296463012695 -1.3443963527679443 40.76413345336914 
v 30.544445037841797 -0.7551687359809875 41.24197006225586 
v 30.72696876525879 -1.4588748216629028 41.51240158081055 
v 28.098180770874023 0.13439662754535675 40.536399841308594 
v 29.340232849121094 0.038099996745586395 40.79666519165039 
v 30.751453399658203 -0.07637850940227509 41.44936752319336 
v 28.33190155029297 -4.604340076446533 41.105735778808594 
v 28.316320419311523 -4.628582954406738 42.02683639526367 
v 28.329675674438477 -4.848112106323242 41.17283630371094 
v 28.44542121887207 -4.999628067016602 42.00447082519531 
v 28.661333084106445 -5.289864540100098 41.17893600463867 
v 28.728111267089844 -5.372693061828613 41.82350540161133 
v 28.899505615234375 -5.510067462921143 41.75233840942383 
v 28.705852508544922 -5.965287685394287 42.17323684692383 
v 29.0731258392334 -5.648115158081055 41.68117141723633 
v 28.94624900817871 -6.160574436187744 42.07563781738281 
v 29.858867645263672 -6.2595648765563965 41.361934661865234 
v 29.660762786865234 -6.724886417388916 41.79096984863281 
v 30.13488006591797 -6.786839485168457 41.06913375854492 
v 29.994647979736328 -7.11545991897583 41.3741340637207 
v 29.90561294555664 -7.320174694061279 40.749900817871094 
v 30.032487869262695 -6.68111515045166 40.62383270263672 
v 29.711957931518555 -6.110069274902344 40.73160171508789 
v 28.861665725708008 -5.444747447967529 41.08946990966797 
v 28.757047653198242 -5.363938808441162 41.136234283447266 
v 30.542219161987305 -2.1497862339019775 41.24400329589844 
v 29.309070587158203 -2.0359811782836914 40.727535247802734 
v 27.9913387298584 -1.8986070156097412 40.44490051269531 
v 28.149377822875977 -2.5699899196624756 40.53030014038086 
v 26.74038314819336 -2.5376665592193604 40.394065856933594 
v 27.016393661499023 -3.775381088256836 40.37983322143555 
v 25.51836395263672 -3.71208119392395 40.82513427734375 
v 26.235103607177734 -4.823869705200195 41.09150314331055 
v 25.852249145507812 -4.929594039916992 41.811302185058594 
v 26.595699310302734 -1.7201552391052246 40.48149871826172 
v 25.20896339416504 -1.2777295112609863 40.31883239746094 
v 24.222888946533203 -0.9746981263160706 40.27816390991211 
v 24.97079086303711 -2.429922103881836 40.4123649597168 
v 24.124950408935547 -2.070998191833496 40.51810073852539 
v 24.514482498168945 -3.588175058364868 41.39243698120117 
v 24.055946350097656 -2.873694658279419 41.17283630371094 
v 24.993051528930664 -3.995584011077881 41.73403549194336 
v 24.055946350097656 -2.873694658279419 41.17283630371094 
v 24.514482498168945 -3.588175058364868 41.39243698120117 
v 24.02923583984375 -3.1672983169555664 42.30540466308594 
v 24.59906578063965 -3.380093574523926 42.64700698852539 
v 24.062623977661133 -2.802313804626465 43.09840774536133 
v 24.85059356689453 -2.953829526901245 43.352577209472656 
v 24.140531539916992 -1.9147686958312988 43.72671127319336 
v 25.326936721801758 -1.7248690128326416 43.81617736816406 
v 24.225114822387695 -0.9383343458175659 43.966644287109375 
v 25.400390625 -0.8427111506462097 43.92190933227539 
v 24.318603515625 0.12227537482976913 43.72671127319336 
v 25.493877410888672 0.022611727938055992 43.742977142333984 
v 25.49165153503418 0.7788432836532593 43.338340759277344 
v 26.907325744628906 0.062342505902051926 43.659610748291016 
v 26.967424392700195 0.8434900045394897 43.45424270629883 
v 28.345256805419922 0.1168881505727768 43.66367721557617 
v 28.392000198364258 0.7983719706535339 43.56404113769531 
v 29.711957931518555 0.6973615288734436 43.44407653808594 
v 29.680795669555664 1.2737945318222046 43.07400894165039 
v 30.764808654785156 1.2394509315490723 43.01300811767578 
v 30.684677124023438 1.4259835481643677 42.281005859375 
v 24.993051528930664 -3.995584011077881 41.73403549194336 
v 25.331388473510742 -3.910061836242676 42.78730773925781 
v 26.0926456451416 -3.2804300785064697 43.2956428527832 
v 26.735931396484375 -2.511403799057007 43.669776916503906 
v 26.778223037719727 -1.4642621278762817 43.763309478759766 
v 28.198347091674805 -1.9464186429977417 43.6982421875 
v 28.231735229492188 -1.2588741779327393 43.70637512207031 
v 29.582857131958008 -1.3720059394836426 43.631141662597656 
v 29.618471145629883 -0.682441234588623 43.60470962524414 
v 30.742549896240234 -0.7740240097045898 43.42170715332031 
v 29.691925048828125 0.007123459130525589 43.53354263305664 
v 30.90949249267578 -0.08984657377004623 43.222442626953125 
v 30.793746948242188 0.6098191142082214 43.28954315185547 
v 28.28515625 -0.5733499526977539 43.6982421875 
v 26.849451065063477 -0.6346296072006226 43.7226448059082 
v 30.85829734802246 -1.4716695547103882 43.3424072265625 
v 30.67799949645996 -2.163254499435425 43.448143005371094 
v 29.5183048248291 -2.062243938446045 43.610809326171875 
v 28.420936584472656 -3.0151093006134033 43.52540969848633 
v 27.65300178527832 -3.4353127479553223 43.5091438293457 
v 28.35416030883789 -4.098614692687988 43.141109466552734 
v 27.19446563720703 -4.0972676277160645 42.99267578125 
v 27.966854095458984 -4.650131702423096 42.68767166137695 
v 27.107656478881836 -4.721512317657471 42.87474060058594 
v 26.25068473815918 -4.82790994644165 42.54533767700195 
v 25.852249145507812 -4.929594039916992 41.811302185058594 
v 29.551694869995117 1.4663877487182617 42.16917037963867 
v 28.392000198364258 1.3633570671081543 43.16754150390625 
v 28.309640884399414 1.5552769899368286 42.16307067871094 
v 26.974102020263672 1.3761518001556396 43.03537368774414 
v 26.93181037902832 1.5633578300476074 42.03090286254883 
v 25.473844528198242 1.2482051849365234 42.90320587158203 
v 24.38983154296875 0.939113199710846 43.031307220458984 
v 25.44268226623535 1.3923134803771973 41.95566940307617 
v 24.414316177368164 1.2185754776000977 42.06953811645508 
v 26.25068473815918 -4.82790994644165 42.54533767700195 
v 27.07426643371582 -5.8299336433410645 42.05327224731445 
v 27.107656478881836 -4.721512317657471 42.87474060058594 
v 27.557287216186523 -5.693906307220459 42.48637390136719 
v 27.966854095458984 -4.650131702423096 42.68767166137695 
v 28.127117156982422 -5.349797248840332 42.46603775024414 
v 28.011371612548828 -6.231281757354736 42.26677322387695 
v 28.458776473999023 -5.7625932693481445 42.27287292480469 
v 28.289608001708984 -6.461585521697998 42.15087127685547 
v 28.55449104309082 -6.682461738586426 42.04310607910156 
v 29.23339080810547 -7.232632160186768 41.77063751220703 
v 29.994647979736328 -7.11545991897583 41.3741340637207 
v 29.694150924682617 -7.47438383102417 41.35786819458008 
v 29.90561294555664 -7.320174694061279 40.749900817871094 
v 29.407011032104492 -7.653509140014648 41.032535552978516 
v 28.828275680541992 -7.485158443450928 41.3090705871582 
v 28.129343032836914 -6.90805196762085 41.601871490478516 
v 27.89339828491211 -6.70939826965332 41.70150375366211 
v 27.648550033569336 -6.504010200500488 41.80520248413086 
v -2.093926191329956 6.023979187011719 36.83572006225586 
v -28.3172550201416 -4.628582954406738 42.02683639526367 
v -28.72681999206543 -4.3120832443237305 41.931270599365234 
v -28.332836151123047 -4.604340076446533 41.105735778808594 
v -28.490875244140625 -3.980769157409668 40.93899917602539 
v -27.11526870727539 -4.743734836578369 40.760066986083984 
v -27.0173282623291 -3.775381088256836 40.37983322143555 
v -26.236038208007812 -4.823869705200195 41.09150314331055 
v -25.519298553466797 -3.71208119392395 40.82513427734375 
v -25.85318374633789 -4.929594039916992 41.811302185058594 
v -24.993986129760742 -3.995584011077881 41.73403549194336 
v -28.980571746826172 -4.018479824066162 41.05693435668945 
v -29.32781219482422 -3.2433927059173584 40.912567138671875 
v -28.30612564086914 -3.241372585296631 40.615699768066406 
v -29.33894157409668 -2.734300136566162 40.7864990234375 
v -28.150312423706055 -2.5699899196624756 40.53030014038086 
v -29.31000518798828 -2.0359811782836914 40.727535247802734 
v -27.992273330688477 -1.8986070156097412 40.44490051269531 
v -29.312231063842773 -1.3443963527679443 40.76413345336914 
v -28.01675796508789 -1.2312647104263306 40.4550666809082 
v -29.281068801879883 -0.6514647006988525 40.71736526489258 
v -28.043468475341797 -0.5524744391441345 40.475399017333984 
v -28.0991153717041 0.13439662754535675 40.536399841308594 
v -26.7524471282959 0.19298268854618073 40.453033447265625 
v -26.812545776367188 0.8259814977645874 40.572998046875 
v -25.40355110168457 0.8852409720420837 40.719398498535156 
v -26.87487030029297 1.3519092798233032 40.98983383178711 
v -25.44361686706543 1.3923134803771973 41.95566940307617 
v -26.9327449798584 1.5633578300476074 42.03090286254883 
v -26.741317749023438 -2.5376665592193604 40.394065856933594 
v -26.596633911132812 -1.7201552391052246 40.48149871826172 
v -26.64337730407715 -1.1154392957687378 40.37983322143555 
v -26.692346572875977 -0.4885011613368988 40.381866455078125 
v -25.310062408447266 -0.12688374519348145 40.44896697998047 
v -24.319538116455078 0.12227537482976913 40.51810073852539 
v -24.388540267944336 0.9242983460426331 41.17283630371094 
v -25.209897994995117 -1.2777295112609863 40.31883239746094 
v -24.97172737121582 -2.429922103881836 40.4123649597168 
v -24.22382354736328 -0.9746981263160706 40.27816390991211 
v -24.125885009765625 -2.070998191833496 40.51810073852539 
v -24.056880950927734 -2.873694658279419 41.17283630371094 
v -24.515417098999023 -3.588175058364868 41.39243698120117 
v 16.084999084472656 1.7781733274459839 42.04717254638672 
v 19.305875778198242 1.1929861307144165 43.112640380859375 
v 19.345943450927734 1.467061161994934 42.0492057800293 
v 22.313066482543945 0.8966888189315796 43.102474212646484 
v 22.3353271484375 1.1586425304412842 42.122406005859375 
v 24.38983154296875 0.939113199710846 43.031307220458984 
v 24.414316177368164 1.2185754776000977 42.06953811645508 
v 22.250741958618164 0.18153484165668488 43.82024383544922 
v 24.318603515625 0.12227537482976913 43.72671127319336 
v -30.451892852783203 -4.356527805328369 42.24440383911133 
v -30.434085845947266 -4.158547401428223 43.01300811767578 
v -31.03062629699707 -4.508717060089111 42.2993049621582 
v -31.086273193359375 -4.3221845626831055 43.01707458496094 
v -31.71175193786621 -4.511410713195801 42.93370819091797 
v -31.878694534301758 -3.9827892780303955 43.163475036621094 
v -32.4730110168457 -4.1834635734558105 43.17974090576172 
v -32.067893981933594 -3.4622488021850586 42.93370819091797 
v -32.677791595458984 -3.6541686058044434 42.94590759277344 
v -32.168060302734375 -3.254167318344116 42.38267135620117 
v -32.809120178222656 -3.450800895690918 42.38267135620117 
v -30.554283142089844 -3.6245388984680176 43.30987548828125 
v -31.27102279663086 -3.7646067142486572 43.27327346801758 
v -31.466901779174805 -3.206355571746826 43.12077331542969 
v -31.542583465576172 -3.0676345825195312 42.427406311035156 
v -30.816940307617188 -2.9006307125091553 43.244808197021484 
v -31.088499069213867 -2.9329540729522705 42.45383834838867 
v 4.815267086029053 3.1849122047424316 2.6186752319335938 
v 4.815267086029053 3.0771677494049072 4.64998197555542 
v 6.393430233001709 2.759321451187134 2.742708921432495 
v 6.393430233001709 2.6657185554504395 4.64998197555542 
v 7.548672676086426 1.5815396308898926 3.076176643371582 
v 7.548672676086426 1.5182397365570068 4.64998197555542 
v 7.971593379974365 -0.03126051276922226 3.531644821166992 
v 7.971593379974365 -0.056849826127290726 4.64998197555542 
v 7.548672676086426 -1.9457452297210693 3.9871129989624023 
v 7.548672676086426 -1.6427139043807983 4.887882709503174 
v 6.393430233001709 -2.815781831741333 5.249817371368408 
v 7.639934539794922 -1.8009636402130127 8.37506103515625 
v 6.446852207183838 -3.0083751678466797 8.289660453796387 
v 6.500273704528809 -3.2279045581817627 11.929339408874512 
v 4.815267086029053 -3.7100610733032227 11.868338584899902 
v 4.815267086029053 -3.7780747413635254 13.330310821533203 
v 3.1324868202209473 -3.2858171463012695 11.929339408874512 
v 3.116905689239502 -3.3504638671875 13.330310821533203 
v 1.8993382453918457 -2.0790791511535645 12.100139617919922 
v 1.8748533725738525 -2.1309311389923096 13.330310821533203 
v 1.44748055934906 -0.40701937675476074 12.331940650939941 
v 1.4207698106765747 -0.442709743976593 13.330310821533203 
v 1.8993382453918457 1.283895492553711 12.563740730285645 
v 1.8748533725738525 1.2657136917114258 13.330310821533203 
v 3.1324868202209473 2.5317113399505615 12.732508659362793 
v 3.116905689239502 2.524303913116455 13.330310821533203 
v 4.815267086029053 3.007133722305298 13.330310821533203 
v 4.815267086029053 3.015214681625366 13.734945297241211 
v 3.183682680130005 2.5943377017974854 8.692261695861816 
v 1.9906002283096313 1.3842326402664185 8.606861114501953 
v 1.5543237924575806 -0.2521367073059082 8.490961074829102 
v 1.9906002283096313 -1.8743644952774048 8.37506103515625 
v 3.183682680130005 -3.050126075744629 8.289660453796387 
v 4.815267086029053 -3.465615749359131 8.259160041809082 
v 4.815267086029053 -3.2575342655181885 5.4328179359436035 
v 6.393430233001709 -3.3666255474090576 4.475114822387695 
v 3.2371041774749756 2.6421494483947754 4.64998197555542 
v 2.084088087081909 1.47716224193573 4.64998197555542 
v 1.661167025566101 -0.10398803651332855 4.64998197555542 
v 2.084088087081909 -1.6864850521087646 4.887882709503174 
v 2.084088087081909 -1.9814356565475464 3.9871129989624023 
v 3.2371041774749756 -2.8427181243896484 5.249817371368408 
v 3.2371041774749756 -3.388847827911377 4.475114822387695 
v 4.815267086029053 -3.8157854080200195 4.780115604400635 
v -19.346878051757812 1.467061161994934 42.0492057800293 
v -19.30681037902832 1.1929861307144165 40.98576736450195 
v -19.197742462158203 0.4448353946208954 40.20699691772461 
v -16.085933685302734 1.7781733274459839 42.04717254638672 
v -16.054771423339844 1.4892834424972534 40.95730209350586 
v -15.96573543548584 0.698034942150116 40.158199310302734 
v -14.843881607055664 1.7963552474975586 42.04513931274414 
v -14.843881607055664 1.5014047622680664 40.94510269165039 
v -14.843881607055664 0.6960147023200989 40.139896392822266 
v -13.570666313171387 1.4764888286590576 40.934932708740234 
v -13.686413764953613 0.6731190085411072 40.12363052368164 
v -13.844452857971191 -0.4238544702529907 39.82676315307617 
v -10.403210639953613 0.6401222944259644 40.074832916259766 
v -10.483343124389648 -0.48984795808792114 39.76982879638672 
v -10.563475608825684 -1.6198182106018066 40.074832916259766 
v -7.651998519897461 -0.5551680326461792 39.71289825439453 
v -7.651998519897461 -1.7188084125518799 40.02399826049805 
v -6.474497318267822 -1.7794146537780762 39.84709548950195 
v -6.474497318267822 -2.6757140159606934 40.74380111694336 
v -6.474497318267822 -0.5551680326461792 39.51972961425781 
v -6.474497318267822 0.6690785884857178 39.84709548950195 
v -7.651998519897461 0.6077989339828491 40.02399826049805 
v -10.345337867736816 1.4677345752716064 40.90443420410156 
v -13.526148796081543 1.7707659006118774 42.04513931274414 
v -7.651998519897461 1.4589803218841553 40.87596893310547 
v -6.474497318267822 1.5647046566009521 40.74380111694336 
v -7.651998519897461 1.7707659006118774 42.039039611816406 
v -6.474497318267822 1.8933252096176147 41.967872619628906 
v -10.323078155517578 1.7707659006118774 42.041072845458984 
v 4.815267086029053 3.2138686180114746 0.003800000064074993 
v 4.815267086029053 3.211848258972168 0.44706812500953674 
v 6.393430233001709 2.7835640907287598 0.003800000064074993 
v 6.393430233001709 2.782890558242798 0.4531681537628174 
v 7.548672676086426 1.607802391052246 0.003800000064074993 
v 7.548672676086426 1.6071289777755737 0.4653681814670563 
v 8.1585693359375 -0.04136155545711517 0.4653681814670563 
v 8.065081596374512 -0.022506272420287132 1.2807375192642212 
v 8.187505722045898 -1.6238585710525513 1.2339706420898438 
v 8.047273635864258 -1.6285724639892578 3.192077159881592 
v 8.249831199645996 -4.848785400390625 2.7915091514587402 
v 7.548672676086426 -1.9457452297210693 3.9871129989624023 
v 7.613223552703857 -4.953836441040039 3.708545446395874 
v 6.393430233001709 -3.3666255474090576 4.475114822387695 
v 6.386752605438232 -5.04070520401001 4.26568078994751 
v 4.815267086029053 -3.8157854080200195 4.780115604400635 
v 4.830848693847656 -5.081782817840576 4.4649481773376465 
v 3.272718667984009 -5.060234069824219 4.26568078994751 
v 3.3150107860565186 -7.613104820251465 4.499514579772949 
v 2.0195369720458984 -7.598963260650635 3.722778797149658 
v 2.0195369720458984 -9.879105567932129 3.0070431232452393 
v 1.1514358520507812 -8.87034797668457 2.1876070499420166 
v 1.1514358520507812 -9.241393089294434 1.1912705898284912 
v 0.8487135171890259 -7.565966606140137 1.1912705898284912 
v 0.8487135171890259 -7.563272953033447 0.45926815271377563 
v 1.1625653505325317 -4.786832332611084 0.4409680962562561 
v 1.1625653505325317 -4.7848124504089355 0.003800000064074993 
v 1.3807035684585571 -1.637326717376709 0.4511348009109497 
v 1.3807035684585571 -1.6332862377166748 0.003800000064074993 
v 1.4630619287490845 -0.048768989741802216 0.4653681814670563 
v 1.4630619287490845 -0.04472857341170311 0.003800000064074993 
v 2.084088087081909 1.601068377494812 0.4653681814670563 
v 2.084088087081909 1.6051087379455566 0.003800000064074993 
v 3.2371041774749756 2.782217264175415 0.003800000064074993 
v 0.8487135171890259 -7.563272953033447 0.003800000064074993 
v 1.1514358520507812 -9.241393089294434 0.45926815271377563 
v 2.0195369720458984 -10.663620948791504 1.1912705898284912 
v 3.3150107860565186 -10.552509307861328 3.5560450553894043 
v 4.846429824829102 -7.613104820251465 4.771982192993164 
v 6.3756232261657715 -7.598289966583252 4.499514579772949 
v 7.673322677612305 -7.57808780670166 3.722778797149658 
v 1.1514358520507812 -9.241393089294434 0.003800000064074993 
v 2.0195369720458984 -10.663620948791504 0.45926815271377563 
v 3.3150107860565186 -11.613792419433594 1.1912705898284912 
v 4.846429824829102 -10.786179542541504 3.7492122650146484 
v 6.3756232261657715 -10.546448707580566 3.5560450553894043 
v 7.673322677612305 -9.871025085449219 3.0070431232452393 
v 8.53919792175293 -8.864287376403809 2.1876070499420166 
v 8.53919792175293 -7.565293312072754 2.561741828918457 
v 8.844146728515625 -7.563272953033447 1.1912705898284912 
v 8.445710182189941 -4.782118797302246 1.217703938484192 
v 8.494680404663086 -4.7841386795043945 0.4409680962562561 
v 8.258734703063965 -1.6305925846099854 0.4511348009109497 
v 8.258734703063965 -1.6305925846099854 0.003800000064074993 
v 8.1585693359375 -0.04136155545711517 0.003800000064074993 
v 1.661167025566101 -0.06829767674207687 3.531644821166992 
v 2.084088087081909 1.5539301633834839 3.076176643371582 
v 3.2371041774749756 2.744506597518921 2.742708921432495 
v 4.815267086029053 3.0771677494049072 4.64998197555542 
v 4.815267086029053 3.1849122047424316 2.6186752319335938 
v 4.815267086029053 3.048884868621826 8.722762107849121 
v 4.815267086029053 3.0084805488586426 12.795541763305664 
v 4.846429824829102 -11.947799682617188 1.1912705898284912 
v 3.3150107860565186 -11.613792419433594 0.45926815271377563 
v 4.846429824829102 -11.947799682617188 0.45926815271377563 
v 3.3150107860565186 -11.613792419433594 0.003800000064074993 
v 4.846429824829102 -11.947799682617188 0.003800000064074993 
v 2.0195369720458984 -10.663620948791504 0.003800000064074993 
v 4.815267086029053 3.2057876586914062 1.2441374063491821 
v 6.393430233001709 2.778176784515381 1.2502374649047852 
v 7.548672676086426 1.6044353246688843 1.2624374628067017 
v 7.548672676086426 1.5815396308898926 3.076176643371582 
v 7.971593379974365 -0.03126051276922226 3.531644821166992 
v 6.393430233001709 2.759321451187134 2.742708921432495 
v 4.815267086029053 3.1849122047424316 2.6186752319335938 
v -24.415250778198242 1.2185754776000977 42.06953811645508 
v 3.2371041774749756 -3.388847827911377 4.475114822387695 
v 2.048473596572876 -4.982119560241699 3.708545446395874 
v 1.4118661880493164 -4.87302827835083 2.7915091514587402 
v 1.1514358520507812 -7.579434871673584 2.561741828918457 
v 1.2137610912322998 -4.79154634475708 1.217703938484192 
v 1.4541583061218262 -1.6380000114440918 1.2339706420898438 
v 1.5610015392303467 -0.037994541227817535 1.2807375192642212 
v 2.084088087081909 1.5909672975540161 1.2624374628067017 
v 3.2371041774749756 2.7707693576812744 1.2502374649047852 
v 3.2371041774749756 2.744506597518921 2.742708921432495 
v 4.815267086029053 3.1849122047424316 2.6186752319335938 
v 2.084088087081909 1.5539301633834839 3.076176643371582 
v 1.661167025566101 -0.06829767674207687 3.531644821166992 
v 1.5988417863845825 -1.6622425317764282 3.192077159881592 
v 2.084088087081909 -1.9814356565475464 3.9871129989624023 
v 4.815267086029053 3.2057876586914062 1.2441374063491821 
v 3.2371041774749756 2.7795236110687256 0.4531681537628174 
v 4.815267086029053 3.211848258972168 0.44706812500953674 
v 4.815267086029053 3.2138686180114746 0.003800000064074993 
v 8.494680404663086 -4.7841386795043945 0.003800000064074993 
v 8.844146728515625 -7.563272953033447 0.003800000064074993 
v 8.844146728515625 -7.563272953033447 0.45926815271377563 
v 8.53919792175293 -9.241393089294434 0.45926815271377563 
v 8.53919792175293 -9.241393089294434 1.1912705898284912 
v 7.673322677612305 -10.663620948791504 0.45926815271377563 
v 7.673322677612305 -10.663620948791504 1.1912705898284912 
v 6.3756232261657715 -11.613792419433594 0.45926815271377563 
v 6.3756232261657715 -11.613792419433594 1.1912705898284912 
v 4.846429824829102 -11.947799682617188 0.45926815271377563 
v 4.846429824829102 -11.947799682617188 1.1912705898284912 
v -26.251619338989258 -4.82790994644165 42.54533767700195 
v -27.108591079711914 -4.721512317657471 42.87474060058594 
v -27.07520294189453 -5.8299336433410645 42.05327224731445 
v -27.5582218170166 -5.693906307220459 42.48637390136719 
v -28.012306213378906 -6.231281757354736 42.26677322387695 
v -28.1280517578125 -5.349797248840332 42.46603775024414 
v -28.4597110748291 -5.7625932693481445 42.27287292480469 
v -28.44635581970215 -4.999628067016602 42.00447082519531 
v -28.729045867919922 -5.372693061828613 41.82350540161133 
v -28.662269592285156 -5.289864540100098 41.17893600463867 
v -28.900440216064453 -5.510067462921143 41.75233840942383 
v -28.75798225402832 -5.363938808441162 41.136234283447266 
v -28.862600326538086 -5.444747447967529 41.08946990966797 
v -28.706787109375 -5.965287685394287 42.17323684692383 
v -29.074060440063477 -5.648115158081055 41.68117141723633 
v -29.712894439697266 -6.110069274902344 40.73160171508789 
v -29.85980224609375 -6.2595648765563965 41.361934661865234 
v -28.94718360900879 -6.160574436187744 42.07563781738281 
v -28.290542602539062 -6.461585521697998 42.15087127685547 
v -29.661697387695312 -6.724886417388916 41.79096984863281 
v -28.5554256439209 -6.682461738586426 42.04310607910156 
v -28.130279541015625 -6.90805196762085 41.601871490478516 
v -27.894332885742188 -6.70939826965332 41.70150375366211 
v -29.234325408935547 -7.232632160186768 41.77063751220703 
v -28.82921028137207 -7.485158443450928 41.3090705871582 
v -29.995582580566406 -7.11545991897583 41.3741340637207 
v -29.695085525512695 -7.47438383102417 41.35786819458008 
v -29.40794563293457 -7.653509140014648 41.032535552978516 
v -29.90654754638672 -7.320174694061279 40.749900817871094 
v -27.649484634399414 -6.504010200500488 41.80520248413086 
v -10.345337867736816 1.4677345752716064 43.17770767211914 
v -13.526148796081543 1.7707659006118774 42.04513931274414 
v -10.323078155517578 1.7707659006118774 42.041072845458984 
v -30.033422470092773 -6.68111515045166 40.62383270263672 
v -30.135814666748047 -6.786839485168457 41.06913375854492 
v -29.995582580566406 -7.11545991897583 41.3741340637207 
v -29.90654754638672 -7.320174694061279 40.749900817871094 
v -28.330610275268555 -4.848112106323242 41.17283630371094 
v -28.3172550201416 -4.628582954406738 42.02683639526367 
v -28.332836151123047 -4.604340076446533 41.105735778808594 
v -27.967788696289062 -4.650131702423096 42.68767166137695 
v 8.53919792175293 -9.241393089294434 0.003800000064074993 
v 7.673322677612305 -10.663620948791504 0.003800000064074993 
v 6.3756232261657715 -11.613792419433594 0.003800000064074993 
v 4.846429824829102 -11.947799682617188 0.003800000064074993 
v -24.056880950927734 -2.873694658279419 41.17283630371094 
v -24.030170440673828 -3.1672983169555664 42.30540466308594 
v -24.515417098999023 -3.588175058364868 41.39243698120117 
v -24.600000381469727 -3.380093574523926 42.64700698852539 
v -24.993986129760742 -3.995584011077881 41.73403549194336 
v -25.33232307434082 -3.910061836242676 42.78730773925781 
v -25.85318374633789 -4.929594039916992 41.811302185058594 
v -26.251619338989258 -4.82790994644165 42.54533767700195 
v -24.06355857849121 -2.802313804626465 43.09840774536133 
v -24.85152816772461 -2.953829526901245 43.352577209472656 
v -26.09358024597168 -3.2804300785064697 43.2956428527832 
v -27.19540023803711 -4.0972676277160645 42.99267578125 
v -27.108591079711914 -4.721512317657471 42.87474060058594 
v -27.967788696289062 -4.650131702423096 42.68767166137695 
v -24.14146614074707 -1.9147686958312988 43.72671127319336 
v -25.327871322631836 -1.7248690128326416 43.81617736816406 
v -26.736865997314453 -2.511403799057007 43.669776916503906 
v -27.6539363861084 -3.4353127479553223 43.5091438293457 
v -28.199281692504883 -1.9464186429977417 43.6982421875 
v -28.421871185302734 -3.0151093006134033 43.52540969848633 
v -29.51923942565918 -2.062243938446045 43.610809326171875 
v -29.503658294677734 -2.863593578338623 43.539642333984375 
v -30.67893409729004 -2.163254499435425 43.448143005371094 
v -30.816940307617188 -2.9006307125091553 43.244808197021484 
v -28.911569595336914 -3.9302639961242676 43.2956428527832 
v -28.35509490966797 -4.098614692687988 43.141109466552734 
v -28.713464736938477 -4.336999416351318 42.51483917236328 
v -29.145288467407227 -4.268985748291016 42.69580841064453 
v -29.5793399810791 -4.200972080230713 42.876773834228516 
v -29.677278518676758 -4.281106948852539 42.142738342285156 
v -30.451892852783203 -4.356527805328369 42.24440383911133 
v -30.434085845947266 -4.158547401428223 43.01300811767578 
v -29.47027015686035 -3.761239767074585 43.448143005371094 
v -30.554283142089844 -3.6245388984680176 43.30987548828125 
v -31.667234420776367 -4.73834753036499 42.38267135620117 
v -32.314971923828125 -4.728246212005615 42.94590759277344 
v -32.29493713378906 -4.969324588775635 42.38267135620117 
v -32.54646301269531 -4.809728145599365 42.95200729370117 
v -32.47078323364258 -5.033298015594482 42.38267135620117 
v -32.646629333496094 -5.096597671508789 42.38267135620117 
v -32.72898864746094 -4.269659042358398 43.18787384033203 
v -32.793540954589844 -4.895923614501953 42.949974060058594 
v -33.007225036621094 -5.226564884185791 42.38267135620117 
v -32.9115104675293 -3.7295897006988525 42.95200729370117 
v -33.15858840942383 -3.8103981018066406 42.949974060058594 
v -33.16304016113281 -3.5619125366210938 42.38267135620117 
v -33.530311584472656 -3.6784112453460693 42.38267135620117 
v -32.9871940612793 -3.5066933631896973 42.38267135620117 
v -28.3172550201416 -4.628582954406738 42.02683639526367 
v -28.72681999206543 -4.3120832443237305 41.931270599365234 
v -29.203163146972656 -4.296595096588135 42.03700637817383 
v 26.25068473815918 -4.82790994644165 42.54533767700195 
v 25.852249145507812 -4.929594039916992 41.811302185058594 
v 27.07426643371582 -5.8299336433410645 42.05327224731445 
v 26.849451065063477 -5.751145362854004 41.41886901855469 
v 27.648550033569336 -6.504010200500488 41.80520248413086 
v 27.581771850585938 -6.421181678771973 41.158599853515625 
v 27.89339828491211 -6.70939826965332 41.70150375366211 
v 27.748714447021484 -6.56326961517334 41.08539962768555 
v 27.917882919311523 -6.705357551574707 41.01016616821289 
v 28.04475975036621 -6.192224502563477 40.615699768066406 
v 28.879472732543945 -6.871014595031738 40.251731872558594 
v 29.30684471130371 -6.363268852233887 40.272064208984375 
v 29.44485092163086 -7.2191643714904785 40.284263610839844 
v 29.74534797668457 -6.860240459442139 40.298500061035156 
v 29.90561294555664 -7.320174694061279 40.749900817871094 
v 30.032487869262695 -6.68111515045166 40.62383270263672 
v 26.235103607177734 -4.823869705200195 41.09150314331055 
v 27.127689361572266 -5.446094036102295 40.95526885986328 
v 27.851106643676758 -6.031281471252441 40.709232330322266 
v 27.942367553710938 -6.108722686767578 40.66450119018555 
v 28.4365177154541 -5.670337200164795 40.648231506347656 
v 28.861665725708008 -5.444747447967529 41.08946990966797 
v 29.711957931518555 -6.110069274902344 40.73160171508789 
v 27.114334106445312 -4.743734836578369 40.760066986083984 
v 27.655227661132812 -5.103332042694092 40.829200744628906 
v 28.298511505126953 -5.56259298324585 40.71736526489258 
v 28.360837936401367 -5.611751079559326 40.68483352661133 
v 28.757047653198242 -5.363938808441162 41.136234283447266 
v 28.33190155029297 -4.604340076446533 41.105735778808594 
v 28.329675674438477 -4.848112106323242 41.17283630371094 
v 28.661333084106445 -5.289864540100098 41.17893600463867 
v -0.9832022190093994 -0.6238551735877991 19.100929260253906 
v -0.4912782907485962 -0.5922052264213562 19.515729904174805 
v -1.27034330368042 -2.668980121612549 19.73329734802246 
v -0.7717416882514954 -2.7901926040649414 19.928499221801758 
v -2.463425636291504 -4.048109531402588 20.654401779174805 
v -1.984857201576233 -4.683128356933594 21.40470314025879 
v -4.880753040313721 -4.839357852935791 22.42340660095215 
v -4.64703369140625 -5.44205379486084 23.45024299621582 
v -6.61027717590332 -3.718815326690674 23.454309463500977 
v -6.73715353012085 -3.970668077468872 24.796314239501953 
v -7.892395973205566 -2.299955129623413 24.265613555908203 
v -7.8478779792785645 -2.47301983833313 25.35751724243164 
v -8.313091278076172 -0.5578616857528687 25.41444969177246 
v -8.284153938293457 -0.5565148591995239 26.876420974731445 
v -7.850103855133057 -2.9073646068573 26.84998893737793 
v -6.708217144012451 -4.904677867889404 26.567354202270508 
v -4.747199058532715 -6.635997295379639 25.943119049072266 
v -4.718262195587158 -6.897951126098633 28.879261016845703 
v -2.474555253982544 -8.011759757995605 28.879261016845703 
v -4.379925727844238 -6.603000164031982 32.909339904785156 
v -2.296483278274536 -7.664283752441406 32.909339904785156 
v -3.992619037628174 -6.152493953704834 36.83572006225586 
v -2.093926191329956 -7.134988784790039 36.83572006225586 
v -3.8969051837921143 -5.7107415199279785 39.7006950378418 
v -1.6710052490234375 -6.886503219604492 39.822696685791016 
v -1.6710052490234375 -6.550475120544434 42.203739166259766 
v -0.0015803000424057245 -6.761923313140869 42.203739166259766 
v -0.0015803000424057245 -5.297945499420166 44.51157760620117 
v 1.6700706481933594 -6.550475120544434 42.203739166259766 
v 1.4385770559310913 -5.13632869720459 44.51157760620117 
v 3.895970582962036 -5.437339782714844 42.203739166259766 
v 3.3573029041290283 -4.285820484161377 44.51157760620117 
v 5.694497585296631 -3.9497926235198975 42.203739166259766 
v 4.817492961883545 -2.926893472671509 44.51157760620117 
v 6.473562717437744 -2.6757140159606934 43.265140533447266 
v 5.373968124389648 -1.782781720161438 44.51157760620117 
v 6.473562717437744 -1.7794146537780762 44.088645935058594 
v 5.563169479370117 -0.5551680326461792 44.51157760620117 
v 6.473562717437744 -0.5551680326461792 44.416011810302734 
v 3.895970582962036 -5.7107415199279785 39.7006950378418 
v 1.6700706481933594 -6.886503219604492 39.822696685791016 
v -0.0015803000424057245 -7.109399318695068 39.822696685791016 
v -0.0015803000424057245 -7.4716901779174805 36.83572006225586 
v 2.092991590499878 -7.134988784790039 36.83572006225586 
v 2.295548439025879 -7.664283752441406 32.909339904785156 
v -0.0015803000424057245 -8.028594970703125 32.909339904785156 
v -0.0015803000424057245 -8.39357852935791 28.879261016845703 
v -2.2875795364379883 -7.629266738891602 25.62998390197754 
v -0.0015803000424057245 -7.938358306884766 25.514083862304688 
v -2.038278818130493 -6.141046047210693 22.88497543334961 
v -0.0015803000424057245 -6.356534957885742 22.76297378540039 
v -0.0015803000424057245 -4.839357852935791 21.162736892700195 
v -0.0015803000424057245 -2.911405086517334 19.741432189941406 
v -0.0015803000424057245 -0.559881865978241 19.48929786682129 
v 0.4903436005115509 -0.5922052264213562 19.515729904174805 
v 0.7708070278167725 -2.7901926040649414 19.928499221801758 
v 1.9839224815368652 -4.683128356933594 21.40470314025879 
v 2.037344217300415 -6.141046047210693 22.88497543334961 
v 2.28664493560791 -7.629266738891602 25.62998390197754 
v 2.4736204147338867 -8.011759757995605 28.879261016845703 
v 4.37899112701416 -6.603000164031982 32.909339904785156 
v 3.9916841983795166 -6.152493953704834 36.83572006225586 
v 5.500844478607178 -4.6218485832214355 36.83572006225586 
v 5.592106342315674 -3.784135341644287 39.38146209716797 
v 6.473562717437744 -2.6757140159606934 40.74380111694336 
v 6.473562717437744 -3.0036613941192627 41.967872619628906 
v 4.646099090576172 -5.44205379486084 23.45024299621582 
v 4.746264457702637 -6.635997295379639 25.943119049072266 
v 4.71732759475708 -6.897951126098633 28.879261016845703 
v 6.032834529876709 -4.949122428894043 32.909339904785156 
v 6.46911096572876 -2.6932225227355957 36.83572006225586 
v 6.208680629730225 -2.452817678451538 39.139495849609375 
v 6.473562717437744 -1.7794146537780762 39.84709548950195 
v 6.7362189292907715 -3.970668077468872 24.796314239501953 
v 6.707282066345215 -4.904677867889404 26.567354202270508 
v 6.498047828674316 -5.163264751434326 28.879261016845703 
v 7.094588756561279 -2.8656136989593506 32.909339904785156 
v 6.800770282745361 -0.5551680326461792 36.83572006225586 
v 6.495821952819824 -0.5551680326461792 38.73892593383789 
v 7.639934539794922 -2.978071928024292 28.879261016845703 
v 7.84916877746582 -2.9073646068573 26.84998893737793 
v 7.846942901611328 -2.47301983833313 25.35751724243164 
v 7.89146089553833 -2.299955129623413 24.265613555908203 
v 8.312155723571777 -0.5578616857528687 25.41444969177246 
v 8.37893295288086 -0.559881865978241 24.379480361938477 
v 6.609342575073242 -3.718815326690674 23.454309463500977 
v 4.879818439483643 -4.839357852935791 22.42340660095215 
v 2.462491035461426 -4.048109531402588 20.654401779174805 
v 1.2694085836410522 -2.668980121612549 19.73329734802246 
v 0.9822674989700317 -0.6238551735877991 19.100929260253906 
v -0.4912782907485962 -0.5922052264213562 19.515729904174805 
v -1.2369548082351685 1.529014229774475 19.53403091430664 
v -2.305386781692505 3.0946762561798096 20.355499267578125 
v -4.931948661804199 3.827338695526123 22.083839416503906 
v -4.842912673950195 4.252929210662842 23.65154457092285 
v -6.743831634521484 2.7310385704040527 23.42787742614746 
v -6.795027256011963 3.096696376800537 24.973215103149414 
v -7.972527980804443 1.2185754776000977 24.190380096435547 
v -7.887944221496582 1.3391145467758179 25.35751724243164 
v -8.313091278076172 -0.5578616857528687 25.41444969177246 
v -8.284153938293457 -0.5565148591995239 26.876420974731445 
v -7.870136737823486 1.7842339277267456 26.84998893737793 
v -8.034852981567383 -0.5551680326461792 28.879261016845703 
v -7.640869140625 1.8670625686645508 28.879261016845703 
v -6.73715353012085 3.870436429977417 26.679187774658203 
v -4.660388946533203 5.485930442810059 26.002084732055664 
v -6.4989824295043945 4.052928447723389 28.879261016845703 
v -4.718262195587158 5.7869415283203125 28.879261016845703 
v -7.095523834228516 1.7546042203903198 32.909339904785156 
v -6.033769130706787 3.8381130695343018 32.909339904785156 
v -7.462797164916992 -0.5551680326461792 32.909339904785156 
v -6.470045566558838 1.582213044166565 36.83572006225586 
v -6.8017048835754395 -0.5551680326461792 36.83572006225586 
v -6.496756553649902 -0.5551680326461792 38.73892593383789 
v -6.209615230560303 1.3418081998825073 39.139495849609375 
v -6.474497318267822 0.6690785884857178 39.84709548950195 
v 4.931014060974121 3.827338695526123 22.083839416503906 
v 4.893173694610596 3.5344083309173584 19.300195693969727 
v 2.3044521808624268 3.0946762561798096 20.355499267578125 
v 2.5715601444244385 2.883227586746216 18.17576026916504 
v 1.2360200881958008 1.529014229774475 19.53403091430664 
v 1.4408029317855835 1.4165558815002441 17.69995880126953 
v 0.9822674989700317 -0.6238551735877991 19.100929260253906 
v 1.1180473566055298 -0.5942254066467285 17.80365753173828 
v 1.5320647954940796 -2.525545120239258 18.31809425354004 
v 1.745751142501831 -2.3598880767822266 16.49418830871582 
v 2.9744479656219482 -3.5908687114715576 17.02692222595215 
v 3.1035501956939697 -3.4184775352478027 14.845149040222168 
v 4.815267086029053 -3.8481087684631348 14.92444896697998 
v 6.526984214782715 -3.3538308143615723 14.845149040222168 
v 6.513628959655762 -3.287837505340576 13.330310821533203 
v 7.780166149139404 -2.0588769912719727 14.627581596374512 
v 7.755681037902832 -2.015105724334717 13.330310821533203 
v 8.238701820373535 -0.33227166533470154 14.330713272094727 
v 8.211990356445312 -0.3087025582790375 13.330310821533203 
v 7.780166149139404 1.3707644939422607 14.033845901489258 
v 7.755681037902832 1.3788453340530396 13.330310821533203 
v 6.526984214782715 2.591644287109375 13.816278457641602 
v 6.513628959655762 2.5882771015167236 13.330310821533203 
v 4.815267086029053 3.015214681625366 13.734945297241211 
v 4.815267086029053 3.007133722305298 13.330310821533203 
v 7.731196403503418 -1.9733548164367676 12.100139617919922 
v 8.183053970336914 -0.28243982791900635 12.331940650939941 
v 7.731196403503418 1.3923134803771973 12.563740730285645 
v 6.500273704528809 2.592317581176758 12.732508659362793 
v 4.815267086029053 3.0084805488586426 12.795541763305664 
v 8.076210975646973 -0.16594111919403076 8.490961074829102 
v 7.639934539794922 1.4596537351608276 8.606861114501953 
v 6.446852207183838 2.6360888481140137 8.692261695861816 
v 4.815267086029053 3.048884868621826 8.722762107849121 
v 1.2694085836410522 -2.668980121612549 19.73329734802246 
v 2.8453457355499268 -3.741711139678955 19.208696365356445 
v 2.462491035461426 -4.048109531402588 20.654401779174805 
v 4.859785079956055 -4.299288749694824 20.253833770751953 
v 4.879818439483643 -4.839357852935791 22.42340660095215 
v 6.580406188964844 -3.561239004135132 20.725568771362305 
v 6.609342575073242 -3.718815326690674 23.454309463500977 
v 7.853621006011963 -2.252816915512085 21.052936553955078 
v 7.89146089553833 -2.299955129623413 24.265613555908203 
v 8.332189559936523 -0.5167840719223022 21.030569076538086 
v 8.37893295288086 -0.559881865978241 24.379480361938477 
v 7.971593379974365 1.2185754776000977 24.190380096435547 
v 4.837526321411133 -4.09053373336792 17.590158462524414 
v 6.553695201873779 -3.464268922805786 17.785358428955078 
v 7.81800651550293 -2.1585404872894287 17.84025764465332 
v 8.285445213317871 -0.4117332100868225 17.679624557495117 
v 7.844717025756836 1.2987104654312134 17.419357299804688 
v 6.598213195800781 2.614539861679077 17.018789291381836 
v 4.85533332824707 3.2576396465301514 16.518587112426758 
v 4.893173694610596 3.5344083309173584 19.300195693969727 
v 6.67166805267334 2.6515769958496094 20.22333335876465 
v 7.909268379211426 1.236083984375 20.804868698120117 
v 4.931014060974121 3.827338695526123 22.083839416503906 
v 6.742896556854248 2.7310385704040527 23.42787742614746 
v 4.85533332824707 3.2576396465301514 16.518587112426758 
v 2.836442232131958 2.692654609680176 15.99601936340332 
v 1.6455856561660767 1.3276667594909668 15.865885734558105 
v 1.2560532093048096 -0.5437201857566833 16.06718635559082 
v 1.3918330669403076 -0.47503307461738586 14.330713272094727 
v 1.8503684997558594 -2.1821095943450928 14.627581596374512 
v 3.1035501956939697 2.5263240337371826 13.816278457641602 
v 1.8503684997558594 1.2535923719406128 14.033845901489258 
v -26.251619338989258 -4.82790994644165 42.54533767700195 
v -27.07520294189453 -5.8299336433410645 42.05327224731445 
v -25.85318374633789 -4.929594039916992 41.811302185058594 
v -26.850385665893555 -5.751145362854004 41.41886901855469 
v -26.236038208007812 -4.823869705200195 41.09150314331055 
v -27.128623962402344 -5.446094036102295 40.95526885986328 
v -27.11526870727539 -4.743734836578369 40.760066986083984 
v -27.65616226196289 -5.103332042694092 40.829200744628906 
v -28.332836151123047 -4.604340076446533 41.105735778808594 
v -28.330610275268555 -4.848112106323242 41.17283630371094 
v -27.649484634399414 -6.504010200500488 41.80520248413086 
v -27.582706451416016 -6.421181678771973 41.158599853515625 
v -27.852041244506836 -6.031281471252441 40.709232330322266 
v -28.29944610595703 -5.56259298324585 40.71736526489258 
v -28.662269592285156 -5.289864540100098 41.17893600463867 
v -27.894332885742188 -6.70939826965332 41.70150375366211 
v -27.749649047851562 -6.56326961517334 41.08539962768555 
v -27.943302154541016 -6.108722686767578 40.66450119018555 
v -28.361772537231445 -5.611751079559326 40.68483352661133 
v -28.75798225402832 -5.363938808441162 41.136234283447266 
v -28.43745231628418 -5.670337200164795 40.648231506347656 
v -28.862600326538086 -5.444747447967529 41.08946990966797 
v -29.30777931213379 -6.363268852233887 40.272064208984375 
v -29.712894439697266 -6.110069274902344 40.73160171508789 
v -29.74628257751465 -6.860240459442139 40.298500061035156 
v -30.033422470092773 -6.68111515045166 40.62383270263672 
v -29.90654754638672 -7.320174694061279 40.749900817871094 
v -29.445785522460938 -7.2191643714904785 40.284263610839844 
v -28.880407333374023 -6.871014595031738 40.251731872558594 
v -28.04569435119629 -6.192224502563477 40.615699768066406 
v -27.9188175201416 -6.705357551574707 41.01016616821289 
v -28.130279541015625 -6.90805196762085 41.601871490478516 
v -28.684528350830078 -7.335662841796875 40.68076705932617 
v -29.305553436279297 -7.547784805297852 40.58723449707031 
v -29.445785522460938 -7.2191643714904785 40.284263610839844 
v -29.90654754638672 -7.320174694061279 40.749900817871094 
v -29.40794563293457 -7.653509140014648 41.032535552978516 
v -28.82921028137207 -7.485158443450928 41.3090705871582 
v -4.816202163696289 3.1849122047424316 2.6186752319335938 
v -4.816202163696289 3.0771677494049072 4.64998197555542 
v -3.238039016723633 2.744506597518921 2.742708921432495 
v -3.238039016723633 2.6421494483947754 4.64998197555542 
v -2.0850226879119873 1.5539301633834839 3.076176643371582 
v -2.0850226879119873 1.47716224193573 4.64998197555542 
v -1.6621017456054688 -0.06829767674207687 3.531644821166992 
v -1.6621017456054688 -0.10398803651332855 4.64998197555542 
v -2.0850226879119873 -1.9814356565475464 3.9871129989624023 
v -2.0850226879119873 -1.6864850521087646 4.887882709503174 
v -3.238039016723633 -2.8427181243896484 5.249817371368408 
v -1.991534948348999 -1.8743644952774048 8.37506103515625 
v -3.184617280960083 -3.050126075744629 8.289660453796387 
v -3.1334216594696045 -3.2858171463012695 11.929339408874512 
v -4.816202163696289 -3.7100610733032227 11.868338584899902 
v -4.816202163696289 -3.7780747413635254 13.330310821533203 
v -6.501208305358887 -3.2279045581817627 11.929339408874512 
v -6.51456356048584 -3.287837505340576 13.330310821533203 
v -7.732131004333496 -1.9733548164367676 12.100139617919922 
v -7.756616115570068 -2.015105724334717 13.330310821533203 
v -8.183988571166992 -0.28243982791900635 12.331940650939941 
v -8.21292495727539 -0.3087025582790375 13.330310821533203 
v -7.732131004333496 1.3923134803771973 12.563740730285645 
v -7.756616115570068 1.3788453340530396 13.330310821533203 
v -6.501208305358887 2.592317581176758 12.732508659362793 
v -6.51456356048584 2.5882771015167236 13.330310821533203 
v -4.816202163696289 3.0084805488586426 12.795541763305664 
v -4.816202163696289 3.007133722305298 13.330310821533203 
v -4.816202163696289 3.048884868621826 8.722762107849121 
v -6.447786808013916 2.6360888481140137 8.692261695861816 
v -7.640869140625 1.4596537351608276 8.606861114501953 
v -8.07714557647705 -0.16594111919403076 8.490961074829102 
v -7.640869140625 -1.8009636402130127 8.37506103515625 
v -6.447786808013916 -3.0083751678466797 8.289660453796387 
v -4.816202163696289 -3.465615749359131 8.259160041809082 
v -4.816202163696289 -3.2575342655181885 5.4328179359436035 
v -3.238039016723633 -3.388847827911377 4.475114822387695 
v -4.816202163696289 3.0771677494049072 4.64998197555542 
v -6.394365310668945 2.6657185554504395 4.64998197555542 
v -7.549607276916504 1.5182397365570068 4.64998197555542 
v -7.972527980804443 -0.056849826127290726 4.64998197555542 
v -7.549607276916504 -1.6427139043807983 4.887882709503174 
v -7.549607276916504 -1.9457452297210693 3.9871129989624023 
v -6.394365310668945 -2.815781831741333 5.249817371368408 
v -6.394365310668945 -3.3666255474090576 4.475114822387695 
v -4.816202163696289 -3.8157854080200195 4.780115604400635 
v -7.972527980804443 -0.03126051276922226 3.531644821166992 
v -7.549607276916504 1.5815396308898926 3.076176643371582 
v -6.394365310668945 2.759321451187134 2.742708921432495 
v -4.816202163696289 3.1849122047424316 2.6186752319335938 
v 8.37893295288086 -0.559881865978241 24.379480361938477 
v 6.473562717437744 -0.5551680326461792 44.416011810302734 
v 6.473562717437744 0.6690785884857178 44.088645935058594 
v 5.563169479370117 -0.5551680326461792 44.51157760620117 
v 5.373968124389648 0.6717722415924072 44.51157760620117 
v 3.5064380168914795 -0.5551680326461792 45.21308135986328 
v 3.386239528656006 0.35190579295158386 45.21308135986328 
v 3.297203540802002 -0.5551680326461792 45.80681610107422 
v 3.1369388103485107 0.46369069814682007 45.80681610107422 
v 6.473562717437744 1.5647046566009521 43.19194030761719 
v 6.473562717437744 1.8933252096176147 41.967872619628906 
v 6.473562717437744 1.5647046566009521 40.74380111694336 
v 6.208680629730225 1.3418081998825073 39.139495849609375 
v 6.495821952819824 -0.5551680326461792 38.73892593383789 
v 6.800770282745361 -0.5551680326461792 36.83572006225586 
v 6.473562717437744 0.6690785884857178 39.84709548950195 
v -29.203163146972656 -4.296595096588135 42.03700637817383 
v -29.47027015686035 -4.055516719818115 41.17283630371094 
v -30.45857048034668 -3.584808111190796 41.219600677490234 
v -30.725677490234375 -2.891876459121704 41.44733428955078 
v -30.543153762817383 -2.1497862339019775 41.24400329589844 
v -29.677278518676758 -4.281106948852539 42.142738342285156 
v -30.378437042236328 -4.156527519226074 41.45343780517578 
v -30.727903366088867 -1.4588748216629028 41.51240158081055 
v -30.545379638671875 -0.7551687359809875 41.24197006225586 
v -29.341167449951172 0.038099996745586395 40.79666519165039 
v -28.159215927124023 0.8131868243217468 40.67060089111328 
v -29.372331619262695 0.7263178825378418 40.861732482910156 
v -28.232669830322266 1.3727847337722778 41.11183547973633 
v -30.58989715576172 0.6280010342597961 41.24400329589844 
v -29.44801139831543 1.2933231592178345 41.2379035949707 
v -28.310577392578125 1.5552769899368286 42.16307067871094 
v -30.61883544921875 1.2529189586639404 41.504268646240234 
v -29.552629470825195 1.4663877487182617 42.16917037963867 
v 6.473562717437744 -0.5551680326461792 39.51972961425781 
v -30.75238800048828 -0.07637850940227509 41.44936752319336 
v 30.684677124023438 1.4259835481643677 42.281005859375 
v 30.764808654785156 1.2394509315490723 43.01300811767578 
v 31.36802864074707 1.4313708543777466 42.31353759765625 
v 31.421449661254883 1.2684072256088257 42.917442321777344 
v 31.78872299194336 1.462347388267517 42.38267135620117 
v 31.797626495361328 1.2670605182647705 42.84830856323242 
v 32.32071304321289 1.3546028137207031 42.83610534667969 
v 32.38081359863281 0.9014026522636414 43.02317428588867 
v 32.621212005615234 0.9451738595962524 43.031307220458984 
v 32.480979919433594 0.45560985803604126 42.83610534667969 
v 32.70134353637695 0.49332043528556824 42.84220886230469 
v 32.5655632019043 0.279178261756897 42.38267135620117 
v 32.7347297668457 0.30611440539360046 42.38267135620117 
v 31.962343215942383 0.3471919596195221 42.84830856323242 
v 31.86885643005371 0.805105984210968 43.041473388671875 
v 31.50826072692871 0.7229508757591248 43.135009765625 
v 7.461862564086914 -0.5551680326461792 32.909339904785156 
v 7.461862564086914 -0.5551680326461792 32.909339904785156 
v 8.033918380737305 -0.5551680326461792 28.879261016845703 
v 8.283219337463379 -0.5565148591995239 26.876420974731445 
v 30.793746948242188 0.6098191142082214 43.28954315185547 
v 31.592844009399414 0.20308373868465424 43.00487518310547 
v 31.63068389892578 0.06772972643375397 42.388771057128906 
v 32.02244186401367 0.16133274137973785 42.38267135620117 
v 31.140987396240234 -0.10735505074262619 42.43553924560547 
v 30.90949249267578 -0.08984657377004623 43.222442626953125 
v 28.316320419311523 -4.628582954406738 42.02683639526367 
v 28.33190155029297 -4.604340076446533 41.105735778808594 
v 28.72588539123535 -4.3120832443237305 41.931270599365234 
v 28.489940643310547 -3.980769157409668 40.93899917602539 
v 28.979637145996094 -4.018479824066162 41.05693435668945 
v 29.32687759399414 -3.2433927059173584 40.912567138671875 
v 29.469335556030273 -4.055516719818115 41.17283630371094 
v 30.4576358795166 -3.584808111190796 41.219600677490234 
v 30.37750244140625 -4.156527519226074 41.45343780517578 
v 29.202228546142578 -4.296595096588135 42.03700637817383 
v 29.67634391784668 -4.281106948852539 42.142738342285156 
v 30.450958251953125 -4.356527805328369 42.24440383911133 
v -4.816202163696289 3.2138686180114746 0.003800000064074993 
v -6.394365310668945 2.7835640907287598 0.003800000064074993 
v -4.816202163696289 3.211848258972168 0.44706812500953674 
v -6.394365310668945 2.782890558242798 0.4531681537628174 
v -4.816202163696289 3.2057876586914062 1.2441374063491821 
v -6.394365310668945 2.778176784515381 1.2502374649047852 
v -4.816202163696289 3.1849122047424316 2.6186752319335938 
v -6.394365310668945 2.759321451187134 2.742708921432495 
v -7.549607276916504 1.607802391052246 0.003800000064074993 
v -7.549607276916504 1.6071289777755737 0.4653681814670563 
v -7.549607276916504 1.6044353246688843 1.2624374628067017 
v -7.549607276916504 1.5815396308898926 3.076176643371582 
v -8.06601619720459 -0.022506272420287132 1.2807375192642212 
v -8.159503936767578 -0.04136155545711517 0.4653681814670563 
v -8.159503936767578 -0.04136155545711517 0.003800000064074993 
v -8.259669303894043 -1.6305925846099854 0.4511348009109497 
v -8.188440322875977 -1.6238585710525513 1.2339706420898438 
v -8.048209190368652 -1.6285724639892578 3.192077159881592 
v -7.972527980804443 -0.03126051276922226 3.531644821166992 
v -7.549607276916504 -1.9457452297210693 3.9871129989624023 
v -8.250765800476074 -4.848785400390625 2.7915091514587402 
v -8.44664478302002 -4.782118797302246 1.217703938484192 
v -8.495615005493164 -4.7841386795043945 0.4409680962562561 
v -8.259669303894043 -1.6305925846099854 0.003800000064074993 
v -8.495615005493164 -4.7841386795043945 0.003800000064074993 
v -8.845081329345703 -7.563272953033447 1.1912705898284912 
v -8.540132522583008 -7.565293312072754 2.561741828918457 
v -7.674257755279541 -7.57808780670166 3.722778797149658 
v -7.6141581535339355 -4.953836441040039 3.708545446395874 
v -6.3876872062683105 -5.04070520401001 4.26568078994751 
v -6.394365310668945 -3.3666255474090576 4.475114822387695 
v -4.816202163696289 -3.8157854080200195 4.780115604400635 
v 3.5064380168914795 -0.5551680326461792 45.21308135986328 
v 3.386239528656006 -1.462915301322937 45.21308135986328 
v 3.036773204803467 -2.3087093830108643 45.21308135986328 
v 2.115250587463379 -3.3134267330169678 45.21308135986328 
v 0.9065868854522705 -3.941711664199829 45.21308135986328 
v -0.0015803000424057245 -4.061577320098877 45.21308135986328 
v -0.9075216054916382 -3.941711664199829 45.21308135986328 
v -0.0015803000424057245 -3.8534958362579346 45.80681610107422 
v -1.018816590309143 -3.6918792724609375 45.80681610107422 
v 3.297203540802002 -0.5551680326461792 45.80681610107422 
v 3.1369388103485107 -1.5747002363204956 45.80681610107422 
v 2.667273759841919 -2.4938952922821045 45.80681610107422 
v 1.937178611755371 -3.2238640785217285 45.80681610107422 
v 1.0178818702697754 -3.6918792724609375 45.80681610107422 
v 27.114334106445312 -4.743734836578369 40.760066986083984 
v 28.30518913269043 -3.241372585296631 40.615699768066406 
v 29.3380069732666 -2.734300136566162 40.7864990234375 
v 30.724742889404297 -2.891876459121704 41.44733428955078 
v -30.685611724853516 1.4259835481643677 42.281005859375 
v -31.36896324157715 1.4313708543777466 42.31353759765625 
v -30.765743255615234 1.2394509315490723 43.01300811767578 
v -31.42238426208496 1.2684072256088257 42.917442321777344 
v -31.50919532775879 0.7229508757591248 43.135009765625 
v -31.86979103088379 0.805105984210968 43.041473388671875 
v -31.96327781677246 0.3471919596195221 42.84830856323242 
v -32.38174819946289 0.9014026522636414 43.02317428588867 
v -32.48191452026367 0.45560985803604126 42.83610534667969 
v -32.62214660644531 0.9451738595962524 43.031307220458984 
v -32.70227813720703 0.49332043528556824 42.84220886230469 
v -32.935997009277344 0.5323777794837952 42.84017562866211 
v -32.90705871582031 0.33305051922798157 42.38267135620117 
v -33.258750915527344 0.3902897536754608 42.38267135620117 
v -32.73566436767578 0.30611440539360046 42.38267135620117 
v -32.566497802734375 0.279178261756897 42.38267135620117 
v -32.02337646484375 0.16133274137973785 42.38267135620117 
v -31.63161849975586 0.06772972643375397 42.388771057128906 
v -31.593778610229492 0.20308373868465424 43.00487518310547 
v -31.141921997070312 -0.10735505074262619 42.43553924560547 
v -30.91042709350586 -0.08984657377004623 43.222442626953125 
v -30.794681549072266 0.6098191142082214 43.28954315185547 
v -4.84736442565918 -11.947799682617188 0.003800000064074993 
v -3.3159453868865967 -11.613792419433594 0.003800000064074993 
v -4.84736442565918 -11.947799682617188 0.45926815271377563 
v -3.3159453868865967 -11.613792419433594 0.45926815271377563 
v -4.84736442565918 -11.947799682617188 1.1912705898284912 
v -3.3159453868865967 -11.613792419433594 1.1912705898284912 
v -4.84736442565918 -10.786179542541504 3.7492122650146484 
v -3.3159453868865967 -10.552509307861328 3.5560450553894043 
v -4.84736442565918 -7.613104820251465 4.771982192993164 
v -3.3159453868865967 -7.613104820251465 4.499514579772949 
v -4.831783294677734 -5.081782817840576 4.4649481773376465 
v -3.273653268814087 -5.060234069824219 4.26568078994751 
v -3.238039016723633 -3.388847827911377 4.475114822387695 
v -2.0204715728759766 -10.663620948791504 0.003800000064074993 
v -2.0204715728759766 -10.663620948791504 0.45926815271377563 
v -2.0204715728759766 -10.663620948791504 1.1912705898284912 
v -2.0204715728759766 -9.879105567932129 3.0070431232452393 
v -2.0204715728759766 -7.598963260650635 3.722778797149658 
v -2.049408197402954 -4.982119560241699 3.708545446395874 
v -2.0850226879119873 -1.9814356565475464 3.9871129989624023 
v -1.152370572090149 -9.241393089294434 0.003800000064074993 
v -1.152370572090149 -9.241393089294434 0.45926815271377563 
v -1.152370572090149 -9.241393089294434 1.1912705898284912 
v -1.152370572090149 -8.87034797668457 2.1876070499420166 
v -1.152370572090149 -7.579434871673584 2.561741828918457 
v -1.412800908088684 -4.87302827835083 2.7915091514587402 
v -1.2146958112716675 -4.79154634475708 1.217703938484192 
v -1.4550930261611938 -1.6380000114440918 1.2339706420898438 
v -1.3816382884979248 -1.637326717376709 0.4511348009109497 
v -1.4639966487884521 -0.048768989741802216 0.4653681814670563 
v -1.3816382884979248 -1.6332862377166748 0.003800000064074993 
v -1.4639966487884521 -0.04472857341170311 0.003800000064074993 
v -2.0850226879119873 1.601068377494812 0.4653681814670563 
v -1.5619362592697144 -0.037994541227817535 1.2807375192642212 
v -1.5997765064239502 -1.6622425317764282 3.192077159881592 
v -1.6621017456054688 -0.06829767674207687 3.531644821166992 
v -2.0850226879119873 1.5539301633834839 3.076176643371582 
v -2.0850226879119873 1.5909672975540161 1.2624374628067017 
v -3.238039016723633 2.744506597518921 2.742708921432495 
v -3.238039016723633 2.7707693576812744 1.2502374649047852 
v -4.816202163696289 3.1849122047424316 2.6186752319335938 
v -4.816202163696289 3.2057876586914062 1.2441374063491821 
v -3.238039016723633 2.7795236110687256 0.4531681537628174 
v -3.238039016723633 2.782217264175415 0.003800000064074993 
v -4.816202163696289 3.2138686180114746 0.003800000064074993 
v -4.816202163696289 3.211848258972168 0.44706812500953674 
v -2.0850226879119873 1.6051087379455566 0.003800000064074993 
v -24.226049423217773 -0.9383343458175659 43.966644287109375 
v -25.401325225830078 -0.8427111506462097 43.92190933227539 
v -26.779157638549805 -1.4642621278762817 43.763309478759766 
v -26.850385665893555 -0.6346296072006226 43.7226448059082 
v -28.232669830322266 -1.2588741779327393 43.70637512207031 
v -28.286090850830078 -0.5733499526977539 43.6982421875 
v -29.61940574645996 -0.682441234588623 43.60470962524414 
v -28.34619140625 0.1168881505727768 43.66367721557617 
v -29.692859649658203 0.007123459130525589 43.53354263305664 
v -29.712894439697266 0.6973615288734436 43.44407653808594 
v -30.794681549072266 0.6098191142082214 43.28954315185547 
v -30.765743255615234 1.2394509315490723 43.01300811767578 
v -30.91042709350586 -0.08984657377004623 43.222442626953125 
v -30.743484497070312 -0.7740240097045898 43.42170715332031 
v -29.583791732788086 -1.3720059394836426 43.631141662597656 
v -30.85923194885254 -1.4716695547103882 43.3424072265625 
v -6.37655782699585 -7.598289966583252 4.499514579772949 
v -6.37655782699585 -10.546448707580566 3.5560450553894043 
v -6.37655782699585 -11.613792419433594 1.1912705898284912 
v -4.84736442565918 -11.947799682617188 1.1912705898284912 
v -4.84736442565918 -11.947799682617188 0.45926815271377563 
v -7.674257755279541 -9.871025085449219 3.0070431232452393 
v -7.674257755279541 -10.663620948791504 1.1912705898284912 
v -6.37655782699585 -11.613792419433594 0.45926815271377563 
v -4.84736442565918 -11.947799682617188 0.003800000064074993 
v -7.674257755279541 -10.663620948791504 0.45926815271377563 
v -8.540132522583008 -9.241393089294434 1.1912705898284912 
v -8.540132522583008 -9.241393089294434 0.45926815271377563 
v -8.845081329345703 -7.563272953033447 0.45926815271377563 
v -8.845081329345703 -7.563272953033447 0.003800000064074993 
v -8.540132522583008 -8.864287376403809 2.1876070499420166 
v -6.37655782699585 -11.613792419433594 0.003800000064074993 
v -7.674257755279541 -10.663620948791504 0.003800000064074993 
v -8.540132522583008 -9.241393089294434 0.003800000064074993 
v -31.789657592773438 1.462347388267517 42.38267135620117 
v -31.798561096191406 1.2670605182647705 42.84830856323242 
v -32.32164764404297 1.3546028137207031 42.83610534667969 
v -32.33723068237305 1.5498896837234497 42.38267135620117 
v -32.54201126098633 1.3970272541046143 42.84220886230469 
v -32.77350616455078 1.4407984018325806 42.84017562866211 
v -32.88257598876953 0.9916386604309082 43.029273986816406 
v -33.216461181640625 0.5788425803184509 42.846275329589844 
v -33.496925354003906 0.6246340274810791 42.85237503051758 
v -33.610443115234375 0.44752901792526245 42.38267135620117 
v -33.74622344970703 0.6677318215370178 42.854408264160156 
v -33.781837463378906 0.4751385450363159 42.38267135620117 
v -33.95100784301758 0.5027480721473694 42.38267135620117 
v -33.05174255371094 1.4953440427780151 42.846275329589844 
v -33.131874084472656 1.0360832214355469 43.03740692138672 
v -33.38117599487305 1.081201195716858 43.04553985595703 
v -33.66386413574219 1.1317064762115479 43.04960632324219 
v -33.98884582519531 0.7088093757629395 42.856441497802734 
v -34.6566162109375 0.6172266006469727 42.38267135620117 
v -33.32998275756836 1.5492162704467773 42.85237503051758 
v -33.027259826660156 1.686590552330017 42.38267135620117 
v -32.677791595458984 1.617903470993042 42.38267135620117 
v -32.50862503051758 1.5835598707199097 42.38267135620117 
v -33.37672424316406 1.7552776336669922 42.38267135620117 
v -33.58150863647461 1.5963544845581055 42.854408264160156 
v -33.821903228759766 1.641472578048706 42.856441497802734 
v -33.9354248046875 1.1801915168762207 43.053672790527344 
v -34.449607849121094 1.7626850605010986 42.86457443237305 
v -34.53641891479492 1.2879359722137451 43.0638427734375 
v -34.92372512817383 1.7040990591049194 42.724273681640625 
v -34.98382568359375 1.3687443733215332 42.86457443237305 
v -35.170799255371094 1.4017410278320312 42.38267135620117 
v -34.89924240112305 1.8434934616088867 42.38267135620117 
v -34.416221618652344 1.95931875705719 42.38267135620117 
v -33.71506118774414 1.8219445943832397 42.38267135620117 
v -33.545894622802734 1.7882744073867798 42.38267135620117 
v -34.621002197265625 0.8131868243217468 42.86457443237305 
v -35.043922424316406 1.0327162742614746 42.724273681640625 
v -35.06840896606445 0.8939952254295349 42.38267135620117 
v -35.170799255371094 1.4017410278320312 42.38267135620117 
v -34.98382568359375 1.3687443733215332 42.86457443237305 
v -24.319538116455078 0.12227537482976913 43.72671127319336 
v -25.494813919067383 0.022611727938055992 43.742977142333984 
v -26.908260345458984 0.062342505902051926 43.659610748291016 
v -25.49258804321289 0.7788432836532593 43.338340759277344 
v -26.968358993530273 0.8434900045394897 43.45424270629883 
v -28.392934799194336 0.7983719706535339 43.56404113769531 
v -29.681730270385742 1.2737945318222046 43.07400894165039 
v -30.685611724853516 1.4259835481643677 42.281005859375 
v -28.392934799194336 1.3633570671081543 43.16754150390625 
v -26.97503662109375 1.3761518001556396 43.03537368774414 
v -25.47477912902832 1.2482051849365234 42.90320587158203 
v -24.390766143798828 0.939113199710846 43.031307220458984 
v -24.415250778198242 1.2185754776000977 42.06953811645508 
v -25.44361686706543 1.3923134803771973 41.95566940307617 
v -26.9327449798584 1.5633578300476074 42.03090286254883 
v -28.310577392578125 1.5552769899368286 42.16307067871094 
v -29.552629470825195 1.4663877487182617 42.16917037963867 
v -0.8496481776237488 -7.563272953033447 0.003800000064074993 
v -0.8496481776237488 -7.563272953033447 0.45926815271377563 
v -0.8496481776237488 -7.565966606140137 1.1912705898284912 
v -1.1635000705718994 -4.786832332611084 0.4409680962562561 
v -1.1635000705718994 -4.7848124504089355 0.003800000064074993 
v 3.297203540802002 -0.5551680326461792 45.80681610107422 
v 3.62441086769104 -0.5551680326461792 45.932884216308594 
v 3.1369388103485107 -1.5747002363204956 45.80681610107422 
v 3.4485647678375244 -1.675710678100586 45.932884216308594 
v 2.667273759841919 -2.4938952922821045 45.80681610107422 
v 2.9321558475494385 -2.686488628387451 45.932884216308594 
v 1.937178611755371 -3.2238640785217285 45.80681610107422 
v 2.1308319568634033 -3.488511562347412 45.932884216308594 
v 1.0178818702697754 -3.6918792724609375 45.80681610107422 
v 1.1202733516693115 -4.003664970397949 45.932884216308594 
v -0.0015803000424057245 -3.8534958362579346 45.80681610107422 
v -0.0015803000424057245 -4.180769920349121 45.932884216308594 
v 6.2732319831848145 -0.5551680326461792 47.3216552734375 
v 5.966057777404785 -2.4938952922821045 47.3216552734375 
v 5.075697422027588 -4.242722988128662 47.3216552734375 
v 3.6867361068725586 -5.630606651306152 47.3216552734375 
v 1.937178611755371 -6.522192001342773 47.3216552734375 
v -0.0015803000424057245 -6.828590393066406 47.3216552734375 
v 8.211990356445312 -3.2238640785217285 49.68439483642578 
v 6.985519886016846 -5.630606651306152 49.68439483642578 
v 5.075697422027588 -7.541050910949707 49.68439483642578 
v 2.667273759841919 -8.767317771911621 49.68439483642578 
v -0.0015803000424057245 -9.190215110778809 49.68439483642578 
v -1.9381133317947388 -6.522192001342773 47.3216552734375 
v -0.0015803000424057245 -4.180769920349121 45.932884216308594 
v -1.1212079524993896 -4.003664970397949 45.932884216308594 
v -0.0015803000424057245 -3.8534958362579346 45.80681610107422 
v -1.018816590309143 -3.6918792724609375 45.80681610107422 
v 8.211990356445312 -6.522192001342773 52.65917205810547 
v 5.966057777404785 -8.767317771911621 52.65917205810547 
v 3.1369388103485107 -10.209073066711426 52.65917205810547 
v -0.0015803000424057245 -10.706045150756836 52.65917205810547 
v -2.668208599090576 -8.767317771911621 49.68439483642578 
v -3.6876707077026367 -5.630606651306152 47.3216552734375 
v -2.1317665576934814 -3.488511562347412 45.932884216308594 
v -1.9381133317947388 -3.2238640785217285 45.80681610107422 
v 6.2732319831848145 -9.190215110778809 55.95724868774414 
v 3.297203540802002 -10.706045150756836 55.95724868774414 
v -0.0015803000424057245 -11.228605270385742 55.95724868774414 
v -3.137873411178589 -10.209073066711426 52.65917205810547 
v -5.076632499694824 -7.541050910949707 49.68439483642578 
v -5.076632499694824 -4.242722988128662 47.3216552734375 
v -2.9330906867980957 -2.686488628387451 45.932884216308594 
v -2.668208599090576 -2.4938952922821045 45.80681610107422 
v 3.1369388103485107 -10.209073066711426 59.25532913208008 
v -0.0015803000424057245 -10.706045150756836 59.25532913208008 
v -3.29813814163208 -10.706045150756836 55.95724868774414 
v -5.966992378234863 -8.767317771911621 52.65917205810547 
v -6.986454486846924 -5.630606651306152 49.68439483642578 
v -5.966992378234863 -2.4938952922821045 47.3216552734375 
v -3.4494993686676025 -1.675710678100586 45.932884216308594 
v -3.137873411178589 -1.5747002363204956 45.80681610107422 
v -3.137873411178589 -10.209073066711426 59.25532913208008 
v -6.274166584014893 -9.190215110778809 55.95724868774414 
v -8.21292495727539 -6.522192001342773 52.65917205810547 
v -8.21292495727539 -3.2238640785217285 49.68439483642578 
v -6.274166584014893 -0.5551680326461792 47.3216552734375 
v -3.625345468521118 -0.5551680326461792 45.932884216308594 
v -3.29813814163208 -0.5551680326461792 45.80681610107422 
v -5.966992378234863 -8.767317771911621 59.25532913208008 
v -8.635846138000488 -6.828590393066406 55.95724868774414 
v -9.655308723449707 -3.6918792724609375 52.65917205810547 
v -8.635846138000488 -0.5551680326461792 49.68439483642578 
v -8.21292495727539 -6.522192001342773 59.25532913208008 
v -10.151684761047363 -3.8534958362579346 55.95724868774414 
v -10.151684761047363 -0.5551680326461792 52.65917205810547 
v -9.655308723449707 -3.6918792724609375 59.25532913208008 
v -10.672544479370117 -0.5551680326461792 55.95724868774414 
v -10.151684761047363 -0.5551680326461792 59.25532913208008 
v -8.21292495727539 -3.2238640785217285 62.2301025390625 
v -8.635846138000488 -0.5551680326461792 62.2301025390625 
v -5.966992378234863 -2.4938952922821045 64.59284210205078 
v -6.274166584014893 -0.5551680326461792 64.59284210205078 
v -3.137873411178589 -1.5747002363204956 66.10768127441406 
v -3.29813814163208 -0.5551680326461792 66.10768127441406 
v -0.0015803000424057245 -0.5551680326461792 66.6302490234375 
v -6.986454486846924 -5.630606651306152 62.2301025390625 
v -5.076632499694824 -7.541050910949707 62.2301025390625 
v -2.668208599090576 -8.767317771911621 62.2301025390625 
v -0.0015803000424057245 -9.190215110778809 62.2301025390625 
v -0.0015803000424057245 -6.828590393066406 64.59284210205078 
v -1.9381133317947388 -6.522192001342773 64.59284210205078 
v -3.6876707077026367 -5.630606651306152 64.59284210205078 
v -5.076632499694824 -4.242722988128662 64.59284210205078 
v -0.0015803000424057245 -3.8534958362579346 66.10768127441406 
v -1.018816590309143 -3.6918792724609375 66.10768127441406 
v -1.9381133317947388 -3.2238640785217285 66.10768127441406 
v -2.668208599090576 -2.4938952922821045 66.10768127441406 
v 30.450958251953125 -4.356527805328369 42.24440383911133 
v 31.029691696166992 -4.508717060089111 42.2993049621582 
v 30.433151245117188 -4.158547401428223 43.01300811767578 
v 31.085338592529297 -4.3221845626831055 43.01707458496094 
v 30.553348541259766 -3.6245388984680176 43.30987548828125 
v 31.27008819580078 -3.7646067142486572 43.27327346801758 
v 30.81600570678711 -2.9006307125091553 43.244808197021484 
v 31.465967178344727 -3.206355571746826 43.12077331542969 
v 31.08756446838379 -2.9329540729522705 42.45383834838867 
v 31.541648864746094 -3.0676345825195312 42.427406311035156 
v 31.87775993347168 -3.9827892780303955 43.163475036621094 
v 31.710817337036133 -4.511410713195801 42.93370819091797 
v 31.66629981994629 -4.73834753036499 42.38267135620117 
v 32.31403732299805 -4.728246212005615 42.94590759277344 
v 32.472076416015625 -4.1834635734558105 43.17974090576172 
v 32.066959381103516 -3.4622488021850586 42.93370819091797 
v 32.72805404663086 -4.269659042358398 43.18787384033203 
v 32.676856994628906 -3.6541686058044434 42.94590759277344 
v 32.1671257019043 -3.254167318344116 42.38267135620117 
v 32.91057586669922 -3.7295897006988525 42.95200729370117 
v 32.80818557739258 -3.450800895690918 42.38267135620117 
v 33.15765380859375 -3.8103981018066406 42.949974060058594 
v 33.004066467285156 -4.363262176513672 43.183807373046875 
v 33.444793701171875 -3.9019808769226074 42.958106994628906 
v 33.255592346191406 -4.448110580444336 43.196006774902344 
v 33.507118225097656 -4.532959461212158 43.2061767578125 
v 33.075294494628906 -4.996934413909912 42.958106994628906 
v 33.35798263549805 -5.097944736480713 42.96420669555664 
v 33.006290435791016 -5.226564884185791 42.38267135620117 
v 33.36911392211914 -5.356531620025635 42.38267135620117 
v 33.62286376953125 -5.18952751159668 42.9682731628418 
v 33.80984115600586 -4.635316848754883 43.210243225097656 
v 33.72970962524414 -3.9928903579711914 42.96420669555664 
v 33.52937698364258 -3.6784112453460693 42.38267135620117 
v 33.162105560302734 -3.5619125366210938 42.38267135620117 
v 32.98625946044922 -3.5066933631896973 42.38267135620117 
v 33.9968147277832 -4.080432891845703 42.9682731628418 
v 33.89665222167969 -3.794236421585083 42.38267135620117 
v 34.2527961730957 -4.163934707641602 42.97233963012695 
v 34.09920883178711 -4.7322869300842285 43.21634292602539 
v 34.90721130371094 -4.373363018035889 42.980472564697266 
v 34.715782165527344 -4.940368175506592 43.22854232788086 
v 35.31454849243164 -4.704003810882568 42.79950714111328 
v 35.18099594116211 -5.097944736480713 42.970306396484375 
v 35.37464904785156 -5.163264751434326 42.38267135620117 
v 35.36796951293945 -4.540367126464844 42.38267135620117 
v 34.98511505126953 -4.138345241546631 42.38267135620117 
v 34.2527961730957 -3.9066948890686035 42.38267135620117 
v 34.07472229003906 -3.8501288890838623 42.38267135620117 
v 32.294002532958984 -4.969324588775635 42.38267135620117 
v 32.545528411865234 -4.809728145599365 42.95200729370117 
v 32.7926025390625 -4.895923614501953 42.949974060058594 
v 32.4698486328125 -5.033298015594482 42.38267135620117 
v 32.645694732666016 -5.096597671508789 42.38267135620117 
v 33.544960021972656 -5.419831275939941 42.38267135620117 
v 33.72080612182617 -5.482457637786865 42.38267135620117 
v 33.876617431640625 -5.278416633605957 42.97233963012695 
v 34.44422149658203 -5.742391586303711 42.38267135620117 
v 34.52435302734375 -5.507373809814453 42.980472564697266 
v 35.04743957519531 -5.491885662078857 42.79950714111328 
v 35.18099594116211 -5.097944736480713 42.970306396484375 
v 35.37464904785156 -5.163264751434326 42.38267135620117 
v 34.99179458618164 -5.655522346496582 42.38267135620117 
v -0.0015803000424057245 -9.190215110778809 62.2301025390625 
v 2.667273759841919 -8.767317771911621 62.2301025390625 
v -0.0015803000424057245 -6.828590393066406 64.59284210205078 
v 1.937178611755371 -6.522192001342773 64.59284210205078 
v -0.0015803000424057245 -3.8534958362579346 66.10768127441406 
v 1.0178818702697754 -3.6918792724609375 66.10768127441406 
v -0.0015803000424057245 -0.5551680326461792 66.6302490234375 
v 1.937178611755371 -3.2238640785217285 66.10768127441406 
v 2.667273759841919 -2.4938952922821045 66.10768127441406 
v 5.075697422027588 -4.242722988128662 64.59284210205078 
v 5.966057777404785 -2.4938952922821045 64.59284210205078 
v 8.211990356445312 -3.2238640785217285 62.2301025390625 
v 8.63491153717041 -0.5551680326461792 62.2301025390625 
v 10.150749206542969 -0.5551680326461792 59.25532913208008 
v 5.966057777404785 -8.767317771911621 59.25532913208008 
v 8.63491153717041 -6.828590393066406 55.95724868774414 
v 9.654374122619629 -3.6918792724609375 52.65917205810547 
v 8.63491153717041 -0.5551680326461792 49.68439483642578 
v 10.150749206542969 -0.5551680326461792 52.65917205810547 
v 10.150749206542969 -3.8534958362579346 55.95724868774414 
v 8.211990356445312 -6.522192001342773 59.25532913208008 
v 5.075697422027588 -7.541050910949707 62.2301025390625 
v 10.671609878540039 -0.5551680326461792 55.95724868774414 
v 9.654374122619629 -3.6918792724609375 59.25532913208008 
v 6.985519886016846 -5.630606651306152 62.2301025390625 
v 3.6867361068725586 -5.630606651306152 64.59284210205078 
v 32.33629608154297 1.5498896837234497 42.38267135620117 
v 32.54107666015625 1.3970272541046143 42.84220886230469 
v 32.5076904296875 1.5835598707199097 42.38267135620117 
v 32.676856994628906 1.617903470993042 42.38267135620117 
v 32.7725715637207 1.4407984018325806 42.84017562866211 
v 33.02632522583008 1.686590552330017 42.38267135620117 
v 32.88164138793945 0.9916386604309082 43.029273986816406 
v 33.05080795288086 1.4953440427780151 42.846275329589844 
v 33.32904815673828 1.5492162704467773 42.85237503051758 
v 33.375789642333984 1.7552776336669922 42.38267135620117 
v 33.58057403564453 1.5963544845581055 42.854408264160156 
v 33.544960021972656 1.7882744073867798 42.38267135620117 
v 33.71412658691406 1.8219445943832397 42.38267135620117 
v 33.13093948364258 1.0360832214355469 43.03740692138672 
v 33.38024139404297 1.081201195716858 43.04553985595703 
v 33.66292953491211 1.1317064762115479 43.04960632324219 
v 33.82096862792969 1.641472578048706 42.856441497802734 
v 34.415287017822266 1.95931875705719 42.38267135620117 
v 33.21552658081055 0.5788425803184509 42.846275329589844 
v 32.935062408447266 0.5323777794837952 42.84017562866211 
v 32.906124114990234 0.33305051922798157 42.38267135620117 
v 33.257816314697266 0.3902897536754608 42.38267135620117 
v 33.49598693847656 0.6246340274810791 42.85237503051758 
v 33.6095085144043 0.44752901792526245 42.38267135620117 
v 33.74528884887695 0.6677318215370178 42.854408264160156 
v 33.987911224365234 0.7088093757629395 42.856441497802734 
v 33.93449020385742 1.1801915168762207 43.053672790527344 
v 34.62006759643555 0.8131868243217468 42.86457443237305 
v 34.535484313964844 1.2879359722137451 43.0638427734375 
v 34.98289108276367 1.3687443733215332 42.86457443237305 
v 33.78090286254883 0.4751385450363159 42.38267135620117 
v 33.9500732421875 0.5027480721473694 42.38267135620117 
v 34.65568161010742 0.6172266006469727 42.38267135620117 
v 35.04298782348633 1.0327162742614746 42.724273681640625 
v 35.169864654541016 1.4017410278320312 42.38267135620117 
v 35.067474365234375 0.8939952254295349 42.38267135620117 
v 34.448673248291016 1.7626850605010986 42.86457443237305 
v 34.8983039855957 1.8434934616088867 42.38267135620117 
v 34.92279052734375 1.7040990591049194 42.724273681640625 
v 35.169864654541016 1.4017410278320312 42.38267135620117 
v 34.98289108276367 1.3687443733215332 42.86457443237305 
v 6.2732319831848145 -0.5551680326461792 64.59284210205078 
v 3.1369388103485107 -1.5747002363204956 66.10768127441406 
v 3.297203540802002 -0.5551680326461792 66.10768127441406 
v -0.0015803000424057245 2.7424864768981934 45.80681610107422 
v -0.0015803000424057245 3.069760322570801 45.932884216308594 
v 1.0178818702697754 2.581543207168579 45.80681610107422 
v 1.1202733516693115 2.892655372619629 45.932884216308594 
v 1.937178611755371 2.1128547191619873 45.80681610107422 
v 2.1308319568634033 2.377501964569092 45.932884216308594 
v 2.667273759841919 1.3828858137130737 45.80681610107422 
v 2.9321558475494385 1.5754790306091309 45.932884216308594 
v 3.1369388103485107 0.46369069814682007 45.80681610107422 
v 3.4485647678375244 0.5647011399269104 45.932884216308594 
v 3.297203540802002 -0.5551680326461792 45.80681610107422 
v 3.62441086769104 -0.5551680326461792 45.932884216308594 
v -0.0015803000424057245 5.718254089355469 47.3216552734375 
v 1.937178611755371 5.411182403564453 47.3216552734375 
v 3.6867361068725586 4.519597053527832 47.3216552734375 
v 5.075697422027588 3.131713390350342 47.3216552734375 
v 5.966057777404785 1.3828858137130737 47.3216552734375 
v 6.2732319831848145 -0.5551680326461792 47.3216552734375 
v 2.667273759841919 7.656308174133301 49.68439483642578 
v 5.075697422027588 6.430041313171387 49.68439483642578 
v 6.985519886016846 4.519597053527832 49.68439483642578 
v 8.211990356445312 2.1128547191619873 49.68439483642578 
v 8.63491153717041 -0.5551680326461792 49.68439483642578 
v 5.966057777404785 7.656308174133301 52.65917205810547 
v 8.211990356445312 5.411182403564453 52.65917205810547 
v 9.654374122619629 2.581543207168579 52.65917205810547 
v 10.150749206542969 -0.5551680326461792 52.65917205810547 
v 8.63491153717041 5.718254089355469 55.95724868774414 
v 10.150749206542969 2.7424864768981934 55.95724868774414 
v 10.671609878540039 -0.5551680326461792 55.95724868774414 
v 9.654374122619629 2.581543207168579 59.25532913208008 
v 10.150749206542969 -0.5551680326461792 59.25532913208008 
v 8.211990356445312 5.411182403564453 59.25532913208008 
v 6.2732319831848145 8.079205513000488 55.95724868774414 
v 5.966057777404785 7.656308174133301 59.25532913208008 
v 3.297203540802002 9.595035552978516 55.95724868774414 
v 3.1369388103485107 9.098064422607422 59.25532913208008 
v -0.0015803000424057245 10.117595672607422 55.95724868774414 
v -0.0015803000424057245 9.595035552978516 59.25532913208008 
v -3.137873411178589 9.098064422607422 59.25532913208008 
v -2.668208599090576 7.656308174133301 62.2301025390625 
v -5.076632499694824 6.430041313171387 62.2301025390625 
v -3.6876707077026367 4.519597053527832 64.59284210205078 
v -5.076632499694824 3.131713390350342 64.59284210205078 
v -2.668208599090576 1.3828858137130737 66.10768127441406 
v -3.137873411178589 0.46369069814682007 66.10768127441406 
v -0.0015803000424057245 -0.5551680326461792 66.6302490234375 
v -3.29813814163208 -0.5551680326461792 66.10768127441406 
v 3.1369388103485107 9.098064422607422 52.65917205810547 
v -0.0015803000424057245 9.595035552978516 52.65917205810547 
v -3.29813814163208 9.595035552978516 55.95724868774414 
v -5.966992378234863 7.656308174133301 59.25532913208008 
v -6.986454486846924 4.519597053527832 62.2301025390625 
v -5.966992378234863 1.3828858137130737 64.59284210205078 
v -0.0015803000424057245 8.079205513000488 49.68439483642578 
v -3.137873411178589 9.098064422607422 52.65917205810547 
v -6.274166584014893 8.079205513000488 55.95724868774414 
v -8.21292495727539 5.411182403564453 59.25532913208008 
v -8.21292495727539 2.1128547191619873 62.2301025390625 
v -6.274166584014893 -0.5551680326461792 64.59284210205078 
v -2.668208599090576 7.656308174133301 49.68439483642578 
v -5.966992378234863 7.656308174133301 52.65917205810547 
v -8.635846138000488 5.718254089355469 55.95724868774414 
v -9.655308723449707 2.581543207168579 59.25532913208008 
v -8.635846138000488 -0.5551680326461792 62.2301025390625 
v -1.9381133317947388 5.411182403564453 47.3216552734375 
v -5.076632499694824 6.430041313171387 49.68439483642578 
v -8.21292495727539 5.411182403564453 52.65917205810547 
v -10.151684761047363 2.7424864768981934 55.95724868774414 
v -10.151684761047363 -0.5551680326461792 59.25532913208008 
v -3.6876707077026367 4.519597053527832 47.3216552734375 
v -6.986454486846924 4.519597053527832 49.68439483642578 
v -9.655308723449707 2.581543207168579 52.65917205810547 
v -10.672544479370117 -0.5551680326461792 55.95724868774414 
v -5.076632499694824 3.131713390350342 47.3216552734375 
v -8.21292495727539 2.1128547191619873 49.68439483642578 
v -10.151684761047363 -0.5551680326461792 52.65917205810547 
v -5.966992378234863 1.3828858137130737 47.3216552734375 
v -8.635846138000488 -0.5551680326461792 49.68439483642578 
v -3.4494993686676025 0.5647011399269104 45.932884216308594 
v -2.9330906867980957 1.5754790306091309 45.932884216308594 
v -3.137873411178589 0.46369069814682007 45.80681610107422 
v -2.668208599090576 1.3828858137130737 45.80681610107422 
v -3.29813814163208 -0.5551680326461792 45.80681610107422 
v -3.625345468521118 -0.5551680326461792 45.932884216308594 
v -6.274166584014893 -0.5551680326461792 47.3216552734375 
v -4.816202163696289 3.015214681625366 13.734945297241211 
v -6.527919292449951 2.591644287109375 13.816278457641602 
v -4.856268405914307 3.2576396465301514 16.518587112426758 
v -6.599147796630859 2.614539861679077 17.018789291381836 
v -4.894108295440674 3.5344083309173584 19.300195693969727 
v -6.672602653503418 2.6515769958496094 20.22333335876465 
v -4.931948661804199 3.827338695526123 22.083839416503906 
v -6.743831634521484 2.7310385704040527 23.42787742614746 
v -7.781100749969482 1.3707644939422607 14.033845901489258 
v -7.845652103424072 1.2987104654312134 17.419357299804688 
v -7.910202980041504 1.236083984375 20.804868698120117 
v -7.972527980804443 1.2185754776000977 24.190380096435547 
v -8.239636421203613 -0.33227166533470154 14.330713272094727 
v -8.28637981414795 -0.4117332100868225 17.679624557495117 
v -8.333124160766602 -0.5167840719223022 21.030569076538086 
v -8.379867553710938 -0.559881865978241 24.379480361938477 
v -7.781100749969482 -2.0588769912719727 14.627581596374512 
v -7.818941116333008 -2.1585404872894287 17.84025764465332 
v -7.854555606842041 -2.252816915512085 21.052936553955078 
v -7.892395973205566 -2.299955129623413 24.265613555908203 
v -6.61027717590332 -3.718815326690674 23.454309463500977 
v -6.527919292449951 -3.3538308143615723 14.845149040222168 
v -6.554629802703857 -3.464268922805786 17.785358428955078 
v -6.583566665649414 -3.561239004135132 20.725568771362305 
v -4.860720157623291 -4.299288749694824 20.253833770751953 
v -4.880753040313721 -4.839357852935791 22.42340660095215 
v -2.463425636291504 -4.048109531402588 20.654401779174805 
v -4.816202163696289 -3.8481087684631348 14.92444896697998 
v -4.838460922241211 -4.09053373336792 17.590158462524414 
v -2.9753828048706055 -3.5908687114715576 17.02692222595215 
v -2.846280574798584 -3.741711139678955 19.208696365356445 
v -1.5329995155334473 -2.525545120239258 18.31809425354004 
v -1.27034330368042 -2.668980121612549 19.73329734802246 
v -0.9832022190093994 -0.6238551735877991 19.100929260253906 
v -6.474497318267822 -0.5551680326461792 44.416011810302734 
v -6.474497318267822 -1.7794146537780762 44.088645935058594 
v -5.5641045570373535 -0.5551680326461792 44.51157760620117 
v -5.374902725219727 -1.782781720161438 44.51157760620117 
v -3.5073728561401367 -0.5551680326461792 45.21308135986328 
v -3.387174129486084 -1.462915301322937 45.21308135986328 
v -3.29813814163208 -0.5551680326461792 45.80681610107422 
v -3.137873411178589 -1.5747002363204956 45.80681610107422 
v -6.474497318267822 -2.6757140159606934 43.265140533447266 
v -4.818428039550781 -2.926893472671509 44.51157760620117 
v -3.037707805633545 -2.3087093830108643 45.21308135986328 
v -2.668208599090576 -2.4938952922821045 45.80681610107422 
v -5.695432662963867 -3.9497926235198975 42.203739166259766 
v -3.3582375049591064 -4.285820484161377 44.51157760620117 
v -2.116185188293457 -3.3134267330169678 45.21308135986328 
v -1.9381133317947388 -3.2238640785217285 45.80681610107422 
v -3.8969051837921143 -5.437339782714844 42.203739166259766 
v -1.4395116567611694 -5.13632869720459 44.51157760620117 
v -5.593040943145752 -3.784135341644287 39.38146209716797 
v -6.474497318267822 -2.6757140159606934 40.74380111694336 
v -6.209615230560303 -2.452817678451538 39.139495849609375 
v -6.474497318267822 -1.7794146537780762 39.84709548950195 
v -6.496756553649902 -0.5551680326461792 38.73892593383789 
v -6.474497318267822 -0.5551680326461792 39.51972961425781 
v -6.474497318267822 -3.0036613941192627 41.967872619628906 
v -2.1317665576934814 2.377501964569092 45.932884216308594 
v -1.9381133317947388 2.1128547191619873 45.80681610107422 
v -1.1212079524993896 2.892655372619629 45.932884216308594 
v -1.018816590309143 2.581543207168579 45.80681610107422 
v -0.0015803000424057245 3.069760322570801 45.932884216308594 
v -0.0015803000424057245 2.7424864768981934 45.80681610107422 
v 8.63491153717041 -0.5551680326461792 62.2301025390625 
v 8.211990356445312 2.1128547191619873 62.2301025390625 
v 6.2732319831848145 -0.5551680326461792 64.59284210205078 
v 5.966057777404785 1.3828858137130737 64.59284210205078 
v 3.297203540802002 -0.5551680326461792 66.10768127441406 
v 3.1369388103485107 0.46369069814682007 66.10768127441406 
v -0.0015803000424057245 -0.5551680326461792 66.6302490234375 
v 2.667273759841919 1.3828858137130737 66.10768127441406 
v 1.937178611755371 2.1128547191619873 66.10768127441406 
v 3.6867361068725586 4.519597053527832 64.59284210205078 
v 1.937178611755371 5.411182403564453 64.59284210205078 
v 2.667273759841919 7.656308174133301 62.2301025390625 
v -0.0015803000424057245 8.079205513000488 62.2301025390625 
v 5.075697422027588 6.430041313171387 62.2301025390625 
v 6.985519886016846 4.519597053527832 62.2301025390625 
v 5.075697422027588 3.131713390350342 64.59284210205078 
v -0.0015803000424057245 8.079205513000488 62.2301025390625 
v -1.9381133317947388 5.411182403564453 64.59284210205078 
v -0.0015803000424057245 5.718254089355469 64.59284210205078 
v -1.018816590309143 2.581543207168579 66.10768127441406 
v -0.0015803000424057245 2.7424864768981934 66.10768127441406 
v -1.9381133317947388 2.1128547191619873 66.10768127441406 
v -8.034852981567383 -0.5551680326461792 28.879261016845703 
v -7.640869140625 -2.978071928024292 28.879261016845703 
v -7.462797164916992 -0.5551680326461792 32.909339904785156 
v -7.095523834228516 -2.8656136989593506 32.909339904785156 
v -6.8017048835754395 -0.5551680326461792 36.83572006225586 
v -6.470045566558838 -2.6932225227355957 36.83572006225586 
v -6.4989824295043945 -5.163264751434326 28.879261016845703 
v -6.033769130706787 -4.949122428894043 32.909339904785156 
v -5.501779079437256 -4.6218485832214355 36.83572006225586 
v 28.129343032836914 -6.90805196762085 41.601871490478516 
v 28.681367874145508 -7.335662841796875 40.68076705932617 
v 28.828275680541992 -7.485158443450928 41.3090705871582 
v 29.407011032104492 -7.653509140014648 41.032535552978516 
v 29.30461883544922 -7.547784805297852 40.58723449707031 
v 29.90561294555664 -7.320174694061279 40.749900817871094 
v 29.44485092163086 -7.2191643714904785 40.284263610839844 
v -0.0015803000424057245 5.718254089355469 64.59284210205078 
v 1.0178818702697754 2.581543207168579 66.10768127441406 
v -0.0015803000424057245 2.7424864768981934 66.10768127441406 
v -4.931948661804199 3.827338695526123 22.083839416503906 
v -2.305386781692505 3.0946762561798096 20.355499267578125 
v -4.894108295440674 3.5344083309173584 19.300195693969727 
v -2.5724947452545166 2.883227586746216 18.17576026916504 
v -4.856268405914307 3.2576396465301514 16.518587112426758 
v -2.837376832962036 2.692654609680176 15.99601936340332 
v -4.816202163696289 3.015214681625366 13.734945297241211 
v -3.104484796524048 2.5263240337371826 13.816278457641602 
v -3.11784029006958 2.524303913116455 13.330310821533203 
v -1.8757880926132202 1.2657136917114258 13.330310821533203 
v -3.1334216594696045 2.5317113399505615 12.732508659362793 
v -1.9002729654312134 1.283895492553711 12.563740730285645 
v -3.184617280960083 2.5943377017974854 8.692261695861816 
v -1.991534948348999 1.3842326402664185 8.606861114501953 
v -1.851303219795227 1.2535923719406128 14.033845901489258 
v -1.6465203762054443 1.3276667594909668 15.865885734558105 
v -1.4417376518249512 1.4165558815002441 17.69995880126953 
v -1.2569879293441772 -0.5437201857566833 16.06718635559082 
v -1.1189820766448975 -0.5942254066467285 17.80365753173828 
v -1.7466858625411987 -2.3598880767822266 16.49418830871582 
v -1.3927677869796753 -0.47503307461738586 14.330713272094727 
v -1.851303219795227 -2.1821095943450928 14.627581596374512 
v -3.104484796524048 -3.4184775352478027 14.845149040222168 
v -3.11784029006958 -3.3504638671875 13.330310821533203 
v -1.8757880926132202 -2.1309311389923096 13.330310821533203 
v -1.4217045307159424 -0.442709743976593 13.330310821533203 
v -1.9002729654312134 -2.0790791511535645 12.100139617919922 
v -1.4484152793884277 -0.40701937675476074 12.331940650939941 
v -1.5552585124969482 -0.2521367073059082 8.490961074829102 
v -4.816202163696289 3.048884868621826 8.722762107849121 
v -4.816202163696289 3.0084805488586426 12.795541763305664 
v -4.816202163696289 3.007133722305298 13.330310821533203 
v -1.2369548082351685 1.529014229774475 19.53403091430664 
v -32.809120178222656 -3.450800895690918 42.38267135620117 
v -32.78908920288086 -3.6918792724609375 41.81943893432617 
v -32.9871940612793 -3.5066933631896973 42.38267135620117 
v -32.9115104675293 -3.7295897006988525 41.81333541870117 
v -33.01612854003906 -3.7625865936279297 41.81536865234375 
v -32.80466842651367 -4.295248508453369 41.58153533935547 
v -33.28323745727539 -4.456864833831787 41.5693359375 
v -32.65108108520508 -4.848112106323242 41.81536865234375 
v -33.09403610229492 -5.002995014190674 41.80723571777344 
v -32.646629333496094 -5.096597671508789 42.38267135620117 
v -33.007225036621094 -5.226564884185791 42.38267135620117 
v -32.63105010986328 -4.237335681915283 41.585601806640625 
v -32.72898864746094 -4.269659042358398 41.57746887207031 
v -32.54646301269531 -4.809728145599365 41.81333541870117 
v -32.47078323364258 -5.033298015594482 42.38267135620117 
v -32.426265716552734 -4.765956878662109 41.81943893432617 
v -31.958826065063477 -4.009725570678711 41.601871490478516 
v -32.12354278564453 -3.4811041355133057 41.82960510253906 
v -32.168060302734375 -3.254167318344116 42.38267135620117 
v -31.542583465576172 -3.0676345825195312 42.427406311035156 
v -31.426836013793945 -3.1989481449127197 41.60797119140625 
v -31.215375900268555 -3.7531588077545166 41.33550262451172 
v -31.057336807250977 -4.316123962402344 41.54900360107422 
v -30.378437042236328 -4.156527519226074 41.45343780517578 
v -30.451892852783203 -4.356527805328369 42.24440383911133 
v -31.088499069213867 -2.9329540729522705 42.45383834838867 
v -30.725677490234375 -2.891876459121704 41.44733428955078 
v -30.45857048034668 -3.584808111190796 41.219600677490234 
v -33.37004852294922 -5.356531620025635 42.38267135620117 
v -33.536991119384766 -5.157877445220947 41.8011360168457 
v -33.759578704833984 -4.618481636047363 41.55916976928711 
v -33.91094207763672 -4.052823066711426 41.8011360168457 
v -33.99774932861328 -4.080432891845703 41.79706954956055 
v -34.07565689086914 -3.8501288890838623 42.38267135620117 
v -34.0956916809082 -4.110735893249512 41.79300308227539 
v -34.25373077392578 -3.9066948890686035 42.38267135620117 
v -34.908145904541016 -4.373363018035889 41.78487014770508 
v -34.98604965209961 -4.138345241546631 42.38267135620117 
v -35.31548309326172 -4.704003810882568 41.96583938598633 
v -35.36890411376953 -4.540367126464844 42.38267135620117 
v -35.37558364868164 -5.163264751434326 42.38267135620117 
v -35.18193054199219 -5.097944736480713 41.79503631591797 
v -34.71671676635742 -4.940368175506592 41.53680419921875 
v -33.875328063964844 -4.656192302703857 41.54900360107422 
v -33.81077575683594 -4.635316848754883 41.55510330200195 
v -33.62379837036133 -5.18952751159668 41.79706954956055 
v -33.545894622802734 -5.419831275939941 42.38267135620117 
v -33.719512939453125 -5.225217819213867 41.79300308227539 
v -34.52528762817383 -5.507373809814453 41.78487014770508 
v -35.04837417602539 -5.491885662078857 41.96583938598633 
v -34.99272918701172 -5.655522346496582 42.38267135620117 
v -35.37558364868164 -5.163264751434326 42.38267135620117 
v -33.72174072265625 -5.482457637786865 42.38267135620117 
v -34.44515609741211 -5.742391586303711 42.38267135620117 
v -31.03062629699707 -4.508717060089111 42.2993049621582 
v -31.769624710083008 -4.530265808105469 41.82960510253906 
v -31.667234420776367 -4.73834753036499 42.38267135620117 
v -32.29493713378906 -4.969324588775635 42.38267135620117 
v -35.18193054199219 -5.097944736480713 41.79503631591797 
v -33.897586822509766 -3.794236421585083 42.38267135620117 
v -33.46353530883789 -3.908041477203369 41.80723571777344 
v -33.530311584472656 -3.6784112453460693 42.38267135620117 
v -33.16304016113281 -3.5619125366210938 42.38267135620117 
v 34.53103256225586 -3.346423387527466 42.5128059387207 
v 34.31957244873047 -3.3242011070251465 42.5128059387207 
v 34.44199752807617 -3.0938973426818848 41.93330383300781 
v 33.916683197021484 -3.0427186489105225 41.941436767578125 
v 33.97233200073242 -2.4703261852264404 41.705570220947266 
v 33.39359664916992 -2.9915401935577393 41.94956970214844 
v 33.4091796875 -2.4211678504943848 41.715736389160156 
v 33.26226806640625 -2.977398633956909 41.94550323486328 
v 33.31123733520508 -2.4124135971069336 41.711669921875 
v 33.1910400390625 -2.4023125171661377 41.71980285644531 
v 33.36021041870117 -1.8481018543243408 41.94550323486328 
v 33.21329879760742 -1.838000774383545 41.953636169433594 
v 33.382469177246094 -1.6144310235977173 42.5128059387207 
v 33.1710090637207 -1.5996160507202148 42.5128059387207 
v 33.885520935058594 -3.279083251953125 42.5128059387207 
v 33.45146942138672 -3.2339651584625244 42.5128059387207 
v 33.24223709106445 -3.2110695838928223 42.5128059387207 
v 33.115360260009766 -2.9619104862213135 41.953636169433594 
v 32.35855484008789 -2.329584836959839 41.727935791015625 
v 32.403072357177734 -1.7747008800506592 41.95770263671875 
v 32.41419982910156 -1.544396996498108 42.5128059387207 
v 33.03077697753906 -3.188847064971924 42.5128059387207 
v 32.30513381958008 -2.883122205734253 41.95770263671875 
v 31.510486602783203 -2.8514723777770996 41.90280532836914 
v 31.55945587158203 -2.2400224208831787 41.746238708496094 
v 30.724742889404297 -2.891876459121704 41.44733428955078 
v 30.542219161987305 -2.1497862339019775 41.24400329589844 
v 32.27619552612305 -3.11207914352417 42.5128059387207 
v 31.503808975219727 -3.0191495418548584 42.56364059448242 
v 31.08756446838379 -2.9329540729522705 42.45383834838867 
v 33.49153518676758 -1.8561826944351196 41.94956970214844 
v 34.016849517822266 -1.8972601890563965 41.941436767578125 
v 34.54216003417969 -1.9376643896102905 41.93330383300781 
v 34.46202850341797 -1.6898521184921265 42.5128059387207 
v 34.67348861694336 -1.7046669721603394 42.5128059387207 
v 33.59170150756836 -1.6285724639892578 42.5128059387207 
v 34.02798080444336 -1.658875584602356 42.5128059387207 
v 31.617328643798828 -1.6299192905426025 41.99430465698242 
v 31.637361526489258 -1.4635887145996094 42.66937255859375 
v 30.72696876525879 -1.4588748216629028 41.51240158081055 
v 31.123178482055664 -1.4851375818252563 42.543304443359375 
v -33.37004852294922 -5.356531620025635 42.38267135620117 
v -33.358917236328125 -5.097944736480713 42.96420669555664 
v -33.076229095458984 -4.996934413909912 42.958106994628906 
v -33.508052825927734 -4.532959461212158 43.2061767578125 
v -33.256526947021484 -4.448110580444336 43.196006774902344 
v -33.44572830200195 -3.9019808769226074 42.958106994628906 
v -33.005001068115234 -4.363262176513672 43.183807373046875 
v -33.73064422607422 -3.9928903579711914 42.96420669555664 
v -33.81077575683594 -4.635316848754883 43.210243225097656 
v -33.62379837036133 -5.18952751159668 42.9682731628418 
v -33.545894622802734 -5.419831275939941 42.38267135620117 
v -33.897586822509766 -3.794236421585083 42.38267135620117 
v -33.99774932861328 -4.080432891845703 42.9682731628418 
v -34.25373077392578 -4.163934707641602 42.97233963012695 
v -34.09791564941406 -4.7322869300842285 43.21634292602539 
v -34.908145904541016 -4.373363018035889 42.980472564697266 
v -34.71671676635742 -4.940368175506592 43.22854232788086 
v -35.31548309326172 -4.704003810882568 42.79950714111328 
v -35.18193054199219 -5.097944736480713 42.970306396484375 
v -35.37558364868164 -5.163264751434326 42.38267135620117 
v -35.36890411376953 -4.540367126464844 42.38267135620117 
v -34.98604965209961 -4.138345241546631 42.38267135620117 
v -34.25373077392578 -3.9066948890686035 42.38267135620117 
v -34.07565689086914 -3.8501288890838623 42.38267135620117 
v -33.72174072265625 -5.482457637786865 42.38267135620117 
v -33.8775520324707 -5.278416633605957 42.97233963012695 
v -34.44515609741211 -5.742391586303711 42.38267135620117 
v -34.52528762817383 -5.507373809814453 42.980472564697266 
v -35.04837417602539 -5.491885662078857 42.79950714111328 
v -35.18193054199219 -5.097944736480713 42.970306396484375 
v -35.37558364868164 -5.163264751434326 42.38267135620117 
v -34.99272918701172 -5.655522346496582 42.38267135620117 
v -31.141921997070312 -0.10735505074262619 42.43553924560547 
v -31.63161849975586 0.06772972643375397 42.388771057128906 
v -31.544809341430664 0.20106352865695953 41.66490173339844 
v -32.016700744628906 0.35661962628364563 41.91703796386719 
v -31.94324493408203 0.8179006576538086 41.72386932373047 
v -32.58430480957031 0.4737917482852936 41.929237365722656 
v -32.52420425415039 0.9269919395446777 41.740135192871094 
v -32.70227813720703 0.49332043528556824 41.92313766479492 
v -32.62214660644531 0.9451738595962524 41.73403549194336 
v -32.70227813720703 0.959315299987793 41.73606872558594 
v -32.54201126098633 1.3970272541046143 41.92313766479492 
v -32.646629333496094 1.4179027080535889 41.9251708984375 
v -32.50862503051758 1.5835598707199097 42.38267135620117 
v -32.677791595458984 1.617903470993042 42.38267135620117 
v -32.02337646484375 0.16133274137973785 42.38267135620117 
v -32.566497802734375 0.279178261756897 42.38267135620117 
v -32.73566436767578 0.30611440539360046 42.38267135620117 
v -32.809120178222656 0.5094820857048035 41.9251708984375 
v -33.154136657714844 1.0407971143722534 41.727935791015625 
v -33.069549560546875 1.4980376958847046 41.919071197509766 
v -33.027259826660156 1.686590552330017 42.38267135620117 
v -32.90705871582031 0.33305051922798157 42.38267135620117 
v -33.23426818847656 0.5815362334251404 41.919071197509766 
v -33.657188415527344 0.6535903215408325 41.91297149658203 
v -33.608219146728516 1.121605396270752 41.71980285644531 
v -33.74622344970703 0.6677318215370178 41.91093826293945 
v -33.66386413574219 1.1317064762115479 41.715736389160156 
v -33.73286819458008 1.1445010900497437 41.711669921875 
v -33.58150863647461 1.5963544845581055 41.91093826293945 
v -33.679447174072266 1.615883231163025 41.9068717956543 
v -33.545894622802734 1.7882744073867798 42.38267135620117 
v -33.71506118774414 1.8219445943832397 42.38267135620117 
v -33.258750915527344 0.3902897536754608 42.38267135620117 
v -33.610443115234375 0.44752901792526245 42.38267135620117 
v -33.781837463378906 0.4751385450363159 42.38267135620117 
v -33.84638977050781 0.6832200884819031 41.9068717956543 
v -34.53641891479492 1.2879359722137451 41.70150375366211 
v -34.449607849121094 1.7626850605010986 41.90077209472656 
v -34.416221618652344 1.95931875705719 42.38267135620117 
v -33.95100784301758 0.5027480721473694 42.38267135620117 
v -34.621002197265625 0.8131868243217468 41.90077209472656 
v -35.043922424316406 1.0327162742614746 42.041072845458984 
v -34.98382568359375 1.3687443733215332 41.90077209472656 
v -35.170799255371094 1.4017410278320312 42.38267135620117 
v -35.06840896606445 0.8939952254295349 42.38267135620117 
v -34.6566162109375 0.6172266006469727 42.38267135620117 
v -30.75238800048828 -0.07637850940227509 41.44936752319336 
v -31.437965393066406 0.7195838093757629 41.43513488769531 
v -30.58989715576172 0.6280010342597961 41.24400329589844 
v -30.61883544921875 1.2529189586639404 41.504268646240234 
v -31.377866744995117 1.2657136917114258 41.65270233154297 
v -30.685611724853516 1.4259835481643677 42.281005859375 
v -31.84975814819336 1.2764880657196045 41.91703796386719 
v -32.42181396484375 1.3727847337722778 41.929237365722656 
v -32.33723068237305 1.5498896837234497 42.38267135620117 
v -33.49247360229492 1.5781726837158203 41.91297149658203 
v -33.37672424316406 1.7552776336669922 42.38267135620117 
v -34.98382568359375 1.3687443733215332 41.90077209472656 
v -34.92372512817383 1.7040990591049194 42.041072845458984 
v -34.89924240112305 1.8434934616088867 42.38267135620117 
v -35.170799255371094 1.4017410278320312 42.38267135620117 
v -31.36896324157715 1.4313708543777466 42.31353759765625 
v -31.789657592773438 1.462347388267517 42.38267135620117 
v 31.08756446838379 -2.9329540729522705 42.45383834838867 
v 31.503808975219727 -3.0191495418548584 42.56364059448242 
v 31.512712478637695 -2.85416579246521 43.135009765625 
v 32.28732681274414 -2.881775379180908 43.067909240722656 
v 32.331844329833984 -2.3268914222717285 43.29767608642578 
v 33.012969970703125 -2.386824131011963 43.305809020996094 
v 32.3852653503418 -1.7733540534973145 43.067909240722656 
v 33.086421966552734 -1.8272262811660767 43.07400894165039 
v 32.41419982910156 -1.544396996498108 42.5128059387207 
v 33.1710090637207 -1.5996160507202148 42.5128059387207 
v 32.27619552612305 -3.11207914352417 42.5128059387207 
v 32.98848342895508 -2.950462579727173 43.07400894165039 
v 33.31123733520508 -2.4124135971069336 43.313941955566406 
v 33.36021041870117 -1.8481018543243408 43.080108642578125 
v 33.382469177246094 -1.6144310235977173 42.5128059387207 
v 33.03077697753906 -3.188847064971924 42.5128059387207 
v 33.26226806640625 -2.977398633956909 43.080108642578125 
v 33.5516357421875 -3.0056815147399902 43.07807540893555 
v 33.633995056152344 -2.4406964778900146 43.31190872192383 
v 33.89665222167969 -3.040698528289795 43.08417510986328 
v 33.94116973876953 -2.467632532119751 43.32207489013672 
v 34.25056838989258 -2.4945685863494873 43.33224105834961 
v 33.9968147277832 -1.895240068435669 43.08417510986328 
v 34.34183120727539 -1.9201558828353882 43.092308044433594 
v 34.02798080444336 -1.658875584602356 42.5128059387207 
v 34.46202850341797 -1.6898521184921265 42.5128059387207 
v 33.24223709106445 -3.2110695838928223 42.5128059387207 
v 33.45146942138672 -3.2339651584625244 42.5128059387207 
v 33.885520935058594 -3.279083251953125 42.5128059387207 
v 34.24166488647461 -3.0763888359069824 43.092308044433594 
v 34.60226058959961 -2.525545120239258 43.336307525634766 
v 34.65345764160156 -1.945071816444397 43.09637451171875 
v 34.67348861694336 -1.7046669721603394 42.5128059387207 
v 34.31957244873047 -3.3242011070251465 42.5128059387207 
v 34.551063537597656 -3.106018543243408 43.09637451171875 
v 34.849334716796875 -3.134974956512451 43.09840774536133 
v 34.93837356567383 -2.5551750659942627 43.3424072265625 
v 35.63285446166992 -3.1908674240112305 43.08620834350586 
v 35.68182373046875 -2.619821548461914 43.3241081237793 
v 36.23829650878906 -2.668980121612549 43.09840774536133 
v 34.53103256225586 -3.346423387527466 42.5128059387207 
v 34.74026870727539 -3.368645668029785 42.5128059387207 
v 35.610595703125 -3.427905321121216 42.5128059387207 
v 36.20045852661133 -3.0804293155670166 42.925575256347656 
v 36.46756362915039 -2.6885087490081787 42.5128059387207 
v 36.187103271484375 -3.2514736652374268 42.5128059387207 
v 30.81600570678711 -2.9006307125091553 43.244808197021484 
v 31.566133499145508 -2.2406957149505615 43.346473693847656 
v 30.67799949645996 -2.163254499435425 43.448143005371094 
v 30.85829734802246 -1.4716695547103882 43.3424072265625 
v 31.621780395507812 -1.6278990507125854 43.24887466430664 
v 31.637361526489258 -1.4635887145996094 42.66937255859375 
v 31.123178482055664 -1.4851375818252563 42.543304443359375 
v 33.65180206298828 -1.8703241348266602 43.07807540893555 
v 33.59170150756836 -1.6285724639892578 42.5128059387207 
v 34.88494873046875 -1.7194818258285522 42.5128059387207 
v 34.95172882080078 -1.968640923500061 43.09840774536133 
v 35.7530517578125 -1.8124114274978638 42.5128059387207 
v 35.73079299926758 -2.0487759113311768 43.08620834350586 
v 36.28726577758789 -2.086486577987671 42.5128059387207 
v 36.27391052246094 -2.256857395172119 42.925575256347656 
v 36.46756362915039 -2.6885087490081787 42.5128059387207 
v 36.23829650878906 -2.668980121612549 43.09840774536133 
v -31.51142120361328 0.04281381890177727 42.4050407409668 
v -31.141921997070312 -0.10735505074262619 42.43553924560547 
v -31.444643020629883 -0.1134156808257103 41.59373474121094 
v -30.75238800048828 -0.07637850940227509 41.44936752319336 
v -31.433513641357422 -0.6965826749801636 41.37616729736328 
v -30.545379638671875 -0.7551687359809875 41.24197006225586 
v -30.727903366088867 -1.4588748216629028 41.51240158081055 
v -31.504743576049805 -1.2790762186050415 41.66490173339844 
v -32.38397216796875 -0.6615657210350037 41.65473556518555 
v -32.36171340942383 -0.14573901891708374 41.86823654174805 
v -32.32832717895508 0.06772972643375397 42.38267135620117 
v -32.967159271240234 -0.10802845656871796 41.858070373535156 
v -32.90483474731445 0.11015411466360092 42.38267135620117 
v -33.098487854003906 0.11756154894828796 42.38267135620117 
v -33.10293960571289 -0.10264123231172562 41.85197067260742 
v -33.22313690185547 -0.09792740643024445 41.85400390625 
v -33.20087814331055 -0.6319360136985779 41.634403228759766 
v -33.72174072265625 -0.6225083470344543 41.62627029418945 
v -33.240943908691406 -1.164597749710083 41.85400390625 
v -33.726192474365234 -1.1612308025360107 41.847904205322266 
v -33.318851470947266 -1.3848005533218384 42.38267135620117 
v -33.72174072265625 -1.384127140045166 42.38267135620117 
v -33.00277328491211 -0.6353030204772949 41.6405029296875 
v -33.11184310913086 -0.6332827806472778 41.63236999511719 
v -33.12074661254883 -1.1639243364334106 41.85197067260742 
v -33.12519836425781 -1.384127140045166 42.38267135620117 
v -32.9871940612793 -1.1639243364334106 41.858070373535156 
v -32.379520416259766 -1.1773923635482788 41.86823654174805 
v -31.587100982666016 -1.4359791278839111 42.498573303222656 
v -31.124114990234375 -1.4851375818252563 42.543304443359375 
v -32.355037689208984 -1.3922079801559448 42.38267135620117 
v -32.93154525756836 -1.3834537267684937 42.38267135620117 
v -33.29436492919922 0.12429557740688324 42.38267135620117 
v -33.7083854675293 -0.0844593495130539 41.847904205322266 
v -33.695030212402344 0.13843704760074615 42.38267135620117 
v -34.0956916809082 0.1519051045179367 42.38267135620117 
v -34.19363021850586 -0.07099129259586334 41.83977127075195 
v -34.289344787597656 0.15931253135204315 42.38267135620117 
v -34.24259948730469 -0.6137540936470032 41.61610412597656 
v -34.29379653930664 -0.06695087254047394 41.837738037109375 
v -34.40509033203125 -0.06291045248508453 41.83367156982422 
v -34.48522186279297 0.16537316143512726 42.38267135620117 
v -35.29100036621094 -0.05819663032889366 41.84587097167969 
v -35.28654861450195 0.16402636468410492 42.38267135620117 
v -35.80740737915039 -0.20634528994560242 42.002437591552734 
v -35.80518341064453 -0.048768989741802216 42.38267135620117 
v -36.02554702758789 -0.5827775597572327 42.38267135620117 
v -35.8140869140625 -0.5868179798126221 41.84383773803711 
v -35.299903869628906 -0.5955722332000732 41.6222038269043 
v -34.378379821777344 -0.6117339134216309 41.60593795776367 
v -34.30270004272461 -0.6124073266983032 41.61000442504883 
v -34.31382751464844 -1.1585371494293213 41.837738037109375 
v -34.21366500854492 -1.157863736152649 41.83977127075195 
v -34.31605529785156 -1.384127140045166 42.38267135620117 
v -34.12240219116211 -1.384127140045166 42.38267135620117 
v -34.42289733886719 -1.1585371494293213 41.83367156982422 
v -35.308807373046875 -1.1322743892669678 41.84587097167969 
v -35.820762634277344 -0.9666172862052917 42.002437591552734 
v -35.82299041748047 -1.124193549156189 42.38267135620117 
v -36.02554702758789 -0.5827775597572327 42.38267135620117 
v -34.511932373046875 -1.384127140045166 42.38267135620117 
v -35.31325912475586 -1.3544974327087402 42.38267135620117 
v -35.8140869140625 -0.5868179798126221 41.84383773803711 
v 34.094757080078125 0.15257850289344788 42.38267135620117 
v 34.28841018676758 0.15931253135204315 42.38267135620117 
v 34.19269561767578 -0.07099129259586334 41.83977127075195 
v 34.29286193847656 -0.06695087254047394 41.837738037109375 
v 34.24166488647461 -0.6137540936470032 41.61610412597656 
v 34.30176544189453 -0.6124073266983032 41.61000442504883 
v 34.31289291381836 -1.1585371494293213 41.837738037109375 
v 34.377445220947266 -0.6117339134216309 41.60593795776367 
v 34.42196273803711 -1.1585371494293213 41.83367156982422 
v 35.29896926879883 -0.5955722332000732 41.6222038269043 
v 35.3078727722168 -1.1322743892669678 41.84587097167969 
v 35.819828033447266 -0.9666172862052917 42.002437591552734 
v 35.82205581665039 -1.124193549156189 42.38267135620117 
v 36.02461242675781 -0.5827775597572327 42.38267135620117 
v 35.31232452392578 -1.3544974327087402 42.38267135620117 
v 34.5109977722168 -1.384127140045166 42.38267135620117 
v 34.315120697021484 -1.384127140045166 42.38267135620117 
v 34.212730407714844 -1.157863736152649 41.83977127075195 
v 33.72080612182617 -0.6225083470344543 41.62627029418945 
v 33.70745086669922 -0.0844593495130539 41.847904205322266 
v 33.694095611572266 0.13843704760074615 42.38267135620117 
v 34.12146759033203 -1.384127140045166 42.38267135620117 
v 33.725257873535156 -1.1612308025360107 41.847904205322266 
v 33.24000930786133 -1.164597749710083 41.85400390625 
v 33.19994354248047 -0.6319360136985779 41.634403228759766 
v 33.11981201171875 -1.1639243364334106 41.85197067260742 
v 33.11090850830078 -0.6332827806472778 41.63236999511719 
v 33.00183868408203 -0.6353030204772949 41.6405029296875 
v 33.10200500488281 -0.10264123231172562 41.85197067260742 
v 32.966224670410156 -0.10802845656871796 41.858070373535156 
v 33.09755325317383 0.11756154894828796 42.38267135620117 
v 32.903900146484375 0.11015411466360092 42.38267135620117 
v 33.72080612182617 -1.384127140045166 42.38267135620117 
v 33.31791687011719 -1.3848005533218384 42.38267135620117 
v 33.124263763427734 -1.384127140045166 42.38267135620117 
v 32.98625946044922 -1.1639243364334106 41.858070373535156 
v 32.38303756713867 -0.6615657210350037 41.65473556518555 
v 32.36077880859375 -0.14573901891708374 41.86823654174805 
v 32.327392578125 0.06772972643375397 42.38267135620117 
v 32.93061065673828 -1.3834537267684937 42.38267135620117 
v 32.37858581542969 -1.1773923635482788 41.86823654174805 
v 31.503808975219727 -1.2790762186050415 41.66490173339844 
v 31.432579040527344 -0.6965826749801636 41.37616729736328 
v 30.72696876525879 -1.4588748216629028 41.51240158081055 
v 30.544445037841797 -0.7551687359809875 41.24197006225586 
v 32.354103088378906 -1.3922079801559448 42.38267135620117 
v 31.586166381835938 -1.4359791278839111 42.498573303222656 
v 31.123178482055664 -1.4851375818252563 42.543304443359375 
v 35.81315231323242 -0.5868179798126221 41.84383773803711 
v 33.22220230102539 -0.09792740643024445 41.85400390625 
v 33.29343032836914 0.12429557740688324 42.38267135620117 
v 30.751453399658203 -0.07637850940227509 41.44936752319336 
v 31.443708419799805 -0.1134156808257103 41.59373474121094 
v 31.140987396240234 -0.10735505074262619 42.43553924560547 
v 31.510486602783203 0.04281381890177727 42.4050407409668 
v 34.40415573120117 -0.06291045248508453 41.83367156982422 
v 35.29006576538086 -0.05819663032889366 41.84587097167969 
v 35.81315231323242 -0.5868179798126221 41.84383773803711 
v 35.80647277832031 -0.20634528994560242 42.002437591552734 
v 36.02461242675781 -0.5827775597572327 42.38267135620117 
v 35.80424880981445 -0.048768989741802216 42.38267135620117 
v 35.285614013671875 0.16402636468410492 42.38267135620117 
v 34.48428726196289 0.16537316143512726 42.38267135620117 
v -32.41513442993164 -1.544396996498108 42.5128059387207 
v -32.40400695800781 -1.7747008800506592 41.95770263671875 
v -33.17194366455078 -1.5996160507202148 42.5128059387207 
v -33.2142333984375 -1.838000774383545 41.953636169433594 
v -33.38340377807617 -1.6144310235977173 42.5128059387207 
v -33.36114501953125 -1.8481018543243408 41.94550323486328 
v -33.49247360229492 -1.8561826944351196 41.94956970214844 
v -33.41011428833008 -2.4211678504943848 41.715736389160156 
v -33.9732666015625 -2.4703261852264404 41.705570220947266 
v -33.39453125 -2.9915401935577393 41.94956970214844 
v -33.91761779785156 -3.0427186489105225 41.941436767578125 
v -33.4524040222168 -3.2339651584625244 42.5128059387207 
v -33.88645553588867 -3.279083251953125 42.5128059387207 
v -32.35948944091797 -2.329584836959839 41.727935791015625 
v -33.19197463989258 -2.4023125171661377 41.71980285644531 
v -33.312171936035156 -2.4124135971069336 41.711669921875 
v -33.26320266723633 -2.977398633956909 41.94550323486328 
v -33.24317169189453 -3.2110695838928223 42.5128059387207 
v -33.116294860839844 -2.9619104862213135 41.953636169433594 
v -33.03171157836914 -3.188847064971924 42.5128059387207 
v -32.306068420410156 -2.883122205734253 41.95770263671875 
v -32.277130126953125 -3.11207914352417 42.5128059387207 
v -31.51142120361328 -2.8514723777770996 41.90280532836914 
v -31.504743576049805 -3.0191495418548584 42.56364059448242 
v -31.56039047241211 -2.2400224208831787 41.746238708496094 
v -31.618263244628906 -1.6299192905426025 41.99430465698242 
v -31.638296127319336 -1.4635887145996094 42.66937255859375 
v -31.124114990234375 -1.4851375818252563 42.543304443359375 
v -30.727903366088867 -1.4588748216629028 41.51240158081055 
v -30.543153762817383 -2.1497862339019775 41.24400329589844 
v -30.725677490234375 -2.891876459121704 41.44733428955078 
v -31.088499069213867 -2.9329540729522705 42.45383834838867 
v -33.59263610839844 -1.6285724639892578 42.5128059387207 
v -34.017784118652344 -1.8972601890563965 41.941436767578125 
v -34.02891540527344 -1.658875584602356 42.5128059387207 
v -34.46296310424805 -1.6898521184921265 42.5128059387207 
v -34.543094635009766 -1.9376643896102905 41.93330383300781 
v -34.67442321777344 -1.7046669721603394 42.5128059387207 
v -34.5341911315918 -2.519484519958496 41.6933708190918 
v -34.65439224243164 -1.945071816444397 41.931270599365234 
v -34.77458953857422 -1.9531526565551758 41.92720413208008 
v -34.88588333129883 -1.7194818258285522 42.5128059387207 
v -35.731727600097656 -2.0487759113311768 41.93940353393555 
v -35.75398635864258 -1.8124114274978638 42.5128059387207 
v -36.274845123291016 -2.256857395172119 42.10003662109375 
v -36.28820037841797 -2.086486577987671 42.5128059387207 
v -36.46849822998047 -2.6885087490081787 42.5128059387207 
v -36.23923110961914 -2.668980121612549 41.929237365722656 
v -35.68275833129883 -2.619821548461914 41.70150375366211 
v -34.68777847290039 -2.5329525470733643 41.683204650878906 
v -34.60319519042969 -2.525545120239258 41.68930435180664 
v -34.552001953125 -3.106018543243408 41.931270599365234 
v -34.44293212890625 -3.0938973426818848 41.93330383300781 
v -34.53196716308594 -3.346423387527466 42.5128059387207 
v -34.32050704956055 -3.3242011070251465 42.5128059387207 
v -34.67219924926758 -3.1188132762908936 41.92720413208008 
v -35.6337890625 -3.1908674240112305 41.93940353393555 
v -36.201393127441406 -3.0804293155670166 42.10003662109375 
v -36.18803787231445 -3.2514736652374268 42.5128059387207 
v -36.46849822998047 -2.6885087490081787 42.5128059387207 
v -34.74120330810547 -3.368645668029785 42.5128059387207 
v -35.61153030395508 -3.427905321121216 42.5128059387207 
v -36.23923110961914 -2.668980121612549 41.929237365722656 
v -35.8140869140625 -0.5868179798126221 42.91947555541992 
v -35.308807373046875 -1.1322743892669678 42.91947555541992 
v -35.299903869628906 -0.5955722332000732 43.141109466552734 
v -34.61655044555664 -0.6070200800895691 43.15940856933594 
v -35.29100036621094 -0.05819663032889366 42.91947555541992 
v -34.5720329284668 -0.060216840356588364 42.93167495727539 
v -35.28654861450195 0.16402636468410492 42.38267135620117 
v -34.48522186279297 0.16537316143512726 42.38267135620117 
v -34.589839935302734 -1.1558434963226318 42.93167495727539 
v -34.30270004272461 -0.6124073266983032 43.1533088684082 
v -34.29379653930664 -0.06695087254047394 42.927608489990234 
v -34.289344787597656 0.15931253135204315 42.38267135620117 
v -34.00442886352539 -0.07435830682516098 42.925575256347656 
v -34.0956916809082 0.1519051045179367 42.38267135620117 
v -33.695030212402344 0.13843704760074615 42.38267135620117 
v -33.688350677490234 -0.08513275533914566 42.917442321777344 
v -33.37227249145508 -0.09523379802703857 42.911338806152344 
v -33.41233825683594 -0.6278955936431885 43.12890625 
v -33.11184310913086 -0.6332827806472778 43.13297653198242 
v -33.390079498291016 -1.162577509880066 42.911338806152344 
v -33.12074661254883 -1.1639243364334106 42.91337585449219 
v -33.318851470947266 -1.3848005533218384 42.38267135620117 
v -33.12519836425781 -1.384127140045166 42.38267135620117 
v -33.97549057006836 -0.6184679269790649 43.14924240112305 
v -33.695030212402344 -0.6231817603111267 43.139076232910156 
v -33.7083854675293 -1.1619040966033936 42.917442321777344 
v -33.72174072265625 -1.384127140045166 42.38267135620117 
v -34.02446365356445 -1.1612308025360107 42.925575256347656 
v -34.31382751464844 -1.1585371494293213 42.927608489990234 
v -34.511932373046875 -1.384127140045166 42.38267135620117 
v -35.31325912475586 -1.3544974327087402 42.38267135620117 
v -34.31605529785156 -1.384127140045166 42.38267135620117 
v -34.12240219116211 -1.384127140045166 42.38267135620117 
v -35.80518341064453 -0.048768989741802216 42.38267135620117 
v -35.80740737915039 -0.20634528994560242 42.76290512084961 
v -35.8140869140625 -0.5868179798126221 42.91947555541992 
v -36.02554702758789 -0.5827775597572327 42.38267135620117 
v -32.93154525756836 -1.3834537267684937 42.38267135620117 
v -32.86699295043945 -1.1659445762634277 42.90727233886719 
v -32.8336067199707 -0.6379966139793396 43.124839782714844 
v -32.849185943603516 -0.10937526077032089 42.90727233886719 
v -32.30384063720703 -0.1464124321937561 42.8971061706543 
v -32.32832717895508 0.06772972643375397 42.38267135620117 
v -31.51142120361328 0.04281381890177727 42.4050407409668 
v -32.355037689208984 -1.3922079801559448 42.38267135620117 
v -32.32164764404297 -1.1787391901016235 42.8971061706543 
v -32.29938888549805 -0.6629125475883484 43.1106071472168 
v -31.495840072631836 -0.1134156808257103 43.100440979003906 
v -31.141921997070312 -0.10735505074262619 42.43553924560547 
v -31.587100982666016 -1.4359791278839111 42.498573303222656 
v -31.55148696899414 -1.283790111541748 43.19804000854492 
v -31.51142120361328 -0.6999496817588806 43.34037399291992 
v -30.91042709350586 -0.08984657377004623 43.222442626953125 
v -30.743484497070312 -0.7740240097045898 43.42170715332031 
v -30.85923194885254 -1.4716695547103882 43.3424072265625 
v -31.124114990234375 -1.4851375818252563 42.543304443359375 
v -32.90483474731445 0.11015411466360092 42.38267135620117 
v -33.10293960571289 -0.10264123231172562 42.91337585449219 
v -33.098487854003906 0.11756154894828796 42.38267135620117 
v -33.29436492919922 0.12429557740688324 42.38267135620117 
v -35.820762634277344 -0.9666172862052917 42.76290512084961 
v -35.82299041748047 -1.124193549156189 42.38267135620117 
v -36.02554702758789 -0.5827775597572327 42.38267135620117 
v 34.28841018676758 0.15931253135204315 42.38267135620117 
v 34.094757080078125 0.15257850289344788 42.38267135620117 
v 34.29286193847656 -0.06695087254047394 42.927608489990234 
v 34.00349426269531 -0.07435830682516098 42.925575256347656 
v 34.30176544189453 -0.6124073266983032 43.1533088684082 
v 33.97455596923828 -0.6184679269790649 43.14924240112305 
v 34.02352523803711 -1.1612308025360107 42.925575256347656 
v 33.70745086669922 -1.1619040966033936 42.917442321777344 
v 33.72080612182617 -1.384127140045166 42.38267135620117 
v 33.38914489746094 -1.162577509880066 42.911338806152344 
v 33.31791687011719 -1.3848005533218384 42.38267135620117 
v 33.11981201171875 -1.1639243364334106 42.91337585449219 
v 33.124263763427734 -1.384127140045166 42.38267135620117 
v 32.93061065673828 -1.3834537267684937 42.38267135620117 
v 33.694095611572266 0.13843704760074615 42.38267135620117 
v 33.687416076660156 -0.08513275533914566 42.917442321777344 
v 33.694095611572266 -0.6231817603111267 43.139076232910156 
v 33.41140365600586 -0.6278955936431885 43.12890625 
v 33.11090850830078 -0.6332827806472778 43.13297653198242 
v 32.866058349609375 -1.1659445762634277 42.90727233886719 
v 32.354103088378906 -1.3922079801559448 42.38267135620117 
v 33.371337890625 -0.09523379802703857 42.911338806152344 
v 33.10200500488281 -0.10264123231172562 42.91337585449219 
v 32.84825134277344 -0.10937526077032089 42.90727233886719 
v 32.903900146484375 0.11015411466360092 42.38267135620117 
v 32.327392578125 0.06772972643375397 42.38267135620117 
v 33.29343032836914 0.12429557740688324 42.38267135620117 
v 33.09755325317383 0.11756154894828796 42.38267135620117 
v 34.48428726196289 0.16537316143512726 42.38267135620117 
v 34.57109832763672 -0.060216840356588364 42.93167495727539 
v 35.285614013671875 0.16402636468410492 42.38267135620117 
v 35.29006576538086 -0.05819663032889366 42.91947555541992 
v 35.80424880981445 -0.048768989741802216 42.38267135620117 
v 35.80647277832031 -0.20634528994560242 42.76290512084961 
v 36.02461242675781 -0.5827775597572327 42.38267135620117 
v 35.81315231323242 -0.5868179798126221 42.91947555541992 
v 35.29896926879883 -0.5955722332000732 43.141109466552734 
v 34.61561584472656 -0.6070200800895691 43.15940856933594 
v 34.588905334472656 -1.1558434963226318 42.93167495727539 
v 35.3078727722168 -1.1322743892669678 42.91947555541992 
v 35.81315231323242 -0.5868179798126221 42.91947555541992 
v 34.31289291381836 -1.1585371494293213 42.927608489990234 
v 34.12146759033203 -1.384127140045166 42.38267135620117 
v 34.315120697021484 -1.384127140045166 42.38267135620117 
v 34.5109977722168 -1.384127140045166 42.38267135620117 
v 35.31232452392578 -1.3544974327087402 42.38267135620117 
v 35.819828033447266 -0.9666172862052917 42.76290512084961 
v 36.02461242675781 -0.5827775597572327 42.38267135620117 
v 35.82205581665039 -1.124193549156189 42.38267135620117 
v -34.02891540527344 -1.658875584602356 42.5128059387207 
v -34.46296310424805 -1.6898521184921265 42.5128059387207 
v -34.34276580810547 -1.9201558828353882 43.092308044433594 
v -34.65439224243164 -1.945071816444397 43.09637451171875 
v -34.60319519042969 -2.525545120239258 43.336307525634766 
v -34.95266342163086 -1.968640923500061 43.09840774536133 
v -34.939308166503906 -2.5551750659942627 43.3424072265625 
v -35.731727600097656 -2.0487759113311768 43.08620834350586 
v -35.68275833129883 -2.619821548461914 43.3241081237793 
v -36.274845123291016 -2.256857395172119 42.925575256347656 
v -36.23923110961914 -2.668980121612549 43.09840774536133 
v -36.46849822998047 -2.6885087490081787 42.5128059387207 
v -36.28820037841797 -2.086486577987671 42.5128059387207 
v -35.75398635864258 -1.8124114274978638 42.5128059387207 
v -34.88588333129883 -1.7194818258285522 42.5128059387207 
v -34.67442321777344 -1.7046669721603394 42.5128059387207 
v -34.85026931762695 -3.134974956512451 43.09840774536133 
v -35.6337890625 -3.1908674240112305 43.08620834350586 
v -35.61153030395508 -3.427905321121216 42.5128059387207 
v -36.201393127441406 -3.0804293155670166 42.925575256347656 
v -36.18803787231445 -3.2514736652374268 42.5128059387207 
v -36.46849822998047 -2.6885087490081787 42.5128059387207 
v -36.23923110961914 -2.668980121612549 43.09840774536133 
v -34.74120330810547 -3.368645668029785 42.5128059387207 
v -34.552001953125 -3.106018543243408 43.09637451171875 
v -34.24259948730469 -3.0763888359069824 43.092308044433594 
v -34.251502990722656 -2.4945685863494873 43.33224105834961 
v -33.897586822509766 -3.040698528289795 43.08417510986328 
v -33.94210433959961 -2.467632532119751 43.32207489013672 
v -33.63492965698242 -2.4406964778900146 43.31190872192383 
v -33.99774932861328 -1.895240068435669 43.08417510986328 
v -33.65273666381836 -1.8703241348266602 43.07807540893555 
v -33.59263610839844 -1.6285724639892578 42.5128059387207 
v -34.53196716308594 -3.346423387527466 42.5128059387207 
v -34.32050704956055 -3.3242011070251465 42.5128059387207 
v -33.88645553588867 -3.279083251953125 42.5128059387207 
v -33.55257034301758 -3.0056815147399902 43.07807540893555 
v -33.312171936035156 -2.4124135971069336 43.313941955566406 
v -33.36114501953125 -1.8481018543243408 43.080108642578125 
v -33.38340377807617 -1.6144310235977173 42.5128059387207 
v -33.4524040222168 -3.2339651584625244 42.5128059387207 
v -33.26320266723633 -2.977398633956909 43.080108642578125 
v -32.989418029785156 -2.950462579727173 43.07400894165039 
v -33.0139045715332 -2.386824131011963 43.305809020996094 
v -32.28826141357422 -2.881775379180908 43.067909240722656 
v -32.33277893066406 -2.3268914222717285 43.29767608642578 
v -31.513647079467773 -2.85416579246521 43.135009765625 
v -31.567068099975586 -2.2406957149505615 43.346473693847656 
v -30.816940307617188 -2.9006307125091553 43.244808197021484 
v -30.67893409729004 -2.163254499435425 43.448143005371094 
v -33.24317169189453 -3.2110695838928223 42.5128059387207 
v -33.03171157836914 -3.188847064971924 42.5128059387207 
v -32.277130126953125 -3.11207914352417 42.5128059387207 
v -31.504743576049805 -3.0191495418548584 42.56364059448242 
v -31.088499069213867 -2.9329540729522705 42.45383834838867 
v -33.17194366455078 -1.5996160507202148 42.5128059387207 
v -33.08735656738281 -1.8272262811660767 43.07400894165039 
v -32.41513442993164 -1.544396996498108 42.5128059387207 
v -32.386199951171875 -1.7733540534973145 43.067909240722656 
v -31.638296127319336 -1.4635887145996094 42.66937255859375 
v -31.62271499633789 -1.6278990507125854 43.24887466430664 
v -31.124114990234375 -1.4851375818252563 42.543304443359375 
v -30.85923194885254 -1.4716695547103882 43.3424072265625 
v -4.816202163696289 3.2138686180114746 0.003800000064074993 
v -3.238039016723633 2.782217264175415 0.003800000064074993 
v -4.816202163696289 2.5121827125549316 0.003800000064074993 
v -3.5941829681396484 2.1775014400482178 0.003800000064074993 
v -4.811750411987305 -0.1794091761112213 0.003800000064074993 
v -3.4739842414855957 -0.18008257448673248 0.003800000064074993 
v -4.820653915405273 -1.6784042119979858 0.003800000064074993 
v -3.4383699893951416 -1.6784042119979858 0.003800000064074993 
v -4.829557418823242 -4.790199279785156 0.003800000064074993 
v -3.3471078872680664 -4.790199279785156 0.003800000064074993 
v -4.84736442565918 -7.4858317375183105 0.003800000064074993 
v -3.2135539054870605 -7.484485149383545 0.003800000064074993 
v -3.3382043838500977 -8.860920906066895 0.003800000064074993 
v -1.8312700986862183 -8.860920906066895 0.003800000064074993 
v -2.5168473720550537 -9.988197326660156 0.003800000064074993 
v -1.152370572090149 -9.241393089294434 0.003800000064074993 
v -2.0204715728759766 -10.663620948791504 0.003800000064074993 
v -2.0850226879119873 1.6051087379455566 0.003800000064074993 
v -2.665982484817505 1.2327169179916382 0.003800000064074993 
v -2.136218309402466 -0.18075597286224365 0.003800000064074993 
v -2.0560860633850098 -1.6790776252746582 0.003800000064074993 
v -1.8646585941314697 -4.789525985717773 0.003800000064074993 
v -1.5819692611694336 -7.483811378479004 0.003800000064074993 
v -0.8496481776237488 -7.563272953033447 0.003800000064074993 
v -1.1635000705718994 -4.7848124504089355 0.003800000064074993 
v -1.3816382884979248 -1.6332862377166748 0.003800000064074993 
v -1.4639966487884521 -0.04472857341170311 0.003800000064074993 
v 31.123178482055664 -1.4851375818252563 42.543304443359375 
v 31.586166381835938 -1.4359791278839111 42.498573303222656 
v 31.550552368164062 -1.283790111541748 43.19804000854492 
v 32.32071304321289 -1.1787391901016235 42.8971061706543 
v 32.29845428466797 -0.6629125475883484 43.1106071472168 
v 32.832672119140625 -0.6379966139793396 43.124839782714844 
v 32.30290603637695 -0.1464124321937561 42.8971061706543 
v 30.85829734802246 -1.4716695547103882 43.3424072265625 
v 30.742549896240234 -0.7740240097045898 43.42170715332031 
v 31.50826072692871 -0.6999496817588806 43.34037399291992 
v 31.494905471801758 -0.1134156808257103 43.100440979003906 
v 31.510486602783203 0.04281381890177727 42.4050407409668 
v 31.140987396240234 -0.10735505074262619 42.43553924560547 
v 30.90949249267578 -0.08984657377004623 43.222442626953125 
v -3.576375722885132 -10.763957977294922 0.003800000064074993 
v -4.84736442565918 -8.860920906066895 0.003800000064074993 
v -6.354299068450928 -8.860920906066895 0.003800000064074993 
v -6.478949069976807 -7.486505031585693 0.003800000064074993 
v -6.312006950378418 -4.790199279785156 0.003800000064074993 
v -7.792230129241943 -4.790199279785156 0.003800000064074993 
v -7.585221767425537 -1.6784042119979858 0.003800000064074993 
v -8.259669303894043 -1.6305925846099854 0.003800000064074993 
v -7.489507675170898 -0.17873576283454895 0.003800000064074993 
v -8.159503936767578 -0.04136155545711517 0.003800000064074993 
v -6.964195728302002 1.2367572784423828 0.003800000064074993 
v -7.549607276916504 1.607802391052246 0.003800000064074993 
v -6.040447235107422 2.1788480281829834 0.003800000064074993 
v -6.394365310668945 2.7835640907287598 0.003800000064074993 
v -6.1495161056518555 -0.1794091761112213 0.003800000064074993 
v -6.202937602996826 -1.6784042119979858 0.003800000064074993 
v -3.3159453868865967 -11.613792419433594 0.003800000064074993 
v -4.84736442565918 -11.040725708007812 0.003800000064074993 
v -6.1161274909973145 -10.763957977294922 0.003800000064074993 
v -7.175655841827393 -9.988197326660156 0.003800000064074993 
v -7.86345911026001 -8.860920906066895 0.003800000064074993 
v -8.540132522583008 -9.241393089294434 0.003800000064074993 
v -8.845081329345703 -7.563272953033447 0.003800000064074993 
v -7.674257755279541 -10.663620948791504 0.003800000064074993 
v -6.37655782699585 -11.613792419433594 0.003800000064074993 
v -4.84736442565918 -11.947799682617188 0.003800000064074993 
v -8.112759590148926 -7.487852096557617 0.003800000064074993 
v -8.495615005493164 -4.7841386795043945 0.003800000064074993 
v 34.98289108276367 1.3687443733215332 41.90077209472656 
v 35.04298782348633 1.0327162742614746 42.041072845458984 
v 34.535484313964844 1.2879359722137451 41.70150375366211 
v 34.62006759643555 0.8131868243217468 41.90077209472656 
v 33.845455169677734 0.6832200884819031 41.9068717956543 
v 33.9500732421875 0.5027480721473694 42.38267135620117 
v 33.78090286254883 0.4751385450363159 42.38267135620117 
v 35.169864654541016 1.4017410278320312 42.38267135620117 
v 35.067474365234375 0.8939952254295349 42.38267135620117 
v 34.65568161010742 0.6172266006469727 42.38267135620117 
v 33.52937698364258 -3.6784112453460693 42.38267135620117 
v 33.89665222167969 -3.794236421585083 42.38267135620117 
v 33.46260070800781 -3.908041477203369 41.80723571777344 
v 33.91000747680664 -4.052823066711426 41.8011360168457 
v 33.28230285644531 -4.456864833831787 41.5693359375 
v 33.758644104003906 -4.618481636047363 41.55916976928711 
v 33.53605651855469 -5.157877445220947 41.8011360168457 
v 33.62286376953125 -5.18952751159668 41.79706954956055 
v 33.544960021972656 -5.419831275939941 42.38267135620117 
v 33.71857833862305 -5.225217819213867 41.79300308227539 
v 33.72080612182617 -5.482457637786865 42.38267135620117 
v 34.52435302734375 -5.507373809814453 41.78487014770508 
v 34.44422149658203 -5.742391586303711 42.38267135620117 
v 34.99179458618164 -5.655522346496582 42.38267135620117 
v 34.07472229003906 -3.8501288890838623 42.38267135620117 
v 33.9968147277832 -4.080432891845703 41.79706954956055 
v 33.80984115600586 -4.635316848754883 41.55510330200195 
v 33.874393463134766 -4.656192302703857 41.54900360107422 
v 34.715782165527344 -4.940368175506592 41.53680419921875 
v 35.04743957519531 -5.491885662078857 41.96583938598633 
v 35.37464904785156 -5.163264751434326 42.38267135620117 
v 34.094757080078125 -4.110735893249512 41.79300308227539 
v 34.90721130371094 -4.373363018035889 41.78487014770508 
v 35.18099594116211 -5.097944736480713 41.79503631591797 
v 35.31454849243164 -4.704003810882568 41.96583938598633 
v 35.37464904785156 -5.163264751434326 42.38267135620117 
v 35.36796951293945 -4.540367126464844 42.38267135620117 
v 34.98511505126953 -4.138345241546631 42.38267135620117 
v 34.2527961730957 -3.9066948890686035 42.38267135620117 
v 35.18099594116211 -5.097944736480713 41.79503631591797 
v 33.162105560302734 -3.5619125366210938 42.38267135620117 
v 33.015193939208984 -3.7625865936279297 41.81536865234375 
v 32.98625946044922 -3.5066933631896973 42.38267135620117 
v 32.91057586669922 -3.7295897006988525 41.81333541870117 
v 32.788150787353516 -3.6918792724609375 41.81943893432617 
v 32.6301155090332 -4.237335681915283 41.585601806640625 
v 31.9578914642334 -4.009725570678711 41.601871490478516 
v 32.425331115722656 -4.765956878662109 41.81943893432617 
v 31.76869010925293 -4.530265808105469 41.82960510253906 
v 32.294002532958984 -4.969324588775635 42.38267135620117 
v 31.66629981994629 -4.73834753036499 42.38267135620117 
v 32.803733825683594 -4.295248508453369 41.58153533935547 
v 32.72805404663086 -4.269659042358398 41.57746887207031 
v 32.545528411865234 -4.809728145599365 41.81333541870117 
v 32.4698486328125 -5.033298015594482 42.38267135620117 
v 32.650146484375 -4.848112106323242 41.81536865234375 
v 32.645694732666016 -5.096597671508789 42.38267135620117 
v 33.093101501464844 -5.002995014190674 41.80723571777344 
v 33.006290435791016 -5.226564884185791 42.38267135620117 
v 33.36911392211914 -5.356531620025635 42.38267135620117 
v 32.80818557739258 -3.450800895690918 42.38267135620117 
v 32.12260818481445 -3.4811041355133057 41.82960510253906 
v 32.1671257019043 -3.254167318344116 42.38267135620117 
v 31.541648864746094 -3.0676345825195312 42.427406311035156 
v 31.425901412963867 -3.1989481449127197 41.60797119140625 
v 31.08756446838379 -2.9329540729522705 42.45383834838867 
v 31.214441299438477 -3.7531588077545166 41.33550262451172 
v 30.724742889404297 -2.891876459121704 41.44733428955078 
v 31.0564022064209 -4.316123962402344 41.54900360107422 
v 31.029691696166992 -4.508717060089111 42.2993049621582 
v 30.450958251953125 -4.356527805328369 42.24440383911133 
v 30.37750244140625 -4.156527519226074 41.45343780517578 
v 30.4576358795166 -3.584808111190796 41.219600677490234 
v 2.0195369720458984 -10.663620948791504 0.003800000064074993 
v 1.1514358520507812 -9.241393089294434 0.003800000064074993 
v 2.5159125328063965 -9.988197326660156 0.003800000064074993 
v 1.8303353786468506 -8.860920906066895 0.003800000064074993 
v 3.3372697830200195 -8.860920906066895 0.003800000064074993 
v 3.2126193046569824 -7.484485149383545 0.003800000064074993 
v 4.846429824829102 -7.4858317375183105 0.003800000064074993 
v 3.3461732864379883 -4.790199279785156 0.003800000064074993 
v 4.828622817993164 -4.790199279785156 0.003800000064074993 
v 3.4374351501464844 -1.6784042119979858 0.003800000064074993 
v 4.819719314575195 -1.6784042119979858 0.003800000064074993 
v 3.4730496406555176 -0.18008257448673248 0.003800000064074993 
v 4.810815334320068 -0.1794091761112213 0.003800000064074993 
v 3.593248128890991 2.1775014400482178 0.003800000064074993 
v 4.815267086029053 2.5121827125549316 0.003800000064074993 
v 3.2371041774749756 2.782217264175415 0.003800000064074993 
v 4.815267086029053 3.2138686180114746 0.003800000064074993 
v 0.8487135171890259 -7.563272953033447 0.003800000064074993 
v 1.581034541130066 -7.483811378479004 0.003800000064074993 
v 1.863723874092102 -4.789525985717773 0.003800000064074993 
v 2.0551512241363525 -1.6790776252746582 0.003800000064074993 
v 2.1352837085723877 -0.18075597286224365 0.003800000064074993 
v 2.6650478839874268 1.2327169179916382 0.003800000064074993 
v 2.084088087081909 1.6051087379455566 0.003800000064074993 
v 1.4630619287490845 -0.04472857341170311 0.003800000064074993 
v 1.3807035684585571 -1.6332862377166748 0.003800000064074993 
v 1.1625653505325317 -4.7848124504089355 0.003800000064074993 
v 6.0395121574401855 2.1788480281829834 0.003800000064074993 
v 6.393430233001709 2.7835640907287598 0.003800000064074993 
v 7.548672676086426 1.607802391052246 0.003800000064074993 
v 6.963260650634766 1.2367572784423828 0.003800000064074993 
v 8.1585693359375 -0.04136155545711517 0.003800000064074993 
v 7.48857307434082 -0.17873576283454895 0.003800000064074993 
v 8.258734703063965 -1.6305925846099854 0.003800000064074993 
v 7.584286689758301 -1.6784042119979858 0.003800000064074993 
v 7.791295528411865 -4.790199279785156 0.003800000064074993 
v 6.311071872711182 -4.790199279785156 0.003800000064074993 
v 6.4780144691467285 -7.486505031585693 0.003800000064074993 
v 6.353363990783691 -8.860920906066895 0.003800000064074993 
v 4.846429824829102 -8.860920906066895 0.003800000064074993 
v 6.115192890167236 -10.763957977294922 0.003800000064074993 
v 4.846429824829102 -11.040725708007812 0.003800000064074993 
v 6.3756232261657715 -11.613792419433594 0.003800000064074993 
v 4.846429824829102 -11.947799682617188 0.003800000064074993 
v 8.494680404663086 -4.7841386795043945 0.003800000064074993 
v 8.111824989318848 -7.487852096557617 0.003800000064074993 
v 7.862524509429932 -8.860920906066895 0.003800000064074993 
v 7.1747212409973145 -9.988197326660156 0.003800000064074993 
v 7.673322677612305 -10.663620948791504 0.003800000064074993 
v 8.53919792175293 -9.241393089294434 0.003800000064074993 
v 8.844146728515625 -7.563272953033447 0.003800000064074993 
v 6.202003002166748 -1.6784042119979858 0.003800000064074993 
v 6.148581504821777 -0.1794091761112213 0.003800000064074993 
v 3.3150107860565186 -11.613792419433594 0.003800000064074993 
v 3.5754408836364746 -10.763957977294922 0.003800000064074993 
v 30.81600570678711 -2.9006307125091553 43.244808197021484 
v 29.502723693847656 -2.863593578338623 43.539642333984375 
v 30.553348541259766 -3.6245388984680176 43.30987548828125 
v 29.469335556030273 -3.761239767074585 43.448143005371094 
v 30.433151245117188 -4.158547401428223 43.01300811767578 
v 29.578405380249023 -4.200972080230713 42.876773834228516 
v 30.450958251953125 -4.356527805328369 42.24440383911133 
v 29.67634391784668 -4.281106948852539 42.142738342285156 
v 28.910634994506836 -3.9302639961242676 43.2956428527832 
v 28.7125301361084 -4.336999416351318 42.51483917236328 
v 29.14435386657715 -4.268985748291016 42.69580841064453 
v 29.202228546142578 -4.296595096588135 42.03700637817383 
v 28.316320419311523 -4.628582954406738 42.02683639526367 
v 28.72588539123535 -4.3120832443237305 41.931270599365234 
v 32.5076904296875 1.5835598707199097 42.38267135620117 
v 32.676856994628906 1.617903470993042 42.38267135620117 
v 32.645694732666016 1.4179027080535889 41.9251708984375 
v 33.0686149597168 1.4980376958847046 41.919071197509766 
v 33.153202056884766 1.0407971143722534 41.727935791015625 
v 33.49153518676758 1.5781726837158203 41.91297149658203 
v 33.60728454589844 1.121605396270752 41.71980285644531 
v 33.58057403564453 1.5963544845581055 41.91093826293945 
v 33.66292953491211 1.1317064762115479 41.715736389160156 
v 33.73193359375 1.1445010900497437 41.711669921875 
v 33.74528884887695 0.6677318215370178 41.91093826293945 
v 33.02632522583008 1.686590552330017 42.38267135620117 
v 33.375789642333984 1.7552776336669922 42.38267135620117 
v 33.544960021972656 1.7882744073867798 42.38267135620117 
v 33.67851257324219 1.615883231163025 41.9068717956543 
v 33.71412658691406 1.8219445943832397 42.38267135620117 
v 34.448673248291016 1.7626850605010986 41.90077209472656 
v 34.98289108276367 1.3687443733215332 41.90077209472656 
v 34.415287017822266 1.95931875705719 42.38267135620117 
v 34.92279052734375 1.7040990591049194 42.041072845458984 
v 35.169864654541016 1.4017410278320312 42.38267135620117 
v 34.8983039855957 1.8434934616088867 42.38267135620117 
v 33.656253814697266 0.6535903215408325 41.91297149658203 
v 33.233333587646484 0.5815362334251404 41.919071197509766 
v 32.80818557739258 0.5094820857048035 41.9251708984375 
v 32.906124114990234 0.33305051922798157 42.38267135620117 
v 32.7347297668457 0.30611440539360046 42.38267135620117 
v 33.6095085144043 0.44752901792526245 42.38267135620117 
v 33.257816314697266 0.3902897536754608 42.38267135620117 
v 32.70134353637695 0.959315299987793 41.73606872558594 
v 32.70134353637695 0.49332043528556824 41.92313766479492 
v 32.621212005615234 0.9451738595962524 41.73403549194336 
v 32.52326965332031 0.9269919395446777 41.740135192871094 
v 32.54107666015625 1.3970272541046143 41.92313766479492 
v 32.42087936401367 1.3727847337722778 41.929237365722656 
v 32.33629608154297 1.5498896837234497 42.38267135620117 
v 32.583370208740234 0.4737917482852936 41.929237365722656 
v 31.942310333251953 0.8179006576538086 41.72386932373047 
v 31.84882354736328 1.2764880657196045 41.91703796386719 
v 31.78872299194336 1.462347388267517 42.38267135620117 
v 32.5655632019043 0.279178261756897 42.38267135620117 
v 32.01576614379883 0.35661962628364563 41.91703796386719 
v 31.543874740600586 0.20106352865695953 41.66490173339844 
v 31.437030792236328 0.7195838093757629 41.43513488769531 
v 30.751453399658203 -0.07637850940227509 41.44936752319336 
v 30.58896255493164 0.6280010342597961 41.24400329589844 
v 32.02244186401367 0.16133274137973785 42.38267135620117 
v 31.63068389892578 0.06772972643375397 42.388771057128906 
v 31.140987396240234 -0.10735505074262619 42.43553924560547 
v 30.617900848388672 1.2529189586639404 41.504268646240234 
v 31.37693214416504 1.2657136917114258 41.65270233154297 
v 30.684677124023438 1.4259835481643677 42.281005859375 
v 31.36802864074707 1.4313708543777466 42.31353759765625 
v 36.28726577758789 -2.086486577987671 42.5128059387207 
v 36.27391052246094 -2.256857395172119 42.10003662109375 
v 35.7530517578125 -1.8124114274978638 42.5128059387207 
v 35.73079299926758 -2.0487759113311768 41.93940353393555 
v 34.88494873046875 -1.7194818258285522 42.5128059387207 
v 34.77365493774414 -1.9531526565551758 41.92720413208008 
v 34.65345764160156 -1.945071816444397 41.931270599365234 
v 34.53325653076172 -2.519484519958496 41.6933708190918 
v 36.46756362915039 -2.6885087490081787 42.5128059387207 
v 36.23829650878906 -2.668980121612549 41.929237365722656 
v 35.68182373046875 -2.619821548461914 41.70150375366211 
v 34.68684387207031 -2.5329525470733643 41.683204650878906 
v 34.60226058959961 -2.525545120239258 41.68930435180664 
v 34.551063537597656 -3.106018543243408 41.931270599365234 
v 34.6712646484375 -3.1188132762908936 41.92720413208008 
v 34.74026870727539 -3.368645668029785 42.5128059387207 
v 35.63285446166992 -3.1908674240112305 41.93940353393555 
v 35.610595703125 -3.427905321121216 42.5128059387207 
v 36.20045852661133 -3.0804293155670166 42.10003662109375 
v 36.187103271484375 -3.2514736652374268 42.5128059387207 
v 36.23829650878906 -2.668980121612549 41.929237365722656 
v 36.46756362915039 -2.6885087490081787 42.5128059387207 
v 6.473562717437744 -0.5551680326461792 39.51972961425781 
v 24.414316177368164 1.2185754776000977 42.06953811645508 
v -6.474497318267822 -0.5551680326461792 39.51972961425781 
v -24.415250778198242 1.2185754776000977 42.06953811645508 
v -30.685611724853516 1.4259835481643677 42.281005859375 
v -30.451892852783203 -4.356527805328369 42.24440383911133 
v -8.379867553710938 -0.559881865978241 24.379480361938477 
v -8.379867553710938 -0.559881865978241 24.379480361938477 
v -0.9832022190093994 -0.6238551735877991 19.100929260253906 
vn 0.4034366011619568 0.9147963523864746 0.01966099627315998 
vn 0.3152093291282654 0.8188685178756714 0.4796847105026245 
vn 0.05283758416771889 0.99858158826828 0.006554040592163801 
vn 0.03771180659532547 0.8637424111366272 0.5025205612182617 
vn -1.0341130485562108e-13 0.999997615814209 0.002184694167226553 
vn 0.0037714340724051 0.8667445182800293 0.4987381398677826 
vn -0.007551815826445818 0.9999691247940063 -0.002184694167226553 
vn -0.0037714340724051 0.8667445182800293 0.4987381398677826 
vn -1.0341130485562108e-13 0.999997615814209 0.002184694167226553 
vn 0.0037714340724051 0.8667445182800293 0.4987381398677826 
vn 0.01131401676684618 0.8666788935661316 0.4987381398677826 
vn 0.011286918073892593 0.5005033016204834 0.865661084651947 
vn 0.015058950521051884 0.5079529881477356 0.8612531423568726 
vn 0.021845221519470215 0 0.9997613430023193 
vn 0.0393143892288208 0 0.9992268681526184 
vn 0.041341740638017654 -0.49892061948776245 0.865661084651947 
vn 0.029756659641861916 -0.007052457891404629 0.9995322823524475 
vn -0.02632072940468788 -0.3943850100040436 0.9185682535171509 
vn 0.16819216310977936 0.4835165739059448 0.8590245246887207 
vn 0.028193511068820953 0.49604278802871704 0.8678402304649353 
vn 0.0037625895347446203 0.5006163716316223 0.865661084651947 
vn 0.0018819967517629266 0.5044046640396118 0.8634653687477112 
vn 0.0037625895347446203 0.5006163716316223 0.865661084651947 
vn 0.017476677894592285 0 0.9998472929000854 
vn 0.028234310448169708 -0.5111552476882935 0.8590245246887207 
vn 0.013192693702876568 -0.8578026294708252 0.5138099193572998 
vn -0.2158747911453247 -0.7473717331886292 0.6283578276634216 
vn 0.07421137392520905 0 0.9972425103187561 
vn 0.030580973252654076 0 0.9995322823524475 
vn 0.017476677894592285 0 0.9998472929000854 
vn 0.013107799924910069 0 0.9999141097068787 
vn 0.017476677894592285 0 0.9998472929000854 
vn 0.03197257220745087 -0.503393828868866 0.8634653687477112 
vn 0.03961943835020065 -0.8701764345169067 0.4911448359489441 
vn -0.02265329100191593 -0.999721884727478 0.006554040592163801 
vn -0.3328433036804199 -0.931634247303009 0.1458524912595749 
vn -0.34095677733421326 -0.7565127015113831 -0.5580654144287109 
vn 0.041341740638017654 -0.49892061948776245 0.865661084651947 
vn 0.026326226070523262 -0.49993786215782166 0.865661084651947 
vn 0.026326226070523262 -0.49993786215782166 0.865661084651947 
vn 0.03197257220745087 -0.503393828868866 0.8634653687477112 
vn 0.05275380611419678 -0.8673207759857178 0.4949462115764618 
vn 0.04529581964015961 -0.9989712238311768 -0.002184694167226553 
vn -0.009443872608244419 -0.8645136952400208 -0.5025205612182617 
vn -0.08252052962779999 -0.39065152406692505 -0.916832447052002 
vn 0.06783300638198853 -0.8619000911712646 0.5025205612182617 
vn 0.0339343398809433 -0.8660881519317627 0.4987381398677826 
vn 0.026396039873361588 -0.8663507103919983 0.4987381398677826 
vn 0.04522492736577988 -0.8677459359169006 0.4949462115764618 
vn 0.06037835404276848 -0.998173177242279 -0.002184694167226553 
vn 0.05094221606850624 -0.8674290180206299 -0.4949462115764618 
vn 0.047159209847450256 -0.8698004484176636 -0.4911448359489441 
vn 0.03589833155274391 -0.5031291246414185 -0.8634653687477112 
vn 0.04900410771369934 -0.509583592414856 -0.8590245246887207 
vn 0.021845221519470215 0 -0.9997613430023193 
vn 0.048044804483652115 0 -0.9988451600074768 
vn 0.015120557509362698 0.5004021525382996 -0.865661084651947 
vn 0.0340227335691452 0.5070359706878662 -0.8612531423568726 
vn 0.009441505186259747 0.8667013049125671 -0.4987381398677826 
vn 0.028312457725405693 0.8684622645378113 -0.4949462115764618 
vn 0.015103200450539589 0.9998835325241089 0.002184694167226553 
vn 0.015103200450539589 0.9998835325241089 -0.002184694167226553 
vn 0.07544711232185364 -0.9971474409103394 0.002184694167226553 
vn 0.03775046393275261 -0.9992848038673401 0.002184694167226553 
vn 0.0302029550075531 -0.9995414018630981 0.002184694167226553 
vn 0.05283859372138977 -0.9986006617546082 -0.002184694167226553 
vn 0.05094221606850624 -0.8674290180206299 -0.4949462115764618 
vn 0.03589833155274391 -0.5031291246414185 -0.8634653687477112 
vn 0.021845221519470215 0 -0.9997613430023193 
vn 0.00756114162504673 0.500573456287384 -0.865661084651947 
vn 0.0018883368466049433 0.8667506575584412 -0.4987381398677826 
vn -1.0341130485562108e-13 0.999997615814209 0.002184694167226553 
vn 0.03209441527724266 -0.8661583065986633 -0.4987381398677826 
vn 0.03022732026875019 -0.49971717596054077 -0.865661084651947 
vn 0.017476677894592285 0 -0.9998472929000854 
vn 0.0056728338822722435 0.504376232624054 -0.8634653687477112 
vn -0.005664974916726351 0.8667342066764832 -0.4987381398677826 
vn -0.007551815826445818 0.9999691247940063 -0.002184694167226553 
vn 0.03964127227663994 -0.8658457398414612 -0.4987381398677826 
vn 0.03022732026875019 -0.49971717596054077 -0.865661084651947 
vn 0.017476677894592285 0 -0.9998472929000854 
vn 0.00756114162504673 0.500573456287384 -0.865661084651947 
vn 0.0018883368466049433 0.8667506575584412 -0.4987381398677826 
vn -1.0341130485562108e-13 0.999997615814209 0.002184694167226553 
vn 0.08857395499944687 -0.864397406578064 -0.4949462115764618 
vn 0.09384939819574356 -0.5032585263252258 -0.8590245246887207 
vn 0.09162852168083191 0 -0.9957932829856873 
vn 0.08096061646938324 0.4978684186935425 -0.8634653687477112 
vn 0.06601043790578842 0.8664126396179199 -0.4949462115764618 
vn 0.05283758416771889 0.99858158826828 0.006554040592163801 
vn 0.4034366011619568 0.9147963523864746 0.01966099627315998 
vn 0.5685427188873291 0.7561900019645691 -0.3239381015300751 
vn 0.733799397945404 0.3713458478450775 -0.5688942670822144 
vn 0.8273506164550781 0 -0.5616858005523682 
vn 0.733799397945404 -0.3713458478450775 -0.5688942670822144 
vn 0.5904595851898193 -0.7317579388618469 -0.34042292833328247 
vn 0.4976746141910553 -0.8670308589935303 -0.024029340595006943 
vn 0.35617968440055847 -0.7601102590560913 0.5434780716896057 
vn 0.17318850755691528 -0.4697197675704956 0.865661084651947 
vn -0.4034366011619568 0.9147963523864746 0.01966099627315998 
vn -0.05283758416771889 0.99858158826828 0.006554040592163801 
vn -0.3116872310638428 0.82021564245224 0.4796847105026245 
vn -0.03771180659532547 0.8637424111366272 0.5025205612182617 
vn -0.1646302342414856 0.4847409129142761 0.8590245246887207 
vn -0.03194776177406311 0.4958151578903198 0.8678402304649353 
vn -0.07411912083625793 0.003699131542816758 0.9972425103187561 
vn -0.0303741954267025 -0.0035502342507243156 0.9995322823524475 
vn -0.041341740638017654 -0.49892061948776245 0.865661084651947 
vn -0.017476677894592285 -3.6145805417514814e-15 0.9998472929000854 
vn -0.026326226070523262 -0.49993786215782166 0.865661084651947 
vn -0.013107799924910069 -2.7168168854619897e-15 0.9999141097068787 
vn -0.026326226070523262 -0.49993786215782166 0.865661084651947 
vn -0.017476677894592285 -3.6145805417514814e-15 0.9998472929000854 
vn -0.028215281665325165 -0.5036184191703796 0.8634653687477112 
vn -0.035728078335523605 -0.5031412243843079 0.8634653687477112 
vn -0.05275380611419678 -0.8673207759857178 0.4949462115764618 
vn -0.03584840148687363 -0.8703399896621704 0.4911448359489441 
vn -0.04529581964015961 -0.9989712238311768 -0.002184694167226553 
vn 0.02265329100191593 -0.999721884727478 0.006554040592163801 
vn 0.005666396114975214 -0.8645467162132263 -0.5025205612182617 
vn 0.34095677733421326 -0.7565127015113831 -0.5580654144287109 
vn 0.08252052962779999 -0.39065152406692505 -0.916832447052002 
vn -0.0037625895347446203 0.5006163716316223 0.865661084651947 
vn -0.005645885597914457 0.5043765306472778 0.8634653687477112 
vn -0.0037625895347446203 0.5006163716316223 0.865661084651947 
vn -0.017476677894592285 -3.6145805417514814e-15 0.9998472929000854 
vn -0.03199426457285881 -0.5109336972236633 0.8590245246887207 
vn -0.009423534385859966 -0.8578522801399231 0.5138099193572998 
vn 0.3328433036804199 -0.931634247303009 0.1458524912595749 
vn 0.0037714340724051 0.8667445182800293 0.4987381398677826 
vn 0.0037714340724051 0.8667445182800293 0.4987381398677826 
vn -0.011286918073892593 0.5005033016204834 0.865661084651947 
vn -0.021845221519470215 -4.518096610544014e-15 0.9997613430023193 
vn -0.041341740638017654 -0.49892061948776245 0.865661084651947 
vn 0.02632072940468788 -0.3943850100040436 0.9185682535171509 
vn 0.2158747911453247 -0.7473717331886292 0.6283578276634216 
vn -1.0341130485562108e-13 0.999997615814209 0.002184694167226553 
vn -0.01131401676684618 0.8666788935661316 0.4987381398677826 
vn -0.015058950521051884 0.5079529881477356 0.8612531423568726 
vn -0.0393143892288208 -8.131124117386705e-15 0.9992268681526184 
vn -0.028736714273691177 -0.01045930851250887 0.9995322823524475 
vn -0.015103200450539589 0.9998835325241089 0.002184694167226553 
vn -0.013210531324148178 0.8709777593612671 0.4911448359489441 
vn -0.00753398984670639 0.48918259143829346 0.872148871421814 
vn -0.015103200450539589 0.9998835325241089 -0.002184694167226553 
vn 0.033950403332710266 0.8616927266120911 0.5062933564186096 
vn -0.00753075210377574 0.450615257024765 0.8926864862442017 
vn 0.04529581964015961 0.9989712238311768 0.002184694167226553 
vn 0.13332374393939972 0.8140429258346558 0.5652954578399658 
vn 0.035843655467033386 -0.48792582750320435 -0.872148871421814 
vn 0.06065128743648529 0.007662039250135422 -0.9981296062469482 
vn 0.03964119777083397 0.49525943398475647 -0.8678402304649353 
vn -0.009448104538023472 0.8600890040397644 -0.5100564956665039 
vn -0.04529581964015961 0.9989712238311768 0.002184694167226553 
vn 0.030580973252654076 0 -0.9995322823524475 
vn -0.0640847310423851 0.4021952450275421 -0.913308322429657 
vn -0.17990678548812866 0.8318635821342468 -0.5250110030174255 
vn -0.19495578110218048 0.980108916759491 -0.03713129088282585 
vn -0.07411912083625793 0.003699131542816758 0.9972425103187561 
vn -0.27178236842155457 -0.003761603496968746 0.962351381778717 
vn -0.1646302342414856 0.4847409129142761 0.8590245246887207 
vn -0.4035467207431793 0.18241462111473083 0.8965907096862793 
vn -0.3116872310638428 0.82021564245224 0.4796847105026245 
vn -0.514988124370575 0.48567432165145874 0.7063339352607727 
vn -0.6900307536125183 0.7020456790924072 0.1760382205247879 
vn -0.5579860806465149 0.7757011651992798 0.2948545813560486 
vn -0.6115794777870178 0.783331036567688 0.1111890971660614 
vn -0.27346113324165344 0.9026996493339539 0.33219319581985474 
vn -0.2936745882034302 0.9478017091751099 0.1242060661315918 
vn -0.0018863033037632704 0.9402705430984497 0.34042292833328247 
vn 0.003773920238018036 0.9922492504119873 0.1242060661315918 
vn 0.2936745882034302 0.9478017091751099 0.1242060661315918 
vn 0.0018881993601098657 0.9917024970054626 0.12854042649269104 
vn 0.31326043605804443 0.9397040009498596 0.1372016966342926 
vn -0.0018866714090108871 0.9933021664619446 0.11553031951189041 
vn 0.30822497606277466 0.9437312483787537 0.11986933648586273 
vn -1.0339156559981827e-13 0.9998067021369934 -0.01966099627315998 
vn 0.3046455681324005 0.952262818813324 -0.01966099627315998 
vn 0.27903425693511963 0.9125364422798157 -0.2990269064903259 
vn 0.5334916710853577 0.8158430457115173 -0.22312943637371063 
vn 0.45549362897872925 0.8191367387771606 -0.34862664341926575 
vn 0.7529768347740173 0.6263465285301208 -0.2017817199230194 
vn 0.6939930319786072 0.7113442420959473 -0.1111890971660614 
vn 0.9149186015129089 0.40349051356315613 -0.010923261754214764 
vn -0.3818429708480835 0.5960606336593628 0.7063339352607727 
vn -0.1954333335161209 0.6771475672721863 0.7094202041625977 
vn 0.0018840922275558114 0.7016767859458923 0.7124928832054138 
vn 0.2698463201522827 0.903786838054657 0.33219319581985474 
vn 0.6085993647575378 0.7856486439704895 0.1111890971660614 
vn 0.5851553678512573 0.7976968288421631 0.1458524912595749 
vn 0.5813804864883423 0.803413987159729 0.12854042649269104 
vn 0.5742622017860413 0.8186684846878052 -0.002184694167226553 
vn 0.7671776413917542 0.6338804960250854 -0.0981530249118805 
vn 0.940263032913208 0.34044185280799866 -0.002184694167226553 
vn 0.934746265411377 0.35450249910354614 -0.024029340595006943 
vn 0.9982322454452515 -0.007547771092504263 0.058952588587999344 
vn 0.9993491172790527 -0.015095127746462822 0.03276457265019417 
vn 0.8011713027954102 0.5792860984802246 0.15017375349998474 
vn 0.7982031106948853 0.585526704788208 0.1415284425020218 
vn 0.7899589538574219 0.6103191375732422 0.058952588587999344 
vn 0.9412353038787842 0.3189249336719513 0.1111890971660614 
vn 0.9917042851448059 0 0.12854042649269104 
vn 0.9406204223632812 0.3044356405735016 0.15017375349998474 
vn 0.9413513541221619 0.3042772114276886 0.1458524912595749 
vn 0.8259767293930054 0.5618354678153992 0.04586252197623253 
vn 0.6873326897621155 0.7046874165534973 0.1760382205247879 
vn 0.5579860806465149 0.7757011651992798 0.2948545813560486 
vn 0.514988124370575 0.48567432165145874 0.7063339352607727 
vn 0.3818429708480835 0.5960606336593628 0.7063339352607727 
vn 0.5780571103096008 0.3511408865451813 0.736579954624176 
vn 0.4358646273612976 0.5845330953598022 0.6843559741973877 
vn 0.6963121891021729 0.5339025259017944 -0.4796847105026245 
vn 0.5157515406608582 0.7124399542808533 -0.4758462607860565 
vn 0.1990545690059662 0.6760919094085693 0.7094202041625977 
vn 0.2082720398902893 0.7141748070716858 0.6682642698287964 
vn 0.29639899730682373 0.8388908505439758 -0.456519216299057 
vn -0.00188738526776433 0.8975540995597839 -0.4409002661705017 
vn -0.0018855036469176412 0.7526171803474426 0.6584556698799133 
vn -0.2082720398902893 0.7141748070716858 0.6682642698287964 
vn -0.4358646273612976 0.5845330953598022 0.6843559741973877 
vn -0.5780571103096008 0.3511408865451813 0.736579954624176 
vn -0.655586302280426 0.17891795933246613 0.7336177229881287 
vn -0.682750940322876 0.0037696787621825933 0.7306414246559143 
vn -0.8956131339073181 0.003776735858991742 -0.44481781125068665 
vn -0.8413772583007812 0.28926554322242737 -0.456519216299057 
vn -0.6963121891021729 0.5339025259017944 -0.4796847105026245 
vn -0.5157515406608582 0.7124399542808533 -0.4758462607860565 
vn -0.29639899730682373 0.8388908505439758 -0.456519216299057 
vn 0.19495578110218048 0.980108916759491 -0.03713129088282585 
vn 0.04529581964015961 0.9989712238311768 0.002184694167226553 
vn 0.17990678548812866 0.8318635821342468 -0.5250110030174255 
vn 0.013227091170847416 0.8600391745567322 -0.5100564956665039 
vn 0.0640847310423851 0.4021952450275421 -0.913308322429657 
vn -0.04340733215212822 0.4949435591697693 -0.8678402304649353 
vn -0.030339833348989487 0.003832812188193202 -0.9995322823524475 
vn -0.06065128743648529 0.007662039250135422 -0.9981296062469482 
vn -0.039608798921108246 -0.4876346290111542 -0.872148871421814 
vn -0.048044804483652115 -9.936776438300692e-15 -0.9988451600074768 
vn -0.04900410771369934 -0.509583592414856 -0.8590245246887207 
vn -0.021845221519470215 -4.518096610544014e-15 -0.9997613430023193 
vn -0.03212497755885124 -0.5033841133117676 -0.8634653687477112 
vn -0.021845221519470215 -4.518096610544014e-15 -0.9997613430023193 
vn -0.03212497755885124 -0.5033841133117676 -0.8634653687477112 
vn -0.03022732026875019 -0.49971717596054077 -0.865661084651947 
vn -0.028320034965872765 -0.8662899136543274 -0.4987381398677826 
vn -0.03586818277835846 -0.8660102486610413 -0.4987381398677826 
vn -0.03775046393275261 -0.9992848038673401 0.002184694167226553 
vn -0.08481713384389877 -0.8647741079330444 -0.4949462115764618 
vn -0.07544711232185364 -0.9971474409103394 0.002184694167226553 
vn -0.4976746141910553 -0.8670308589935303 -0.024029340595006943 
vn -0.35275986790657043 -0.761703372001648 0.5434780716896057 
vn -0.05092779919505119 -0.8695878982543945 -0.4911448359489441 
vn -0.05471089482307434 -0.8671994805335999 -0.4949462115764618 
vn -0.06037835404276848 -0.998173177242279 -0.002184694167226553 
vn -0.04522492736577988 -0.8677459359169006 0.4949462115764618 
vn -0.026396039873361588 -0.8663507103919983 0.4987381398677826 
vn -0.0339343398809433 -0.8660881519317627 0.4987381398677826 
vn -0.06783300638198853 -0.8619000911712646 0.5025205612182617 
vn -0.17318850755691528 -0.4697197675704956 0.865661084651947 
vn -0.047172579914331436 -0.8676422238349915 -0.4949462115764618 
vn -0.05283859372138977 -0.9986006617546082 -0.002184694167226553 
vn -0.0302029550075531 -0.9995414018630981 0.002184694167226553 
vn -0.4034366011619568 0.9147963523864746 0.01966099627315998 
vn -0.571556806564331 0.7539144158363342 -0.3239381015300751 
vn -0.8280948400497437 0.5587088465690613 0.04586252197623253 
vn -0.8033767342567444 0.576223611831665 0.15017375349998474 
vn -0.5851553678512573 0.7976968288421631 0.1458524912595749 
vn -0.5844357013702393 0.8011943101882935 0.12854042649269104 
vn -0.30822497606277466 0.9437312483787537 0.11986933648586273 
vn -0.3046455681324005 0.952262818813324 -0.01966099627315998 
vn -0.27903425693511963 0.9125364422798157 -0.2990269064903259 
vn -9.798086143429294e-14 0.9474846720695496 -0.3198012113571167 
vn -0.23818427324295044 0.78193598985672 -0.5760593414306641 
vn -8.382524004351549e-14 0.812342643737793 -0.5831804275512695 
vn -0.0830090343952179 0.7897781729698181 -0.607749879360199 
vn -0.0018894483800977468 0.6435283422470093 -0.7654199600219727 
vn -0.0075609697960317135 0.4427955448627472 -0.8965907096862793 
vn 0.0018905691104009748 0.41523003578186035 -0.9097144603729248 
vn -4.517018337602159e-15 0.043680015951395035 -0.9990455508232117 
vn 0.0075609697960317135 0.4427955448627472 -0.8965907096862793 
vn -0.29156824946403503 0.026458777487277985 -0.9561840295791626 
vn -0.7386538982391357 0.4657208323478699 -0.48733407258987427 
vn -0.8889119029045105 -0.03776051476597786 -0.456519216299057 
vn 0.23818427324295044 0.78193598985672 -0.5760593414306641 
vn 0.0830090343952179 0.7897781729698181 -0.607749879360199 
vn 0.2393212914466858 0.95639568567276 -0.16742929816246033 
vn -0.44497403502464294 0.851265549659729 -0.2781098484992981 
vn -0.06791337579488754 0.9976696968078613 0.006554040592163801 
vn 0.07171119004487991 0.769067645072937 -0.6351318359375 
vn -0.02265329100191593 0.999721884727478 -0.006554040592163801 
vn 0.09044837206602097 0.8123883008956909 -0.5760593414306641 
vn -0.045294955372810364 0.9989521503448486 0.006554040592163801 
vn 0.01132773607969284 0.8533061146736145 -0.5212872624397278 
vn -0.13551314175128937 0.9907538890838623 -0.006554040592163801 
vn -0.11668998748064041 0.8453656435012817 -0.5212872624397278 
vn -0.2538083791732788 0.9618082046508789 -0.10250037163496017 
vn -0.20456363260746002 0.6344755291938782 -0.7453821301460266 
vn -0.17990678548812866 0.8318635821342468 -0.5250110030174255 
vn -0.0640847310423851 0.4021952450275421 -0.913308322429657 
vn 0.2708207368850708 0.13162033259868622 -0.953589141368866 
vn 0.20829688012599945 0.34063270688056946 -0.916832447052002 
vn 0.08255601674318314 0.4150371253490448 -0.9060511589050293 
vn -0.041567135602235794 0.40514200925827026 -0.913308322429657 
vn -0.003797774901613593 0.15228596329689026 -0.9883291721343994 
vn -0.024471836164593697 0.18949748575687408 -0.9815762042999268 
vn 0.032719891518354416 0.06171626225113869 -0.9975572824478149 
vn 0.05627940595149994 -0.0723077803850174 -0.9957932829856873 
vn 0.12648461759090424 0.05851801484823227 -0.9902410507202148 
vn 0.12180192768573761 0.007587058003991842 -0.9925254583358765 
vn 0.28925013542175293 0.04523789882659912 -0.9561840295791626 
vn 0.3210686445236206 0.02270440384745598 -0.946783721446991 
vn 0.3256537914276123 -0.015111519023776054 -0.9453682899475098 
vn 0.45690420269966125 -0.03776033967733383 -0.888714075088501 
vn 0.11772456020116806 0.13376107811927795 -0.9839963912963867 
vn 0.28321385383605957 0.08924198895692825 -0.9548956751823425 
vn 0.356575071811676 0.0675591304898262 -0.931820809841156 
vn 0.781616747379303 -0.17978274822235107 -0.5972883701324463 
vn 0.939853310585022 -0.2756081223487854 0.2017817199230194 
vn 0.7342528104782104 0.23062875866889954 -0.6385006904602051 
vn 0.8207529187202454 0.4143856167793274 0.3932546079158783 
vn 0.5212562680244446 0.7694917321205139 -0.3690181374549866 
vn 0.7029707431793213 0.6029992699623108 0.37712597846984863 
vn 0.6076797842979431 0.687679648399353 0.3972681760787964 
vn 0.4304438531398773 0.13352493941783905 0.8926864862442017 
vn 0.6057621836662292 0.6870452761650085 0.401274174451828 
vn 0.42639291286468506 0.13339997828006744 0.8946471214294434 
vn 0.7472454309463501 0.5755622982978821 0.33219319581985474 
vn 0.5734818577766418 0.03011777251958847 0.8186644315719604 
vn 0.9849470257759094 0.15045705437660217 0.08510008454322815 
vn 0.850818932056427 -0.26018717885017395 0.456519216299057 
vn 0.7846031785011292 -0.533626914024353 -0.31565824151039124 
vn 0.8484717607498169 0.2677421569824219 -0.456519216299057 
vn 0.5696451663970947 0.7281582951545715 -0.3811691105365753 
vn 0.42090773582458496 0.8472902774810791 -0.3239381015300751 
vn 0.4141298830509186 0.850623607635498 -0.3239381015300751 
vn 0.43368101119995117 0.06773205101490021 -0.8985171914100647 
vn 0.2965572476387024 0.015100674703717232 -0.9548956751823425 
vn 0.11310683190822601 -0.007571611553430557 -0.9935539960861206 
vn 0.15423984825611115 -0.08029218763113022 -0.9847655892372131 
vn -0.019215743988752365 -0.01782960444688797 -0.9996563792228699 
vn 0.0018903466407209635 -0.2081880271434784 -0.9780870079994202 
vn -0.34585607051849365 -0.4933847188949585 -0.7980946898460388 
vn -0.45039770007133484 -0.5993704795837402 -0.661737859249115 
vn -0.6046426296234131 -0.7962542176246643 -0.01966099627315998 
vn 0.02807697281241417 -0.033460833132267 -0.9990455508232117 
vn 0.022624867036938667 -0.026636051014065742 -0.999389111995697 
vn 0.030580973252654076 0 -0.9995322823524475 
vn -0.14764255285263062 -0.2860109210014343 -0.946783721446991 
vn -0.08252052962779999 -0.39065152406692505 -0.916832447052002 
vn -0.5432748198509216 -0.7599628567695618 -0.3568037748336792 
vn -0.34095677733421326 -0.7565127015113831 -0.5580654144287109 
vn -0.580048680305481 -0.8086466789245605 -0.0981530249118805 
vn -0.34095677733421326 -0.7565127015113831 -0.5580654144287109 
vn -0.5432748198509216 -0.7599628567695618 -0.3568037748336792 
vn -0.3328433036804199 -0.931634247303009 0.1458524912595749 
vn -0.45486176013946533 -0.8029432892799377 0.3852050006389618 
vn -0.2158747911453247 -0.7473717331886292 0.6283578276634216 
vn -0.18324173986911774 -0.551772952079773 0.8136147856712341 
vn -0.02632072940468788 -0.3943850100040436 0.9185682535171509 
vn 0.01868271268904209 -0.21592910587787628 0.976230263710022 
vn 0.029756659641861916 -0.007052457891404629 0.9995322823524475 
vn 0.05747494846582413 0.0535682737827301 0.9969087839126587 
vn 0.00753075210377574 0.450615257024765 0.8926864862442017 
vn -0.030020486563444138 0.3287639915943146 0.9439348578453064 
vn -0.16706329584121704 0.5531665682792664 0.8161473870277405 
vn 0.011247229762375355 0.16920937597751617 0.9855159521102905 
vn -0.09342515468597412 0.4528030455112457 0.8867024183273315 
vn 0.02933972142636776 0.10949733108282089 0.9935539960861206 
vn -0.009406066499650478 0.3627968430519104 0.931820809841156 
vn 0.09271948784589767 0.3339454233646393 0.9380210638046265 
vn 0.005658173467963934 0.8248690962791443 0.5652954578399658 
vn 0.0094197578728199 0.7639541625976562 0.6452018022537231 
vn -0.06791337579488754 0.9976696968078613 0.006554040592163801 
vn -0.580048680305481 -0.8086466789245605 -0.0981530249118805 
vn -0.40090838074684143 -0.6793068647384644 0.6146662831306458 
vn -0.08593667298555374 -0.43444210290908813 0.8965907096862793 
vn -0.01868271268904209 -0.21592910587787628 0.976230263710022 
vn 0.05900802090764046 -0.028416765853762627 0.9978529810905457 
vn 0.05205093324184418 -0.07540879398584366 0.9957932829856873 
vn 0.0430842787027359 0.007189494092017412 0.9990455508232117 
vn 0.1174631416797638 0.007465002592653036 0.9930492043495178 
vn 0.11504092812538147 0.07071539759635925 0.990840494632721 
vn 0.15960542857646942 0.07922882586717606 0.9839963912963867 
vn 0.1342681646347046 0.11049356311559677 0.9847655892372131 
vn 0.2803010046482086 0.1582147628068924 0.946783721446991 
vn 0.17281726002693176 0.18743737041950226 0.9669547080993652 
vn 0.04078180715441704 0.03949498012661934 0.9983872175216675 
vn 0.05117623880505562 0.081196628510952 0.9953833818435669 
vn 0.26070743799209595 0.0374840684235096 0.9646899104118347 
vn 0.1615130752325058 -0.05168980360031128 0.9855159521102905 
vn 0.09425538033246994 -0.06297942996025085 0.9935539960861206 
vn 0.04285377636551857 -0.19498787820339203 0.97986900806427 
vn 0.013141262345016003 -0.36675140261650085 0.9302261471748352 
vn 0.1311510056257248 -0.6569240689277649 0.7424622178077698 
vn 0.04313848167657852 -0.38885951042175293 0.9202865362167358 
vn 0.47940415143966675 -0.40883004665374756 0.7765498161315918 
vn 0.001878746203146875 -0.3791438043117523 0.9253358840942383 
vn -0.3666780889034271 -0.6702699661254883 0.6452018022537231 
vn -0.6046426296234131 -0.7962542176246643 -0.01966099627315998 
vn -0.02265329100191593 0.999721884727478 -0.006554040592163801 
vn -0.039599668234586716 0.8337020874023438 0.5507928133010864 
vn -0.045294955372810364 0.9989521503448486 0.006554040592163801 
vn -0.15018776059150696 0.8469274044036865 0.5100564956665039 
vn -0.13551314175128937 0.9907538890838623 -0.006554040592163801 
vn -0.21280422806739807 0.8597450256347656 0.4642767012119293 
vn -0.13704489171504974 0.8134247064590454 0.5652954578399658 
vn -0.2538083791732788 0.9618082046508789 -0.10250037163496017 
vn -0.19495578110218048 0.980108916759491 -0.03713129088282585 
vn -0.3666780889034271 -0.6702699661254883 0.6452018022537231 
vn -0.5329795479774475 -0.7124065160751343 0.456519216299057 
vn 0.001878746203146875 -0.3791438043117523 0.9253358840942383 
vn -0.124727763235569 -0.46912750601768494 0.87427818775177 
vn 0.47940415143966675 -0.40883004665374756 0.7765498161315918 
vn 0.4925282597541809 -0.022604510188102722 0.8700028657913208 
vn -0.05442729964852333 -0.49385321140289307 0.8678402304649353 
vn 0.4651889503002167 0.0675760805606842 0.882628321647644 
vn -0.009402327239513397 -0.49675437808036804 0.8678402304649353 
vn -0.009402327239513397 -0.49675437808036804 0.8678402304649353 
vn 0.14376111328601837 -0.5887147784233093 0.7954543828964233 
vn 0.850818932056427 -0.26018717885017395 0.456519216299057 
vn 0.5185749530792236 -0.7349377870559692 0.43697428703308105 
vn 0.7846031785011292 -0.533626914024353 -0.31565824151039124 
vn 0.18751636147499084 -0.9813845157623291 0.04149730131030083 
vn -0.28606289625167847 -0.9194710850715637 0.26970529556274414 
vn -0.44227334856987 -0.8314379453659058 0.3363112509250641 
vn -0.44892242550849915 -0.827866792678833 0.3363112509250641 
vn -0.4921818673610687 -0.792162299156189 0.36088213324546814 
vn -0.3096798062324524 0.9408900737762451 0.1372016966342926 
vn -0.9409087300300598 -0.27198323607444763 0.2017817199230194 
vn -0.3890427052974701 -0.8948422074317932 -0.21886809170246124 
vn -0.7807613015174866 -0.18346218764781952 -0.5972883701324463 
vn -0.4100379943847656 -0.46481093764305115 -0.7847417593002319 
vn 0.026424840092658997 -0.38631749153137207 -0.9219872951507568 
vn -0.005670416634529829 -0.20811937749385834 -0.9780870079994202 
vn 0.45039770007133484 -0.5993704795837402 -0.661737859249115 
vn 0.34275543689727783 -0.4955437481403351 -0.7980946898460388 
vn 0.6046426296234131 -0.7962542176246643 -0.01966099627315998 
vn 0.580048680305481 -0.8086466789245605 -0.0981530249118805 
vn -0.1847316473722458 -0.6833495497703552 -0.7063339352607727 
vn -0.23724763095378876 -0.24126002192497253 -0.9410139322280884 
vn -0.24036161601543427 -0.16714785993099213 -0.9561840295791626 
vn -0.2950952351093292 -0.09309825301170349 -0.9509214162826538 
vn -0.15423984825611115 -0.08029218763113022 -0.9847655892372131 
vn -0.2963411808013916 0.018871262669563293 -0.9548956751823425 
vn -0.11310683190822601 -0.007571611553430557 -0.9935539960861206 
vn -0.32077929377555847 0.026480523869395256 -0.946783721446991 
vn -0.12150704860687256 0.011371411383152008 -0.9925254583358765 
vn -0.2886411249637604 0.04897354543209076 -0.9561840295791626 
vn -0.12648461759090424 0.05851801484823227 -0.9902410507202148 
vn -0.11772456020116806 0.13376107811927795 -0.9839963912963867 
vn 0.003797774901613593 0.15228596329689026 -0.9883291721343994 
vn 0.041567135602235794 0.40514200925827026 -0.913308322429657 
vn 0.20456363260746002 0.6344755291938782 -0.7453821301460266 
vn 0.11668998748064041 0.8453656435012817 -0.5212872624397278 
vn 0.2538083791732788 0.9618082046508789 -0.10250037163496017 
vn 0.13551314175128937 0.9907538890838623 -0.006554040592163801 
vn 0.016343755647540092 -0.02049442008137703 -0.9996563792228699 
vn -0.02807697281241417 -0.033460833132267 -0.9990455508232117 
vn -0.05627940595149994 -0.0723077803850174 -0.9957932829856873 
vn -0.032719891518354416 0.06171626225113869 -0.9975572824478149 
vn 0.028210991993546486 0.18897700309753418 -0.9815762042999268 
vn 0.0640847310423851 0.4021952450275421 -0.913308322429657 
vn 0.17990678548812866 0.8318635821342468 -0.5250110030174255 
vn -0.019612373784184456 -0.02892608754336834 -0.999389111995697 
vn 0.14426712691783905 -0.28772827982902527 -0.946783721446991 
vn -0.030339833348989487 0.003832812188193202 -0.9995322823524475 
vn 0.08252052962779999 -0.39065152406692505 -0.916832447052002 
vn 0.34095677733421326 -0.7565127015113831 -0.5580654144287109 
vn 0.5401976704597473 -0.7621532678604126 -0.3568037748336792 
vn 0.015103200450539589 0.9998835325241089 0.002184694167226553 
vn 0.016984542831778526 0.8709123134613037 0.4911448359489441 
vn 0.015103200450539589 0.9998835325241089 -0.002184694167226553 
vn -0.033950403332710266 0.8616927266120911 0.5062933564186096 
vn -0.04529581964015961 0.9989712238311768 0.002184694167226553 
vn -0.13704489171504974 0.8134247064590454 0.5652954578399658 
vn -0.19495578110218048 0.980108916759491 -0.03713129088282585 
vn 0.00753398984670639 0.48918259143829346 0.872148871421814 
vn 0.00753075210377574 0.450615257024765 0.8926864862442017 
vn 0.09049693495035172 -0.9958751797676086 0.006554040592163801 
vn 0.0790276825428009 -0.7711325883865356 0.6317508816719055 
vn 0.19507868587970734 -0.9807267785072327 -0.010923261754214764 
vn 0.10153178125619888 -0.7399030327796936 0.6650074124336243 
vn 0.12563876807689667 -0.7028836011886597 0.7001210451126099 
vn -0.08737540245056152 -0.039716992527246475 0.9953833818435669 
vn 0.029756659641861916 0.007052457891404629 0.9995322823524475 
vn -0.25302034616470337 0.6933304667472839 0.67473965883255 
vn -0.1385623663663864 0.6941850185394287 0.7063339352607727 
vn -0.23193161189556122 0.9725334048271179 0.01966099627315998 
vn -0.20988060534000397 0.9777246117591858 -0.002184694167226553 
vn -0.08660823106765747 -0.2397865504026413 0.9669547080993652 
vn -0.1104603260755539 -0.11708109825849533 0.986960232257843 
vn -0.347771018743515 0.6576307415962219 0.6682642698287964 
vn -0.22446909546852112 0.9737735390663147 0.03713129088282585 
vn -0.2678140103816986 -0.09570079296827316 0.9587059020996094 
vn -0.9891909956932068 -0.13927596807479858 -0.04586252197623253 
vn -1.0335603087361506e-13 0.9994630813598633 0.03276457265019417 
vn -0.007548788096755743 0.9995682239532471 0.028397228568792343 
vn 0.49761760234832764 0.8669315576553345 0.028397228568792343 
vn 0.49772214889526367 0.8671136498451233 0.01966099627315998 
vn 0.8633302450180054 0.5042562484741211 0.01966099627315998 
vn 0.8672792315483093 0.49781718850135803 0.002184694167226553 
vn 0.9938886165618896 0.09042569249868393 0.0633138045668602 
vn 0.9999499917030334 0.0075516714714467525 -0.006554040592163801 
vn 0.8807201981544495 -0.2314298003911972 0.41324591636657715 
vn 0.8937132358551025 -0.44414857029914856 0.0633138045668602 
vn 0.5579503774642944 -0.7981144785881042 0.22738653421401978 
vn 0.869796097278595 -0.49127528071403503 -0.04586252197623253 
vn 0.5089030265808105 -0.858802855014801 -0.058952588587999344 
vn 0.5156280994415283 -0.8553390502929688 -0.05022686347365379 
vn 0.013208339922130108 -0.9981734156608582 -0.058952588587999344 
vn 0.020769355818629265 -0.9987318515777588 -0.04586252197623253 
vn -0.4927019774913788 -0.8684841394424438 -0.05459024757146835 
vn -0.48633503913879395 -0.8725679516792297 -0.04586252197623253 
vn -0.8641684651374817 -0.5011082887649536 -0.04586252197623253 
vn -0.8629016876220703 -0.5040059089660645 -0.03713129088282585 
vn -0.9995967149734497 -2.0673969535010134e-13 -0.028397228568792343 
vn -0.9995967149734497 -2.0673969535010134e-13 -0.028397228568792343 
vn -0.8672295808792114 0.497788667678833 -0.010923261754214764 
vn -0.8671136498451233 0.49772214889526367 -0.01966099627315998 
vn -0.5108591318130493 0.8596616387367249 0.002184694167226553 
vn -0.5108298659324646 0.8596124053001404 -0.010923261754214764 
vn -0.015102911740541458 0.9998644590377808 -0.006554040592163801 
vn -0.016986047849059105 0.9983643293380737 -0.05459024757146835 
vn -0.5043429136276245 0.8634786009788513 0.006554040592163801 
vn -0.8672626614570618 0.49780768156051636 -0.006554040592163801 
vn -0.9995967149734497 -2.0673969535010134e-13 -0.028397228568792343 
vn -0.8639868497848511 -0.5010029673576355 -0.05022686347365379 
vn -0.49244776368141174 -0.8680360317230225 -0.0633138045668602 
vn 0.011328878812491894 -0.9976431727409363 -0.06767380982637405 
vn -0.0037756175734102726 -0.9542372226715088 0.2990269064903259 
vn 0.47695690393447876 -0.3958439826965332 0.7847417593002319 
vn -0.5042080879211426 0.863247811794281 0.024029340595006943 
vn -0.8672626614570618 0.49780768156051636 0.006554040592163801 
vn -0.9999403357505798 -2.0681076480250776e-13 -0.010923261754214764 
vn -0.8881745934486389 -0.4576285779476166 0.04149730131030083 
vn -0.8731281757354736 -0.23134958744049072 0.42909738421440125 
vn -0.5602156519889832 -0.8044576048851013 0.1975002884864807 
vn -0.4785209000110626 -0.37747544050216675 0.7927988767623901 
vn -0.001880882540717721 -0.47776293754577637 0.8784868121147156 
vn -0.015103200450539589 0.9998835325241089 -0.002184694167226553 
vn -0.024538544937968254 0.8685770630836487 -0.4949462115764618 
vn -0.0340227335691452 0.5070359706878662 -0.8612531423568726 
vn -0.015103200450539589 0.9998835325241089 0.002184694167226553 
vn -0.013217856176197529 0.8666519522666931 -0.4987381398677826 
vn -0.015120557509362698 0.5004021525382996 -0.865661084651947 
vn -1.0341130485562108e-13 0.999997615814209 0.002184694167226553 
vn 0.0018883368466049433 0.8667506575584412 -0.4987381398677826 
vn -0.00756114162504673 0.500573456287384 -0.865661084651947 
vn 0.0018883368466049433 0.8667506575584412 -0.4987381398677826 
vn -0.0018909800564870238 0.504404604434967 -0.8634653687477112 
vn -0.017476677894592285 -3.6145805417514814e-15 -0.9998472929000854 
vn -0.00756114162504673 0.500573456287384 -0.865661084651947 
vn -0.017476677894592285 -3.6145805417514814e-15 -0.9998472929000854 
vn -0.03022732026875019 -0.49971717596054077 -0.865661084651947 
vn -0.09162852168083191 -1.895089682781622e-14 -0.9957932829856873 
vn -0.09384939819574356 -0.5032585263252258 -0.8590245246887207 
vn -0.733799397945404 -0.3713458478450775 -0.5688942670822144 
vn -0.5904595851898193 -0.7317579388618469 -0.34042292833328247 
vn -0.8273506164550781 -1.7111522431206144e-13 -0.5616858005523682 
vn -0.733799397945404 0.3713458478450775 -0.5688942670822144 
vn -0.08469124138355255 0.4972473978996277 -0.8634653687477112 
vn -0.005664974916726351 0.8667342066764832 -0.4987381398677826 
vn 0.007551815826445818 0.9999691247940063 -0.002184694167226553 
vn -0.0697745531797409 0.8661176562309265 -0.4949462115764618 
vn -0.571556806564331 0.7539144158363342 -0.3239381015300751 
vn -0.05283758416771889 0.99858158826828 0.006554040592163801 
vn -0.4034366011619568 0.9147963523864746 0.01966099627315998 
vn -1.0341130485562108e-13 0.999997615814209 0.002184694167226553 
vn -0.001887803548015654 0.7583425045013428 -0.651853621006012 
vn -1.0340933296291988e-13 0.9999785423278809 0.006554040592163801 
vn 0.3802618086338043 0.656115710735321 -0.651853621006012 
vn 0.5043525099754333 0.8634950518608093 0.002184694167226553 
vn 0.633668839931488 0.4007079005241394 -0.661737859249115 
vn 0.8438400030136108 0.5365904569625854 0.002184694167226553 
vn 0.9782038927078247 0.20251844823360443 0.04586252197623253 
vn 0.9809861183166504 0.1802152395248413 0.07203252613544464 
vn 0.9940552115440369 0.06791296601295471 0.08510008454322815 
vn 0.9555123448371887 0.007542444858700037 0.2948545813560486 
vn 0.9346339106559753 0.04526624083518982 0.3527185618877411 
vn 0.8807201981544495 -0.2314298003911972 0.41324591636657715 
vn 0.6464738845825195 -0.022617282345891 0.762600839138031 
vn 0.47695690393447876 -0.3958439826965332 0.7847417593002319 
vn 0.3029608130455017 -0.03751467913389206 0.9522643685340881 
vn -0.001880882540717721 -0.47776293754577637 0.8784868121147156 
vn -0.0018595322035253048 -0.0698285773396492 0.9975572824478149 
vn -0.3013676702976227 -0.04868391156196594 0.9522643685340881 
vn -0.336080938577652 -0.10010725259780884 0.9364978075027466 
vn -0.6528322100639343 -0.09767232835292816 0.7511792182922363 
vn -0.6824626326560974 -0.48464611172676086 0.5471406579017639 
vn -0.9055492877960205 -0.27876096963882446 0.3198012113571167 
vn -0.9236871600151062 -0.37545517086982727 0.0763898640871048 
vn -0.9955263733863831 -0.011318478733301163 0.09380380809307098 
vn -0.9995414018630981 -0.0302029550075531 0.002184694167226553 
vn -0.9947834014892578 0.09797760844230652 0.028397228568792343 
vn -0.6987371444702148 0.06418910622596741 -0.7124928832054138 
vn -0.9968854188919067 0.06415662914514542 0.04586252197623253 
vn -0.7033278346061707 0.045309681445360184 -0.7094202041625977 
vn -0.978756844997406 0.19877712428569794 0.05022686347365379 
vn -0.7226520776748657 0.1500011384487152 -0.67473965883255 
vn -0.8438238501548767 0.5365802049636841 0.006554040592163801 
vn -0.633668839931488 0.4007079005241394 -0.661737859249115 
vn -0.38352373242378235 0.6542143821716309 -0.651853621006012 
vn -0.7377080321311951 -0.02265446074306965 -0.67473965883255 
vn -0.935014009475708 -0.354604035615921 0.002184694167226553 
vn -0.7153633832931519 -0.6833610534667969 0.1458524912595749 
vn -0.3680756986141205 -0.6224560737609863 0.6907016038894653 
vn 0.0036895086523145437 -0.09155420958995819 0.9957932829856873 
vn 0.33713498711586 -0.09649805724620819 0.9364978075027466 
vn 0.6528322100639343 -0.09767232835292816 0.7511792182922363 
vn -0.6961458325386047 -0.2623049020767212 -0.6682642698287964 
vn -0.7384083271026611 -0.6743503212928772 0.002184694167226553 
vn -0.39446139335632324 -0.8992814421653748 0.18892620503902435 
vn 0.0037715123035013676 -0.669877290725708 0.7424622178077698 
vn 0.36656835675239563 -0.6198332905769348 0.6938546895980835 
vn 0.6790049076080322 -0.4812014400959015 0.5544344186782837 
vn 0.9037375450134277 -0.27500781416893005 0.3280687630176544 
vn 0.9083043336868286 -0.030167197808623314 0.417220801115036 
vn 0.9955620765686035 -0.007545743137598038 0.09380380809307098 
vn 0.9898967146873474 0.0979703739285469 0.10250037163496017 
vn 0.994015097618103 0.10548725724220276 0.028397228568792343 
vn 0.9968317151069641 0.0678563341498375 0.04149730131030083 
vn 0.7033278346061707 0.045309681445360184 -0.7094202041625977 
vn 0.7226520776748657 0.1500011384487152 -0.67473965883255 
vn -0.9942504167556763 0.08298425376415253 0.06767380982637405 
vn -0.863247811794281 0.5042080879211426 0.024029340595006943 
vn -0.5041503310203552 0.8631489276885986 0.028397228568792343 
vn -0.007548788096755743 0.9995682239532471 0.028397228568792343 
vn -1.0335603087361506e-13 0.9994630813598633 0.03276457265019417 
vn -0.015102911740541458 0.9998644590377808 0.006554040592163801 
vn -0.015102911740541458 0.9998644590377808 0.006554040592163801 
vn -0.0018859942210838199 -0.9785376787185669 0.2060592919588089 
vn -0.4104118347167969 -0.9118976593017578 0.002184694167226553 
vn 3.097898456858039e-13 -0.999997615814209 0.002184694167226553 
vn -0.3077009618282318 -0.6836835145950317 -0.661737859249115 
vn 2.3292682344543125e-13 -0.7497352957725525 -0.661737859249115 
vn -0.5496676564216614 -0.505599319934845 -0.6650074124336243 
vn -1.0340538240125388e-13 0.9999403357505798 0.010923261754214764 
vn 0.5043429136276245 0.8634786009788513 0.006554040592163801 
vn 0.8517991900444031 0.5237545371055603 0.010923261754214764 
vn 0.8633302450180054 0.5042562484741211 0.01966099627315998 
vn 0.9938886165618896 0.09042569249868393 0.0633138045668602 
vn 0.49761760234832764 0.8669315576553345 0.028397228568792343 
vn -1.0335603087361506e-13 0.9994630813598633 0.03276457265019417 
vn 0.19495578110218048 0.980108916759491 -0.03713129088282585 
vn -0.4785209000110626 -0.37747544050216675 0.7927988767623901 
vn -0.6494963765144348 -0.03013899363577366 0.7597671151161194 
vn -0.9336919784545898 0.03017275594174862 0.3568037748336792 
vn -0.9084216952323914 -0.02639743499457836 0.417220801115036 
vn -0.9910481572151184 0.090495765209198 0.0981530249118805 
vn -0.994305431842804 0.06414539366960526 0.08510008454322815 
vn -0.9803295731544495 0.1800946146249771 0.08074574917554855 
vn -0.8517504334449768 0.5237245559692383 0.0152922747656703 
vn -0.5043236613273621 0.8634456396102905 0.010923261754214764 
vn -0.5041503310203552 0.8631489276885986 0.028397228568792343 
vn -1.0335603087361506e-13 0.9994630813598633 0.03276457265019417 
vn -0.863247811794281 0.5042080879211426 0.024029340595006943 
vn -0.9942504167556763 0.08298425376415253 0.06767380982637405 
vn -0.9568139314651489 0.003771562362089753 0.29067665338516235 
vn -0.8731281757354736 -0.23134958744049072 0.42909738421440125 
vn -1.0340538240125388e-13 0.9999403357505798 0.010923261754214764 
vn -0.5043429136276245 0.8634786009788513 0.006554040592163801 
vn -1.0340933296291988e-13 0.9999785423278809 0.006554040592163801 
vn -0.001887803548015654 0.7583425045013428 -0.651853621006012 
vn 0.6983811259269714 0.06795341521501541 -0.7124928832054138 
vn 0.7377080321311951 -0.02265446074306965 -0.67473965883255 
vn 0.9995414018630981 -0.0302029550075531 0.002184694167226553 
vn 0.935014009475708 -0.354604035615921 0.002184694167226553 
vn 0.9239875674247742 -0.37557727098464966 0.07203252613544464 
vn 0.7384083271026611 -0.6743503212928772 0.002184694167226553 
vn 0.7153633832931519 -0.6833610534667969 0.1458524912595749 
vn 0.4104118347167969 -0.9118976593017578 0.002184694167226553 
vn 0.39100050926208496 -0.900791585445404 0.18892620503902435 
vn 3.097898456858039e-13 -0.999997615814209 0.002184694167226553 
vn -0.0018859942210838199 -0.9785376787185669 0.2060592919588089 
vn 0.36997929215431213 -0.6684533953666687 0.6452018022537231 
vn 0.001878746203146875 -0.3791438043117523 0.9253358840942383 
vn 0.5359951257705688 -0.7101404070854187 0.456519216299057 
vn 0.1283629983663559 -0.46814587712287903 0.87427818775177 
vn 0.05816422402858734 -0.493427038192749 0.8678402304649353 
vn -0.4923410713672638 -0.02636858820915222 0.8700028657913208 
vn -0.4651889503002167 0.0675760805606842 0.882628321647644 
vn -0.8207529187202454 0.4143856167793274 0.3932546079158783 
vn -0.7005078792572021 0.6058586239814758 0.37712597846984863 
vn -0.5243792533874512 0.7673669457435608 -0.3690181374549866 
vn -0.6076797842979431 0.687679648399353 0.3972681760787964 
vn -0.4107310175895691 0.8522700071334839 -0.3239381015300751 
vn -0.417522132396698 0.848963737487793 -0.3239381015300751 
vn -0.4304438531398773 0.13352493941783905 0.8926864862442017 
vn -0.6029281616210938 0.6895336508750916 0.401274174451828 
vn -0.5726151466369629 0.7258250713348389 -0.3811691105365753 
vn -0.7495428323745728 0.5725672245025635 0.33219319581985474 
vn -0.4275013506412506 0.12980400025844574 0.8946471214294434 
vn 0.005641611758619547 -0.4968113303184509 0.8678402304649353 
vn -0.573667049407959 0.026355884969234467 0.8186644315719604 
vn 0.013162503018975258 -0.4966689646244049 0.8678402304649353 
vn 0.44227334856987 -0.8314379453659058 0.3363112509250641 
vn 0.44892242550849915 -0.827866792678833 0.3363112509250641 
vn -0.14009597897529602 -0.5895977020263672 0.7954543828964233 
vn 0.28606289625167847 -0.9194710850715637 0.26970529556274414 
vn -0.8497081398963928 -0.2637920379638672 0.456519216299057 
vn -0.5216529965400696 -0.7327561974525452 0.43697428703308105 
vn -0.18751636147499084 -0.9813845157623291 0.04149730131030083 
vn -0.7824722528457642 -0.5367467403411865 -0.31565824151039124 
vn 0.4889749586582184 -0.7941458225250244 0.36088213324546814 
vn -0.0037714340724051 0.8667445182800293 0.4987381398677826 
vn 0.007551815826445818 0.9999691247940063 -0.002184694167226553 
vn -1.0341130485562108e-13 0.999997615814209 0.002184694167226553 
vn -0.8484717607498169 0.2677421569824219 -0.456519216299057 
vn -0.9843697547912598 0.15418854355812073 0.08510008454322815 
vn -0.8497081398963928 -0.2637920379638672 0.456519216299057 
vn -0.7824722528457642 -0.5367467403411865 -0.31565824151039124 
vn -0.7342528104782104 0.23062875866889954 -0.6385006904602051 
vn -0.9409087300300598 -0.27198323607444763 0.2017817199230194 
vn -0.7807613015174866 -0.18346218764781952 -0.5972883701324463 
vn -0.4818419814109802 -0.4059540033340454 0.7765498161315918 
vn 0.6948056221008301 -0.26583462953567505 -0.6682642698287964 
vn 0.5522183775901794 -0.5028120875358582 -0.6650074124336243 
vn 0.3077009618282318 -0.6836835145950317 -0.661737859249115 
vn 2.3292682344543125e-13 -0.7497352957725525 -0.661737859249115 
vn 0.34095677733421326 -0.7565127015113831 -0.5580654144287109 
vn 0.3328433036804199 -0.931634247303009 0.1458524912595749 
vn 0.5401976704597473 -0.7621532678604126 -0.3568037748336792 
vn 0.45486176013946533 -0.8029432892799377 0.3852050006389618 
vn 0.580048680305481 -0.8086466789245605 -0.0981530249118805 
vn 0.39765554666519165 -0.6812161207199097 0.6146662831306458 
vn 0.6046426296234131 -0.7962542176246643 -0.01966099627315998 
vn 0.36997929215431213 -0.6684533953666687 0.6452018022537231 
vn 0.2158747911453247 -0.7473717331886292 0.6283578276634216 
vn 0.18681198358535767 -0.5505744814872742 0.8136147856712341 
vn 0.08593667298555374 -0.43444210290908813 0.8965907096862793 
vn -0.046872328966856 -0.38842713832855225 0.9202865362167358 
vn 0.001878746203146875 -0.3791438043117523 0.9253358840942383 
vn -0.4818419814109802 -0.4059540033340454 0.7765498161315918 
vn 0.02632072940468788 -0.3943850100040436 0.9185682535171509 
vn -0.01868271268904209 -0.21592910587787628 0.976230263710022 
vn 0.01868271268904209 -0.21592910587787628 0.976230263710022 
vn -0.009387599304318428 -0.36686667799949646 0.9302261471748352 
vn -0.05205093324184418 -0.07540879398584366 0.9957932829856873 
vn -0.04651407524943352 -0.1941472589969635 0.97986900806427 
vn -0.09425538033246994 -0.06297942996025085 0.9935539960861206 
vn -0.0887012779712677 -0.09001309424638748 0.9919826984405518 
vn -0.1615130752325058 -0.05168980360031128 0.9855159521102905 
vn -0.2678140103816986 -0.09570079296827316 0.9587059020996094 
vn 0.00753777427598834 -0.6333979964256287 0.7737894654273987 
vn -0.1311510056257248 -0.6569240689277649 0.7424622178077698 
vn -0.2534697353839874 -0.9313891530036926 0.2612801790237427 
vn -0.09977657347917557 -0.9541221261024475 0.28230419754981995 
vn -0.12781375646591187 -0.9034197926521301 0.40926313400268555 
vn -0.09237305074930191 -0.9944568872451782 -0.05022686347365379 
vn 0.09049693495035172 -0.9958751797676086 0.006554040592163801 
vn 0.0790276825428009 -0.7711325883865356 0.6317508816719055 
vn -0.1063130795955658 -0.4657880365848541 0.8784868121147156 
vn -0.08660823106765747 -0.2397865504026413 0.9669547080993652 
vn 0.23931509256362915 -0.9709395170211792 -0.002184694167226553 
vn 0.18987852334976196 -0.6819373369216919 0.7063339352607727 
vn 0.2612491250038147 -0.9652689099311829 -0.002184694167226553 
vn 0.17724522948265076 -0.682134211063385 0.7094202041625977 
vn 0.25395211577415466 -0.9672143459320068 0.002184694167226553 
vn 0.25395211577415466 -0.9672143459320068 0.002184694167226553 
vn 0.008738672360777855 0 0.999961793422699 
vn 0.18260562419891357 -0.683920681476593 0.7063339352607727 
vn 0.25395211577415466 -0.9672143459320068 -0.002184694167226553 
vn -0.1515716165304184 0.6882942914962769 0.7094202041625977 
vn -0.1533152312040329 0.6910765171051025 0.7063339352607727 
vn -0.21725822985172272 0.9761117100715637 0.002184694167226553 
vn -0.21725822985172272 0.9761117100715637 -0.002184694167226553 
vn -0.21725822985172272 0.9761117100715637 -0.002184694167226553 
vn -0.9409087300300598 -0.27198323607444763 0.2017817199230194 
vn -0.3890427052974701 -0.8948422074317932 -0.21886809170246124 
vn -0.15410476922988892 -0.9802166223526001 -0.1242060661315918 
vn -0.3666780889034271 -0.6702699661254883 0.6452018022537231 
vn -0.6046426296234131 -0.7962542176246643 -0.01966099627315998 
vn -0.5329795479774475 -0.7124065160751343 0.456519216299057 
vn -0.6650465726852417 -0.6930858492851257 -0.2781098484992981 
vn -0.4921818673610687 -0.792162299156189 0.36088213324546814 
vn -0.6269801259040833 -0.6816685199737549 -0.37712597846984863 
vn -0.44892242550849915 -0.827866792678833 0.3363112509250641 
vn -0.6337505578994751 -0.668474018573761 -0.3892335295677185 
vn -0.6282460689544678 -0.6736498475074768 -0.3892335295677185 
vn -0.45556527376174927 -0.11587744206190109 -0.882628321647644 
vn -0.29001641273498535 -0.21817538142204285 -0.931820809841156 
vn 0.14078165590763092 0.39906370639801025 -0.9060511589050293 
vn 0.18969008326530457 -0.44682803750038147 -0.87427818775177 
vn 0.518927276134491 0.02265685237944126 -0.8545181155204773 
vn 0.7846031785011292 -0.533626914024353 -0.31565824151039124 
vn 0.8484717607498169 0.2677421569824219 -0.456519216299057 
vn -0.45039770007133484 -0.5993704795837402 -0.661737859249115 
vn -0.41896486282348633 -0.30066153407096863 -0.8567795157432556 
vn -0.4245169758796692 -0.1625521183013916 -0.8907088041305542 
vn -0.4652411639690399 -0.10868121683597565 -0.8784868121147156 
vn -0.030201680958271027 0.5185428261756897 -0.8545181155204773 
vn 0.42090773582458496 0.8472902774810791 -0.3239381015300751 
vn 0.5696451663970947 0.7281582951545715 -0.3811691105365753 
vn -0.026424840092658997 -0.38631749153137207 -0.9219872951507568 
vn 0.05591585487127304 0.19165107607841492 -0.97986900806427 
vn 0.03210225701332092 0.49580517411231995 -0.8678402304649353 
vn -0.04341825097799301 0.5287983417510986 -0.8476362228393555 
vn 0.4141298830509186 0.850623607635498 -0.3239381015300751 
vn 0.781616747379303 -0.17978274822235107 -0.5972883701324463 
vn 0.7342528104782104 0.23062875866889954 -0.6385006904602051 
vn 0.5212562680244446 0.7694917321205139 -0.3690181374549866 
vn 0.8889119029045105 -0.03776051476597786 -0.456519216299057 
vn 0.29188594222068787 0.022687170654535294 -0.9561840295791626 
vn 0.5248004198074341 -0.5888716578483582 -0.6146662831306458 
vn -0.028334302827715874 -0.45758548378944397 -0.888714075088501 
vn 0.19646067917346954 -0.8486341834068298 -0.4911448359489441 
vn -0.13342298567295074 -0.7107246518135071 -0.6907016038894653 
vn -0.33424481749534607 -0.8895180821418762 -0.31150925159454346 
vn -0.465580016374588 -0.776199460029602 -0.42514660954475403 
vn -0.6922293901443481 -0.710908830165863 -0.1242060661315918 
vn -0.7544941902160645 -0.6172128915786743 -0.22312943637371063 
vn -0.8986054062843323 -0.4375326633453369 -0.03276457265019417 
vn -0.9174497127532959 -0.3927815854549408 -0.0633138045668602 
vn -0.9993491172790527 -0.015095127746462822 0.03276457265019417 
vn -0.9982536435127258 -0.0037739125546067953 0.058952588587999344 
vn -0.9348354935646057 -0.35453635454177856 -0.01966099627315998 
vn -0.7837268114089966 -0.6067266464233398 -0.1328723281621933 
vn -0.5382658839225769 -0.8115202784538269 -0.22738653421401978 
vn -0.5742293000221252 -0.8186216354370117 0.010923261754214764 
vn -0.3046688437461853 -0.9523355960845947 -0.0152922747656703 
vn -0.5844357013702393 -0.8011943101882935 0.12854042649269104 
vn -0.30822497606277466 -0.9437312483787537 0.11986933648586273 
vn -0.5886421203613281 -0.793493926525116 0.15449213981628418 
vn -0.31683653593063354 -0.9385042786598206 0.1372016966342926 
vn -0.6172053813934326 -0.77827388048172 0.11553031951189041 
vn -0.29548874497413635 -0.9460609555244446 0.1328723281621933 
vn -0.27508318424224854 -0.9052035212516785 0.3239381015300751 
vn -0.0018863033037632704 -0.9402705430984497 0.34042292833328247 
vn 0.0037707537412643433 -0.6985492706298828 0.715552031993866 
vn 0.27508318424224854 -0.9052035212516785 0.3239381015300751 
vn 0.19329418241977692 -0.6680232286453247 0.7185974717140198 
vn 0.544809103012085 -0.7954214215278625 0.26549527049064636 
vn 0.38715580105781555 -0.5700850486755371 0.7246471047401428 
vn 0.6813669800758362 -0.709378182888031 0.18033768236637115 
vn 0.4714657664299011 -0.4076215326786041 0.7820260524749756 
vn 0.35617968440055847 -0.7601102590560913 0.5434780716896057 
vn 0.39711982011795044 -0.19601251184940338 0.8965907096862793 
vn 0.17318850755691528 -0.4697197675704956 0.865661084651947 
vn 0.271808385848999 0 0.962351381778717 
vn 0.07421137392520905 0 0.9972425103187561 
vn 0.6201574206352234 -0.7759236693382263 0.11553031951189041 
vn 0.2990891635417938 -0.9449288845062256 0.1328723281621933 
vn 0.001887112041004002 -0.9911313652992249 0.1328723281621933 
vn 0.003773920238018036 -0.9922492504119873 0.1242060661315918 
vn 0.31326043605804443 -0.9397040009498596 0.1372016966342926 
vn 0.30822497606277466 -0.9437312483787537 0.11986933648586273 
vn -0.0018866714090108871 -0.9933021664619446 0.11553031951189041 
vn 3.0973070245729484e-13 -0.9998067021369934 -0.01966099627315998 
vn -0.262778103351593 -0.918699324131012 -0.2948545813560486 
vn 2.935218257685279e-13 -0.9474846720695496 -0.3198012113571167 
vn -0.22190678119659424 -0.773423969745636 -0.5937783122062683 
vn 0.0018882822478190064 -0.799406886100769 -0.6007870435714722 
vn 0.0037773021031171083 -0.6468583345413208 -0.762600839138031 
vn 0.0037778534460812807 -0.3872017562389374 -0.9219872951507568 
vn -4.517018337602159e-15 0.043680015951395035 -0.9990455508232117 
vn -0.29156824946403503 0.026458777487277985 -0.9561840295791626 
vn 0.024560293182730675 -0.45780354738235474 -0.888714075088501 
vn 0.1297060251235962 -0.7114124298095703 -0.6907016038894653 
vn 0.2255362868309021 -0.772373378276825 -0.5937783122062683 
vn 0.26640644669532776 -0.9176537394523621 -0.2948545813560486 
vn 0.3046688437461853 -0.9523355960845947 -0.0152922747656703 
vn 0.5813804864883423 -0.803413987159729 0.12854042649269104 
vn 0.5886421203613281 -0.793493926525116 0.15449213981628418 
vn 0.7941679954528809 -0.5853964686393738 0.16312000155448914 
vn 0.822746217250824 -0.5679007172584534 0.024029340595006943 
vn 0.5904595851898193 -0.7317579388618469 -0.34042292833328247 
vn 0.4976746141910553 -0.8670308589935303 -0.024029340595006943 
vn 0.46233758330345154 -0.7781351208686829 -0.42514660954475403 
vn 0.5382658839225769 -0.8115202784538269 -0.22738653421401978 
vn 0.5742293000221252 -0.8186216354370117 0.010923261754214764 
vn 0.7991433143615723 -0.5852739810943604 0.1372016966342926 
vn 0.9398712515830994 -0.3045886158943176 0.15449213981628418 
vn 0.9540624618530273 -0.2972978949546814 -0.03713129088282585 
vn 0.733799397945404 -0.3713458478450775 -0.5688942670822144 
vn 0.756879448890686 -0.6142855882644653 -0.22312943637371063 
vn 0.7814106941223145 -0.609706699848175 -0.1328723281621933 
vn 0.7945509552955627 -0.6043288707733154 0.058952588587999344 
vn 0.9406204223632812 -0.3044356405735016 0.15017375349998474 
vn 0.9872807264328003 -0.007546701468527317 0.15880759060382843 
vn 0.9982322454452515 -0.007547771092504263 0.058952588587999344 
vn 0.9422454833984375 -0.31885281205177307 0.10250037163496017 
vn 0.9348354935646057 -0.35453635454177856 -0.01966099627315998 
vn 0.9189280867576599 -0.38931038975715637 -0.0633138045668602 
vn 0.8986054062843323 -0.4375326633453369 -0.03276457265019417 
vn 0.9993491172790527 -0.015095127746462822 0.03276457265019417 
vn 0.9993401765823364 -0.022644642740488052 0.028397228568792343 
vn 0.6922293901443481 -0.710908830165863 -0.1242060661315918 
vn 0.330709308385849 -0.8908385634422302 -0.31150925159454346 
vn -0.1927815079689026 -0.8494775295257568 -0.4911448359489441 
vn -0.5248004198074341 -0.5888716578483582 -0.6146662831306458 
vn -0.8889119029045105 -0.03776051476597786 -0.456519216299057 
vn 0.29188594222068787 0.022687170654535294 -0.9561840295791626 
vn 0.7386538982391357 0.4657208323478699 -0.48733407258987427 
vn 0.44831767678260803 0.8495093584060669 -0.2781098484992981 
vn -0.2393212914466858 0.95639568567276 -0.16742929816246033 
vn -0.45549362897872925 0.8191367387771606 -0.34862664341926575 
vn -0.6966902613639832 0.708702802658081 -0.1111890971660614 
vn -0.7505568861961365 0.6292443871498108 -0.2017817199230194 
vn -0.9149186015129089 0.40349051356315613 -0.010923261754214764 
vn -0.934746265411377 0.35450249910354614 -0.024029340595006943 
vn -0.9993491172790527 -0.015095127746462822 0.03276457265019417 
vn -0.9982536435127258 -0.0037739125546067953 0.058952588587999344 
vn -0.940263032913208 0.34044185280799866 -0.002184694167226553 
vn -0.9916970729827881 -0.0037763919681310654 0.12854042649269104 
vn -0.9400169849395752 0.3224981725215912 0.1111890971660614 
vn -0.7671776413917542 0.6338804960250854 -0.0981530249118805 
vn -0.530327320098877 0.8179035186767578 -0.22312943637371063 
vn -0.7876459956169128 0.6133012175559998 0.058952588587999344 
vn -0.5742622017860413 0.8186684846878052 -0.002184694167226553 
vn -0.9394514560699463 0.30802398920059204 0.15017375349998474 
vn -0.7982031106948853 0.585526704788208 0.1415284425020218 
vn -0.9886524081230164 -0.0037739467807114124 0.15017375349998474 
vn -0.9413513541221619 0.3042772114276886 0.1458524912595749 
vn -0.9872807264328003 -0.007546701468527317 0.15880759060382843 
vn -0.9982536435127258 -0.0037739125546067953 0.058952588587999344 
vn -0.9565544128417969 0.29016759991645813 -0.028397228568792343 
vn -0.733799397945404 0.3713458478450775 -0.5688942670822144 
vn 0.2393212914466858 0.95639568567276 -0.16742929816246033 
vn 0.12235891819000244 0.9884465336799622 -0.08945280313491821 
vn -0.44497403502464294 0.851265549659729 -0.2781098484992981 
vn -0.5214812159538269 0.8428536653518677 -0.1328723281621933 
vn -0.7386538982391357 0.4657208323478699 -0.48733407258987427 
vn -0.9004382491111755 0.41687387228012085 -0.1242060661315918 
vn -0.8889119029045105 -0.03776051476597786 -0.456519216299057 
vn -0.9933299422264099 -0.052814092487096786 -0.10250037163496017 
vn -0.8375524878501892 -0.5227676033973694 -0.15880759060382843 
vn -0.8468102812767029 -0.5201436281204224 -0.1111890971660614 
vn -0.4645353853702545 -0.8800982236862183 -0.0981530249118805 
vn -0.48116374015808105 -0.8736662864685059 -0.07203252613544464 
vn 0.01888074353337288 -0.9975288510322571 -0.06767380982637405 
vn 0.51573646068573 -0.8555188775062561 -0.04586252197623253 
vn 0.5104203224182129 -0.8589231967926025 -0.04149730131030083 
vn 0.8669315576553345 -0.49761760234832764 -0.028397228568792343 
vn 0.8705483675003052 -0.49099084734916687 -0.03276457265019417 
vn 0.999711275100708 0 -0.024029340595006943 
vn 0.9995967149734497 0 -0.028397228568792343 
vn 0.8671136498451233 0.49772214889526367 -0.01966099627315998 
vn 0.8633302450180054 0.5042562484741211 -0.01966099627315998 
vn 0.4975510835647583 0.8668156862258911 -0.03276457265019417 
vn 0.4846339225769043 0.8746488690376282 -0.010923261754214764 
vn -0.016986047849059105 0.9983643293380737 -0.05459024757146835 
vn -0.015102911740541458 0.9998644590377808 -0.006554040592163801 
vn 0.8704153895378113 -0.49091583490371704 -0.03713129088282585 
vn 0.9995967149734497 0 -0.028397228568792343 
vn 0.863396167755127 0.504294753074646 -0.0152922747656703 
vn 0.48466166853904724 0.8746989965438843 -0.002184694167226553 
vn -0.015102911740541458 0.9998644590377808 0.006554040592163801 
vn 0.9995967149734497 0 -0.028397228568792343 
vn 0.8634456396102905 0.5043236613273621 -0.010923261754214764 
vn 0.49125343561172485 0.8710139393806458 0.002184694167226553 
vn -0.015102911740541458 0.9998644590377808 0.006554040592163801 
vn -0.5248004198074341 -0.5888716578483582 -0.6146662831306458 
vn -0.411735862493515 -0.894138753414154 -0.1760382205247879 
vn -0.1927815079689026 -0.8494775295257568 -0.4911448359489441 
vn 0.12238096445798874 -0.9789866209030151 -0.16312000155448914 
vn 0.330709308385849 -0.8908385634422302 -0.31150925159454346 
vn 0.6016075611114502 -0.7959199547767639 -0.06767380982637405 
vn 0.6922293901443481 -0.710908830165863 -0.1242060661315918 
vn 0.8707644939422607 -0.49111276865005493 -0.024029340595006943 
vn 0.8986054062843323 -0.4375326633453369 -0.03276457265019417 
vn 0.9996264576911926 -0.022651128470897675 -0.0152922747656703 
vn 0.9993401765823364 -0.022644642740488052 0.028397228568792343 
vn 0.9149186015129089 0.40349051356315613 -0.010923261754214764 
vn 0.04904209449887276 -0.9958711862564087 -0.0763898640871048 
vn 0.5488021373748779 -0.834921658039093 -0.04149730131030083 
vn 0.8707644939422607 -0.49111276865005493 -0.024029340595006943 
vn 0.999854564666748 -0.007550950627774 -0.0152922747656703 
vn 0.8782837986946106 0.47801488637924194 -0.010923261754214764 
vn 0.5616069436073303 0.8269166946411133 -0.028397228568792343 
vn 0.054742466658353806 0.9952303171157837 -0.08074574917554855 
vn 0.12235891819000244 0.9884465336799622 -0.08945280313491821 
vn 0.6281040906906128 0.77724289894104 -0.03713129088282585 
vn 0.892269492149353 0.45124414563179016 -0.0152922747656703 
vn 0.2393212914466858 0.95639568567276 -0.16742929816246033 
vn 0.6939930319786072 0.7113442420959473 -0.1111890971660614 
vn 0.054742466658353806 0.9952303171157837 -0.08074574917554855 
vn -0.5201792120933533 0.8456032872200012 -0.11986933648586273 
vn -0.8872742056846619 0.44763991236686707 -0.1111890971660614 
vn -0.9951635599136353 -0.0490664578974247 -0.08510008454322815 
vn -0.9980824589729309 -0.01886848360300064 -0.058952588587999344 
vn -0.8570336699485779 -0.5107969045639038 -0.06767380982637405 
vn -0.5073940753936768 0.8586981892585754 -0.07203252613544464 
vn -0.8718388080596924 0.48446714878082275 -0.07203252613544464 
vn 0.36997929215431213 -0.6684533953666687 0.6452018022537231 
vn 0.5359951257705688 -0.7101404070854187 0.456519216299057 
vn 0.6046426296234131 -0.7962542176246643 -0.01966099627315998 
vn 0.6623163223266602 -0.6956953406333923 -0.2781098484992981 
vn 0.45039770007133484 -0.5993704795837402 -0.661737859249115 
vn 0.4211553633213043 -0.2975853979587555 -0.8567795157432556 
vn 0.026424840092658997 -0.38631749153137207 -0.9219872951507568 
vn -0.05591585487127304 0.19165107607841492 -0.97986900806427 
vn -0.7807613015174866 -0.18346218764781952 -0.5972883701324463 
vn -0.7342528104782104 0.23062875866889954 -0.6385006904602051 
vn 0.4889749586582184 -0.7941458225250244 0.36088213324546814 
vn 0.629752516746521 -0.6791080832481384 -0.37712597846984863 
vn 0.4245169758796692 -0.1625521183013916 -0.8907088041305542 
vn -0.03587276488542557 0.4955466389656067 -0.8678402304649353 
vn -0.5243792533874512 0.7673669457435608 -0.3690181374549866 
vn 0.44892242550849915 -0.827866792678833 0.3363112509250641 
vn 0.6337505578994751 -0.668474018573761 -0.3892335295677185 
vn 0.46608662605285645 -0.10499624907970428 -0.8784868121147156 
vn 0.04718416929244995 0.5284756422042847 -0.8476362228393555 
vn -0.4107310175895691 0.8522700071334839 -0.3239381015300751 
vn 0.030201680958271027 0.5185428261756897 -0.8545181155204773 
vn -0.417522132396698 0.848963737487793 -0.3239381015300751 
vn -0.14078165590763092 0.39906370639801025 -0.9060511589050293 
vn -0.5726151466369629 0.7258250713348389 -0.3811691105365753 
vn -0.518927276134491 0.02265685237944126 -0.8545181155204773 
vn -0.8484717607498169 0.2677421569824219 -0.456519216299057 
vn -0.7824722528457642 -0.5367467403411865 -0.31565824151039124 
vn -0.1862010955810547 -0.44829317927360535 -0.87427818775177 
vn 0.29001641273498535 -0.21817538142204285 -0.931820809841156 
vn 0.45648160576820374 -0.1122133806347847 -0.882628321647644 
vn 0.6282460689544678 -0.6736498475074768 -0.3892335295677185 
vn 0.44227334856987 -0.8314379453659058 0.3363112509250641 
vn 0.4683631956577301 -0.7633957266807556 -0.44481781125068665 
vn -0.05473891645669937 -0.862830638885498 -0.5025205612182617 
vn -0.1862010955810547 -0.44829317927360535 -0.87427818775177 
vn -0.7824722528457642 -0.5367467403411865 -0.31565824151039124 
vn -0.18751636147499084 -0.9813845157623291 0.04149730131030083 
vn 0.28606289625167847 -0.9194710850715637 0.26970529556274414 
vn -1.0335603087361506e-13 0.9994630813598633 0.03276457265019417 
vn 0.007548788096755743 0.9995682239532471 0.028397228568792343 
vn 0.5041503310203552 0.8631489276885986 0.028397228568792343 
vn 0.5042080879211426 0.863247811794281 0.024029340595006943 
vn 0.863247811794281 0.5042080879211426 0.024029340595006943 
vn 0.8672626614570618 0.49780768156051636 0.006554040592163801 
vn 0.9942504167556763 0.08298425376415253 0.06767380982637405 
vn 0.9999403357505798 0 -0.010923261754214764 
vn 0.8731281757354736 -0.23134958744049072 0.42909738421440125 
vn 0.8881745934486389 -0.4576285779476166 0.04149730131030083 
vn 0.5602156519889832 -0.8044576048851013 0.1975002884864807 
vn 0.865874707698822 -0.49773308634757996 -0.05022686347365379 
vn 0.4891626536846161 -0.8698915243148804 -0.0633138045668602 
vn 0.48941513895988464 -0.8703405857086182 -0.05459024757146835 
vn -0.016981827095150948 -0.9981163144111633 -0.058952588587999344 
vn -0.016993513330817223 -0.9988031983375549 -0.04586252197623253 
vn -0.5123907923698425 -0.857282280921936 -0.05022686347365379 
vn -0.5104203224182129 -0.8589231967926025 -0.04149730131030083 
vn -0.8704153895378113 -0.49091583490371704 -0.03713129088282585 
vn -0.8705483675003052 -0.49099084734916687 -0.03276457265019417 
vn -0.9995967149734497 -2.0673969535010134e-13 -0.028397228568792343 
vn -0.9995967149734497 -2.0673969535010134e-13 -0.028397228568792343 
vn -0.863396167755127 0.504294753074646 -0.0152922747656703 
vn -0.8633302450180054 0.5042562484741211 -0.01966099627315998 
vn -0.48466166853904724 0.8746989965438843 -0.002184694167226553 
vn -0.4846339225769043 0.8746488690376282 -0.010923261754214764 
vn 0.015102911740541458 0.9998644590377808 0.006554040592163801 
vn 0.015102911740541458 0.9998644590377808 -0.006554040592163801 
vn 0.015102911740541458 0.9998644590377808 0.006554040592163801 
vn -0.49125343561172485 0.8710139393806458 0.002184694167226553 
vn -0.8634456396102905 0.5043236613273621 -0.010923261754214764 
vn -0.9995967149734497 -2.0673969535010134e-13 -0.028397228568792343 
vn -0.8679326176643372 -0.49456003308296204 -0.04586252197623253 
vn -0.505652666091919 -0.8607205748558044 -0.058952588587999344 
vn -0.011328878812491894 -0.9976431727409363 -0.06767380982637405 
vn 0.0037756175734102726 -0.9542372226715088 0.2990269064903259 
vn 0.4785209000110626 -0.37747544050216675 0.7927988767623901 
vn 0.007548788096755743 0.9995682239532471 0.028397228568792343 
vn -0.49772214889526367 0.8671136498451233 0.01966099627315998 
vn -0.8672792315483093 0.49781718850135803 0.002184694167226553 
vn -0.9999499917030334 0.0075516714714467525 -0.006554040592163801 
vn -0.8953859806060791 -0.44076672196388245 0.0633138045668602 
vn -0.8807201981544495 -0.2314298003911972 0.41324591636657715 
vn -0.5610378384590149 -0.7959471940994263 0.22738653421401978 
vn -0.4793534576892853 -0.39293843507766724 0.7847417593002319 
vn 0.005642530974000692 -0.477733314037323 0.8784868121147156 
vn -0.9942233562469482 0.08666766434907913 0.0633138045668602 
vn -0.8633302450180054 0.5042562484741211 0.01966099627315998 
vn -0.49761760234832764 0.8669315576553345 0.028397228568792343 
vn -1.0335603087361506e-13 0.9994630813598633 0.03276457265019417 
vn 0.9993401765823364 -0.022644642740488052 0.028397228568792343 
vn 0.07421137392520905 0 0.9972425103187561 
vn 0.16819216310977936 0.4835165739059448 0.8590245246887207 
vn 0.271808385848999 0 0.962351381778717 
vn 0.4035467207431793 0.18241462111473083 0.8965907096862793 
vn 0.6827613711357117 0 0.7306414246559143 
vn 0.655586302280426 0.17891795933246613 0.7336177229881287 
vn 0.8955892324447632 0.007553404662758112 -0.44481781125068665 
vn 0.8413772583007812 0.28926554322242737 -0.456519216299057 
vn 0.3152093291282654 0.8188685178756714 0.4796847105026245 
vn 0.4034366011619568 0.9147963523864746 0.01966099627315998 
vn 0.5685427188873291 0.7561900019645691 -0.3239381015300751 
vn 0.9565544128417969 0.29016759991645813 -0.028397228568792343 
vn 0.9982322454452515 -0.007547771092504263 0.058952588587999344 
vn 0.9872807264328003 -0.007546701468527317 0.15880759060382843 
vn 0.733799397945404 0.3713458478450775 -0.5688942670822144 
vn -0.15410476922988892 -0.9802166223526001 -0.1242060661315918 
vn -0.17208623886108398 -0.7054654359817505 -0.6875353455543518 
vn -0.24092359840869904 -0.10643891245126724 -0.9646899104118347 
vn -0.44875532388687134 0.09383998811244965 -0.888714075088501 
vn -0.4330819845199585 0.0714622363448143 -0.8985171914100647 
vn -0.09237305074930191 -0.9944568872451782 -0.05022686347365379 
vn -0.08295167237520218 -0.765137791633606 -0.6385006904602051 
vn -0.4572000205516815 -0.033991627395153046 -0.888714075088501 
vn -0.3258070647716522 -0.011335416696965694 -0.9453682899475098 
vn -0.28205591440200806 0.09283686429262161 -0.9548956751823425 
vn -0.08255601674318314 0.4150371253490448 -0.9060511589050293 
vn -0.20829688012599945 0.34063270688056946 -0.916832447052002 
vn -0.01132773607969284 0.8533061146736145 -0.5212872624397278 
vn -0.2708207368850708 0.13162033259868622 -0.953589141368866 
vn -0.09044837206602097 0.8123883008956909 -0.5760593414306641 
vn 0.045294955372810364 0.9989521503448486 0.006554040592163801 
vn -0.07171119004487991 0.769067645072937 -0.6351318359375 
vn 0.02265329100191593 0.999721884727478 -0.006554040592163801 
vn 0.8273506164550781 0 -0.5616858005523682 
vn -0.356575071811676 0.0675591304898262 -0.931820809841156 
vn -0.06791337579488754 0.9976696968078613 0.006554040592163801 
vn 0.0094197578728199 0.7639541625976562 0.6452018022537231 
vn -0.11302325129508972 0.9934746623039246 0.0152922747656703 
vn 0.02639746479690075 0.7607279419898987 0.6485338807106018 
vn -0.1895577609539032 0.9807978868484497 0.04586252197623253 
vn -0.07340296357870102 0.7224314212799072 0.6875353455543518 
vn -0.18260562419891357 0.683920681476593 0.7063339352607727 
vn 0 0 1 
vn -0.008211665786802769 -0.0029888020362704992 0.999961793422699 
vn 0.19180649518966675 -0.6781837940216064 0.7094202041625977 
vn 0.1699337214231491 -0.683992326259613 0.7094202041625977 
vn 0.2685312330722809 -0.963268518447876 0.002184694167226553 
vn 0.2466406375169754 -0.969104528427124 0.002184694167226553 
vn 0.38386568427085876 -0.6020611524581909 0.7001210451126099 
vn 0.14133282005786896 0.043966155499219894 0.9889853596687317 
vn 0.2422683835029602 0.12323081493377686 0.962351381778717 
vn 0.9886596202850342 0 0.15017375349998474 
vn 0.9886596202850342 0 0.15017375349998474 
vn 0.9917042851448059 0 0.12854042649269104 
vn 0.9982322454452515 -0.007547771092504263 0.058952588587999344 
vn 0.17281726002693176 0.18743737041950226 0.9669547080993652 
vn 0.4993574619293213 -0.55534428358078 0.6650074124336243 
vn 0.3895370066165924 -0.9206972718238831 -0.024029340595006943 
vn 0.3332359790802002 -0.9425371885299683 -0.024029340595006943 
vn 0.8677997589111328 0.48431453108787537 0.1111890971660614 
vn 0.2803010046482086 0.1582147628068924 0.946783721446991 
vn 0.939853310585022 -0.2756081223487854 0.2017817199230194 
vn 0.781616747379303 -0.17978274822235107 -0.5972883701324463 
vn 0.3890427052974701 -0.8948422074317932 -0.21886809170246124 
vn 0.40719494223594666 -0.4673035740852356 -0.7847417593002319 
vn 0.18108420073986053 -0.684325098991394 -0.7063339352607727 
vn 0.23993003368377686 -0.23859256505966187 -0.9410139322280884 
vn 0.17208623886108398 -0.7054654359817505 -0.6875353455543518 
vn 0.24242563545703888 -0.10297198593616486 -0.9646899104118347 
vn 0.08295167237520218 -0.765137791633606 -0.6385006904602051 
vn 0.15410476922988892 -0.9802166223526001 -0.1242060661315918 
vn 0.088612861931324 -0.9947989583015442 -0.05022686347365379 
vn -0.09049693495035172 -0.9958751797676086 0.006554040592163801 
vn -0.001887803548015654 0.7583425045013428 -0.651853621006012 
vn -0.38352373242378235 0.6542143821716309 -0.651853621006012 
vn -1.0340933296291988e-13 0.9999785423278809 0.006554040592163801 
vn -0.5043525099754333 0.8634950518608093 0.002184694167226553 
vn -1.0340538240125388e-13 0.9999403357505798 0.010923261754214764 
vn -0.5043429136276245 0.8634786009788513 0.006554040592163801 
vn -1.0335603087361506e-13 0.9994630813598633 0.03276457265019417 
vn -0.49761760234832764 0.8669315576553345 0.028397228568792343 
vn -0.633668839931488 0.4007079005241394 -0.661737859249115 
vn -0.8438400030136108 0.5365904569625854 0.002184694167226553 
vn -0.8517991900444031 0.5237545371055603 0.010923261754214764 
vn -0.8633302450180054 0.5042562484741211 0.01966099627315998 
vn -0.9809861183166504 0.1802152395248413 0.07203252613544464 
vn -0.9789625406265259 0.19881890714168549 0.04586252197623253 
vn -0.7226520776748657 0.1500011384487152 -0.67473965883255 
vn -0.9968317151069641 0.0678563341498375 0.04149730131030083 
vn -0.9937907457351685 0.07167955487966537 0.08510008454322815 
vn -0.9555123448371887 0.007542444858700037 0.2948545813560486 
vn -0.9942233562469482 0.08666766434907913 0.0633138045668602 
vn -0.8807201981544495 -0.2314298003911972 0.41324591636657715 
vn -0.9344437718391418 0.049035102128982544 0.3527185618877411 
vn -0.9898967146873474 0.0979703739285469 0.10250037163496017 
vn -0.994015097618103 0.10548725724220276 0.028397228568792343 
vn -0.7033278346061707 0.045309681445360184 -0.7094202041625977 
vn -0.6980047821998596 0.07171575725078583 -0.7124928832054138 
vn -0.9955835342407227 -0.0037728985771536827 0.09380380809307098 
vn -0.9084216952323914 -0.02639743499457836 0.417220801115036 
vn -0.6528322100639343 -0.09767232835292816 0.7511792182922363 
vn -0.6465947031974792 -0.018848909065127373 0.762600839138031 
vn -0.30247563123703003 -0.041244205087423325 0.9522643685340881 
vn -0.4793534576892853 -0.39293843507766724 0.7847417593002319 
vn 0.005642530974000692 -0.477733314037323 0.8784868121147156 
vn 0.6827613711357117 0 0.7306414246559143 
vn 0.6654759645462036 -0.1789645403623581 0.7246471047401428 
vn 0.5910298824310303 -0.37820303440093994 0.7124928832054138 
vn 0.44334420561790466 -0.5973849892616272 0.6682642698287964 
vn 0.2010238915681839 -0.7162487506866455 0.6682642698287964 
vn 0.0018842883873730898 -0.7497329711914062 0.661737859249115 
vn -0.2010238915681839 -0.7162487506866455 0.6682642698287964 
vn -0.0018893282394856215 -0.8936669826507568 -0.4487268626689911 
vn -0.28926554322242737 -0.8413772583007812 -0.456519216299057 
vn 0.8955892324447632 0.007553404662758112 -0.44481781125068665 
vn 0.8544394373893738 -0.2748458683490753 -0.4409002661705017 
vn 0.7061933279037476 -0.5345447659492493 -0.4642767012119293 
vn 0.5148041844367981 -0.7182057499885559 -0.46814218163490295 
vn 0.28926554322242737 -0.8413772583007812 -0.456519216299057 
vn -0.026424840092658997 -0.38631749153137207 -0.9219872951507568 
vn 0.23818063735961914 -0.17024129629135132 -0.9561840295791626 
vn 0.29621121287345886 -0.08948411792516708 -0.9509214162826538 
vn 0.44951385259628296 0.0901365578174591 -0.888714075088501 
vn 0.06791337579488754 0.9976696968078613 0.006554040592163801 
vn 0.11302325129508972 0.9934746623039246 0.0152922747656703 
vn -0.013187340460717678 0.7638983726501465 0.6452018022537231 
vn -0.02639746479690075 0.7607279419898987 0.6485338807106018 
vn -0.2405397742986679 0.12657180428504944 0.962351381778717 
vn -0.1423930525779724 0.040400564670562744 0.9889853596687317 
vn -0.38068145513534546 -0.60407954454422 0.7001210451126099 
vn 0 0 1 
vn -0.18817415833473206 -0.6792005896568298 0.7094202041625977 
vn 0.008738672360777855 0 0.999961793422699 
vn -0.1735919713973999 -0.6830730438232422 0.7094202041625977 
vn -0.17531202733516693 -0.6858265399932861 0.7063339352607727 
vn -0.2466406375169754 -0.969104528427124 0.002184694167226553 
vn -0.2466406375169754 -0.969104528427124 -0.002184694167226553 
vn -0.2466406375169754 -0.969104528427124 0.002184694167226553 
vn -0.2685312330722809 -0.963268518447876 0.002184694167226553 
vn -0.3332359790802002 -0.9425371885299683 -0.024029340595006943 
vn -0.3895370066165924 -0.9206972718238831 -0.024029340595006943 
vn -0.4993574619293213 -0.55534428358078 0.6650074124336243 
vn -0.8659536838531494 0.48760759830474854 0.1111890971660614 
vn -0.2821296155452728 0.1549304723739624 0.946783721446991 
vn -0.1700340062379837 0.18996581435203552 0.9669547080993652 
vn 2.3292682344543125e-13 -0.7497352957725525 -0.661737859249115 
vn 0.3077009618282318 -0.6836835145950317 -0.661737859249115 
vn 3.097898456858039e-13 -0.999997615814209 0.002184694167226553 
vn 0.4104118347167969 -0.9118976593017578 0.002184694167226553 
vn -0.0018859942210838199 -0.9785376787185669 0.2060592919588089 
vn 0.39100050926208496 -0.900791585445404 0.18892620503902435 
vn -0.0037715123035013676 -0.669877290725708 0.7424622178077698 
vn 0.3648277819156647 -0.6243652701377869 0.6907016038894653 
vn -0.0036895086523145437 -0.09155420958995819 0.9957932829856873 
vn 0.33713498711586 -0.09649805724620819 0.9364978075027466 
vn -0.0018595322035253048 -0.0698285773396492 0.9975572824478149 
vn 0.3019445836544037 -0.044967472553253174 0.9522643685340881 
vn 0.4785209000110626 -0.37747544050216675 0.7927988767623901 
vn 0.5522183775901794 -0.5028120875358582 -0.6650074124336243 
vn 0.7384083271026611 -0.6743503212928772 0.002184694167226553 
vn 0.7153633832931519 -0.6833610534667969 0.1458524912595749 
vn 0.6802712678909302 -0.48771724104881287 0.5471406579017639 
vn 0.6528322100639343 -0.09767232835292816 0.7511792182922363 
vn 0.6494963765144348 -0.03013899363577366 0.7597671151161194 
vn 0.8731281757354736 -0.23134958744049072 0.42909738421440125 
vn 0.6948056221008301 -0.26583462953567505 -0.6682642698287964 
vn 0.935014009475708 -0.354604035615921 0.002184694167226553 
vn 0.9236871600151062 -0.37545517086982727 0.0763898640871048 
vn 0.9044321775436401 -0.2823643982410431 0.3198012113571167 
vn 0.9083043336868286 -0.030167197808623314 0.417220801115036 
vn 0.9336919784545898 0.03017275594174862 0.3568037748336792 
vn 0.9910481572151184 0.090495765209198 0.0981530249118805 
vn 0.9940552115440369 0.06791296601295471 0.08510008454322815 
vn 0.9971208572387695 0.06038745865225792 0.04586252197623253 
vn 0.9795013070106506 0.19507552683353424 0.05022686347365379 
vn 0.7033278346061707 0.045309681445360184 -0.7094202041625977 
vn 0.7226520776748657 0.1500011384487152 -0.67473965883255 
vn 0.8438238501548767 0.5365802049636841 0.006554040592163801 
vn 0.9803295731544495 0.1800946146249771 0.08074574917554855 
vn 0.9567916393280029 0.0075430660508573055 0.29067665338516235 
vn 0.9942504167556763 0.08298425376415253 0.06767380982637405 
vn 0.863247811794281 0.5042080879211426 0.024029340595006943 
vn 0.8517504334449768 0.5237245559692383 0.0152922747656703 
vn 0.5041503310203552 0.8631489276885986 0.028397228568792343 
vn 0.5043236613273621 0.8634456396102905 0.010923261754214764 
vn -1.0335603087361506e-13 0.9994630813598633 0.03276457265019417 
vn -1.0340538240125388e-13 0.9999403357505798 0.010923261754214764 
vn 0.5043429136276245 0.8634786009788513 0.006554040592163801 
vn 0.3867761194705963 0.652296781539917 -0.651853621006012 
vn -0.001887803548015654 0.7583425045013428 -0.651853621006012 
vn -1.0340933296291988e-13 0.9999785423278809 0.006554040592163801 
vn 0.633668839931488 0.4007079005241394 -0.661737859249115 
vn -0.028736714273691177 -0.01045930851250887 0.9995322823524475 
vn -0.05490091070532799 0.05620337650179863 0.9969087839126587 
vn -0.05900802090764046 -0.028416765853762627 0.9978529810905457 
vn -0.054286181926727295 0.07915119081735611 0.9953833818435669 
vn -0.0430842787027359 0.007189494092017412 0.9990455508232117 
vn -0.0381675660610199 0.04202673211693764 0.9983872175216675 
vn -0.11504092812538147 0.07071539759635925 0.990840494632721 
vn -0.02933972142636776 0.10949733108282089 0.9935539960861206 
vn -0.1342681646347046 0.11049356311559677 0.9847655892372131 
vn -0.09271948784589767 0.3339454233646393 0.9380210638046265 
vn -0.1700340062379837 0.18996581435203552 0.9669547080993652 
vn -0.013187340460717678 0.7638983726501465 0.6452018022537231 
vn -0.2821296155452728 0.1549304723739624 0.946783721446991 
vn -0.15960542857646942 0.07922882586717606 0.9839963912963867 
vn -0.1171671599149704 0.01118810661137104 0.9930492043495178 
vn -0.26070743799209595 0.0374840684235096 0.9646899104118347 
vn -0.336080938577652 -0.10010725259780884 0.9364978075027466 
vn -0.36656835675239563 -0.6198332905769348 0.6938546895980835 
vn -0.39446139335632324 -0.8992814421653748 0.18892620503902435 
vn -0.0018859942210838199 -0.9785376787185669 0.2060592919588089 
vn 3.097898456858039e-13 -0.999997615814209 0.002184694167226553 
vn -0.6811793446540833 -0.478118360042572 0.5544344186782837 
vn -0.7153633832931519 -0.6833610534667969 0.1458524912595749 
vn -0.4104118347167969 -0.9118976593017578 0.002184694167226553 
vn 2.3292682344543125e-13 -0.7497352957725525 -0.661737859249115 
vn -0.7384083271026611 -0.6743503212928772 0.002184694167226553 
vn -0.9239875674247742 -0.37557727098464966 0.07203252613544464 
vn -0.935014009475708 -0.354604035615921 0.002184694167226553 
vn -0.9995414018630981 -0.0302029550075531 0.002184694167226553 
vn -0.7377080321311951 -0.02265446074306965 -0.67473965883255 
vn -0.9048281311988831 -0.27139803767204285 0.3280687630176544 
vn -0.3077009618282318 -0.6836835145950317 -0.661737859249115 
vn -0.5496676564216614 -0.505599319934845 -0.6650074124336243 
vn -0.6961458325386047 -0.2623049020767212 -0.6682642698287964 
vn 0.18584850430488586 0.9815074801445007 0.04586252197623253 
vn 0.06965060532093048 0.7228028178215027 0.6875353455543518 
vn 0.18260562419891357 0.683920681476593 0.7063339352607727 
vn 0.2612491250038147 0.9652689099311829 0.002184694167226553 
vn 0.1990545690059662 0.6760919094085693 0.7094202041625977 
vn 0.19712989032268524 0.6798765659332275 0.7063339352607727 
vn 0.011351687833666801 -0.006553899962455034 0.9999141097068787 
vn -0.1589302271604538 -0.6866324543952942 0.7094202041625977 
vn -0.1679985374212265 -0.6876546144485474 0.7063339352607727 
vn -0.2466406375169754 -0.969104528427124 -0.002184694167226553 
vn -0.1679985374212265 -0.6876546144485474 0.7063339352607727 
vn -0.2466406375169754 -0.969104528427124 -0.002184694167226553 
vn -0.2466406375169754 -0.969104528427124 0.002184694167226553 
vn 0.21348148584365845 0.671675980091095 0.7094202041625977 
vn 0.03418431803584099 -0.007266100961714983 0.999389111995697 
vn 0.020776038989424706 -0.006750544533133507 0.9997613430023193 
vn 0.011351687833666801 -0.006553899962455034 0.9999141097068787 
vn -0.1679985374212265 -0.6876546144485474 0.7063339352607727 
vn -0.4377666711807251 -0.8990859389305115 0.002184694167226553 
vn 0.20435890555381775 0.6777387261390686 0.7063339352607727 
vn 0.2757980227470398 0.9612131118774414 -0.002184694167226553 
vn 0.2757980227470398 0.9612131118774414 0.002184694167226553 
vn 0.283049076795578 0.9591029286384583 -0.002184694167226553 
vn 0.2757980227470398 0.9612131118774414 -0.002184694167226553 
vn 0.19712989032268524 0.6798765659332275 0.7063339352607727 
vn 0.19712989032268524 0.6798765659332275 0.7063339352607727 
vn 0.016146345064044 -0.006688034627586603 0.9998472929000854 
vn -7.446821615299595e-14 0.7201150059700012 0.6938546895980835 
vn -0.18049637973308563 0.048041410744190216 0.9824016690254211 
vn -0.5146310329437256 0.680745542049408 0.5212872624397278 
vn -0.6523191928863525 0.17868869006633759 0.736579954624176 
vn -0.9652689099311829 0.2612491250038147 0.002184694167226553 
vn -0.45802199840545654 0.8889381885528564 0.002184694167226553 
vn 0.07544711232185364 0.9971474409103394 0.002184694167226553 
vn 0.2757980227470398 0.9612131118774414 0.002184694167226553 
vn 0.2757980227470398 0.9612131118774414 0.002184694167226553 
vn -0.3600575029850006 -0.6236379146575928 0.6938546895980835 
vn -0.7882410287857056 -0.32701027393341064 0.5212872624397278 
vn -0.8478681445121765 -0.5302026271820068 0.002184694167226553 
vn -0.9652689099311829 0.2612491250038147 0.002184694167226553 
vn -0.6523191928863525 0.17868869006633759 0.736579954624176 
vn -0.00753075210377574 0.450615257024765 0.8926864862442017 
vn 0.030020486563444138 0.3287639915943146 0.9439348578453064 
vn -0.011247229762375355 0.16920937597751617 0.9855159521102905 
vn 0.16706329584121704 0.5531665682792664 0.8161473870277405 
vn 0.09342515468597412 0.4528030455112457 0.8867024183273315 
vn 0.005644043907523155 0.3628748655319214 0.931820809841156 
vn -0.0018860709387809038 0.8248863816261292 0.5652954578399658 
vn 0.06791337579488754 0.9976696968078613 0.006554040592163801 
vn 0.043367814272642136 0.8335145711898804 0.5507928133010864 
vn 0.15018776059150696 0.8469274044036865 0.5100564956665039 
vn 0.21280422806739807 0.8597450256347656 0.4642767012119293 
vn 0.13332374393939972 0.8140429258346558 0.5652954578399658 
vn 0.19495578110218048 0.980108916759491 -0.03713129088282585 
vn 0.2538083791732788 0.9618082046508789 -0.10250037163496017 
vn 0.13551314175128937 0.9907538890838623 -0.006554040592163801 
vn 0.045294955372810364 0.9989521503448486 0.006554040592163801 
vn 0.02265329100191593 0.999721884727478 -0.006554040592163801 
vn 0.7377080321311951 -0.02265446074306965 -0.67473965883255 
vn 0.9995414018630981 -0.0302029550075531 0.002184694167226553 
vn 0.9954763054847717 -0.015091052278876305 0.09380380809307098 
vn 0.9947834014892578 0.09797760844230652 0.028397228568792343 
vn 0.6990728974342346 0.060422930866479874 -0.7124928832054138 
vn 0.8955892324447632 0.007553404662758112 -0.44481781125068665 
vn 0.41920527815818787 0 -0.9078915119171143 
vn 0.8544394373893738 -0.2748458683490753 -0.4409002661705017 
vn 0.39961305260658264 -0.1266588568687439 -0.9078915119171143 
vn 0.7061933279037476 -0.5345447659492493 -0.4642767012119293 
vn 0.3382522165775299 -0.24762572348117828 -0.9078915119171143 
vn 0.5148041844367981 -0.7182057499885559 -0.46814218163490295 
vn 0.24762572348117828 -0.3382522165775299 -0.9078915119171143 
vn 0.28926554322242737 -0.8413772583007812 -0.456519216299057 
vn 0.1266588568687439 -0.39961305260658264 -0.9078915119171143 
vn -0.0018893282394856215 -0.8936669826507568 -0.4487268626689911 
vn 1.3023817321908965e-13 -0.41920527815818787 -0.9078915119171143 
vn 0.6025320887565613 0 -0.7980946898460388 
vn 0.5731586813926697 -0.18583327531814575 -0.7980946898460388 
vn 0.4879024624824524 -0.3535478413105011 -0.7980946898460388 
vn 0.3550758361816406 -0.48679158091545105 -0.7980946898460388 
vn 0.18762940168380737 -0.5725732445716858 -0.7980946898460388 
vn 0.0018891289364546537 -0.6025291085243225 -0.7980946898460388 
vn 0.7747661471366882 -0.2525308132171631 -0.5796254277229309 
vn 0.6583653688430786 -0.48019731044769287 -0.5796254277229309 
vn 0.4771415591239929 -0.6605833172798157 -0.5796254277229309 
vn 0.24893814325332642 -0.7759279608726501 -0.5796254277229309 
vn 0.003775842720642686 -0.8148742914199829 -0.5796254277229309 
vn -0.18403533101081848 -0.5737385153770447 -0.7980946898460388 
vn 1.3023817321908965e-13 -0.41920527815818787 -0.9078915119171143 
vn -0.1266588568687439 -0.39961305260658264 -0.9078915119171143 
vn -0.0018893282394856215 -0.8936669826507568 -0.4487268626689911 
vn -0.28926554322242737 -0.8413772583007812 -0.456519216299057 
vn 0.7722649574279785 -0.5582835078239441 -0.30319350957870483 
vn 0.5598121881484985 -0.7711576223373413 -0.30319350957870483 
vn 0.291597455739975 -0.9072180986404419 -0.30319350957870483 
vn 0.0018875868991017342 -0.9529271721839905 -0.30319350957870483 
vn -0.24893814325332642 -0.7759279608726501 -0.5796254277229309 
vn -0.3520163893699646 -0.4890085458755493 -0.7980946898460388 
vn -0.24762572348117828 -0.3382522165775299 -0.9078915119171143 
vn -0.5117296576499939 -0.7203996181488037 -0.46814218163490295 
vn 0.5865612626075745 -0.8099018931388855 0.002184694167226553 
vn 0.3118877410888672 -0.9501164555549622 0.002184694167226553 
vn 3.097898456858039e-13 -0.999997615814209 0.002184694167226553 
vn -0.2951892614364624 -0.906055748462677 -0.30319350957870483 
vn -0.4771415591239929 -0.6605833172798157 -0.5796254277229309 
vn -0.4856759309768677 -0.3566003441810608 -0.7980946898460388 
vn -0.3382522165775299 -0.24762572348117828 -0.9078915119171143 
vn -0.7039083242416382 -0.5375502109527588 -0.4642767012119293 
vn 0.291597455739975 -0.9072180986404419 0.30319350957870483 
vn 0.0018875868991017342 -0.9529271721839905 0.30319350957870483 
vn -0.3118877410888672 -0.9501164555549622 0.002184694167226553 
vn -0.5628628134727478 -0.7689337730407715 -0.30319350957870483 
vn -0.6583653688430786 -0.48019731044769287 -0.5796254277229309 
vn -0.5719821453094482 -0.18942368030548096 -0.7980946898460388 
vn -0.39961305260658264 -0.1266588568687439 -0.9078915119171143 
vn -0.8532759547233582 -0.2784368693828583 -0.4409002661705017 
vn -0.2951892614364624 -0.906055748462677 0.30319350957870483 
vn -0.5865612626075745 -0.8099018931388855 0.002184694167226553 
vn -0.7700471878051758 -0.5613386034965515 -0.30319350957870483 
vn -0.7747661471366882 -0.2525308132171631 -0.5796254277229309 
vn -0.602520227432251 0.003778239479288459 -0.7980946898460388 
vn -0.41920527815818787 -8.670133702778568e-14 -0.9078915119171143 
vn -0.8956131339073181 0.003776735858991742 -0.44481781125068665 
vn -0.5628628134727478 -0.7689337730407715 0.30319350957870483 
vn -0.8099018931388855 -0.5865612626075745 0.002184694167226553 
vn -0.9066386818885803 -0.29339393973350525 -0.30319350957870483 
vn -0.8148830533027649 -1.6853663918018486e-13 -0.5796254277229309 
vn -0.7700471878051758 -0.5613386034965515 0.30319350957870483 
vn -0.9501164555549622 -0.3118877410888672 0.002184694167226553 
vn -0.9529215097427368 0.0037751663476228714 -0.30319350957870483 
vn -0.9066386818885803 -0.29339393973350525 0.30319350957870483 
vn -0.999997615814209 -2.0682260971124217e-13 0.002184694167226553 
vn -0.9529215097427368 0.0037751663476228714 0.30319350957870483 
vn -0.7760416865348816 -0.2485833466053009 0.5796254277229309 
vn -0.8148743510246277 0.0037702820263803005 0.5796254277229309 
vn -0.5707598328590393 -0.18188217282295227 0.8007197380065918 
vn -0.5990272760391235 0.0037713919300585985 0.8007197380065918 
vn -0.30600059032440186 -0.09982086718082428 0.946783721446991 
vn -0.32184848189353943 0.00375896948389709 0.946783721446991 
vn 0 0 1 
vn -0.6610226035118103 -0.47653278708457947 0.5796254277229309 
vn -0.4811088740825653 -0.657699465751648 0.5796254277229309 
vn -0.2539632022380829 -0.7742977738380432 0.5796254277229309 
vn -0.0018851460190489888 -0.8148808479309082 0.5796254277229309 
vn -0.0018857052782550454 -0.5990361571311951 0.8007197380065918 
vn -0.18726405501365662 -0.5690167546272278 0.8007197380065918 
vn -0.35423874855041504 -0.48307639360427856 0.8007197380065918 
vn -0.48640012741088867 -0.3496610224246979 0.8007197380065918 
vn 0.0018795167561620474 -0.32186493277549744 0.946783721446991 
vn -0.10160601884126663 -0.3054124712944031 0.946783721446991 
vn -0.18827718496322632 -0.2610599100589752 0.946783721446991 
vn -0.26215487718582153 -0.18674954771995544 0.946783721446991 
vn -0.09049693495035172 -0.9958751797676086 0.006554040592163801 
vn -0.19507868587970734 -0.9807267785072327 -0.010923261754214764 
vn -0.0790276825428009 -0.7711325883865356 0.6317508816719055 
vn -0.10153178125619888 -0.7399030327796936 0.6650074124336243 
vn 0.08306226134300232 -0.24103783071041107 0.9669547080993652 
vn 0.11315476894378662 -0.11447910219430923 0.986960232257843 
vn 0.2678140103816986 -0.09570079296827316 0.9587059020996094 
vn 0.347771018743515 0.6576307415962219 0.6682642698287964 
vn 0.9886574149131775 -0.143014594912529 -0.04586252197623253 
vn 0.22446909546852112 0.9737735390663147 0.03713129088282585 
vn 0.0857696533203125 -0.043075136840343475 0.9953833818435669 
vn -0.12192581593990326 -0.7035372257232666 0.7001210451126099 
vn -0.23931509256362915 -0.9709395170211792 -0.002184694167226553 
vn -0.18987852334976196 -0.6819373369216919 0.7063339352607727 
vn -0.028736714273691177 0.01045930851250887 0.9995322823524475 
vn 0.24947533011436462 0.6946138739585876 0.67473965883255 
vn -0.008211665786802769 0.0029888020362704992 0.999961793422699 
vn 0.1385623663663864 0.6941850185394287 0.7063339352607727 
vn 0.23193161189556122 0.9725334048271179 0.01966099627315998 
vn 0.15525314211845398 0.6874732375144958 0.7094202041625977 
vn 0.20988060534000397 0.9777246117591858 -0.002184694167226553 
vn 0.1533152312040329 0.6910765171051025 0.7063339352607727 
vn -0.013107799924910069 -2.7168168854619897e-15 0.9999141097068787 
vn 0.1331009864807129 0.692103385925293 0.7094202041625977 
vn -0.03864498808979988 0.00722400052472949 0.9992268681526184 
vn -0.025969194248318672 0.003569383639842272 0.9996563792228699 
vn -0.1954333335161209 -0.6771475672721863 0.7094202041625977 
vn -0.18987852334976196 -0.6819373369216919 0.7063339352607727 
vn -0.25395211577415466 -0.9672143459320068 -0.002184694167226553 
vn -0.25395211577415466 -0.9672143459320068 -0.002184694167226553 
vn -0.18260562419891357 -0.683920681476593 0.7063339352607727 
vn -0.016146345064044 0.006688034627586603 0.9998472929000854 
vn 0.14594706892967224 0.6926700472831726 0.7063339352607727 
vn 0.21725822985172272 0.9761117100715637 -0.002184694167226553 
vn 0.21725822985172272 0.9761117100715637 0.002184694167226553 
vn 0.21725822985172272 0.9761117100715637 -0.002184694167226553 
vn 0.1533152312040329 0.6910765171051025 0.7063339352607727 
vn 0.21725822985172272 0.9761117100715637 -0.002184694167226553 
vn 0.14594706892967224 0.6926700472831726 0.7063339352607727 
vn -0.016146345064044 0.006688034627586603 0.9998472929000854 
vn 0.3713136613368988 0.6205299496650696 0.6907016038894653 
vn 0.21043789386749268 -0.05186828225851059 0.976230263710022 
vn 0.8118389844894409 0.30975106358528137 0.4949462115764618 
vn 0.693067193031311 -0.17172177135944366 0.7001210451126099 
vn 0.9709395170211792 -0.23931509256362915 0.002184694167226553 
vn 0.8596616387367249 0.5108591318130493 0.002184694167226553 
vn 0.4445439279079437 0.8957543969154358 0.002184694167226553 
vn 0.21725822985172272 0.9761117100715637 0.002184694167226553 
vn 0.21725822985172272 0.9761117100715637 0.002184694167226553 
vn -0.2612491250038147 -0.9652689099311829 -0.002184694167226553 
vn -0.1808934211730957 -0.6811758279800415 0.7094202041625977 
vn -0.18260562419891357 -0.683920681476593 0.7063339352607727 
vn -0.25395211577415466 -0.9672143459320068 0.002184694167226553 
vn -0.25395211577415466 -0.9672143459320068 0.002184694167226553 
vn -0.25395211577415466 -0.9672143459320068 -0.002184694167226553 
vn -0.25395211577415466 -0.9672143459320068 0.002184694167226553 
vn -0.18260562419891357 -0.683920681476593 0.7063339352607727 
vn -0.015103200450539589 -0.9998835325241089 0.002184694167226553 
vn 0.0508195124566555 -0.7213519215583801 0.6907016038894653 
vn 0.5788034200668335 -0.6480855345726013 0.4949462115764618 
vn 0.693067193031311 -0.17172177135944366 0.7001210451126099 
vn 0.9709395170211792 -0.23931509256362915 0.002184694167226553 
vn 0.5302026271820068 -0.8478681445121765 0.002184694167226553 
vn -0.0018851460190489888 -0.8148808479309082 0.5796254277229309 
vn 0.25037798285484314 -0.7754645347595215 0.5796254277229309 
vn -0.0018857052782550454 -0.5990361571311951 0.8007197380065918 
vn 0.18367795646190643 -0.5701844692230225 0.8007197380065918 
vn 0.0018795167561620474 -0.32186493277549744 0.946783721446991 
vn 0.09803231805562973 -0.30657827854156494 0.946783721446991 
vn 0 0 1 
vn 0.19131313264369965 -0.2588433027267456 0.946783721446991 
vn 0.259956032037735 -0.18979839980602264 0.946783721446991 
vn 0.48418912291526794 -0.352716326713562 0.8007197380065918 
vn 0.569603443145752 -0.18547192215919495 0.8007197380065918 
vn 0.7748832702636719 -0.25217124819755554 0.5796254277229309 
vn 0.8148830533027649 0 0.5796254277229309 
vn 0.9529290199279785 0 0.30319350957870483 
vn 0.5598121881484985 -0.7711576223373413 0.30319350957870483 
vn 0.8099018931388855 -0.5865612626075745 0.002184694167226553 
vn 0.9054692387580872 -0.29698342084884644 -0.30319350957870483 
vn 0.8148830533027649 0 -0.5796254277229309 
vn 0.9529290199279785 0 -0.30319350957870483 
vn 0.9501164555549622 -0.3118877410888672 0.002184694167226553 
vn 0.7722649574279785 -0.5582835078239441 0.30319350957870483 
vn 0.4780607223510742 -0.6599184274673462 0.5796254277229309 
vn 0.999997615814209 0 0.002184694167226553 
vn 0.9054692387580872 -0.29698342084884644 0.30319350957870483 
vn 0.6588107347488403 -0.47958609461784363 0.5796254277229309 
vn 0.3511904180049896 -0.4852970242500305 0.8007197380065918 
vn -0.2612491250038147 0.9652689099311829 0.002184694167226553 
vn -0.1954333335161209 0.6771475672721863 0.7094202041625977 
vn -0.283049076795578 0.9591029286384583 -0.002184694167226553 
vn -0.2757980227470398 0.9612131118774414 0.002184694167226553 
vn -0.19712989032268524 0.6798765659332275 0.7063339352607727 
vn -0.2757980227470398 0.9612131118774414 -0.002184694167226553 
vn -0.011351687833666801 -0.006553899962455034 0.9999141097068787 
vn -0.2098836749792099 0.6728088855743408 0.7094202041625977 
vn -0.20435890555381775 0.6777387261390686 0.7063339352607727 
vn -0.2757980227470398 0.9612131118774414 -0.002184694167226553 
vn -0.19712989032268524 0.6798765659332275 0.7063339352607727 
vn -0.2757980227470398 0.9612131118774414 0.002184694167226553 
vn -0.2757980227470398 0.9612131118774414 0.002184694167226553 
vn -0.03418431803584099 -0.007266100961714983 0.999389111995697 
vn -0.020776038989424706 -0.006750544533133507 0.9997613430023193 
vn -0.011351687833666801 -0.006553899962455034 0.9999141097068787 
vn -0.19712989032268524 0.6798765659332275 0.7063339352607727 
vn -0.07544711232185364 0.9971474409103394 0.002184694167226553 
vn 0.15525314211845398 -0.6874732375144958 0.7094202041625977 
vn 0.17531202733516693 -0.6858265399932861 0.7063339352607727 
vn 0.2466406375169754 -0.969104528427124 0.002184694167226553 
vn 0.2466406375169754 -0.969104528427124 -0.002184694167226553 
vn 0.1679985374212265 -0.6876546144485474 0.7063339352607727 
vn 0.2466406375169754 -0.969104528427124 -0.002184694167226553 
vn 0.1679985374212265 -0.6876546144485474 0.7063339352607727 
vn 0.1679985374212265 -0.6876546144485474 0.7063339352607727 
vn -0.016146345064044 -0.006688034627586603 0.9998472929000854 
vn 0.3600575029850006 -0.6236379146575928 0.6938546895980835 
vn 0.17949898540973663 0.051643311977386475 0.9824016690254211 
vn 0.6523191928863525 0.17868869006633759 0.736579954624176 
vn 0.2466406375169754 -0.969104528427124 -0.002184694167226553 
vn 0.2466406375169754 -0.969104528427124 0.002184694167226553 
vn 0.4377666711807251 -0.8990859389305115 0.002184694167226553 
vn 0.7896782159805298 -0.32352420687675476 0.5212872624397278 
vn 0.9652689099311829 0.2612491250038147 0.002184694167226553 
vn 0.8478681445121765 -0.5302026271820068 0.002184694167226553 
vn -7.446821615299595e-14 0.7201150059700012 0.6938546895980835 
vn 0.45802199840545654 0.8889381885528564 0.002184694167226553 
vn 0.5176339149475098 0.678464949131012 0.5212872624397278 
vn 0.9652689099311829 0.2612491250038147 0.002184694167226553 
vn 0.6523191928863525 0.17868869006633759 0.736579954624176 
vn 0.5990391373634338 0 0.8007197380065918 
vn 0.30714547634124756 -0.09624043107032776 0.946783721446991 
vn 0.3218704164028168 0 0.946783721446991 
vn -0.00188738526776433 0.8975540995597839 -0.4409002661705017 
vn -4.335066851389284e-14 0.41920527815818787 -0.9078915119171143 
vn 0.29639899730682373 0.8388908505439758 -0.456519216299057 
vn 0.1266588568687439 0.39961305260658264 -0.9078915119171143 
vn 0.5157515406608582 0.7124399542808533 -0.4758462607860565 
vn 0.24762572348117828 0.3382522165775299 -0.9078915119171143 
vn 0.6963121891021729 0.5339025259017944 -0.4796847105026245 
vn 0.3382522165775299 0.24762572348117828 -0.9078915119171143 
vn 0.8413772583007812 0.28926554322242737 -0.456519216299057 
vn 0.39961305260658264 0.1266588568687439 -0.9078915119171143 
vn 0.8955892324447632 0.007553404662758112 -0.44481781125068665 
vn 0.41920527815818787 0 -0.9078915119171143 
vn 0.0018891289364546537 0.6025291085243225 -0.7980946898460388 
vn 0.18762940168380737 0.5725732445716858 -0.7980946898460388 
vn 0.3550758361816406 0.48679158091545105 -0.7980946898460388 
vn 0.4879024624824524 0.3535478413105011 -0.7980946898460388 
vn 0.5731586813926697 0.18583327531814575 -0.7980946898460388 
vn 0.6025320887565613 0 -0.7980946898460388 
vn 0.24893814325332642 0.7759279608726501 -0.5796254277229309 
vn 0.4771415591239929 0.6605833172798157 -0.5796254277229309 
vn 0.6583653688430786 0.48019731044769287 -0.5796254277229309 
vn 0.7747661471366882 0.2525308132171631 -0.5796254277229309 
vn 0.8148830533027649 0 -0.5796254277229309 
vn 0.5598121881484985 0.7711576223373413 -0.30319350957870483 
vn 0.7722649574279785 0.5582835078239441 -0.30319350957870483 
vn 0.9054692387580872 0.29698342084884644 -0.30319350957870483 
vn 0.9529290199279785 0 -0.30319350957870483 
vn 0.8099018931388855 0.5865612626075745 0.002184694167226553 
vn 0.9501164555549622 0.3118877410888672 0.002184694167226553 
vn 0.999997615814209 0 0.002184694167226553 
vn 0.9054692387580872 0.29698342084884644 0.30319350957870483 
vn 0.9529290199279785 0 0.30319350957870483 
vn 0.7722649574279785 0.5582835078239441 0.30319350957870483 
vn 0.5865612626075745 0.8099018931388855 0.002184694167226553 
vn 0.5598121881484985 0.7711576223373413 0.30319350957870483 
vn 0.3118877410888672 0.9501164555549622 0.002184694167226553 
vn 0.291597455739975 0.9072180986404419 0.30319350957870483 
vn -1.0341130485562108e-13 0.999997615814209 0.002184694167226553 
vn 0.0018875868991017342 0.9529271721839905 0.30319350957870483 
vn -0.2951892614364624 0.906055748462677 0.30319350957870483 
vn -0.2539632022380829 0.7742977738380432 0.5796254277229309 
vn -0.4811088740825653 0.657699465751648 0.5796254277229309 
vn -0.35423874855041504 0.48307639360427856 0.8007197380065918 
vn -0.48640012741088867 0.3496610224246979 0.8007197380065918 
vn -0.26215487718582153 0.18674954771995544 0.946783721446991 
vn -0.30600059032440186 0.09982086718082428 0.946783721446991 
vn 0 0 1 
vn -0.32184848189353943 0.00375896948389709 0.946783721446991 
vn 0.291597455739975 0.9072180986404419 -0.30319350957870483 
vn 0.0018875868991017342 0.9529271721839905 -0.30319350957870483 
vn -0.3118877410888672 0.9501164555549622 0.002184694167226553 
vn -0.5628628134727478 0.7689337730407715 0.30319350957870483 
vn -0.6610226035118103 0.47653278708457947 0.5796254277229309 
vn -0.5707598328590393 0.18188217282295227 0.8007197380065918 
vn 0.003775842720642686 0.8148742914199829 -0.5796254277229309 
vn -0.2951892614364624 0.906055748462677 -0.30319350957870483 
vn -0.5865612626075745 0.8099018931388855 0.002184694167226553 
vn -0.7700471878051758 0.5613386034965515 0.30319350957870483 
vn -0.7760416865348816 0.2485833466053009 0.5796254277229309 
vn -0.5990272760391235 0.0037713919300585985 0.8007197380065918 
vn -0.24893814325332642 0.7759279608726501 -0.5796254277229309 
vn -0.5628628134727478 0.7689337730407715 -0.30319350957870483 
vn -0.8099018931388855 0.5865612626075745 0.002184694167226553 
vn -0.9066386818885803 0.29339393973350525 0.30319350957870483 
vn -0.8148743510246277 0.0037702820263803005 0.5796254277229309 
vn -0.18403533101081848 0.5737385153770447 -0.7980946898460388 
vn -0.4771415591239929 0.6605833172798157 -0.5796254277229309 
vn -0.7700471878051758 0.5613386034965515 -0.30319350957870483 
vn -0.9501164555549622 0.3118877410888672 0.002184694167226553 
vn -0.9529215097427368 0.0037751663476228714 0.30319350957870483 
vn -0.3520163893699646 0.4890085458755493 -0.7980946898460388 
vn -0.6583653688430786 0.48019731044769287 -0.5796254277229309 
vn -0.9066386818885803 0.29339393973350525 -0.30319350957870483 
vn -0.999997615814209 -2.0682260971124217e-13 0.002184694167226553 
vn -0.4856759309768677 0.3566003441810608 -0.7980946898460388 
vn -0.7747661471366882 0.2525308132171631 -0.5796254277229309 
vn -0.9529215097427368 0.0037751663476228714 -0.30319350957870483 
vn -0.5719821453094482 0.18942368030548096 -0.7980946898460388 
vn -0.8148830533027649 -1.6853663918018486e-13 -0.5796254277229309 
vn -0.39961305260658264 0.1266588568687439 -0.9078915119171143 
vn -0.3382522165775299 0.24762572348117828 -0.9078915119171143 
vn -0.8413772583007812 0.28926554322242737 -0.456519216299057 
vn -0.6963121891021729 0.5339025259017944 -0.4796847105026245 
vn -0.8956131339073181 0.003776735858991742 -0.44481781125068665 
vn -0.41920527815818787 -8.670133702778568e-14 -0.9078915119171143 
vn -0.602520227432251 0.003778239479288459 -0.7980946898460388 
vn 0.013211621902883053 0.9984214305877686 -0.05459024757146835 
vn -0.4975510835647583 0.8668156862258911 -0.03276457265019417 
vn -0.05097053945064545 0.9954306483268738 -0.08074574917554855 
vn -0.5616069436073303 0.8269166946411133 -0.028397228568792343 
vn -0.12610386312007904 0.9879757165908813 -0.08945280313491821 
vn -0.6281040906906128 0.77724289894104 -0.03713129088282585 
vn -0.2393212914466858 0.95639568567276 -0.16742929816246033 
vn -0.6966902613639832 0.708702802658081 -0.1111890971660614 
vn -0.8671136498451233 0.49772214889526367 -0.01966099627315998 
vn -0.8782837986946106 0.47801488637924194 -0.010923261754214764 
vn -0.892269492149353 0.45124414563179016 -0.0152922747656703 
vn -0.9149186015129089 0.40349051356315613 -0.010923261754214764 
vn -0.999711275100708 -2.0676338516757015e-13 -0.024029340595006943 
vn -0.999854564666748 -0.007550950627774 -0.0152922747656703 
vn -0.9996264576911926 -0.022651128470897675 -0.0152922747656703 
vn -0.9993401765823364 -0.022644642740488052 0.028397228568792343 
vn -0.8669315576553345 -0.49761760234832764 -0.028397228568792343 
vn -0.8707644939422607 -0.49111276865005493 -0.024029340595006943 
vn -0.8707644939422607 -0.49111276865005493 -0.024029340595006943 
vn -0.8986054062843323 -0.4375326633453369 -0.03276457265019417 
vn -0.6922293901443481 -0.710908830165863 -0.1242060661315918 
vn -0.5189670920372009 -0.8535630106925964 -0.04586252197623253 
vn -0.5488021373748779 -0.834921658039093 -0.04149730131030083 
vn -0.6016075611114502 -0.7959199547767639 -0.06767380982637405 
vn -0.12612619996070862 -0.9785111546516418 -0.16312000155448914 
vn -0.33424481749534607 -0.8895180821418762 -0.31150925159454346 
vn 0.19646067917346954 -0.8486341834068298 -0.4911448359489441 
vn -0.01888074353337288 -0.9975288510322571 -0.06767380982637405 
vn -0.04904209449887276 -0.9958711862564087 -0.0763898640871048 
vn 0.4645353853702545 -0.8800982236862183 -0.0981530249118805 
vn 0.4151626229286194 -0.8925527930259705 -0.1760382205247879 
vn 0.8375524878501892 -0.5227676033973694 -0.15880759060382843 
vn 0.5248004198074341 -0.5888716578483582 -0.6146662831306458 
vn 0.8889119029045105 -0.03776051476597786 -0.456519216299057 
vn -0.07411912083625793 0.003699131542816758 0.9972425103187561 
vn -0.17318850755691528 -0.4697197675704956 0.865661084651947 
vn -0.27178236842155457 -0.003761603496968746 0.962351381778717 
vn -0.39711982011795044 -0.19601251184940338 0.8965907096862793 
vn -0.682750940322876 0.0037696787621825933 0.7306414246559143 
vn -0.6654759645462036 -0.1789645403623581 0.7246471047401428 
vn -0.8956131339073181 0.003776735858991742 -0.44481781125068665 
vn -0.8532759547233582 -0.2784368693828583 -0.4409002661705017 
vn -0.35275986790657043 -0.761703372001648 0.5434780716896057 
vn -0.4714657664299011 -0.4076215326786041 0.7820260524749756 
vn -0.588990330696106 -0.38137152791023254 0.7124928832054138 
vn -0.7039083242416382 -0.5375502109527588 -0.4642767012119293 
vn -0.6840830445289612 -0.7067592740058899 0.18033768236637115 
vn -0.38715580105781555 -0.5700850486755371 0.7246471047401428 
vn -0.44334420561790466 -0.5973849892616272 0.6682642698287964 
vn -0.5117296576499939 -0.7203996181488037 -0.46814218163490295 
vn -0.5416930317878723 -0.7975468039512634 0.26549527049064636 
vn -0.19329418241977692 -0.6680232286453247 0.7185974717140198 
vn -0.822746217250824 -0.5679007172584534 0.024029340595006943 
vn -0.5904595851898193 -0.7317579388618469 -0.34042292833328247 
vn -0.9540624618530273 -0.2972978949546814 -0.03713129088282585 
vn -0.733799397945404 -0.3713458478450775 -0.5688942670822144 
vn -0.9982536435127258 -0.0037739125546067953 0.058952588587999344 
vn -0.8273506164550781 -1.7111522431206144e-13 -0.5616858005523682 
vn -0.4976746141910553 -0.8670308589935303 -0.024029340595006943 
vn -0.24762572348117828 0.3382522165775299 -0.9078915119171143 
vn -0.5157515406608582 0.7124399542808533 -0.4758462607860565 
vn -0.1266588568687439 0.39961305260658264 -0.9078915119171143 
vn -0.29639899730682373 0.8388908505439758 -0.456519216299057 
vn -4.335066851389284e-14 0.41920527815818787 -0.9078915119171143 
vn -0.00188738526776433 0.8975540995597839 -0.4409002661705017 
vn 0.8148830533027649 0 0.5796254277229309 
vn 0.7748832702636719 0.25217124819755554 0.5796254277229309 
vn 0.5990391373634338 0 0.8007197380065918 
vn 0.569603443145752 0.18547192215919495 0.8007197380065918 
vn 0.3218704164028168 0 0.946783721446991 
vn 0.30714547634124756 0.09624043107032776 0.946783721446991 
vn 0 0 1 
vn 0.259956032037735 0.18979839980602264 0.946783721446991 
vn 0.19131313264369965 0.2588433027267456 0.946783721446991 
vn 0.3511904180049896 0.4852970242500305 0.8007197380065918 
vn 0.18367795646190643 0.5701844692230225 0.8007197380065918 
vn 0.25037798285484314 0.7754645347595215 0.5796254277229309 
vn -0.0018851460190489888 0.8148808479309082 0.5796254277229309 
vn 0.4780607223510742 0.6599184274673462 0.5796254277229309 
vn 0.6588107347488403 0.47958609461784363 0.5796254277229309 
vn 0.48418912291526794 0.352716326713562 0.8007197380065918 
vn -0.0018851460190489888 0.8148808479309082 0.5796254277229309 
vn -0.18726405501365662 0.5690167546272278 0.8007197380065918 
vn -0.0018857052782550454 0.5990361571311951 0.8007197380065918 
vn -0.10160601884126663 0.3054124712944031 0.946783721446991 
vn 0.0018795167561620474 0.32186493277549744 0.946783721446991 
vn -0.18827718496322632 0.2610599100589752 0.946783721446991 
vn -0.9916970729827881 -0.0037763919681310654 0.12854042649269104 
vn -0.9422454833984375 -0.31885281205177307 0.10250037163496017 
vn -0.9886524081230164 -0.0037739467807114124 0.15017375349998474 
vn -0.9394514560699463 -0.30802398920059204 0.15017375349998474 
vn -0.9872807264328003 -0.007546701468527317 0.15880759060382843 
vn -0.9398712515830994 -0.3045886158943176 0.15449213981628418 
vn -0.7922605872154236 -0.6073283553123474 0.058952588587999344 
vn -0.8013662099838257 -0.5822266340255737 0.1372016966342926 
vn -0.7964022159576416 -0.5823532938957214 0.16312000155448914 
vn -0.44227334856987 -0.8314379453659058 0.3363112509250641 
vn -0.46513986587524414 -0.7653639912605286 -0.44481781125068665 
vn -0.28606289625167847 -0.9194710850715637 0.26970529556274414 
vn 0.18751636147499084 -0.9813845157623291 0.04149730131030083 
vn 0.05096836015582085 -0.8630616068840027 -0.5025205612182617 
vn 0.7846031785011292 -0.533626914024353 -0.31565824151039124 
vn 0.18969008326530457 -0.44682803750038147 -0.87427818775177 
vn -0.0018857052782550454 0.5990361571311951 0.8007197380065918 
vn 0.09803231805562973 0.30657827854156494 0.946783721446991 
vn 0.0018795167561620474 0.32186493277549744 0.946783721446991 
vn -0.2393212914466858 0.95639568567276 -0.16742929816246033 
vn 0.44831767678260803 0.8495093584060669 -0.2781098484992981 
vn -0.12610386312007904 0.9879757165908813 -0.08945280313491821 
vn 0.5246869921684265 0.8408617377281189 -0.1328723281621933 
vn -0.05097053945064545 0.9954306483268738 -0.08074574917554855 
vn 0.5201792120933533 0.8456032872200012 -0.11986933648586273 
vn 0.013211621902883053 0.9984214305877686 -0.05459024757146835 
vn 0.5073940753936768 0.8586981892585754 -0.07203252613544464 
vn 0.5108298659324646 0.8596124053001404 -0.010923261754214764 
vn 0.8671136498451233 0.49772214889526367 -0.01966099627315998 
vn 0.5108591318130493 0.8596616387367249 0.002184694167226553 
vn 0.8672295808792114 0.497788667678833 -0.010923261754214764 
vn 0.5043429136276245 0.8634786009788513 0.006554040592163801 
vn 0.8672626614570618 0.49780768156051636 -0.006554040592163801 
vn 0.8718388080596924 0.48446714878082275 -0.07203252613544464 
vn 0.888968288898468 0.44426611065864563 -0.1111890971660614 
vn 0.9004382491111755 0.41687387228012085 -0.1242060661315918 
vn 0.9953423142433167 -0.04529482498764992 -0.08510008454322815 
vn 0.9933299422264099 -0.052814092487096786 -0.10250037163496017 
vn 0.8487800359725952 -0.5169230103492737 -0.1111890971660614 
vn 0.998146653175354 -0.015095110982656479 -0.058952588587999344 
vn 0.8570336699485779 -0.5107969045639038 -0.06767380982637405 
vn 0.48116374015808105 -0.8736662864685059 -0.07203252613544464 
vn 0.4896302819252014 -0.8707231283187866 -0.04586252197623253 
vn 0.8629016876220703 -0.5040059089660645 -0.03713129088282585 
vn 0.9995967149734497 0 -0.028397228568792343 
vn 0.8622678518295288 -0.5043716430664062 -0.04586252197623253 
vn 0.9995967149734497 0 -0.028397228568792343 
vn 0.9995967149734497 0 -0.028397228568792343 
vn 0.015102911740541458 0.9998644590377808 0.006554040592163801 
vn 0.015102911740541458 0.9998644590377808 0.006554040592163801 
vn 0.015102911740541458 0.9998644590377808 -0.006554040592163801 
vn 0.7386538982391357 0.4657208323478699 -0.48733407258987427 
vn -0.20988060534000397 0.9777246117591858 -0.002184694167226553 
vn -0.12581279873847961 0.6966085433959961 -0.7063339352607727 
vn -0.21725822985172272 0.9761117100715637 -0.002184694167226553 
vn -0.13712261617183685 0.6881505846977234 -0.7124928832054138 
vn -0.1554136872291565 0.6906076669692993 -0.7063339352607727 
vn -0.013107799924910069 -2.7109958632902213e-15 -0.9999141097068787 
vn 0.0205277930945158 0.007471505552530289 -0.9997613430023193 
vn 0.17761331796646118 -0.6884149312973022 -0.7032341957092285 
vn 0.1830201894044876 -0.6806074976921082 -0.7094202041625977 
vn 0.25395211577415466 -0.9672143459320068 0.002184694167226553 
vn 0.25395211577415466 -0.9672143459320068 -0.002184694167226553 
vn 0.05475441366434097 0.014998783357441425 -0.9983872175216675 
vn 0.0205277930945158 0.007471505552530289 -0.9997613430023193 
vn 0.19223757088184357 -0.674832284450531 -0.7124928832054138 
vn 0.25395211577415466 -0.9672143459320068 0.002184694167226553 
vn 0.20288795232772827 -0.6781805157661438 -0.7063339352607727 
vn -0.16176769137382507 -0.03386816754937172 -0.9862475395202637 
vn -0.2764115631580353 0.674724817276001 -0.6843559741973877 
vn -0.23193161189556122 0.9725334048271179 0.01966099627315998 
vn -0.22446909546852112 0.9737735390663147 0.03713129088282585 
vn -0.35675495862960815 0.7034992575645447 -0.6146662831306458 
vn -0.24080316722393036 -0.026451589539647102 -0.9702134728431702 
vn -0.03022421896457672 -0.7403802871704102 -0.6715083718299866 
vn -0.08295167237520218 -0.765137791633606 -0.6385006904602051 
vn 0.09049693495035172 -0.9958751797676086 0.006554040592163801 
vn -0.9891909956932068 -0.13927596807479858 -0.04586252197623253 
vn -0.44875532388687134 0.09383998811244965 -0.888714075088501 
vn -0.24092359840869904 -0.10643891245126724 -0.9646899104118347 
vn 0.25395211577415466 -0.9672143459320068 -0.002184694167226553 
vn 0.19757215678691864 -0.6765266060829163 -0.7094202041625977 
vn 0.05475441366434097 0.014998783357441425 -0.9983872175216675 
vn -0.13146980106830597 0.6924151182174683 -0.7094202041625977 
vn -0.12581279873847961 0.6966085433959961 -0.7063339352607727 
vn -0.21725822985172272 0.9761117100715637 0.002184694167226553 
vn -0.14064525067806244 0.6937659978866577 -0.7063339352607727 
vn -0.21725822985172272 0.9761117100715637 0.002184694167226553 
vn -0.3724265694618225 0.6198626756668091 -0.6907016038894653 
vn -0.4445439279079437 0.8957543969154358 0.002184694167226553 
vn -0.8103273510932922 0.3136843144893646 -0.4949462115764618 
vn -0.8596616387367249 0.5108591318130493 0.002184694167226553 
vn -0.9709395170211792 -0.23931509256362915 0.002184694167226553 
vn -0.6929969191551208 -0.17200513184070587 -0.7001210451126099 
vn -0.215518519282341 -0.04891273006796837 -0.9752739667892456 
vn 0.04301641881465912 0.0075849550776183605 -0.9990455508232117 
vn 0.08155170828104019 0.015018720179796219 -0.9965559244155884 
vn 0.21011079847812653 -0.6759776473045349 -0.7063339352607727 
vn 0.25395211577415466 -0.9672143459320068 -0.002184694167226553 
vn 0.19564202427864075 -0.6803061962127686 -0.7063339352607727 
vn -0.05098835006356239 -0.7213400602340698 -0.6907016038894653 
vn -0.5808619856834412 -0.6462411284446716 -0.4949462115764618 
vn -0.5302026271820068 -0.8478681445121765 0.002184694167226553 
vn -0.9709395170211792 -0.23931509256362915 0.002184694167226553 
vn 0.25395211577415466 -0.9672143459320068 0.002184694167226553 
vn 0.015103200450539589 -0.9998835325241089 0.002184694167226553 
vn 0.19507868587970734 -0.9807267785072327 -0.010923261754214764 
vn 0.07731416076421738 -0.742824137210846 -0.6650074124336243 
vn 0.23931509256362915 -0.9709395170211792 -0.002184694167226553 
vn 0.2612491250038147 -0.9652689099311829 -0.002184694167226553 
vn -0.6929969191551208 -0.17200513184070587 -0.7001210451126099 
vn -0.21725822985172272 0.9761117100715637 -0.002184694167226553 
vn -0.14628680050373077 0.6894368529319763 -0.7094202041625977 
vn -0.21725822985172272 0.9761117100715637 -0.002184694167226553 
vn -0.21725822985172272 0.9761117100715637 0.002184694167226553 
vn -0.015103200450539589 -0.9998835325241089 -0.002184694167226553 
vn -0.015103200450539589 -0.9998835325241089 -0.002184694167226553 
vn -0.02644268050789833 -0.7042895555496216 -0.7094202041625977 
vn -0.01888980157673359 -0.7045325636863708 -0.7094202041625977 
vn -0.017476677894592285 -3.6145805417514814e-15 -0.9998472929000854 
vn -0.005663437303155661 -0.7078561186790466 -0.7063339352607727 
vn 0.008738672360777855 0 -0.999961793422699 
vn -0.024572229012846947 -0.7012489438056946 -0.7124928832054138 
vn -0.017476677894592285 -3.6145805417514814e-15 -0.9998472929000854 
vn -0.043680015951395035 -9.034036675204318e-15 -0.9990455508232117 
vn -0.024572229012846947 0.7012489438056946 -0.7124928832054138 
vn -0.028309935703873634 0.7073124647140503 -0.7063339352607727 
vn -0.022653724998235703 0.9997409582138062 -0.002184694167226553 
vn -0.015103200450539589 0.9998835325241089 -0.002184694167226553 
vn -0.015103200450539589 -0.9998835325241089 -0.002184694167226553 
vn -0.015103200450539589 -0.9998835325241089 0.002184694167226553 
vn -0.022653724998235703 -0.9997409582138062 0.002184694167226553 
vn -0.028309935703873634 -0.7073124647140503 -0.7063339352607727 
vn 0.0040505328215658665 0.012466258369386196 -0.9999141097068787 
vn 0.009442867711186409 0.698495626449585 -0.715552031993866 
vn 0.02265329100191593 0.999721884727478 -0.006554040592163801 
vn -0.015103200450539589 -0.9998835325241089 -0.002184694167226553 
vn 0.013218086212873459 -0.7199937105178833 -0.6938546895980835 
vn 0.2018820196390152 -0.7680388689041138 -0.607749879360199 
vn 0.2526222765445709 0.0745345801115036 -0.9646899104118347 
vn 0.44951385259628296 0.0901365578174591 -0.888714075088501 
vn 0.43368101119995117 0.06773205101490021 -0.8985171914100647 
vn -0.01510031707584858 -0.9996926784515381 -0.01966099627315998 
vn -0.06788744032382965 -0.9972887635231018 0.028397228568792343 
vn 0.9886574149131775 -0.143014594912529 -0.04586252197623253 
vn -0.013214060105383396 0.707755446434021 -0.7063339352607727 
vn -0.01888980157673359 0.7045325636863708 -0.7094202041625977 
vn -0.02644268050789833 0.7042895555496216 -0.7094202041625977 
vn -0.015103200450539589 0.9998835325241089 -0.002184694167226553 
vn -0.015103200450539589 0.9998835325241089 0.002184694167226553 
vn -0.015103200450539589 0.9998835325241089 0.002184694167226553 
vn -0.015103200450539589 0.9998835325241089 -0.002184694167226553 
vn 0.1427677720785141 0.8048434853553772 -0.5760593414306641 
vn -0.041528113186359406 0.9968428611755371 0.06767380982637405 
vn 0.45690420269966125 -0.03776033967733383 -0.888714075088501 
vn 0.9866003394126892 0.15779003500938416 -0.04149730131030083 
vn 0.25395211577415466 -0.9672143459320068 -0.002184694167226553 
vn 0.18987852334976196 -0.6819373369216919 0.7063339352607727 
vn 0.1990545690059662 -0.6760919094085693 0.7094202041625977 
vn 0.02524128556251526 0.007072276435792446 0.9996563792228699 
vn 0.03864498808979988 0.00722400052472949 0.9992268681526184 
vn -0.13680315017700195 0.6913811564445496 0.7094202041625977 
vn 0.013107799924910069 0 0.9999141097068787 
vn -0.14594706892967224 0.6926700472831726 0.7063339352607727 
vn 0.016146345064044 0.006688034627586603 0.9998472929000854 
vn 0.18260562419891357 -0.683920681476593 0.7063339352607727 
vn 0.25395211577415466 -0.9672143459320068 -0.002184694167226553 
vn -0.21725822985172272 0.9761117100715637 -0.002184694167226553 
vn -0.1533152312040329 0.6910765171051025 0.7063339352607727 
vn -0.14594706892967224 0.6926700472831726 0.7063339352607727 
vn 0.016146345064044 0.006688034627586603 0.9998472929000854 
vn -0.3745415210723877 0.6185870170593262 0.6907016038894653 
vn -0.21043789386749268 -0.05186828225851059 0.976230263710022 
vn -0.8118389844894409 0.30975106358528137 0.4949462115764618 
vn -0.6939642429351807 -0.16806000471115112 0.7001210451126099 
vn -0.9709395170211792 -0.23931509256362915 0.002184694167226553 
vn -0.8596616387367249 0.5108591318130493 0.002184694167226553 
vn -0.4445439279079437 0.8957543969154358 0.002184694167226553 
vn -0.21725822985172272 0.9761117100715637 0.002184694167226553 
vn -0.21725822985172272 0.9761117100715637 0.002184694167226553 
vn 0.25395211577415466 -0.9672143459320068 0.002184694167226553 
vn 0.18260562419891357 -0.683920681476593 0.7063339352607727 
vn 0.015103200450539589 -0.9998835325241089 0.002184694167226553 
vn -0.04706064239144325 -0.7216069102287292 0.6907016038894653 
vn -0.5788034200668335 -0.6480855345726013 0.4949462115764618 
vn -0.6939642429351807 -0.16806000471115112 0.7001210451126099 
vn -0.9709395170211792 -0.23931509256362915 0.002184694167226553 
vn -0.5302026271820068 -0.8478681445121765 0.002184694167226553 
vn -0.8659536838531494 0.48760759830474854 0.1111890971660614 
vn -0.3895370066165924 -0.9206972718238831 -0.024029340595006943 
vn -0.509743869304657 -0.6123837232589722 -0.6042742133140564 
vn -0.38262739777565 -0.6677672863006592 -0.6385006904602051 
vn -0.2710629999637604 0.07100138068199158 -0.9599394202232361 
vn -0.1774315983057022 -0.6852812170982361 -0.7063339352607727 
vn 0.0205277930945158 -0.007471505552530289 -0.9997613430023193 
vn -0.15929636359214783 -0.6833582520484924 -0.7124928832054138 
vn 0.015745941549539566 -0.007582846097648144 -0.9998472929000854 
vn -0.007873271591961384 0.0037915678694844246 -0.999961793422699 
vn 0.20673757791519165 0.6705322265625 -0.7124928832054138 
vn 0.19564202427864075 0.6803061962127686 -0.7063339352607727 
vn 0.283049076795578 0.9591029286384583 -0.002184694167226553 
vn 0.2757980227470398 0.9612131118774414 0.002184694167226553 
vn -0.3332359790802002 -0.9425371885299683 -0.024029340595006943 
vn -0.2685312330722809 -0.963268518447876 0.002184694167226553 
vn -0.2466406375169754 -0.969104528427124 0.002184694167226553 
vn -0.1774315983057022 -0.6852812170982361 -0.7063339352607727 
vn 0.015745941549539566 -0.007582846097648144 -0.9998472929000854 
vn 0.19757215678691864 0.6765266060829163 -0.7094202041625977 
vn 0.2757980227470398 0.9612131118774414 -0.002184694167226553 
vn -0.2466406375169754 -0.969104528427124 0.002184694167226553 
vn -0.16838406026363373 -0.6843754649162292 -0.7094202041625977 
vn -0.16103653609752655 -0.6861415505409241 -0.7094202041625977 
vn 0.041045788675546646 -0.014939445070922375 -0.9990455508232117 
vn -0.1480378955602646 -0.692226231098175 -0.7063339352607727 
vn 0.05921272560954094 -0.015203244052827358 -0.9981296062469482 
vn 0.03413094952702522 -0.007512790150940418 -0.999389111995697 
vn 0.21730972826480865 0.6736978888511658 -0.7063339352607727 
vn 0.21011079847812653 0.6759776473045349 -0.7063339352607727 
vn 0.2757980227470398 0.9612131118774414 0.002184694167226553 
vn 0.2757980227470398 0.9612131118774414 0.002184694167226553 
vn -0.2466406375169754 -0.969104528427124 -0.002184694167226553 
vn -0.2466406375169754 -0.969104528427124 -0.002184694167226553 
vn -0.2466406375169754 -0.969104528427124 -0.002184694167226553 
vn -0.1627717912197113 -0.6889104843139648 -0.7063339352607727 
vn -0.18480253219604492 0.04854058474302292 -0.9815762042999268 
vn -0.0018884019227698445 0.7201125621795654 -0.6938546895980835 
vn 0.07544711232185364 0.9971474409103394 0.002184694167226553 
vn -0.2466406375169754 -0.969104528427124 0.002184694167226553 
vn -0.3622358441352844 -0.6223751306533813 -0.6938546895980835 
vn -0.789500892162323 -0.3239566385746002 -0.5212872624397278 
vn -0.6521488428115845 0.17930927872657776 -0.736579954624176 
vn -0.9652689099311829 0.2612491250038147 0.002184694167226553 
vn -0.8478681445121765 -0.5302026271820068 0.002184694167226553 
vn -0.4377666711807251 -0.8990859389305115 0.002184694167226553 
vn -0.356575071811676 0.0675591304898262 -0.931820809841156 
vn -0.35673627257347107 0.08613073825836182 -0.9302261471748352 
vn -0.2708207368850708 0.13162033259868622 -0.953589141368866 
vn -0.07171119004487991 0.769067645072937 -0.6351318359375 
vn -0.14085038006305695 0.7480407357215881 -0.6485338807106018 
vn 0.06791337579488754 0.9976696968078613 0.006554040592163801 
vn -0.04526789113879204 0.748367428779602 -0.661737859249115 
vn 0.19564202427864075 0.6803061962127686 -0.7063339352607727 
vn 0.2612491250038147 0.9652689099311829 0.002184694167226553 
vn 0.2120332568883896 0.6721345782279968 -0.7094202041625977 
vn 0.2757980227470398 0.9612131118774414 -0.002184694167226553 
vn -0.6521488428115845 0.17930927872657776 -0.736579954624176 
vn -0.5167552828788757 0.6791344285011292 -0.5212872624397278 
vn -0.45802199840545654 0.8889381885528564 0.002184694167226553 
vn -0.9652689099311829 0.2612491250038147 0.002184694167226553 
vn 0.11302325129508972 0.9934746623039246 0.0152922747656703 
vn 0.18584850430488586 0.9815074801445007 0.04586252197623253 
vn 0.9886574149131775 -0.143014594912529 -0.04586252197623253 
vn -0.06788744032382965 -0.9972887635231018 0.028397228568792343 
vn 0.10900066792964935 -0.7388396263122559 0.6650074124336243 
vn 0.03581833466887474 -0.7038750052452087 0.7094202041625977 
vn 0.05413088575005531 -0.028410080820322037 0.9981296062469482 
vn -0.021845221519470215 -4.518096610544014e-15 0.9997613430023193 
vn 0.09213301539421082 0.7202823162078857 0.6875353455543518 
vn -0.018844101577997208 0.7076278924942017 0.7063339352607727 
vn 0.02265329100191593 0.999721884727478 -0.006554040592163801 
vn -0.015103200450539589 0.9998835325241089 -0.002184694167226553 
vn -0.01510031707584858 -0.9996926784515381 -0.01966099627315998 
vn -0.018844101577997208 -0.7076278924942017 0.7063339352607727 
vn -0.008211665786802769 -0.0029888020362704992 0.999961793422699 
vn -0.016972249373793602 0.7045813798904419 0.7094202041625977 
vn -0.022653724998235703 0.9997409582138062 -0.002184694167226553 
vn -0.015103200450539589 -0.9998835325241089 -0.002184694167226553 
vn -0.009429657831788063 -0.7047227025032043 0.7094202041625977 
vn -0.011307315900921822 -0.7077884674072266 0.7063339352607727 
vn -0.013107799924910069 -2.7168168854619897e-15 0.9999141097068787 
vn -0.024512898176908493 -0.7043593525886536 0.7094202041625977 
vn -0.034948017448186874 -7.22805739957269e-15 0.999389111995697 
vn -0.021845221519470215 -4.518096610544014e-15 0.9997613430023193 
vn -0.024512898176908493 0.7043593525886536 0.7094202041625977 
vn -0.018844101577997208 0.7076278924942017 0.7063339352607727 
vn -0.015103200450539589 0.9998835325241089 -0.002184694167226553 
vn -0.015103200450539589 0.9998835325241089 -0.002184694167226553 
vn -0.022653724998235703 -0.9997409582138062 0.002184694167226553 
vn -0.015103200450539589 -0.9998835325241089 0.002184694167226553 
vn -0.015103200450539589 -0.9998835325241089 -0.002184694167226553 
vn -0.018844101577997208 -0.7076278924942017 0.7063339352607727 
vn -0.013107799924910069 -2.7168168854619897e-15 0.9999141097068787 
vn -0.011307315900921822 0.7077884674072266 0.7063339352607727 
vn -0.015103200450539589 0.9998835325241089 0.002184694167226553 
vn -0.015103200450539589 -0.9998835325241089 -0.002184694167226553 
vn -0.011307315900921822 -0.7077884674072266 0.7063339352607727 
vn 0.00376924779266119 -0.707868754863739 0.7063339352607727 
vn 0.004369377624243498 0 0.9999904632568359 
vn 0.1936531960964203 -0.6935878396034241 0.6938546895980835 
vn 0.19535815715789795 0 0.9807319641113281 
vn 0.6633741855621338 0 0.7482877969741821 
vn -0.015103200450539589 -0.9998835325241089 -0.002184694167226553 
vn 3.097898456858039e-13 -0.999997615814209 -0.002184694167226553 
vn 0.19508986175060272 -0.9807829260826111 -0.002184694167226553 
vn 0.6624359488487244 -0.5306870937347412 0.528724730014801 
vn 0.999997615814209 0 0.002184694167226553 
vn 0.6631211042404175 -0.7485089898109436 0.002184694167226553 
vn 0.2678140103816986 -0.09570079296827316 0.9587059020996094 
vn 0.10656343400478363 -0.08294165134429932 0.990840494632721 
vn 0.1615130752325058 -0.05168980360031128 0.9855159521102905 
vn 0.26070743799209595 0.0374840684235096 0.9646899104118347 
vn 0.12568528950214386 0.6934884190559387 0.7094202041625977 
vn -0.041528113186359406 0.9968428611755371 0.06767380982637405 
vn 0.9866003394126892 0.15779003500938416 -0.04149730131030083 
vn -0.011307315900921822 0.7077884674072266 0.7063339352607727 
vn -0.015103200450539589 0.9998835325241089 0.002184694167226553 
vn -1.0341130485562108e-13 0.999997615814209 -0.002184694167226553 
vn 0.00376924779266119 0.707868754863739 0.7063339352607727 
vn 0.19508986175060272 0.9807829260826111 -0.002184694167226553 
vn 0.1936531960964203 0.6935878396034241 0.6938546895980835 
vn 0.6631211042404175 0.7485089898109436 0.002184694167226553 
vn 0.6624359488487244 0.5306870937347412 0.528724730014801 
vn 0.999997615814209 0 0.002184694167226553 
vn 0.6633741855621338 0 0.7482877969741821 
vn 0.2610695958137512 0.9646055698394775 0.03713129088282585 
vn -0.8659536838531494 0.48760759830474854 0.1111890971660614 
vn -0.07164684683084488 0.7828221321105957 -0.6181069612503052 
vn -0.356575071811676 0.0675591304898262 -0.931820809841156 
vn -0.24645960330963135 -0.0037772501818835735 -0.9691457152366638 
vn -0.3258070647716522 -0.011335416696965694 -0.9453682899475098 
vn -0.4572000205516815 -0.033991627395153046 -0.888714075088501 
vn -0.31779494881629944 -0.7363782525062561 -0.5972883701324463 
vn -0.13048554956912994 0.00759991817176342 -0.991421103477478 
vn -0.020787417888641357 0.7228410243988037 -0.6907016038894653 
vn 0.11301462352275848 0.9933987855911255 0.01966099627315998 
vn 0.12209548056125641 0.6972696781158447 -0.7063339352607727 
vn 0.1429940164089203 0.9897211194038391 -0.002184694167226553 
vn 0.12053639441728592 0.9927064776420593 -0.002184694167226553 
vn 0.09611531347036362 0.6950652599334717 -0.7124928832054138 
vn 0.08474869281053543 0.7027873396873474 -0.7063339352607727 
vn -0.007873271591961384 0.0037915678694844246 -0.999961793422699 
vn 0.017476677894592285 0 -0.9998472929000854 
vn -0.06597823649644852 -0.7047972679138184 -0.7063339352607727 
vn -0.05661512538790703 -0.7025081515312195 -0.7094202041625977 
vn -0.08297525346279144 -0.9965491890907288 0.002184694167226553 
vn -0.08297525346279144 -0.9965491890907288 -0.002184694167226553 
vn 0.05240868031978607 0 -0.9986256957054138 
vn 0.017476677894592285 0 -0.9998472929000854 
vn -0.047228217124938965 -0.7000880837440491 -0.7124928832054138 
vn -0.08297525346279144 -0.9965491890907288 0.002184694167226553 
vn -0.04907960817217827 -0.7030748128890991 -0.7094202041625977 
vn -0.1536966860294342 -0.7218751311302185 -0.67473965883255 
vn -0.18767757713794708 -0.9822282791137695 -0.002184694167226553 
vn -0.9866003394126892 0.15779003500938416 -0.04149730131030083 
vn -0.13542260229587555 -0.9900919198989868 -0.03713129088282585 
vn -0.0904986634850502 -0.995894193649292 -0.002184694167226553 
vn 0.12053639441728592 0.9927064776420593 0.002184694167226553 
vn 0.09417776763439178 0.69846510887146 -0.7094202041625977 
vn 0.12053639441728592 0.9927064776420593 -0.002184694167226553 
vn 0.12053639441728592 0.9927064776420593 -0.002184694167226553 
vn 0.10166126489639282 0.6974152326583862 -0.7094202041625977 
vn 0.12053639441728592 0.9927064776420593 0.002184694167226553 
vn 0.047453295439481735 -0.007515863515436649 -0.9988451600074768 
vn 0.11465051770210266 0.6985324621200562 -0.7063339352607727 
vn 0.08474869281053543 0.7027873396873474 -0.7063339352607727 
vn 0.10552956163883209 0.9944137930870056 -0.002184694167226553 
vn -0.12959003448486328 0.7083587050437927 -0.6938546895980835 
vn -0.0980169028043747 0.9951823353767395 -0.002184694167226553 
vn -0.6179368495941162 0.588569164276123 -0.5212872624397278 
vn -0.5926607847213745 0.8054491877555847 0.002184694167226553 
vn -0.9944137930870056 0.10552956163883209 0.002184694167226553 
vn -0.6696966290473938 0.06785660982131958 -0.7395281791687012 
vn -0.20304077863693237 0.01892646960914135 -0.9789873361587524 
vn 0.021845221519470215 0 -0.9997613430023193 
vn 0.0650511160492897 -0.007603385020047426 -0.9978529810905457 
vn -0.03585347160696983 -0.70697021484375 -0.7063339352607727 
vn -0.04907960817217827 -0.7030748128890991 -0.7094202041625977 
vn -0.0904986634850502 -0.995894193649292 -0.002184694167226553 
vn -0.0904986634850502 -0.995894193649292 -0.002184694167226553 
vn -0.06597823649644852 -0.7047972679138184 -0.7063339352607727 
vn -0.2742670774459839 -0.6658402681350708 -0.6938546895980835 
vn -0.724152684211731 -0.45151135325431824 -0.5212872624397278 
vn -0.7485089898109436 -0.6631211042404175 0.002184694167226553 
vn -0.9944137930870056 0.10552956163883209 0.002184694167226553 
vn -0.10552956163883209 -0.9944137930870056 -0.002184694167226553 
vn -0.3047037422657013 -0.9524446725845337 -0.002184694167226553 
vn -0.6696966290473938 0.06785660982131958 -0.7395281791687012 
vn -0.12053639441728592 0.9927064776420593 -0.002184694167226553 
vn -0.12053639441728592 0.9927064776420593 0.002184694167226553 
vn -0.10166126489639282 0.6974152326583862 -0.7094202041625977 
vn -0.11092308908700943 0.6991340517997742 -0.7063339352607727 
vn -0.047453295439481735 -0.007515863515436649 -0.9988451600074768 
vn -0.0650511160492897 -0.007603385020047426 -0.9978529810905457 
vn 0.03962376341223717 -0.7067689299583435 -0.7063339352607727 
vn -0.021845221519470215 -4.518096610544014e-15 -0.9997613430023193 
vn 0.062218084931373596 -0.70513916015625 -0.7063339352607727 
vn 0.2026538848876953 0.022697368636727333 -0.9789873361587524 
vn 0.2707711458206177 -0.6672695279121399 -0.6938546895980835 
vn 0.724152684211731 -0.45151135325431824 -0.5212872624397278 
vn 0.7485089898109436 -0.6631211042404175 0.002184694167226553 
vn 0.9944137930870056 0.10552956163883209 0.002184694167226553 
vn 0.3047037422657013 -0.9524446725845337 -0.002184694167226553 
vn 0.10552956163883209 -0.9944137930870056 -0.002184694167226553 
vn 0.0904986634850502 -0.995894193649292 -0.002184694167226553 
vn 0.04907960817217827 -0.7030748128890991 -0.7094202041625977 
vn -0.017476677894592285 -3.6145805417514814e-15 -0.9998472929000854 
vn -0.09417776763439178 0.69846510887146 -0.7094202041625977 
vn -0.12053639441728592 0.9927064776420593 -0.002184694167226553 
vn 0.0904986634850502 -0.995894193649292 -0.002184694167226553 
vn 0.05661512538790703 -0.7025081515312195 -0.7094202041625977 
vn 0.062218084931373596 -0.70513916015625 -0.7063339352607727 
vn 0.008738672360777855 0 -0.999961793422699 
vn 0.05100005492568016 -0.6998234391212463 -0.7124928832054138 
vn -0.017476677894592285 -3.6145805417514814e-15 -0.9998472929000854 
vn -0.0522688664495945 -0.0038255881518125534 -0.9986256957054138 
vn -0.0923684611916542 0.695573091506958 -0.7124928832054138 
vn -0.11837468296289444 0.6979110240936279 -0.7063339352607727 
vn -0.12053639441728592 0.9927064776420593 -0.002184694167226553 
vn -0.1429940164089203 0.9897211194038391 -0.002184694167226553 
vn 0.08297525346279144 -0.9965491890907288 -0.002184694167226553 
vn 0.08297525346279144 -0.9965491890907288 0.002184694167226553 
vn 0.08297525346279144 -0.9965491890907288 0.002184694167226553 
vn 0.04907960817217827 -0.7030748128890991 -0.7094202041625977 
vn 0.13048554956912994 0.00759991817176342 -0.991421103477478 
vn 0.017008662223815918 0.7229397892951965 -0.6907016038894653 
vn -0.11301462352275848 0.9933987855911255 0.01966099627315998 
vn 0.0904986634850502 -0.995894193649292 -0.002184694167226553 
vn 0.1536966860294342 -0.7218751311302185 -0.67473965883255 
vn 0.3212597668170929 -0.7348732948303223 -0.5972883701324463 
vn 0.2463727742433548 -0.007553613279014826 -0.9691457152366638 
vn 0.45690420269966125 -0.03776033967733383 -0.888714075088501 
vn 0.3256537914276123 -0.015111519023776054 -0.9453682899475098 
vn 0.13542260229587555 -0.9900919198989868 -0.03713129088282585 
vn 0.18767757713794708 -0.9822282791137695 -0.002184694167226553 
vn 0.9866003394126892 0.15779003500938416 -0.04149730131030083 
vn 0.6696966290473938 0.06785660982131958 -0.7395281791687012 
vn -0.080998994410038 0.7032293677330017 -0.7063339352607727 
vn -0.12053639441728592 0.9927064776420593 0.002184694167226553 
vn 0.356575071811676 0.0675591304898262 -0.931820809841156 
vn 0.07164684683084488 0.7828221321105957 -0.6181069612503052 
vn 0.8677997589111328 0.48431453108787537 0.1111890971660614 
vn -0.2610695958137512 0.9646055698394775 0.03713129088282585 
vn -0.080998994410038 0.7032293677330017 -0.7063339352607727 
vn 0.1258731186389923 0.7090286612510681 -0.6938546895980835 
vn 0.6696966290473938 0.06785660982131958 -0.7395281791687012 
vn 0.6179368495941162 0.588569164276123 -0.5212872624397278 
vn 0.9944137930870056 0.10552956163883209 0.002184694167226553 
vn 0.5926607847213745 0.8054491877555847 0.002184694167226553 
vn 0.0980169028043747 0.9951823353767395 -0.002184694167226553 
vn -0.10552956163883209 0.9944137930870056 -0.002184694167226553 
vn -0.02265329100191593 0.999721884727478 -0.006554040592163801 
vn -0.00566583126783371 0.6985365152359009 -0.715552031993866 
vn 0.015103200450539589 0.9998835325241089 -0.002184694167226553 
vn 0.03208215907216072 0.7071514129638672 -0.7063339352607727 
vn 0.022653724998235703 0.9997409582138062 -0.002184694167226553 
vn 0.020793093368411064 0.7013711929321289 -0.7124928832054138 
vn 0.00943888258188963 0.7078158259391785 -0.7063339352607727 
vn -0.007873271591961384 0.0037915678694844246 -0.999961793422699 
vn 0.017476677894592285 0 -0.9998472929000854 
vn 0.00943888258188963 -0.7078158259391785 -0.7063339352607727 
vn 0.01888980157673359 -0.7045325636863708 -0.7094202041625977 
vn 0.015103200450539589 -0.9998835325241089 0.002184694167226553 
vn 0.015103200450539589 -0.9998835325241089 -0.002184694167226553 
vn -0.0040505328215658665 0.012466258369386196 -0.9999141097068787 
vn 0.043680015951395035 0 -0.9990455508232117 
vn 0.017476677894592285 0 -0.9998472929000854 
vn 0.020793093368411064 -0.7013711929321289 -0.7124928832054138 
vn 0.022653724998235703 -0.9997409582138062 0.002184694167226553 
vn 0.02453690767288208 -0.7074533700942993 -0.7063339352607727 
vn 0.015103200450539589 -0.9998835325241089 -0.002184694167226553 
vn -0.016994059085845947 -0.7199144959449768 -0.6938546895980835 
vn 0.01510031707584858 -0.9996926784515381 -0.01966099627315998 
vn -0.2018820196390152 -0.7680388689041138 -0.607749879360199 
vn 0.06788744032382965 -0.9972887635231018 0.028397228568792343 
vn -0.2515271008014679 0.07815069705247879 -0.9646899104118347 
vn -0.1427677720785141 0.8048434853553772 -0.5760593414306641 
vn 0.041528113186359406 0.9968428611755371 0.06767380982637405 
vn -0.9866003394126892 0.15779003500938416 -0.04149730131030083 
vn -0.4572000205516815 -0.033991627395153046 -0.888714075088501 
vn -0.4330819845199585 0.0714622363448143 -0.8985171914100647 
vn -0.44875532388687134 0.09383998811244965 -0.888714075088501 
vn -0.9891909956932068 -0.13927596807479858 -0.04586252197623253 
vn 0.015103200450539589 0.9998835325241089 0.002184694167226553 
vn 0.01888980157673359 0.7045325636863708 -0.7094202041625977 
vn 0.015103200450539589 0.9998835325241089 -0.002184694167226553 
vn 0.015103200450539589 0.9998835325241089 -0.002184694167226553 
vn 0.02644268050789833 0.7042895555496216 -0.7094202041625977 
vn 0.015103200450539589 0.9998835325241089 0.002184694167226553 
vn 0.043680015951395035 0 -0.9990455508232117 
vn 0.03962376341223717 0.7067689299583435 -0.7063339352607727 
vn 0.00943888258188963 0.7078158259391785 -0.7063339352607727 
vn -1.0341130485562108e-13 0.999997615814209 -0.002184694167226553 
vn -0.19578638672828674 0.6929886937141418 -0.6938546895980835 
vn -0.19508986175060272 0.9807829260826111 -0.002184694167226553 
vn -0.666630208492279 0.5254086852073669 -0.528724730014801 
vn -0.6631211042404175 0.7485089898109436 0.002184694167226553 
vn -0.999997615814209 -2.0682260971124217e-13 0.002184694167226553 
vn -0.6633741855621338 -1.3720110930617174e-13 -0.7482877969741821 
vn -0.19103381037712097 0.003775021992623806 -0.9815762042999268 
vn 0.021845221519470215 0 -0.9997613430023193 
vn 0.06549396365880966 0 -0.9978529810905457 
vn 0.03962376341223717 -0.7067689299583435 -0.7063339352607727 
vn 0.02644268050789833 -0.7042895555496216 -0.7094202041625977 
vn 0.015103200450539589 -0.9998835325241089 -0.002184694167226553 
vn 0.015103200450539589 -0.9998835325241089 -0.002184694167226553 
vn 0.00943888258188963 -0.7078158259391785 -0.7063339352607727 
vn -0.18850667774677277 -0.6950042247772217 -0.6938546895980835 
vn -0.666630208492279 -0.5254086852073669 -0.528724730014801 
vn -0.6631211042404175 -0.7485089898109436 0.002184694167226553 
vn -0.999997615814209 -2.0682260971124217e-13 0.002184694167226553 
vn 3.097898456858039e-13 -0.999997615814209 -0.002184694167226553 
vn -0.19508986175060272 -0.9807829260826111 -0.002184694167226553 
vn -0.6633741855621338 -1.3720110930617174e-13 -0.7482877969741821 
vn -0.6693190336227417 0.07148534059524536 0.7395281791687012 
vn -0.27368512749671936 -0.6693487167358398 0.6907016038894653 
vn -0.20306123793125153 0.018705733120441437 0.9789873361587524 
vn -0.0035349009558558464 0.002568255877122283 0.9999904632568359 
vn -0.1292804777622223 0.7114898562431335 0.6907016038894653 
vn 0.07149393856525421 0.7042591571807861 0.7063339352607727 
vn -0.0980169028043747 0.9951823353767395 -0.002184694167226553 
vn 0.10552956163883209 0.9944137930870056 -0.002184694167226553 
vn -0.07898972928524017 -0.7034578919410706 0.7063339352607727 
vn 0.013107799924910069 0 0.9999141097068787 
vn 0.08647655695676804 0.7025768160820007 0.7063339352607727 
vn 0.12053639441728592 0.9927064776420593 0.002184694167226553 
vn 0.09395357966423035 0.7016160488128662 0.7063339352607727 
vn 0.12053639441728592 0.9927064776420593 -0.002184694167226553 
vn 0.12053639441728592 0.9927064776420593 -0.002184694167226553 
vn 0.10335525125265121 0.6971661448478699 0.7094202041625977 
vn 0.08647655695676804 0.7025768160820007 0.7063339352607727 
vn 0.013107799924910069 0 0.9999141097068787 
vn 0.008738672360777855 0 0.999961793422699 
vn -0.0639900416135788 -0.7049806118011475 0.7063339352607727 
vn -0.06215674430131912 -0.7020395398139954 0.7094202041625977 
vn -0.08297525346279144 -0.9965491890907288 0.002184694167226553 
vn -0.08297525346279144 -0.9965491890907288 0.002184694167226553 
vn 0.021845221519470215 0 0.9997613430023193 
vn 0.034948017448186874 0 0.999389111995697 
vn -0.0471145361661911 -0.7032092213630676 0.7094202041625977 
vn -0.08297525346279144 -0.9965491890907288 -0.002184694167226553 
vn -0.056478891521692276 -0.7056220769882202 0.7063339352607727 
vn -0.056478891521692276 -0.7056220769882202 0.7063339352607727 
vn -0.10552956163883209 -0.9944137930870056 -0.002184694167226553 
vn -0.3047037422657013 -0.9524446725845337 -0.002184694167226553 
vn -0.0904986634850502 -0.995894193649292 -0.002184694167226553 
vn -0.0904986634850502 -0.995894193649292 -0.002184694167226553 
vn -0.5926607847213745 0.8054491877555847 0.002184694167226553 
vn -0.6159627437591553 0.590634822845459 0.5212872624397278 
vn -0.6693190336227417 0.07148534059524536 0.7395281791687012 
vn -0.9944137930870056 0.10552956163883209 0.002184694167226553 
vn -0.0904986634850502 -0.995894193649292 -0.002184694167226553 
vn -0.05463876947760582 -0.7026646137237549 0.7094202041625977 
vn 0.030580973252654076 0 0.9995322823524475 
vn 0.1127086877822876 0.7019675374031067 0.7032341957092285 
vn 0.01885085366666317 0.7318885922431946 0.681163489818573 
vn 0.11301462352275848 0.9933987855911255 0.01966099627315998 
vn 0.2610695958137512 0.9646055698394775 0.03713129088282585 
vn -0.13542260229587555 -0.9900919198989868 -0.03713129088282585 
vn -0.23302185535430908 -0.6781588792800903 0.6969945430755615 
vn -0.1342177540063858 0.014855217188596725 0.990840494632721 
vn -0.05651627853512764 0.7974088191986084 0.6007870435714722 
vn -0.8659536838531494 0.48760759830474854 0.1111890971660614 
vn -0.18767757713794708 -0.9822282791137695 -0.002184694167226553 
vn -0.36525028944015503 -0.6276044845581055 0.6875353455543518 
vn -0.2273644357919693 0.09519462287425995 0.9691457152366638 
vn -0.2821296155452728 0.1549304723739624 0.946783721446991 
vn -0.15960542857646942 0.07922882586717606 0.9839963912963867 
vn -0.26070743799209595 0.0374840684235096 0.9646899104118347 
vn -0.9866003394126892 0.15779003500938416 -0.04149730131030083 
vn 0.1429940164089203 0.9897211194038391 -0.002184694167226553 
vn 0.08840792626142502 0.6992188692092896 0.7094202041625977 
vn 0.12053639441728592 0.9927064776420593 -0.002184694167226553 
vn 0.12053639441728592 0.9927064776420593 0.002184694167226553 
vn -0.7264919281005859 -0.4477377235889435 0.5212872624397278 
vn -0.7485089898109436 -0.6631211042404175 0.002184694167226553 
vn -0.9944137930870056 0.10552956163883209 0.002184694167226553 
vn -0.12053639441728592 0.9927064776420593 0.002184694167226553 
vn -0.12053639441728592 0.9927064776420593 -0.002184694167226553 
vn -0.08647655695676804 0.7025768160820007 0.7063339352607727 
vn -0.09395357966423035 0.7016160488128662 0.7063339352607727 
vn -0.013107799924910069 -2.7168168854619897e-15 0.9999141097068787 
vn -0.021845221519470215 -4.518096610544014e-15 0.9997613430023193 
vn 0.056478891521692276 -0.7056220769882202 0.7063339352607727 
vn 0.04335033893585205 -0.7034512758255005 0.7094202041625977 
vn 0.08297525346279144 -0.9965491890907288 -0.002184694167226553 
vn 0.0639900416135788 -0.7049806118011475 0.7063339352607727 
vn 0.08297525346279144 -0.9965491890907288 0.002184694167226553 
vn 0.058398593217134476 -0.7023621201515198 0.7094202041625977 
vn 0.08297525346279144 -0.9965491890907288 0.002184694167226553 
vn 0.0904986634850502 -0.995894193649292 -0.002184694167226553 
vn -0.12053639441728592 0.9927064776420593 -0.002184694167226553 
vn -0.09962259232997894 0.697709321975708 0.7094202041625977 
vn -0.034948017448186874 -7.22805739957269e-15 0.999389111995697 
vn -0.013107799924910069 -2.7168168854619897e-15 0.9999141097068787 
vn -0.008211665786802769 -0.0029888020362704992 0.999961793422699 
vn 0.058398593217134476 -0.7023621201515198 0.7094202041625977 
vn 0.13542260229587555 -0.9900919198989868 -0.03713129088282585 
vn -0.08647655695676804 0.7025768160820007 0.7063339352607727 
vn -0.0846644937992096 0.6996819972991943 0.7094202041625977 
vn -0.1127086877822876 0.7019675374031067 0.7032341957092285 
vn -0.1429940164089203 0.9897211194038391 -0.002184694167226553 
vn -0.11301462352275848 0.9933987855911255 0.01966099627315998 
vn -0.12053639441728592 0.9927064776420593 0.002184694167226553 
vn -0.12053639441728592 0.9927064776420593 -0.002184694167226553 
vn -0.10552956163883209 0.9944137930870056 -0.002184694167226553 
vn -0.07149393856525421 0.7042591571807861 0.7063339352607727 
vn 0.0980169028043747 0.9951823353767395 -0.002184694167226553 
vn 0.13298551738262177 0.710806667804718 0.6907016038894653 
vn 0.5926607847213745 0.8054491877555847 0.002184694167226553 
vn 0.6185665130615234 0.5879073739051819 0.5212872624397278 
vn 0.9944137930870056 0.10552956163883209 0.002184694167226553 
vn 0.6697088479995728 0.06773605942726135 0.7395281791687012 
vn 0.20268332958221436 0.02243298478424549 0.9789873361587524 
vn 0.004369377624243498 0 0.9999904632568359 
vn 0.07898972928524017 -0.7034578919410706 0.7063339352607727 
vn 0.2771686911582947 -0.6679137349128723 0.6907016038894653 
vn 0.6697088479995728 0.06773605942726135 0.7395281791687012 
vn 0.056478891521692276 -0.7056220769882202 0.7063339352607727 
vn 0.0904986634850502 -0.995894193649292 -0.002184694167226553 
vn 0.0904986634850502 -0.995894193649292 -0.002184694167226553 
vn 0.10552956163883209 -0.9944137930870056 -0.002184694167226553 
vn 0.3047037422657013 -0.9524446725845337 -0.002184694167226553 
vn 0.7245064973831177 -0.45094338059425354 0.5212872624397278 
vn 0.9944137930870056 0.10552956163883209 0.002184694167226553 
vn 0.7485089898109436 -0.6631211042404175 0.002184694167226553 
vn 0.015103200450539589 0.9998835325241089 -0.002184694167226553 
vn 0.015103200450539589 0.9998835325241089 -0.002184694167226553 
vn 0.018844101577997208 0.7076278924942017 0.7063339352607727 
vn 0.011307315900921822 0.7077884674072266 0.7063339352607727 
vn 0.013107799924910069 0 0.9999141097068787 
vn -0.00376924779266119 0.707868754863739 0.7063339352607727 
vn -0.0035349009558558464 -0.002568255877122283 0.9999904632568359 
vn -0.1936531960964203 0.6935878396034241 0.6938546895980835 
vn -0.19535815715789795 -4.0404579503125135e-14 0.9807319641113281 
vn -0.6647875308990479 0.5277382731437683 0.528724730014801 
vn -0.663363516330719 0.003768608206883073 0.7482877969741821 
vn -0.999997615814209 -2.0682260971124217e-13 0.002184694167226553 
vn -0.6631211042404175 0.7485089898109436 0.002184694167226553 
vn -0.19508986175060272 0.9807829260826111 -0.002184694167226553 
vn -1.0341130485562108e-13 0.999997615814209 -0.002184694167226553 
vn 0.015103200450539589 0.9998835325241089 0.002184694167226553 
vn -0.00376924779266119 -0.707868754863739 0.7063339352607727 
vn -0.1936531960964203 -0.6935878396034241 0.6938546895980835 
vn -0.19508986175060272 -0.9807829260826111 -0.002184694167226553 
vn -0.6647875308990479 -0.5277382731437683 0.528724730014801 
vn -0.6631211042404175 -0.7485089898109436 0.002184694167226553 
vn -0.999997615814209 -2.0682260971124217e-13 0.002184694167226553 
vn -0.663363516330719 0.003768608206883073 0.7482877969741821 
vn 3.097898456858039e-13 -0.999997615814209 -0.002184694167226553 
vn 0.011307315900921822 -0.7077884674072266 0.7063339352607727 
vn 0.018844101577997208 -0.7076278924942017 0.7063339352607727 
vn 0.021845221519470215 0 0.9997613430023193 
vn 0.028282223269343376 -0.7042180895805359 0.7094202041625977 
vn 0.034948017448186874 0 0.999389111995697 
vn 0.013107799924910069 0 0.9999141097068787 
vn 0.028282223269343376 0.7042180895805359 0.7094202041625977 
vn 0.011307315900921822 0.7077884674072266 0.7063339352607727 
vn 0.015103200450539589 0.9998835325241089 0.002184694167226553 
vn 0.015103200450539589 -0.9998835325241089 -0.002184694167226553 
vn 0.015103200450539589 -0.9998835325241089 -0.002184694167226553 
vn 0.015103200450539589 -0.9998835325241089 -0.002184694167226553 
vn 0.011307315900921822 -0.7077884674072266 0.7063339352607727 
vn 0.008738672360777855 0 0.999961793422699 
vn 0.013201143592596054 0.7046621441841125 0.7094202041625977 
vn 0.022653724998235703 0.9997409582138062 -0.002184694167226553 
vn 0.015103200450539589 -0.9998835325241089 0.002184694167226553 
vn 0.013201143592596054 -0.7046621441841125 0.7094202041625977 
vn 0.018844101577997208 -0.7076278924942017 0.7063339352607727 
vn 0.021845221519470215 0 0.9997613430023193 
vn -0.032050736248493195 -0.7040566205978394 0.7094202041625977 
vn -0.05413088575005531 -0.028410080820322037 0.9981296062469482 
vn -0.10900066792964935 -0.7388396263122559 0.6650074124336243 
vn -0.10656343400478363 -0.08294165134429932 0.990840494632721 
vn -0.2678140103816986 -0.09570079296827316 0.9587059020996094 
vn -0.1615130752325058 -0.05168980360031128 0.9855159521102905 
vn 0.022653724998235703 -0.9997409582138062 0.002184694167226553 
vn 0.015103200450539589 -0.9998835325241089 -0.002184694167226553 
vn 0.01510031707584858 -0.9996926784515381 -0.01966099627315998 
vn 0.06788744032382965 -0.9972887635231018 0.028397228568792343 
vn -0.9891909956932068 -0.13927596807479858 -0.04586252197623253 
vn 0.015103200450539589 0.9998835325241089 -0.002184694167226553 
vn 0.018844101577997208 0.7076278924942017 0.7063339352607727 
vn -0.02265329100191593 0.999721884727478 -0.006554040592163801 
vn -0.09587197750806808 0.7197942137718201 0.6875353455543518 
vn 0.041528113186359406 0.9968428611755371 0.06767380982637405 
vn -0.129394993185997 0.692805826663971 0.7094202041625977 
vn -0.9866003394126892 0.15779003500938416 -0.04149730131030083 
vn -0.26070743799209595 0.0374840684235096 0.9646899104118347 
vn -0.001887803548015654 0.7583425045013428 -0.651853621006012 
vn 0.3867761194705963 0.652296781539917 -0.651853621006012 
vn -2.0682311115474694e-13 0 -1 
vn -2.0682311115474694e-13 0 -1 
vn -2.0682311115474694e-13 0 -1 
vn -2.0682311115474694e-13 0 -1 
vn -2.0682311115474694e-13 0 -1 
vn -2.0682311115474694e-13 0 -1 
vn -2.0682311115474694e-13 0 -1 
vn -2.0682311115474694e-13 0 -1 
vn -2.0682311115474694e-13 0 -1 
vn -2.0682311115474694e-13 0 -1 
vn -2.0682311115474694e-13 0 -1 
vn -2.0682311115474694e-13 0 -1 
vn -2.0682311115474694e-13 0 -1 
vn 0.6948056221008301 -0.26583462953567505 -0.6682642698287964 
vn 0.5522183775901794 -0.5028120875358582 -0.6650074124336243 
vn 0.633668839931488 0.4007079005241394 -0.661737859249115 
vn -2.0682311115474694e-13 0 -1 
vn -2.0682311115474694e-13 0 -1 
vn -2.0682311115474694e-13 0 -1 
vn -2.0682311115474694e-13 0 -1 
vn -2.0682311115474694e-13 0 -1 
vn 0.7377080321311951 -0.02265446074306965 -0.67473965883255 
vn 0.6990728974342346 0.060422930866479874 -0.7124928832054138 
vn 0.7033278346061707 0.045309681445360184 -0.7094202041625977 
vn 0.7226520776748657 0.1500011384487152 -0.67473965883255 
vn 0.9866003394126892 0.15779003500938416 -0.04149730131030083 
vn 0.18767757713794708 -0.9822282791137695 -0.002184694167226553 
vn 0.3619863986968994 -0.6294926404953003 0.6875353455543518 
vn 0.23302185535430908 -0.6781588792800903 0.6969945430755615 
vn 0.1342177540063858 0.014855217188596725 0.990840494632721 
vn -0.0303741954267025 0.0035502342507243156 0.9995322823524475 
vn -0.01885085366666317 0.7318885922431946 0.681163489818573 
vn 0.26070743799209595 0.0374840684235096 0.9646899104118347 
vn 0.15960542857646942 0.07922882586717606 0.9839963912963867 
vn 0.2273644357919693 0.09519462287425995 0.9691457152366638 
vn 0.05651627853512764 0.7974088191986084 0.6007870435714722 
vn -0.2610695958137512 0.9646055698394775 0.03713129088282585 
vn 0.8677997589111328 0.48431453108787537 0.1111890971660614 
vn 0.2803010046482086 0.1582147628068924 0.946783721446991 
vn -2.0682311115474694e-13 0 -1 
vn -2.0682311115474694e-13 0 -1 
vn -2.0682311115474694e-13 0 -1 
vn -2.0682311115474694e-13 0 -1 
vn -2.0682311115474694e-13 0 -1 
vn -2.0682311115474694e-13 0 -1 
vn -2.0682311115474694e-13 0 -1 
vn -0.7033278346061707 0.045309681445360184 -0.7094202041625977 
vn -2.0682311115474694e-13 0 -1 
vn -0.7226520776748657 0.1500011384487152 -0.67473965883255 
vn 2.0682311115474694e-13 4.2775797696334704e-26 -1 
vn -0.633668839931488 0.4007079005241394 -0.661737859249115 
vn 2.0682311115474694e-13 4.2775797696334704e-26 -1 
vn -0.38352373242378235 0.6542143821716309 -0.651853621006012 
vn -2.0682311115474694e-13 0 -1 
vn -2.0682311115474694e-13 0 -1 
vn 0.3077009618282318 -0.6836835145950317 -0.661737859249115 
vn -2.0682311115474694e-13 0 -1 
vn -2.0682311115474694e-13 0 -1 
vn -2.0682311115474694e-13 0 -1 
vn -2.0682311115474694e-13 0 -1 
vn -0.6961458325386047 -0.2623049020767212 -0.6682642698287964 
vn -0.7377080321311951 -0.02265446074306965 -0.67473965883255 
vn -0.5496676564216614 -0.505599319934845 -0.6650074124336243 
vn -0.3077009618282318 -0.6836835145950317 -0.661737859249115 
vn 2.3292682344543125e-13 -0.7497352957725525 -0.661737859249115 
vn -2.0682311115474694e-13 0 -1 
vn -0.6980047821998596 0.07171575725078583 -0.7124928832054138 
vn 0.6521488428115845 0.17930927872657776 -0.736579954624176 
vn 0.789500892162323 -0.3239566385746002 -0.5212872624397278 
vn 0.18380744755268097 0.052182283252477646 -0.9815762042999268 
vn 0.3654950261116028 -0.6204667687416077 -0.6938546895980835 
vn 0.15909500420093536 -0.68976891040802 -0.7063339352607727 
vn 0.2466406375169754 -0.969104528427124 0.002184694167226553 
vn 0.2466406375169754 -0.969104528427124 -0.002184694167226553 
vn 0.9652689099311829 0.2612491250038147 0.002184694167226553 
vn 0.8478681445121765 -0.5302026271820068 0.002184694167226553 
vn 0.4377666711807251 -0.8990859389305115 0.002184694167226553 
vn 0.21725822985172272 0.9761117100715637 -0.002184694167226553 
vn 0.21725822985172272 0.9761117100715637 -0.002184694167226553 
vn 0.14628680050373077 0.6894368529319763 -0.7094202041625977 
vn 0.13146980106830597 0.6924151182174683 -0.7094202041625977 
vn -0.0205277930945158 0.007471505552530289 -0.9997613430023193 
vn -0.055633947253227234 0.011308097280561924 -0.9983872175216675 
vn -0.19757215678691864 -0.6765266060829163 -0.7094202041625977 
vn -0.206502303481102 -0.677088737487793 -0.7063339352607727 
vn -0.25395211577415466 -0.9672143459320068 -0.002184694167226553 
vn -0.19926781952381134 -0.6792530417442322 -0.7063339352607727 
vn -0.25395211577415466 -0.9672143459320068 0.002184694167226553 
vn 0.047217026352882385 -0.7215967178344727 -0.6907016038894653 
vn -0.015103200450539589 -0.9998835325241089 0.002184694167226553 
vn 0.5302026271820068 -0.8478681445121765 0.002184694167226553 
vn 0.21725822985172272 0.9761117100715637 0.002184694167226553 
vn 0.12209548056125641 0.6972696781158447 -0.7063339352607727 
vn -0.08078362047672272 0.01871494948863983 -0.9965559244155884 
vn -0.04301641881465912 0.0075849550776183605 -0.9990455508232117 
vn 0.214647114276886 -0.05260518565773964 -0.9752739667892456 
vn 0.5780484676361084 -0.6487590074539185 -0.4949462115764618 
vn 0.9709395170211792 -0.23931509256362915 0.002184694167226553 
vn 0.13694287836551666 0.6945062875747681 -0.7063339352607727 
vn 0.3756616413593292 0.6179074048995972 -0.6907016038894653 
vn 0.6929969191551208 -0.17200513184070587 -0.7001210451126099 
vn 0.8116827011108398 0.3101603090763092 -0.4949462115764618 
vn 0.9709395170211792 -0.23931509256362915 0.002184694167226553 
vn 0.8596616387367249 0.5108591318130493 0.002184694167226553 
vn 0.4445439279079437 0.8957543969154358 0.002184694167226553 
vn 0.21725822985172272 0.9761117100715637 0.002184694167226553 
vn 0.6929969191551208 -0.17200513184070587 -0.7001210451126099 
vn 0.21725822985172272 0.9761117100715637 0.002184694167226553 
vn 0.15909500420093536 0.68976891040802 -0.7063339352607727 
vn 0.21725822985172272 0.9761117100715637 -0.002184694167226553 
vn 0.14082881808280945 0.6874017119407654 -0.7124928832054138 
vn 0.1295265555381775 0.695927619934082 -0.7063339352607727 
vn -0.055633947253227234 0.011308097280561924 -0.9983872175216675 
vn 0.1625017374753952 -0.0301500391215086 -0.9862475395202637 
vn -0.206502303481102 -0.677088737487793 -0.7063339352607727 
vn -0.08107104897499084 -0.7424234747886658 -0.6650074124336243 
vn -0.2612491250038147 -0.9652689099311829 -0.002184694167226553 
vn -0.23931509256362915 -0.9709395170211792 -0.002184694167226553 
vn 0.013107799924910069 0 -0.9999141097068787 
vn -0.0205277930945158 0.007471505552530289 -0.9997613430023193 
vn -0.19587121903896332 -0.6737865805625916 -0.7124928832054138 
vn -0.25395211577415466 -0.9672143459320068 0.002184694167226553 
vn -0.1739514023065567 -0.689349353313446 -0.7032341957092285 
vn -0.25395211577415466 -0.9672143459320068 0.002184694167226553 
vn -0.1830201894044876 -0.6806074976921082 -0.7094202041625977 
vn -0.25395211577415466 -0.9672143459320068 -0.002184694167226553 
vn -0.25395211577415466 -0.9672143459320068 -0.002184694167226553 
vn 0.20988060534000397 0.9777246117591858 -0.002184694167226553 
vn 0.2764115631580353 0.674724817276001 -0.6843559741973877 
vn 0.23193161189556122 0.9725334048271179 0.01966099627315998 
vn 0.22446909546852112 0.9737735390663147 0.03713129088282585 
vn 0.35675495862960815 0.7034992575645447 -0.6146662831306458 
vn 0.9886574149131775 -0.143014594912529 -0.04586252197623253 
vn 0.2403603345155716 -0.0302119143307209 -0.9702134728431702 
vn 0.44951385259628296 0.0901365578174591 -0.888714075088501 
vn 0.03022421896457672 -0.7403802871704102 -0.6715083718299866 
vn -0.19507868587970734 -0.9807267785072327 -0.010923261754214764 
vn -0.09049693495035172 -0.9958751797676086 0.006554040592163801 
vn 0.08295167237520218 -0.765137791633606 -0.6385006904602051 
vn 0.24242563545703888 -0.10297198593616486 -0.9646899104118347 
vn -0.5496676564216614 -0.505599319934845 -0.6650074124336243 
vn -0.6961458325386047 -0.2623049020767212 -0.6682642698287964 
vn -2.0682311115474694e-13 0 -1 
vn -2.0682311115474694e-13 0 -1 
vn -2.0682311115474694e-13 0 -1 
vn -2.0682311115474694e-13 0 -1 
vn -2.0682311115474694e-13 0 -1 
vn -2.0682311115474694e-13 0 -1 
vn -2.0682311115474694e-13 0 -1 
vn -2.0682311115474694e-13 0 -1 
vn -2.0682311115474694e-13 0 -1 
vn -2.0682311115474694e-13 0 -1 
vn -2.0682311115474694e-13 0 -1 
vn 2.0682311115474694e-13 4.2775797696334704e-26 -1 
vn -2.0682311115474694e-13 0 -1 
vn -0.38352373242378235 0.6542143821716309 -0.651853621006012 
vn -0.001887803548015654 0.7583425045013428 -0.651853621006012 
vn -0.7377080321311951 -0.02265446074306965 -0.67473965883255 
vn -2.0682311115474694e-13 0 -1 
vn -2.0682311115474694e-13 0 -1 
vn -2.0682311115474694e-13 0 -1 
vn -2.0682311115474694e-13 0 -1 
vn 2.0682311115474694e-13 4.2775797696334704e-26 -1 
vn -0.633668839931488 0.4007079005241394 -0.661737859249115 
vn -0.7226520776748657 0.1500011384487152 -0.67473965883255 
vn -0.7033278346061707 0.045309681445360184 -0.7094202041625977 
vn -0.6987371444702148 0.06418910622596741 -0.7124928832054138 
vn -2.0682311115474694e-13 0 -1 
vn 0.3802618086338043 0.656115710735321 -0.651853621006012 
vn 0.633668839931488 0.4007079005241394 -0.661737859249115 
vn -2.0682311115474694e-13 0 -1 
vn 0.7226520776748657 0.1500011384487152 -0.67473965883255 
vn -2.0682311115474694e-13 0 -1 
vn 0.7033278346061707 0.045309681445360184 -0.7094202041625977 
vn -2.0682311115474694e-13 0 -1 
vn -2.0682311115474694e-13 0 -1 
vn -2.0682311115474694e-13 0 -1 
vn -2.0682311115474694e-13 0 -1 
vn -2.0682311115474694e-13 0 -1 
vn -2.0682311115474694e-13 0 -1 
vn -2.0682311115474694e-13 0 -1 
vn -2.0682311115474694e-13 0 -1 
vn 0.3077009618282318 -0.6836835145950317 -0.661737859249115 
vn 2.3292682344543125e-13 -0.7497352957725525 -0.661737859249115 
vn 0.6983811259269714 0.06795341521501541 -0.7124928832054138 
vn -2.0682311115474694e-13 0 -1 
vn -2.0682311115474694e-13 0 -1 
vn -2.0682311115474694e-13 0 -1 
vn 0.5522183775901794 -0.5028120875358582 -0.6650074124336243 
vn 0.6948056221008301 -0.26583462953567505 -0.6682642698287964 
vn 0.7377080321311951 -0.02265446074306965 -0.67473965883255 
vn -2.0682311115474694e-13 0 -1 
vn -2.0682311115474694e-13 0 -1 
vn -0.3077009618282318 -0.6836835145950317 -0.661737859249115 
vn -2.0682311115474694e-13 0 -1 
vn 0.2678140103816986 -0.09570079296827316 0.9587059020996094 
vn 0.09130551666021347 -0.08737034350633621 0.9919826984405518 
vn 0.08306226134300232 -0.24103783071041107 0.9669547080993652 
vn 0.10997720062732697 -0.4649365246295929 0.8784868121147156 
vn -0.0790276825428009 -0.7711325883865356 0.6317508816719055 
vn 0.12781375646591187 -0.9034197926521301 0.40926313400268555 
vn -0.09049693495035172 -0.9958751797676086 0.006554040592163801 
vn 0.088612861931324 -0.9947989583015442 -0.05022686347365379 
vn -0.00753777427598834 -0.6333979964256287 0.7737894654273987 
vn 0.2534697353839874 -0.9313891530036926 0.2612801790237427 
vn 0.10352730751037598 -0.9537224173545837 0.28230419754981995 
vn 0.15410476922988892 -0.9802166223526001 -0.1242060661315918 
vn 0.939853310585022 -0.2756081223487854 0.2017817199230194 
vn 0.3890427052974701 -0.8948422074317932 -0.21886809170246124 
vn -0.283049076795578 0.9591029286384583 -0.002184694167226553 
vn -0.2757980227470398 0.9612131118774414 0.002184694167226553 
vn -0.19201065599918365 0.6813400387763977 -0.7063339352607727 
vn -0.19757215678691864 0.6765266060829163 -0.7094202041625977 
vn -0.015745941549539566 -0.007582846097648144 -0.9998472929000854 
vn -0.2120332568883896 0.6721345782279968 -0.7094202041625977 
vn -0.041045788675546646 -0.014939445070922375 -0.9990455508232117 
vn -0.22089996933937073 0.6725292205810547 -0.7063339352607727 
vn -0.05921272560954094 -0.015203244052827358 -0.9981296062469482 
vn -0.0331185981631279 -0.011158955283463001 -0.999389111995697 
vn 0.15172794461250305 -0.6914267539978027 -0.7063339352607727 
vn -0.2757980227470398 0.9612131118774414 -0.002184694167226553 
vn -0.2757980227470398 0.9612131118774414 -0.002184694167226553 
vn -0.2757980227470398 0.9612131118774414 0.002184694167226553 
vn -0.206502303481102 0.677088737487793 -0.7063339352607727 
vn -0.2757980227470398 0.9612131118774414 0.002184694167226553 
vn -0.0018884019227698445 0.7201125621795654 -0.6938546895980835 
vn 0.6521488428115845 0.17930927872657776 -0.736579954624176 
vn -0.07544711232185364 0.9971474409103394 0.002184694167226553 
vn 0.5167552828788757 0.6791344285011292 -0.5212872624397278 
vn 0.9652689099311829 0.2612491250038147 0.002184694167226553 
vn 0.45802199840545654 0.8889381885528564 0.002184694167226553 
vn 0.16103653609752655 -0.6861415505409241 -0.7094202041625977 
vn 0.16838406026363373 -0.6843754649162292 -0.7094202041625977 
vn 0.17377395927906036 -0.6862178444862366 -0.7063339352607727 
vn 0.2466406375169754 -0.969104528427124 0.002184694167226553 
vn 0.2466406375169754 -0.969104528427124 0.002184694167226553 
vn 0.2466406375169754 -0.969104528427124 -0.002184694167226553 
vn 0.2466406375169754 -0.969104528427124 -0.002184694167226553 
vn 0.008738672360777855 0 -0.999961793422699 
vn 0.16297641396522522 -0.6824899911880493 -0.7124928832054138 
vn -0.015745941549539566 -0.007582846097648144 -0.9998472929000854 
vn -0.0205277930945158 -0.007471505552530289 -0.9997613430023193 
vn -0.20312131941318512 0.6716365218162537 -0.7124928832054138 
vn -0.19926781952381134 0.6792530417442322 -0.7063339352607727 
vn -0.2612491250038147 0.9652689099311829 0.002184694167226553 
vn 0.18108420073986053 -0.684325098991394 -0.7063339352607727 
vn 0.2700810730457306 0.0746496245265007 -0.9599394202232361 
vn 0.04526789113879204 0.748367428779602 -0.661737859249115 
vn -0.1895577609539032 0.9807978868484497 0.04586252197623253 
vn 0.2685312330722809 -0.963268518447876 0.002184694167226553 
vn 0.38262739777565 -0.6677672863006592 -0.6385006904602051 
vn 0.5126398801803589 -0.6099615097045898 -0.6042742133140564 
vn 0.35583019256591797 0.08980059623718262 -0.9302261471748352 
vn 0.356575071811676 0.0675591304898262 -0.931820809841156 
vn 0.2708207368850708 0.13162033259868622 -0.953589141368866 
vn 0.3332359790802002 -0.9425371885299683 -0.024029340595006943 
vn 0.3895370066165924 -0.9206972718238831 -0.024029340595006943 
vn 0.8677997589111328 0.48431453108787537 0.1111890971660614 
vn 0.07171119004487991 0.769067645072937 -0.6351318359375 
vn 0.14456117153167725 0.7473325133323669 -0.6485338807106018 
vn -0.06791337579488754 0.9976696968078613 0.006554040592163801 
vn -0.11302325129508972 0.9934746623039246 0.0152922747656703 
vn 0.6631211042404175 0.7485089898109436 0.002184694167226553 
vn 0.666630208492279 0.5254086852073669 -0.528724730014801 
vn 0.19508986175060272 0.9807829260826111 -0.002184694167226553 
vn 0.19214917719364166 0.6940060257911682 -0.6938546895980835 
vn -1.0341130485562108e-13 0.999997615814209 -0.002184694167226553 
vn -0.005663437303155661 0.7078561186790466 -0.7063339352607727 
vn -0.03585347160696983 0.70697021484375 -0.7063339352607727 
vn -0.043680015951395035 -9.034036675204318e-15 -0.9990455508232117 
vn 0.999997615814209 0 0.002184694167226553 
vn 0.6633741855621338 0 -0.7482877969741821 
vn 0.19107110798358917 0 -0.9815762042999268 
vn -0.021845221519470215 -4.518096610544014e-15 -0.9997613430023193 
vn -0.06549396365880966 -1.351657992482028e-14 -0.9978529810905457 
vn -0.03585347160696983 -0.70697021484375 -0.7063339352607727 
vn -0.005663437303155661 -0.7078561186790466 -0.7063339352607727 
vn 3.097898456858039e-13 -0.999997615814209 -0.002184694167226553 
vn 0.19214917719364166 -0.6940060257911682 -0.6938546895980835 
vn 0.19508986175060272 -0.9807829260826111 -0.002184694167226553 
vn 0.666630208492279 -0.5254086852073669 -0.528724730014801 
vn 0.6631211042404175 -0.7485089898109436 0.002184694167226553 
vn 0.6633741855621338 0 -0.7482877969741821 
vn 0.999997615814209 0 0.002184694167226553 
vn 0.8273506164550781 0 -0.5616858005523682 
vn -0.19495578110218048 0.980108916759491 -0.03713129088282585 
vn -0.8273506164550781 -1.7111522431206144e-13 -0.5616858005523682 
vn 0.19495578110218048 0.980108916759491 -0.03713129088282585 
vn 0.06791337579488754 0.9976696968078613 0.006554040592163801 
vn 0.09049693495035172 -0.9958751797676086 0.006554040592163801 
vn -0.9993401765823364 -0.022644642740488052 0.028397228568792343 
vn -0.9993401765823364 -0.022644642740488052 0.028397228568792343 
vn 0.8889119029045105 -0.03776051476597786 -0.456519216299057 
s on 
f 1//1 2//2 3//3 
f 2//2 4//4 3//3 
f 3//3 4//4 5//5 
f 4//4 6//6 5//5 
f 5//5 6//6 7//7 
f 6//6 8//8 7//7 
f 7//7 8//8 9//9 
f 8//8 10//10 9//9 
f 9//9 10//10 11//11 
f 10//10 12//12 11//11 
f 11//11 12//12 13//13 
f 12//12 14//14 13//13 
f 13//13 14//14 15//15 
f 14//14 16//16 15//15 
f 15//15 16//16 17//17 
f 16//16 18//18 17//17 
f 17//17 18//18 18//18 
f 18//18 2//2 18//18 
f 18//18 2//2 2//2 
f 2//2 19//19 2//2 
f 2//2 19//19 4//4 
f 19//19 20//20 4//4 
f 4//4 20//20 6//6 
f 20//20 21//21 6//6 
f 6//6 21//21 8//8 
f 21//21 22//22 8//8 
f 8//8 22//22 10//10 
f 22//22 23//23 10//10 
f 10//10 23//23 12//12 
f 23//23 24//24 12//12 
f 12//12 24//24 14//14 
f 24//24 25//25 14//14 
f 14//14 25//25 16//16 
f 25//25 26//26 16//16 
f 16//16 26//26 18//18 
f 26//26 27//27 18//18 
f 18//18 27//27 27//27 
f 27//27 19//19 27//27 
f 27//27 19//19 19//19 
f 19//19 28//28 19//19 
f 19//19 28//28 20//20 
f 28//28 29//29 20//20 
f 20//20 29//29 21//21 
f 29//29 30//30 21//21 
f 21//21 30//30 22//22 
f 30//30 31//31 22//22 
f 22//22 31//31 23//23 
f 31//31 32//32 23//23 
f 23//23 32//32 24//24 
f 32//32 33//33 24//24 
f 24//24 33//33 25//25 
f 33//33 34//34 25//25 
f 25//25 34//34 26//26 
f 34//34 35//35 26//26 
f 26//26 35//35 36//36 
f 35//35 37//37 36//36 
f 36//36 37//37 37//37 
f 37//37 29//29 37//37 
f 37//37 29//29 29//29 
f 29//29 38//38 29//29 
f 29//29 38//38 30//30 
f 38//38 39//39 30//30 
f 30//30 39//39 31//31 
f 39//39 40//40 31//31 
f 31//31 40//40 32//32 
f 40//40 41//41 32//32 
f 32//32 41//41 33//33 
f 41//41 42//42 33//33 
f 33//33 42//42 34//34 
f 42//42 43//43 34//34 
f 34//34 43//43 35//35 
f 43//43 44//44 35//35 
f 35//35 44//44 37//37 
f 44//44 45//45 37//37 
f 37//37 45//45 45//45 
f 45//45 38//38 45//45 
f 45//45 38//38 38//38 
f 38//38 46//46 38//38 
f 38//38 46//46 39//39 
f 46//46 47//47 39//39 
f 39//39 47//47 40//40 
f 47//47 48//48 40//40 
f 40//40 48//48 41//41 
f 48//48 49//49 41//41 
f 41//41 49//49 42//42 
f 49//49 50//50 42//42 
f 42//42 50//50 43//43 
f 50//50 51//51 43//43 
f 43//43 51//51 52//52 
f 51//51 53//53 52//52 
f 52//52 53//53 54//54 
f 53//53 55//55 54//54 
f 54//54 55//55 56//56 
f 55//55 57//57 56//56 
f 56//56 57//57 58//58 
f 57//57 59//59 58//58 
f 58//58 59//59 60//60 
f 59//59 61//61 60//60 
f 60//60 61//61 62//62 
f 61//61 62//62 62//62 
f 62//62 62//62 46//46 
f 62//62 46//46 46//46 
f 46//46 46//46 46//46 
f 46//46 63//63 46//46 
f 46//46 63//63 47//47 
f 63//63 64//64 47//47 
f 47//47 64//64 48//48 
f 64//64 65//65 48//48 
f 48//48 65//65 49//49 
f 65//65 66//66 49//49 
f 49//49 66//66 50//50 
f 66//66 67//67 50//50 
f 50//50 67//67 51//51 
f 67//67 68//68 51//51 
f 51//51 68//68 53//53 
f 68//68 69//69 53//53 
f 53//53 69//69 55//55 
f 69//69 70//70 55//55 
f 55//55 70//70 57//57 
f 70//70 71//71 57//57 
f 57//57 71//71 59//59 
f 71//71 72//72 59//59 
f 59//59 72//72 61//61 
f 72//72 61//61 61//61 
f 61//61 61//61 66//66 
f 61//61 66//66 66//66 
f 66//66 66//66 66//66 
f 66//66 65//65 66//66 
f 66//66 65//65 67//67 
f 65//65 73//73 67//67 
f 67//67 73//73 68//68 
f 73//73 74//74 68//68 
f 68//68 74//74 69//69 
f 74//74 75//75 69//69 
f 69//69 75//75 70//70 
f 75//75 76//76 70//70 
f 70//70 76//76 71//71 
f 76//76 77//77 71//71 
f 71//71 77//77 72//72 
f 77//77 78//78 72//72 
f 72//72 78//78 78//78 
f 78//78 65//65 78//78 
f 78//78 65//65 65//65 
f 65//65 64//64 65//65 
f 65//65 64//64 73//73 
f 64//64 79//79 73//73 
f 73//73 79//79 74//74 
f 79//79 80//80 74//74 
f 74//74 80//80 75//75 
f 80//80 81//81 75//75 
f 75//75 81//81 76//76 
f 81//81 82//82 76//76 
f 76//76 82//82 77//77 
f 82//82 83//83 77//77 
f 77//77 83//83 78//78 
f 83//83 84//84 78//78 
f 78//78 84//84 84//84 
f 84//84 79//79 84//84 
f 84//84 79//79 79//79 
f 79//79 85//85 79//79 
f 79//79 85//85 80//80 
f 85//85 86//86 80//80 
f 80//80 86//86 81//81 
f 86//86 87//87 81//81 
f 81//81 87//87 82//82 
f 87//87 88//88 82//82 
f 82//82 88//88 83//83 
f 88//88 89//89 83//83 
f 83//83 89//89 90//90 
f 89//89 91//91 90//90 
f 90//90 91//91 91//91 
f 91//91 89//89 91//91 
f 91//91 89//89 92//92 
f 89//89 88//88 92//92 
f 92//92 88//88 93//93 
f 88//88 87//87 93//93 
f 93//93 87//87 94//94 
f 87//87 95//95 94//94 
f 94//94 95//95 95//95 
f 95//95 87//87 95//95 
f 95//95 87//87 87//87 
f 87//87 86//86 87//87 
f 87//87 86//86 95//95 
f 86//86 96//96 95//95 
f 95//95 96//96 96//96 
f 96//96 86//86 96//96 
f 96//96 86//86 86//86 
f 86//86 85//85 86//86 
f 86//86 85//85 96//96 
f 85//85 97//97 96//96 
f 96//96 97//97 97//97 
f 97//97 85//85 97//97 
f 97//97 85//85 63//63 
f 85//85 64//64 63//63 
f 63//63 64//64 64//64 
f 64//64 97//97 64//64 
f 64//64 97//97 97//97 
f 97//97 63//63 97//97 
f 97//97 63//63 98//98 
f 63//63 46//46 98//98 
f 98//98 46//46 99//99 
f 46//46 38//38 99//99 
f 99//99 38//38 28//28 
f 38//38 29//29 28//28 
f 28//28 29//29 29//29 
f 29//29 100//100 29//29 
f 29//29 100//100 100//100 
f 100//100 101//101 100//100 
f 100//100 101//101 102//102 
f 101//101 103//103 102//102 
f 102//102 103//103 104//104 
f 103//103 105//105 104//104 
f 104//104 105//105 106//106 
f 105//105 107//107 106//106 
f 106//106 107//107 108//108 
f 107//107 109//109 108//108 
f 108//108 109//109 110//110 
f 109//109 111//111 110//110 
f 110//110 111//111 112//112 
f 111//111 113//113 112//112 
f 112//112 113//113 114//114 
f 113//113 115//115 114//114 
f 114//114 115//115 116//116 
f 115//115 117//117 116//116 
f 116//116 117//117 118//118 
f 117//117 119//119 118//118 
f 118//118 119//119 120//120 
f 119//119 121//121 120//120 
f 120//120 121//121 122//122 
f 121//121 122//122 122//122 
f 122//122 122//122 107//107 
f 122//122 107//107 107//107 
f 107//107 107//107 107//107 
f 107//107 123//123 107//107 
f 107//107 123//123 109//109 
f 123//123 124//124 109//109 
f 109//109 124//124 111//111 
f 124//124 125//125 111//111 
f 111//111 125//125 113//113 
f 125//125 126//126 113//113 
f 113//113 126//126 115//115 
f 126//126 127//127 115//115 
f 115//115 127//127 117//117 
f 127//127 128//128 117//117 
f 117//117 128//128 119//119 
f 128//128 129//129 119//119 
f 119//119 129//129 121//121 
f 129//129 121//121 121//121 
f 121//121 121//121 123//123 
f 121//121 123//123 123//123 
f 123//123 123//123 123//123 
f 123//123 130//130 123//123 
f 123//123 130//130 124//124 
f 130//130 131//131 124//124 
f 124//124 131//131 125//125 
f 131//131 132//132 125//125 
f 125//125 132//132 126//126 
f 132//132 133//133 126//126 
f 126//126 133//133 127//127 
f 133//133 134//134 127//127 
f 127//127 134//134 128//128 
f 134//134 135//135 128//128 
f 128//128 135//135 136//136 
f 135//135 136//136 136//136 
f 136//136 136//136 130//130 
f 136//136 130//130 130//130 
f 130//130 130//130 130//130 
f 130//130 137//137 130//130 
f 130//130 137//137 131//131 
f 137//137 138//138 131//131 
f 131//131 138//138 132//132 
f 138//138 139//139 132//132 
f 132//132 139//139 133//133 
f 139//139 140//140 133//133 
f 133//133 140//140 134//134 
f 140//140 141//141 134//134 
f 134//134 141//141 135//135 
f 141//141 135//135 135//135 
f 135//135 135//135 137//137 
f 135//135 137//137 137//137 
f 137//137 137//137 137//137 
f 137//137 142//142 137//137 
f 137//137 142//142 138//138 
f 142//142 143//143 138//138 
f 138//138 143//143 139//139 
f 143//143 144//144 139//139 
f 139//139 144//144 140//140 
f 144//144 141//141 140//140 
f 140//140 141//141 141//141 
f 141//141 142//142 141//141 
f 141//141 142//142 142//142 
f 142//142 145//145 142//142 
f 142//142 145//145 143//143 
f 145//145 146//146 143//143 
f 143//143 146//146 144//144 
f 146//146 147//147 144//144 
f 144//144 147//147 141//141 
f 147//147 141//141 141//141 
f 141//141 141//141 145//145 
f 141//141 145//145 145//145 
f 145//145 145//145 145//145 
f 145//145 148//148 145//145 
f 145//145 148//148 146//146 
f 148//148 149//149 146//146 
f 146//146 149//149 147//147 
f 149//149 147//147 147//147 
f 147//147 147//147 43//43 
f 147//147 43//43 43//43 
f 43//43 43//43 43//43 
f 43//43 52//52 43//43 
f 43//43 52//52 44//44 
f 52//52 54//54 44//44 
f 44//44 54//54 150//150 
f 54//54 56//56 150//150 
f 150//150 56//56 151//151 
f 56//56 58//58 151//151 
f 151//151 58//58 152//152 
f 58//58 60//60 152//152 
f 152//152 60//60 153//153 
f 60//60 62//62 153//153 
f 153//153 62//62 154//154 
f 62//62 154//154 154//154 
f 154//154 154//154 150//150 
f 154//154 150//150 150//150 
f 150//150 150//150 150//150 
f 150//150 151//151 150//150 
f 150//150 151//151 155//155 
f 151//151 152//152 155//155 
f 155//155 152//152 156//156 
f 152//152 153//153 156//156 
f 156//156 153//153 157//157 
f 153//153 154//154 157//157 
f 157//157 154//154 158//158 
f 154//154 158//158 158//158 
f 158//158 158//158 155//155 
f 158//158 155//155 155//155 
f 155//155 155//155 155//155 
f 155//155 45//45 155//155 
f 155//155 45//45 150//150 
f 45//45 44//44 150//150 
f 150//150 44//44 44//44 
f 44//44 159//159 44//44 
f 44//44 159//159 159//159 
f 159//159 160//160 159//159 
f 159//159 160//160 161//161 
f 160//160 162//162 161//161 
f 161//161 162//162 163//163 
f 162//162 164//164 163//163 
f 163//163 164//164 165//165 
f 164//164 166//166 165//165 
f 165//165 166//166 167//167 
f 166//166 168//168 167//167 
f 167//167 168//168 169//169 
f 168//168 170//170 169//169 
f 169//169 170//170 171//171 
f 170//170 172//172 171//171 
f 171//171 172//172 173//173 
f 172//172 174//174 173//173 
f 173//173 174//174 175//175 
f 174//174 176//176 175//175 
f 175//175 176//176 177//177 
f 176//176 178//178 177//177 
f 177//177 178//178 179//179 
f 178//178 180//180 179//179 
f 179//179 180//180 181//181 
f 180//180 182//182 181//181 
f 181//181 182//182 183//183 
f 182//182 184//184 183//183 
f 183//183 184//184 184//184 
f 184//184 164//164 184//184 
f 184//184 164//164 164//164 
f 164//164 185//185 164//164 
f 164//164 185//185 166//166 
f 185//185 186//186 166//166 
f 166//166 186//186 168//168 
f 186//186 187//187 168//168 
f 168//168 187//187 170//170 
f 187//187 188//188 170//170 
f 170//170 188//188 172//172 
f 188//188 189//189 172//172 
f 172//172 189//189 174//174 
f 189//189 190//190 174//174 
f 174//174 190//190 176//176 
f 190//190 191//191 176//176 
f 176//176 191//191 178//178 
f 191//191 192//192 178//178 
f 178//178 192//192 180//180 
f 192//192 193//193 180//180 
f 180//180 193//193 182//182 
f 193//193 194//194 182//182 
f 182//182 194//194 195//195 
f 194//194 196//196 195//195 
f 195//195 196//196 197//197 
f 196//196 197//197 197//197 
f 197//197 197//197 190//190 
f 197//197 190//190 190//190 
f 190//190 190//190 190//190 
f 190//190 198//198 190//190 
f 190//190 198//198 191//191 
f 198//198 199//199 191//191 
f 191//191 199//199 192//192 
f 199//199 200//200 192//192 
f 192//192 200//200 193//193 
f 200//200 201//201 193//193 
f 193//193 201//201 194//194 
f 201//201 202//202 194//194 
f 194//194 202//202 196//196 
f 202//202 196//196 196//196 
f 196//196 196//196 201//201 
f 196//196 201//201 201//201 
f 201//201 201//201 201//201 
f 201//201 200//200 201//201 
f 201//201 200//200 203//203 
f 200//200 199//199 203//203 
f 203//203 199//199 204//204 
f 199//199 198//198 204//204 
f 204//204 198//198 205//205 
f 198//198 189//189 205//205 
f 205//205 189//189 206//206 
f 189//189 207//207 206//206 
f 206//206 207//207 208//208 
f 207//207 209//209 208//208 
f 208//208 209//209 210//210 
f 209//209 211//211 210//210 
f 210//210 211//211 212//212 
f 211//211 213//213 212//212 
f 212//212 213//213 213//213 
f 213//213 189//189 213//213 
f 213//213 189//189 189//189 
f 189//189 188//188 189//189 
f 189//189 188//188 207//207 
f 188//188 214//214 207//207 
f 207//207 214//214 209//209 
f 214//214 211//211 209//209 
f 209//209 211//211 211//211 
f 211//211 188//188 211//211 
f 211//211 188//188 188//188 
f 188//188 187//187 188//188 
f 188//188 187//187 214//214 
f 187//187 215//215 214//214 
f 214//214 215//215 211//211 
f 215//215 216//216 211//211 
f 211//211 216//216 213//213 
f 216//216 213//213 213//213 
f 213//213 213//213 216//216 
f 213//213 216//216 216//216 
f 216//216 216//216 216//216 
f 216//216 215//215 216//216 
f 216//216 215//215 217//217 
f 215//215 218//218 217//217 
f 217//217 218//218 219//219 
f 218//218 187//187 219//219 
f 219//219 187//187 186//186 
f 187//187 186//186 186//186 
f 186//186 186//186 219//219 
f 186//186 219//219 219//219 
f 219//219 219//219 219//219 
f 219//219 186//186 219//219 
f 219//219 186//186 220//220 
f 186//186 185//185 220//220 
f 220//220 185//185 221//221 
f 185//185 164//164 221//221 
f 221//221 164//164 222//222 
f 164//164 162//162 222//222 
f 222//222 162//162 223//223 
f 162//162 160//160 223//223 
f 223//223 160//160 160//160 
f 160//160 223//223 160//160 
f 160//160 223//223 223//223 
f 223//223 224//224 223//223 
f 223//223 224//224 222//222 
f 224//224 225//225 222//222 
f 222//222 225//225 221//221 
f 225//225 226//226 221//221 
f 221//221 226//226 220//220 
f 226//226 227//227 220//220 
f 220//220 227//227 228//228 
f 227//227 228//228 228//228 
f 228//228 228//228 220//220 
f 228//228 220//220 220//220 
f 220//220 220//220 220//220 
f 220//220 228//228 220//220 
f 220//220 228//228 219//219 
f 228//228 217//217 219//219 
f 219//219 217//217 217//217 
f 217//217 229//229 217//217 
f 217//217 229//229 229//229 
f 229//229 230//230 229//229 
f 229//229 230//230 231//231 
f 230//230 232//232 231//231 
f 231//231 232//232 233//233 
f 232//232 234//234 233//233 
f 233//233 234//234 235//235 
f 234//234 236//236 235//235 
f 235//235 236//236 237//237 
f 236//236 238//238 237//237 
f 237//237 238//238 239//239 
f 238//238 240//240 239//239 
f 239//239 240//240 241//241 
f 240//240 242//242 241//241 
f 241//241 242//242 243//243 
f 242//242 244//244 243//243 
f 243//243 244//244 245//245 
f 244//244 246//246 245//245 
f 245//245 246//246 247//247 
f 246//246 248//248 247//247 
f 247//247 248//248 249//249 
f 248//248 250//250 249//249 
f 249//249 250//250 251//251 
f 250//250 251//251 251//251 
f 251//251 251//251 239//239 
f 251//251 239//239 239//239 
f 239//239 239//239 239//239 
f 239//239 241//241 239//239 
f 239//239 241//241 252//252 
f 241//241 253//253 252//252 
f 252//252 253//253 118//118 
f 253//253 254//254 118//118 
f 118//118 254//254 116//116 
f 254//254 255//255 116//116 
f 116//116 255//255 114//114 
f 255//255 256//256 114//114 
f 114//114 256//256 112//112 
f 256//256 257//257 112//112 
f 112//112 257//257 110//110 
f 257//257 258//258 110//110 
f 110//110 258//258 108//108 
f 258//258 259//259 108//108 
f 108//108 259//259 106//106 
f 259//259 106//106 106//106 
f 106//106 106//106 241//241 
f 106//106 241//241 241//241 
f 241//241 241//241 241//241 
f 241//241 243//243 241//241 
f 241//241 243//243 253//253 
f 243//243 260//260 253//253 
f 253//253 260//260 254//254 
f 260//260 261//261 254//254 
f 254//254 261//261 255//255 
f 261//261 262//262 255//255 
f 255//255 262//262 256//256 
f 262//262 247//247 256//256 
f 256//256 247//247 257//257 
f 247//247 249//249 257//257 
f 257//257 249//249 258//258 
f 249//249 251//251 258//258 
f 258//258 251//251 259//259 
f 251//251 259//259 259//259 
f 259//259 259//259 247//247 
f 259//259 247//247 247//247 
f 247//247 247//247 247//247 
f 247//247 262//262 247//247 
f 247//247 262//262 245//245 
f 262//262 260//260 245//245 
f 245//245 260//260 243//243 
f 260//260 243//243 243//243 
f 243//243 243//243 163//163 
f 243//243 163//163 163//163 
f 163//163 163//163 163//163 
f 163//163 165//165 163//163 
f 163//163 165//165 263//263 
f 165//165 264//264 263//263 
f 263//263 264//264 264//264 
f 264//264 165//165 264//264 
f 264//264 165//165 265//265 
f 165//165 167//167 265//265 
f 265//265 167//167 266//266 
f 167//167 267//267 266//266 
f 266//266 267//267 268//268 
f 267//267 269//269 268//268 
f 268//268 269//269 270//270 
f 269//269 177//177 270//270 
f 270//270 177//177 271//271 
f 177//177 272//272 271//271 
f 271//271 272//272 273//273 
f 272//272 274//274 273//273 
f 273//273 274//274 275//275 
f 274//274 276//276 275//275 
f 275//275 276//276 277//277 
f 276//276 278//278 277//277 
f 277//277 278//278 279//279 
f 278//278 280//280 279//279 
f 279//279 280//280 281//281 
f 280//280 282//282 281//281 
f 281//281 282//282 283//283 
f 282//282 283//283 283//283 
f 283//283 283//283 177//177 
f 283//283 177//177 177//177 
f 177//177 177//177 177//177 
f 177//177 179//179 177//177 
f 177//177 179//179 272//272 
f 179//179 284//284 272//272 
f 272//272 284//284 274//274 
f 284//284 285//285 274//274 
f 274//274 285//285 276//276 
f 285//285 280//280 276//276 
f 276//276 280//280 278//278 
f 280//280 278//278 278//278 
f 278//278 278//278 179//179 
f 278//278 179//179 179//179 
f 179//179 179//179 179//179 
f 179//179 181//181 179//179 
f 179//179 181//181 284//284 
f 181//181 285//285 284//284 
f 284//284 285//285 285//285 
f 285//285 181//181 285//285 
f 285//285 181//181 181//181 
f 181//181 286//286 181//181 
f 181//181 286//286 285//285 
f 286//286 287//287 285//285 
f 285//285 287//287 280//280 
f 287//287 282//282 280//280 
f 280//280 282//282 282//282 
f 282//282 235//235 282//282 
f 282//282 235//235 235//235 
f 235//235 237//237 235//235 
f 235//235 237//237 122//122 
f 237//237 120//120 122//122 
f 122//122 120//120 120//120 
f 120//120 237//237 120//120 
f 120//120 237//237 237//237 
f 237//237 239//239 237//237 
f 237//237 239//239 120//120 
f 239//239 252//252 120//120 
f 120//120 252//252 118//118 
f 252//252 118//118 118//118 
f 118//118 118//118 288//288 
f 118//118 288//288 288//288 
f 288//288 288//288 288//288 
f 288//288 289//289 288//288 
f 288//288 289//289 290//290 
f 289//289 291//291 290//290 
f 290//290 291//291 292//292 
f 291//291 293//293 292//292 
f 292//292 293//293 294//294 
f 293//293 295//295 294//294 
f 294//294 295//295 296//296 
f 295//295 297//297 296//296 
f 296//296 297//297 298//298 
f 297//297 299//299 298//298 
f 298//298 299//299 299//299 
f 299//299 289//289 299//299 
f 299//299 289//289 289//289 
f 289//289 300//300 289//289 
f 289//289 300//300 291//291 
f 300//300 301//301 291//291 
f 291//291 301//301 293//293 
f 301//301 302//302 293//293 
f 293//293 302//302 295//295 
f 302//302 303//303 295//295 
f 295//295 303//303 297//297 
f 303//303 304//304 297//297 
f 297//297 304//304 305//305 
f 304//304 306//306 305//305 
f 305//305 306//306 307//307 
f 306//306 308//308 307//307 
f 307//307 308//308 309//309 
f 308//308 310//310 309//309 
f 309//309 310//310 311//311 
f 310//310 312//312 311//311 
f 311//311 312//312 313//313 
f 312//312 313//313 313//313 
f 313//313 313//313 306//306 
f 313//313 306//306 306//306 
f 306//306 306//306 306//306 
f 306//306 304//304 306//306 
f 306//306 304//304 308//308 
f 304//304 314//314 308//308 
f 308//308 314//314 310//310 
f 314//314 315//315 310//310 
f 310//310 315//315 312//312 
f 315//315 316//316 312//312 
f 312//312 316//316 316//316 
f 316//316 304//304 316//316 
f 316//316 304//304 304//304 
f 304//304 303//303 304//304 
f 304//304 303//303 314//314 
f 303//303 302//302 314//314 
f 314//314 302//302 315//315 
f 302//302 301//301 315//315 
f 315//315 301//301 300//300 
f 301//301 300//300 300//300 
f 300//300 300//300 317//317 
f 300//300 317//317 317//317 
f 317//317 317//317 317//317 
f 317//317 318//318 317//317 
f 317//317 318//318 319//319 
f 318//318 320//320 319//319 
f 319//319 320//320 321//321 
f 320//320 322//322 321//321 
f 321//321 322//322 323//323 
f 322//322 324//324 323//323 
f 323//323 324//324 325//325 
f 324//324 326//326 325//325 
f 325//325 326//326 327//327 
f 326//326 328//328 327//327 
f 327//327 328//328 329//329 
f 328//328 330//330 329//329 
f 329//329 330//330 331//331 
f 330//330 331//331 331//331 
f 331//331 331//331 329//329 
f 331//331 329//329 329//329 
f 329//329 329//329 329//329 
f 329//329 332//332 329//329 
f 329//329 332//332 327//327 
f 332//332 333//333 327//327 
f 327//327 333//333 325//325 
f 333//333 334//334 325//325 
f 325//325 334//334 323//323 
f 334//334 335//335 323//323 
f 323//323 335//335 321//321 
f 335//335 321//321 321//321 
f 321//321 321//321 313//313 
f 321//321 313//313 313//313 
f 313//313 313//313 313//313 
f 313//313 336//336 313//313 
f 313//313 336//336 311//311 
f 336//336 337//337 311//311 
f 311//311 337//337 338//338 
f 337//337 339//339 338//338 
f 338//338 339//339 340//340 
f 339//339 341//341 340//340 
f 340//340 341//341 342//342 
f 341//341 343//343 342//342 
f 342//342 343//343 344//344 
f 343//343 344//344 344//344 
f 344//344 344//344 311//311 
f 344//344 311//311 311//311 
f 311//311 311//311 311//311 
f 311//311 338//338 311//311 
f 311//311 338//338 309//309 
f 338//338 345//345 309//309 
f 309//309 345//345 307//307 
f 345//345 346//346 307//307 
f 307//307 346//346 305//305 
f 346//346 347//347 305//305 
f 305//305 347//347 299//299 
f 347//347 299//299 299//299 
f 299//299 299//299 338//338 
f 299//299 338//338 338//338 
f 338//338 338//338 338//338 
f 338//338 340//340 338//338 
f 338//338 340//340 345//345 
f 340//340 348//348 345//345 
f 345//345 348//348 346//346 
f 348//348 349//349 346//346 
f 346//346 349//349 347//347 
f 349//349 347//347 347//347 
f 347//347 347//347 340//340 
f 347//347 340//340 340//340 
f 340//340 340//340 340//340 
f 340//340 342//342 340//340 
f 340//340 342//342 348//348 
f 342//342 350//350 348//348 
f 348//348 350//350 351//351 
f 350//350 351//351 351//351 
f 351//351 351//351 350//350 
f 351//351 350//350 350//350 
f 350//350 350//350 350//350 
f 350//350 342//342 350//350 
f 350//350 342//342 352//352 
f 342//342 344//344 352//352 
f 352//352 344//344 344//344 
f 344//344 353//353 344//344 
f 344//344 353//353 353//353 
f 353//353 354//354 353//353 
f 353//353 354//354 355//355 
f 354//354 356//356 355//355 
f 355//355 356//356 357//357 
f 356//356 358//358 357//357 
f 357//357 358//358 359//359 
f 358//358 360//360 359//359 
f 359//359 360//360 361//361 
f 360//360 362//362 361//361 
f 361//361 362//362 363//363 
f 362//362 364//364 363//363 
f 363//363 364//364 365//365 
f 364//364 366//366 365//365 
f 365//365 366//366 367//367 
f 366//366 368//368 367//367 
f 367//367 368//368 369//369 
f 368//368 370//370 369//369 
f 369//369 370//370 371//371 
f 370//370 372//372 371//371 
f 371//371 372//372 373//373 
f 372//372 373//373 373//373 
f 373//373 373//373 354//354 
f 373//373 354//354 354//354 
f 354//354 354//354 354//354 
f 354//354 374//374 354//354 
f 354//354 374//374 356//356 
f 374//374 375//375 356//356 
f 356//356 375//375 358//358 
f 375//375 376//376 358//358 
f 358//358 376//376 360//360 
f 376//376 377//377 360//360 
f 360//360 377//377 378//378 
f 377//377 379//379 378//378 
f 378//378 379//379 380//380 
f 379//379 381//381 380//380 
f 380//380 381//381 382//382 
f 381//381 383//383 382//382 
f 382//382 383//383 384//384 
f 383//383 385//385 384//384 
f 384//384 385//385 386//386 
f 385//385 386//386 386//386 
f 386//386 386//386 386//386 
f 386//386 370//370 386//386 
f 386//386 370//370 384//384 
f 370//370 368//368 384//384 
f 384//384 368//368 382//382 
f 368//368 387//387 382//382 
f 382//382 387//387 380//380 
f 387//387 388//388 380//380 
f 380//380 388//388 378//378 
f 388//388 362//362 378//378 
f 378//378 362//362 360//360 
f 362//362 360//360 360//360 
f 360//360 360//360 387//387 
f 360//360 387//387 387//387 
f 387//387 387//387 387//387 
f 387//387 366//366 387//387 
f 387//387 366//366 388//388 
f 366//366 364//364 388//388 
f 388//388 364//364 362//362 
f 364//364 362//362 362//362 
f 362//362 362//362 383//383 
f 362//362 383//383 383//383 
f 383//383 383//383 383//383 
f 383//383 381//381 383//383 
f 383//383 381//381 389//389 
f 381//381 390//390 389//389 
f 389//389 390//390 390//390 
f 390//390 381//381 390//390 
f 390//390 381//381 391//391 
f 381//381 379//379 391//391 
f 391//391 379//379 392//392 
f 379//379 393//393 392//392 
f 392//392 393//393 394//394 
f 393//393 395//395 394//394 
f 394//394 395//395 396//396 
f 395//395 397//397 396//396 
f 396//396 397//397 397//397 
f 397//397 379//379 397//397 
f 397//397 379//379 379//379 
f 379//379 377//377 379//379 
f 379//379 377//377 393//393 
f 377//377 376//376 393//393 
f 393//393 376//376 395//395 
f 376//376 398//398 395//395 
f 395//395 398//398 397//397 
f 398//398 397//397 397//397 
f 397//397 397//397 376//376 
f 397//397 376//376 376//376 
f 376//376 376//376 376//376 
f 376//376 375//375 376//376 
f 376//376 375//375 398//398 
f 375//375 399//399 398//398 
f 398//398 399//399 399//399 
f 399//399 373//373 399//399 
f 399//399 373//373 373//373 
f 373//373 400//400 373//373 
f 373//373 400//400 371//371 
f 400//400 401//401 371//371 
f 371//371 401//401 369//369 
f 401//401 367//367 369//369 
f 369//369 367//367 367//367 
f 367//367 400//400 367//367 
f 367//367 400//400 400//400 
f 400//400 402//402 400//400 
f 400//400 402//402 401//401 
f 402//402 403//403 401//401 
f 401//401 403//403 367//367 
f 403//403 365//365 367//367 
f 367//367 365//365 365//365 
f 365//365 402//402 365//365 
f 365//365 402//402 402//402 
f 402//402 404//404 402//402 
f 402//402 404//404 403//403 
f 404//404 405//405 403//403 
f 403//403 405//405 365//365 
f 405//405 406//406 365//365 
f 365//365 406//406 363//363 
f 406//406 363//363 363//363 
f 363//363 363//363 404//404 
f 363//363 404//404 404//404 
f 404//404 404//404 404//404 
f 404//404 407//407 404//404 
f 404//404 407//407 405//405 
f 407//407 408//408 405//405 
f 405//405 408//408 406//406 
f 408//408 406//406 406//406 
f 406//406 406//406 409//409 
f 406//406 409//409 409//409 
f 409//409 409//409 409//409 
f 409//409 410//410 409//409 
f 409//409 410//410 411//411 
f 410//410 412//412 411//411 
f 411//411 412//412 413//413 
f 412//412 414//414 413//413 
f 413//413 414//414 318//318 
f 414//414 320//320 318//318 
f 318//318 320//320 320//320 
f 320//320 412//412 320//320 
f 320//320 412//412 412//412 
f 412//412 415//415 412//412 
f 412//412 415//415 414//414 
f 415//415 416//416 414//414 
f 414//414 416//416 320//320 
f 416//416 322//322 320//320 
f 320//320 322//322 322//322 
f 322//322 416//416 322//322 
f 322//322 416//416 324//324 
f 416//416 417//417 324//324 
f 324//324 417//417 326//326 
f 417//417 418//418 326//326 
f 326//326 418//418 328//328 
f 418//418 419//419 328//328 
f 328//328 419//419 420//420 
f 419//419 421//421 420//420 
f 420//420 421//421 422//422 
f 421//421 423//423 422//422 
f 422//422 423//423 423//423 
f 423//423 421//421 423//423 
f 423//423 421//421 421//421 
f 421//421 419//419 421//421 
f 421//421 419//419 424//424 
f 419//419 418//418 424//424 
f 424//424 418//418 425//425 
f 418//418 417//417 425//425 
f 425//425 417//417 426//426 
f 417//417 427//427 426//426 
f 426//426 427//427 427//427 
f 427//427 417//417 427//427 
f 427//427 417//417 417//417 
f 417//417 415//415 417//417 
f 417//417 415//415 427//427 
f 415//415 410//410 427//427 
f 427//427 410//410 410//410 
f 410//410 171//171 410//410 
f 410//410 171//171 171//171 
f 171//171 173//173 171//171 
f 171//171 173//173 169//169 
f 173//173 428//428 169//169 
f 169//169 428//428 167//167 
f 428//428 267//267 167//167 
f 167//167 267//267 267//267 
f 267//267 428//428 267//267 
f 267//267 428//428 269//269 
f 428//428 175//175 269//269 
f 269//269 175//175 177//177 
f 175//175 177//177 177//177 
f 177//177 177//177 429//429 
f 177//177 429//429 429//429 
f 429//429 429//429 429//429 
f 429//429 430//430 429//429 
f 429//429 430//430 431//431 
f 430//430 432//432 431//431 
f 431//431 432//432 433//433 
f 432//432 434//434 433//433 
f 433//433 434//434 435//435 
f 434//434 436//436 435//435 
f 435//435 436//436 437//437 
f 436//436 438//438 437//437 
f 437//437 438//438 438//438 
f 438//438 430//430 438//438 
f 438//438 430//430 430//430 
f 430//430 439//439 430//430 
f 430//430 439//439 432//432 
f 439//439 440//440 432//432 
f 432//432 440//440 441//441 
f 440//440 442//442 441//441 
f 441//441 442//442 443//443 
f 442//442 444//444 443//443 
f 443//443 444//444 445//445 
f 444//444 446//446 445//445 
f 445//445 446//446 447//447 
f 446//446 448//448 447//447 
f 447//447 448//448 449//449 
f 448//448 450//450 449//449 
f 449//449 450//450 451//451 
f 450//450 452//452 451//451 
f 451//451 452//452 453//453 
f 452//452 454//454 453//453 
f 453//453 454//454 455//455 
f 454//454 456//456 455//455 
f 455//455 456//456 456//456 
f 456//456 432//432 456//456 
f 456//456 432//432 432//432 
f 432//432 441//441 432//432 
f 432//432 441//441 434//434 
f 441//441 443//443 434//434 
f 434//434 443//443 457//457 
f 443//443 445//445 457//457 
f 457//457 445//445 458//458 
f 445//445 447//447 458//458 
f 458//458 447//447 459//459 
f 447//447 449//449 459//459 
f 459//459 449//449 460//460 
f 449//449 451//451 460//460 
f 460//460 451//451 461//461 
f 451//451 453//453 461//461 
f 461//461 453//453 462//462 
f 453//453 463//463 462//462 
f 462//462 463//463 463//463 
f 463//463 460//460 463//463 
f 463//463 460//460 460//460 
f 460//460 461//461 460//460 
f 460//460 461//461 459//459 
f 461//461 464//464 459//459 
f 459//459 464//464 458//458 
f 464//464 465//465 458//458 
f 458//458 465//465 457//457 
f 465//465 436//436 457//457 
f 457//457 436//436 434//434 
f 436//436 434//434 434//434 
f 434//434 434//434 461//461 
f 434//434 461//461 461//461 
f 461//461 461//461 461//461 
f 461//461 466//466 461//461 
f 461//461 466//466 464//464 
f 466//466 467//467 464//464 
f 464//464 467//467 465//465 
f 467//467 468//468 465//465 
f 465//465 468//468 469//469 
f 468//468 469//469 469//469 
f 469//469 469//469 465//465 
f 469//469 465//465 465//465 
f 465//465 465//465 465//465 
f 465//465 469//469 465//465 
f 465//465 469//469 436//436 
f 469//469 438//438 436//436 
f 436//436 438//438 438//438 
f 438//438 9//9 438//438 
f 438//438 9//9 9//9 
f 9//9 11//11 9//9 
f 9//9 11//11 470//470 
f 11//11 471//471 470//470 
f 470//470 471//471 472//472 
f 471//471 473//473 472//472 
f 472//472 473//473 474//474 
f 473//473 475//475 474//474 
f 474//474 475//475 476//476 
f 475//475 476//476 476//476 
f 476//476 476//476 11//11 
f 476//476 11//11 11//11 
f 11//11 11//11 11//11 
f 11//11 13//13 11//11 
f 11//11 13//13 471//471 
f 13//13 477//477 471//471 
f 471//471 477//477 473//473 
f 477//477 478//478 473//473 
f 473//473 478//478 475//475 
f 478//478 475//475 475//475 
f 475//475 475//475 13//13 
f 475//475 13//13 13//13 
f 13//13 13//13 13//13 
f 13//13 15//15 13//13 
f 13//13 15//15 477//477 
f 15//15 17//17 477//477 
f 477//477 17//17 478//478 
f 17//17 478//478 478//478 
f 478//478 478//478 479//479 
f 478//478 479//479 479//479 
f 479//479 479//479 479//479 
f 479//479 480//480 479//479 
f 479//479 480//480 481//481 
f 480//480 482//482 481//481 
f 481//481 482//482 483//483 
f 482//482 484//484 483//483 
f 483//483 484//484 485//485 
f 484//484 486//486 485//485 
f 485//485 486//486 487//487 
f 486//486 488//488 487//487 
f 487//487 488//488 489//489 
f 488//488 489//489 489//489 
f 489//489 489//489 480//480 
f 489//489 480//480 480//480 
f 480//480 480//480 480//480 
f 480//480 490//490 480//480 
f 480//480 490//490 482//482 
f 490//490 491//491 482//482 
f 482//482 491//491 484//484 
f 491//491 492//492 484//484 
f 484//484 492//492 486//486 
f 492//492 493//493 486//486 
f 486//486 493//493 488//488 
f 493//493 488//488 488//488 
f 488//488 488//488 490//490 
f 488//488 490//490 490//490 
f 490//490 490//490 490//490 
f 490//490 494//494 490//490 
f 490//490 494//494 491//491 
f 494//494 492//492 491//491 
f 491//491 492//492 492//492 
f 492//492 494//494 492//492 
f 492//492 494//494 494//494 
f 494//494 495//495 494//494 
f 494//494 495//495 492//492 
f 495//495 493//493 492//492 
f 492//492 493//493 493//493 
f 493//493 496//496 493//493 
f 493//493 496//496 496//496 
f 496//496 497//497 496//496 
f 496//496 497//497 498//498 
f 497//497 499//499 498//498 
f 498//498 499//499 500//500 
f 499//499 501//501 500//500 
f 500//500 501//501 502//502 
f 501//501 503//503 502//502 
f 502//502 503//503 504//504 
f 503//503 505//505 504//504 
f 504//504 505//505 506//506 
f 505//505 507//507 506//506 
f 506//506 507//507 508//508 
f 507//507 509//509 508//508 
f 508//508 509//509 510//510 
f 509//509 511//511 510//510 
f 510//510 511//511 512//512 
f 511//511 513//513 512//512 
f 512//512 513//513 514//514 
f 513//513 515//515 514//514 
f 514//514 515//515 516//516 
f 515//515 517//517 516//516 
f 516//516 517//517 518//518 
f 517//517 519//519 518//518 
f 518//518 519//519 520//520 
f 519//519 521//521 520//520 
f 520//520 521//521 522//522 
f 521//521 523//523 522//522 
f 522//522 523//523 523//523 
f 523//523 520//520 523//523 
f 523//523 520//520 520//520 
f 520//520 524//524 520//520 
f 520//520 524//524 518//518 
f 524//524 525//525 518//518 
f 518//518 525//525 516//516 
f 525//525 526//526 516//516 
f 516//516 526//526 514//514 
f 526//526 527//527 514//514 
f 514//514 527//527 512//512 
f 527//527 528//528 512//512 
f 512//512 528//528 510//510 
f 528//528 529//529 510//510 
f 510//510 529//529 508//508 
f 529//529 530//530 508//508 
f 508//508 530//530 506//506 
f 530//530 531//531 506//506 
f 506//506 531//531 504//504 
f 531//531 504//504 504//504 
f 504//504 504//504 524//524 
f 504//504 524//524 524//524 
f 524//524 524//524 524//524 
f 524//524 532//532 524//524 
f 524//524 532//532 525//525 
f 532//532 533//533 525//525 
f 525//525 533//533 526//526 
f 533//533 534//534 526//526 
f 526//526 534//534 535//535 
f 534//534 536//536 535//535 
f 535//535 536//536 537//537 
f 536//536 538//538 537//537 
f 537//537 538//538 530//530 
f 538//538 539//539 530//530 
f 530//530 539//539 531//531 
f 539//539 531//531 531//531 
f 531//531 531//531 526//526 
f 531//531 526//526 526//526 
f 526//526 526//526 526//526 
f 526//526 535//535 526//526 
f 526//526 535//535 527//527 
f 535//535 537//537 527//527 
f 527//527 537//537 528//528 
f 537//537 530//530 528//528 
f 528//528 530//530 529//529 
f 530//530 529//529 529//529 
f 529//529 529//529 230//230 
f 529//529 230//230 230//230 
f 230//230 230//230 230//230 
f 230//230 540//540 230//230 
f 230//230 540//540 232//232 
f 540//540 541//541 232//232 
f 232//232 541//541 234//234 
f 541//541 542//542 234//234 
f 234//234 542//542 236//236 
f 542//542 238//238 236//236 
f 236//236 238//238 238//238 
f 238//238 540//540 238//238 
f 238//238 540//540 540//540 
f 540//540 543//543 540//540 
f 540//540 543//543 541//541 
f 543//543 544//544 541//541 
f 541//541 544//544 542//542 
f 544//544 545//545 542//542 
f 542//542 545//545 238//238 
f 545//545 240//240 238//238 
f 238//238 240//240 240//240 
f 240//240 543//543 240//240 
f 240//240 543//543 543//543 
f 543//543 546//546 543//543 
f 543//543 546//546 544//544 
f 546//546 547//547 544//544 
f 544//544 547//547 545//545 
f 547//547 548//548 545//545 
f 545//545 548//548 240//240 
f 548//548 242//242 240//240 
f 240//240 242//242 242//242 
f 242//242 546//546 242//242 
f 242//242 546//546 546//546 
f 546//546 549//549 546//546 
f 546//546 549//549 547//547 
f 549//549 550//550 547//547 
f 547//547 550//550 548//548 
f 550//550 551//551 548//548 
f 548//548 551//551 242//242 
f 551//551 244//244 242//242 
f 242//242 244//244 244//244 
f 244//244 549//549 244//244 
f 244//244 549//549 549//549 
f 549//549 552//552 549//549 
f 549//549 552//552 550//550 
f 552//552 553//553 550//550 
f 550//550 553//553 551//551 
f 553//553 554//554 551//551 
f 551//551 554//554 244//244 
f 554//554 246//246 244//244 
f 244//244 246//246 246//246 
f 246//246 552//552 246//246 
f 246//246 552//552 552//552 
f 552//552 555//555 552//552 
f 552//552 555//555 553//553 
f 555//555 556//556 553//553 
f 553//553 556//556 554//554 
f 556//556 248//248 554//554 
f 554//554 248//248 246//246 
f 248//248 246//246 246//246 
f 246//246 246//246 555//555 
f 246//246 555//555 555//555 
f 555//555 555//555 555//555 
f 555//555 557//557 555//555 
f 555//555 557//557 556//556 
f 557//557 558//558 556//556 
f 556//556 558//558 248//248 
f 558//558 250//250 248//248 
f 248//248 250//250 250//250 
f 250//250 557//557 250//250 
f 250//250 557//557 557//557 
f 557//557 555//555 557//557 
f 557//557 555//555 559//559 
f 555//555 560//560 559//559 
f 559//559 560//560 560//560 
f 560//560 555//555 560//560 
f 560//560 555//555 561//561 
f 555//555 552//552 561//561 
f 561//561 552//552 562//562 
f 552//552 549//549 562//562 
f 562//562 549//549 563//563 
f 549//549 546//546 563//563 
f 563//563 546//546 546//546 
f 546//546 562//562 546//546 
f 546//546 562//562 562//562 
f 562//562 564//564 562//562 
f 562//562 564//564 561//561 
f 564//564 565//565 561//561 
f 561//561 565//565 560//560 
f 565//565 560//560 560//560 
f 560//560 560//560 562//562 
f 560//560 562//562 562//562 
f 562//562 562//562 562//562 
f 562//562 566//566 562//562 
f 562//562 566//566 564//564 
f 566//566 567//567 564//564 
f 564//564 567//567 565//565 
f 567//567 565//565 565//565 
f 565//565 565//565 566//566 
f 565//565 566//566 566//566 
f 566//566 566//566 566//566 
f 566//566 562//562 566//566 
f 566//566 562//562 568//568 
f 562//562 563//563 568//568 
f 568//568 563//563 563//563 
f 563//563 569//569 563//563 
f 563//563 569//569 569//569 
f 569//569 570//570 569//569 
f 569//569 570//570 571//571 
f 570//570 572//572 571//571 
f 571//571 572//572 573//573 
f 572//572 574//574 573//573 
f 573//573 574//574 575//575 
f 574//574 576//576 575//575 
f 575//575 576//576 577//577 
f 576//576 578//578 577//577 
f 577//577 578//578 579//579 
f 578//578 580//580 579//579 
f 579//579 580//580 581//581 
f 580//580 582//582 581//581 
f 581//581 582//582 583//583 
f 582//582 584//584 583//583 
f 583//583 584//584 585//585 
f 584//584 586//586 585//585 
f 585//585 586//586 587//587 
f 586//586 588//588 587//587 
f 587//587 588//588 589//589 
f 588//588 590//590 589//589 
f 589//589 590//590 591//591 
f 590//590 592//592 591//591 
f 591//591 592//592 593//593 
f 592//592 594//594 593//593 
f 593//593 594//594 595//595 
f 594//594 596//596 595//595 
f 595//595 596//596 597//597 
f 596//596 598//598 597//597 
f 597//597 598//598 599//599 
f 598//598 600//600 599//599 
f 599//599 600//600 601//601 
f 600//600 602//602 601//601 
f 601//601 602//602 602//602 
f 602//602 595//595 602//602 
f 602//602 595//595 595//595 
f 595//595 603//603 595//595 
f 595//595 603//603 593//593 
f 603//603 604//604 593//593 
f 593//593 604//604 591//591 
f 604//604 605//605 591//591 
f 591//591 605//605 589//589 
f 605//605 606//606 589//589 
f 589//589 606//606 587//587 
f 606//606 607//607 587//587 
f 587//587 607//607 585//585 
f 607//607 608//608 585//585 
f 585//585 608//608 583//583 
f 608//608 609//609 583//583 
f 583//583 609//609 581//581 
f 609//609 579//579 581//581 
f 581//581 579//579 579//579 
f 579//579 603//603 579//579 
f 579//579 603//603 603//603 
f 603//603 610//610 603//603 
f 603//603 610//610 604//604 
f 610//610 611//611 604//604 
f 604//604 611//611 605//605 
f 611//611 612//612 605//605 
f 605//605 612//612 606//606 
f 612//612 613//613 606//606 
f 606//606 613//613 607//607 
f 613//613 614//614 607//607 
f 607//607 614//614 608//608 
f 614//614 615//615 608//608 
f 608//608 615//615 609//609 
f 615//615 616//616 609//609 
f 609//609 616//616 617//617 
f 616//616 618//618 617//617 
f 617//617 618//618 619//619 
f 618//618 620//620 619//619 
f 619//619 620//620 621//621 
f 620//620 622//622 621//621 
f 621//621 622//622 623//623 
f 622//622 623//623 623//623 
f 623//623 623//623 609//609 
f 623//623 609//609 609//609 
f 609//609 609//609 609//609 
f 609//609 617//617 609//609 
f 609//609 617//617 579//579 
f 617//617 619//619 579//579 
f 579//579 619//619 577//577 
f 619//619 621//621 577//577 
f 577//577 621//621 575//575 
f 621//621 623//623 575//575 
f 575//575 623//623 573//573 
f 623//623 573//573 573//573 
f 573//573 573//573 536//536 
f 573//573 536//536 536//536 
f 536//536 536//536 536//536 
f 536//536 534//534 536//536 
f 536//536 534//534 624//624 
f 534//534 533//533 624//624 
f 624//624 533//533 625//625 
f 533//533 532//532 625//625 
f 625//625 532//532 626//626 
f 532//532 627//627 626//626 
f 626//626 627//627 628//628 
f 627//627 628//628 628//628 
f 628//628 628//628 532//532 
f 628//628 532//532 532//532 
f 532//532 532//532 532//532 
f 532//532 524//524 532//532 
f 532//532 524//524 627//627 
f 524//524 629//629 627//627 
f 627//627 629//629 629//629 
f 629//629 524//524 629//629 
f 629//629 524//524 524//524 
f 524//524 520//520 524//524 
f 524//524 520//520 629//629 
f 520//520 630//630 629//629 
f 629//629 630//630 630//630 
f 630//630 613//613 630//630 
f 630//630 613//613 613//613 
f 613//613 612//612 613//613 
f 613//613 612//612 631//631 
f 612//612 632//632 631//631 
f 631//631 632//632 633//633 
f 632//632 634//634 633//633 
f 633//633 634//634 635//635 
f 634//634 635//635 635//635 
f 635//635 635//635 634//634 
f 635//635 634//634 634//634 
f 634//634 634//634 634//634 
f 634//634 632//632 634//634 
f 634//634 632//632 636//636 
f 632//632 611//611 636//636 
f 636//636 611//611 610//610 
f 611//611 610//610 610//610 
f 610//610 610//610 570//570 
f 610//610 570//570 570//570 
f 570//570 570//570 570//570 
f 570//570 637//637 570//570 
f 570//570 637//637 572//572 
f 637//637 638//638 572//572 
f 572//572 638//638 574//574 
f 638//638 639//639 574//574 
f 574//574 639//639 576//576 
f 639//639 640//640 576//576 
f 576//576 640//640 641//641 
f 640//640 641//641 641//641 
f 641//641 641//641 640//640 
f 641//641 640//640 640//640 
f 640//640 640//640 640//640 
f 640//640 639//639 640//640 
f 640//640 639//639 642//642 
f 639//639 638//638 642//642 
f 642//642 638//638 643//643 
f 638//638 637//637 643//643 
f 643//643 637//637 637//637 
f 637//637 644//644 637//637 
f 637//637 644//644 644//644 
f 644//644 463//463 644//644 
f 644//644 463//463 455//455 
f 463//463 453//453 455//455 
f 455//455 453//453 453//453 
f 453//453 584//584 453//453 
f 453//453 584//584 584//584 
f 584//584 645//645 584//584 
f 584//584 645//645 586//586 
f 645//645 646//646 586//586 
f 586//586 646//646 588//588 
f 646//646 647//647 588//588 
f 588//588 647//647 648//648 
f 647//647 649//649 648//648 
f 648//648 649//649 592//592 
f 649//649 594//594 592//592 
f 592//592 594//594 594//594 
f 594//594 649//649 594//594 
f 594//594 649//649 596//596 
f 649//649 650//650 596//596 
f 596//596 650//650 598//598 
f 650//650 651//651 598//598 
f 598//598 651//651 600//600 
f 651//651 652//652 600//600 
f 600//600 652//652 653//653 
f 652//652 654//654 653//653 
f 653//653 654//654 655//655 
f 654//654 655//655 655//655 
f 655//655 655//655 654//654 
f 655//655 654//654 654//654 
f 654//654 654//654 654//654 
f 654//654 652//652 654//654 
f 654//654 652//652 656//656 
f 652//652 651//651 656//656 
f 656//656 651//651 657//657 
f 651//651 658//658 657//657 
f 657//657 658//658 659//659 
f 658//658 647//647 659//659 
f 659//659 647//647 646//646 
f 647//647 646//646 646//646 
f 646//646 646//646 651//651 
f 646//646 651//651 651//651 
f 651//651 651//651 651//651 
f 651//651 650//650 651//651 
f 651//651 650//650 658//658 
f 650//650 647//647 658//658 
f 658//658 647//647 647//647 
f 647//647 588//588 647//647 
f 647//647 588//588 588//588 
f 588//588 648//648 588//588 
f 588//588 648//648 590//590 
f 648//648 592//592 590//590 
f 590//590 592//592 592//592 
f 592//592 655//655 592//592 
f 592//592 655//655 655//655 
f 655//655 660//660 655//655 
f 655//655 660//660 653//653 
f 660//660 661//661 653//653 
f 653//653 661//661 600//600 
f 661//661 602//602 600//600 
f 600//600 602//602 602//602 
f 602//602 660//660 602//602 
f 602//602 660//660 660//660 
f 660//660 662//662 660//660 
f 660//660 662//662 661//661 
f 662//662 663//663 661//661 
f 661//661 663//663 602//602 
f 663//663 602//602 602//602 
f 602//602 602//602 622//622 
f 602//602 622//622 622//622 
f 622//622 622//622 622//622 
f 622//622 620//620 622//622 
f 622//622 620//620 664//664 
f 620//620 665//665 664//664 
f 664//664 665//665 665//665 
f 665//665 620//620 665//665 
f 665//665 620//620 666//666 
f 620//620 618//618 666//666 
f 666//666 618//618 667//667 
f 618//618 668//668 667//667 
f 667//667 668//668 669//669 
f 668//668 670//670 669//669 
f 669//669 670//670 671//671 
f 670//670 672//672 671//671 
f 671//671 672//672 673//673 
f 672//672 674//674 673//673 
f 673//673 674//674 674//674 
f 674//674 618//618 674//674 
f 674//674 618//618 618//618 
f 618//618 616//616 618//618 
f 618//618 616//616 668//668 
f 616//616 615//615 668//668 
f 668//668 615//615 670//670 
f 615//615 614//614 670//670 
f 670//670 614//614 672//672 
f 614//614 613//613 672//672 
f 672//672 613//613 674//674 
f 613//613 674//674 674//674 
f 674//674 674//674 675//675 
f 674//674 675//675 675//675 
f 675//675 675//675 675//675 
f 675//675 676//676 675//675 
f 675//675 676//676 677//677 
f 676//676 678//678 677//677 
f 677//677 678//678 679//679 
f 678//678 680//680 679//679 
f 679//679 680//680 681//681 
f 680//680 682//682 681//681 
f 681//681 682//682 683//683 
f 682//682 684//684 683//683 
f 683//683 684//684 685//685 
f 684//684 686//686 685//685 
f 685//685 686//686 687//687 
f 686//686 687//687 687//687 
f 687//687 687//687 681//681 
f 687//687 681//681 681//681 
f 681//681 681//681 681//681 
f 681//681 683//683 681//681 
f 681//681 683//683 688//688 
f 683//683 685//685 688//688 
f 688//688 685//685 689//689 
f 685//685 687//687 689//689 
f 689//689 687//687 690//690 
f 687//687 690//690 690//690 
f 690//690 690//690 690//690 
f 690//690 691//691 690//690 
f 690//690 691//691 689//689 
f 691//691 692//692 689//689 
f 689//689 692//692 688//688 
f 692//692 693//693 688//688 
f 688//688 693//693 681//681 
f 693//693 679//679 681//681 
f 681//681 679//679 679//679 
f 679//679 691//691 679//679 
f 679//679 691//691 691//691 
f 691//691 694//694 691//691 
f 691//691 694//694 692//692 
f 694//694 695//695 692//692 
f 692//692 695//695 693//693 
f 695//695 696//696 693//693 
f 693//693 696//696 697//697 
f 696//696 697//697 697//697 
f 697//697 697//697 694//694 
f 697//697 694//694 694//694 
f 694//694 694//694 694//694 
f 694//694 698//698 694//694 
f 694//694 698//698 695//695 
f 698//698 699//699 695//695 
f 695//695 699//699 696//696 
f 699//699 696//696 696//696 
f 696//696 696//696 694//694 
f 696//696 694//694 694//694 
f 694//694 694//694 694//694 
f 694//694 700//700 694//694 
f 694//694 700//700 698//698 
f 700//700 701//701 698//698 
f 698//698 701//701 699//699 
f 701//701 702//702 699//699 
f 699//699 702//702 702//702 
f 702//702 701//701 702//702 
f 702//702 701//701 703//703 
f 701//701 700//700 703//703 
f 703//703 700//700 700//700 
f 700//700 697//697 700//700 
f 700//700 697//697 697//697 
f 697//697 704//704 697//697 
f 697//697 704//704 693//693 
f 704//704 679//679 693//693 
f 693//693 679//679 679//679 
f 679//679 107//107 679//679 
f 679//679 107//107 107//107 
f 107//107 105//105 107//107 
f 107//107 105//105 123//123 
f 105//105 705//705 123//123 
f 123//123 705//705 130//130 
f 705//705 706//706 130//130 
f 130//130 706//706 137//137 
f 706//706 137//137 137//137 
f 137//137 137//137 105//105 
f 137//137 105//105 105//105 
f 105//105 105//105 105//105 
f 105//105 103//103 105//105 
f 105//105 103//103 705//705 
f 103//103 707//707 705//705 
f 705//705 707//707 706//706 
f 707//707 706//706 706//706 
f 706//706 706//706 576//576 
f 706//706 576//576 576//576 
f 576//576 576//576 576//576 
f 576//576 641//641 576//576 
f 576//576 641//641 578//578 
f 641//641 580//580 578//578 
f 578//578 580//580 580//580 
f 580//580 690//690 580//580 
f 580//580 690//690 690//690 
f 690//690 708//708 690//690 
f 690//690 708//708 691//691 
f 708//708 709//709 691//691 
f 691//691 709//709 694//694 
f 709//709 710//710 694//694 
f 694//694 710//710 710//710 
f 710//710 709//709 710//710 
f 710//710 709//709 711//711 
f 709//709 708//708 711//711 
f 711//711 708//708 708//708 
f 708//708 684//684 708//708 
f 708//708 684//684 684//684 
f 684//684 682//682 684//684 
f 684//684 682//682 712//712 
f 682//682 713//713 712//712 
f 712//712 713//713 714//714 
f 713//713 714//714 714//714 
f 714//714 714//714 682//682 
f 714//714 682//682 682//682 
f 682//682 682//682 682//682 
f 682//682 680//680 682//682 
f 682//682 680//680 713//713 
f 680//680 715//715 713//713 
f 713//713 715//715 715//715 
f 715//715 680//680 715//715 
f 715//715 680//680 680//680 
f 680//680 678//678 680//680 
f 680//680 678//678 715//715 
f 678//678 676//676 715//715 
f 715//715 676//676 676//676 
f 676//676 665//665 676//676 
f 676//676 665//665 665//665 
f 665//665 666//666 665//665 
f 665//665 666//666 716//716 
f 666//666 667//667 716//716 
f 716//716 667//667 717//717 
f 667//667 669//669 717//717 
f 717//717 669//669 718//718 
f 669//669 671//671 718//718 
f 718//718 671//671 719//719 
f 671//671 673//673 719//719 
f 719//719 673//673 673//673 
f 673//673 720//720 673//673 
f 673//673 720//720 720//720 
f 720//720 721//721 720//720 
f 720//720 721//721 722//722 
f 721//721 723//723 722//722 
f 722//722 723//723 724//724 
f 723//723 725//725 724//724 
f 724//724 725//725 726//726 
f 725//725 727//727 726//726 
f 726//726 727//727 727//727 
f 727//727 721//721 727//727 
f 727//727 721//721 721//721 
f 721//721 728//728 721//721 
f 721//721 728//728 723//723 
f 728//728 729//729 723//723 
f 723//723 729//729 725//725 
f 729//729 730//730 725//725 
f 725//725 730//730 727//727 
f 730//730 731//731 727//727 
f 727//727 731//731 732//732 
f 731//731 733//733 732//732 
f 732//732 733//733 733//733 
f 733//733 728//728 733//733 
f 733//733 728//728 728//728 
f 728//728 734//734 728//728 
f 728//728 734//734 729//729 
f 734//734 735//735 729//729 
f 729//729 735//735 730//730 
f 735//735 736//736 730//730 
f 730//730 736//736 737//737 
f 736//736 738//738 737//737 
f 737//737 738//738 739//739 
f 738//738 740//740 739//739 
f 739//739 740//740 741//741 
f 740//740 742//742 741//741 
f 741//741 742//742 743//743 
f 742//742 743//743 743//743 
f 743//743 743//743 741//741 
f 743//743 741//741 741//741 
f 741//741 741//741 741//741 
f 741//741 744//744 741//741 
f 741//741 744//744 739//739 
f 744//744 745//745 739//739 
f 739//739 745//745 737//737 
f 745//745 731//731 737//737 
f 737//737 731//731 730//730 
f 731//731 730//730 730//730 
f 730//730 730//730 744//744 
f 730//730 744//744 744//744 
f 744//744 744//744 744//744 
f 744//744 746//746 744//744 
f 744//744 746//746 745//745 
f 746//746 733//733 745//745 
f 745//745 733//733 731//731 
f 733//733 731//731 731//731 
f 731//731 731//731 746//746 
f 731//731 746//746 746//746 
f 746//746 746//746 746//746 
f 746//746 744//744 746//746 
f 746//746 744//744 747//747 
f 744//744 748//748 747//747 
f 747//747 748//748 749//749 
f 748//748 750//750 749//749 
f 749//749 750//750 750//750 
f 750//750 748//748 750//750 
f 750//750 748//748 751//751 
f 748//748 752//752 751//751 
f 751//751 752//752 753//753 
f 752//752 741//741 753//753 
f 753//753 741//741 743//743 
f 741//741 743//743 743//743 
f 743//743 743//743 741//741 
f 743//743 741//741 741//741 
f 741//741 741//741 741//741 
f 741//741 752//752 741//741 
f 741//741 752//752 744//744 
f 752//752 748//748 744//744 
f 744//744 748//748 748//748 
f 748//748 481//481 748//748 
f 748//748 481//481 481//481 
f 481//481 483//483 481//481 
f 481//481 483//483 754//754 
f 483//483 755//755 754//754 
f 754//754 755//755 756//756 
f 755//755 757//757 756//756 
f 756//756 757//757 758//758 
f 757//757 759//759 758//758 
f 758//758 759//759 759//759 
f 759//759 483//483 759//759 
f 759//759 483//483 483//483 
f 483//483 485//485 483//483 
f 483//483 485//485 755//755 
f 485//485 760//760 755//755 
f 755//755 760//760 757//757 
f 760//760 761//761 757//757 
f 757//757 761//761 759//759 
f 761//761 762//762 759//759 
f 759//759 762//762 762//762 
f 762//762 485//485 762//762 
f 762//762 485//485 485//485 
f 485//485 487//487 485//485 
f 485//485 487//487 760//760 
f 487//487 763//763 760//760 
f 760//760 763//763 764//764 
f 763//763 765//765 764//764 
f 764//764 765//765 766//766 
f 765//765 766//766 766//766 
f 766//766 766//766 487//487 
f 766//766 487//487 487//487 
f 487//487 487//487 487//487 
f 487//487 489//489 487//487 
f 487//487 489//489 763//763 
f 489//489 767//767 763//763 
f 763//763 767//767 765//765 
f 767//767 765//765 765//765 
f 765//765 765//765 733//733 
f 765//765 733//733 733//733 
f 733//733 733//733 733//733 
f 733//733 746//746 733//733 
f 733//733 746//746 768//768 
f 746//746 769//769 768//768 
f 768//768 769//769 769//769 
f 769//769 746//746 769//769 
f 769//769 746//746 770//770 
f 746//746 747//747 770//770 
f 770//770 747//747 749//749 
f 747//747 749//749 749//749 
f 749//749 749//749 771//771 
f 749//749 771//771 771//771 
f 771//771 771//771 771//771 
f 771//771 772//772 771//771 
f 771//771 772//772 773//773 
f 772//772 774//774 773//773 
f 773//773 774//774 775//775 
f 774//774 776//776 775//775 
f 775//775 776//776 777//777 
f 776//776 778//778 777//777 
f 777//777 778//778 779//779 
f 778//778 780//780 779//779 
f 779//779 780//780 781//781 
f 780//780 782//782 781//781 
f 781//781 782//782 783//783 
f 782//782 784//784 783//783 
f 783//783 784//784 785//785 
f 784//784 786//786 785//785 
f 785//785 786//786 786//786 
f 786//786 772//772 786//786 
f 786//786 772//772 772//772 
f 772//772 787//787 772//772 
f 772//772 787//787 774//774 
f 787//787 788//788 774//774 
f 774//774 788//788 776//776 
f 788//788 789//789 776//776 
f 776//776 789//789 778//778 
f 789//789 790//790 778//778 
f 778//778 790//790 780//780 
f 790//790 791//791 780//780 
f 780//780 791//791 782//782 
f 791//791 792//792 782//782 
f 782//782 792//792 793//793 
f 792//792 793//793 793//793 
f 793//793 793//793 787//787 
f 793//793 787//787 787//787 
f 787//787 787//787 787//787 
f 787//787 794//794 787//787 
f 787//787 794//794 788//788 
f 794//794 795//795 788//788 
f 788//788 795//795 789//789 
f 795//795 796//796 789//789 
f 789//789 796//796 790//790 
f 796//796 797//797 790//790 
f 790//790 797//797 791//791 
f 797//797 798//798 791//791 
f 791//791 798//798 792//792 
f 798//798 792//792 792//792 
f 792//792 792//792 794//794 
f 792//792 794//794 794//794 
f 794//794 794//794 794//794 
f 794//794 799//799 794//794 
f 794//794 799//799 795//795 
f 799//799 800//800 795//795 
f 795//795 800//800 796//796 
f 800//800 801//801 796//796 
f 796//796 801//801 798//798 
f 801//801 798//798 798//798 
f 798//798 798//798 802//802 
f 798//798 802//802 802//802 
f 802//802 802//802 802//802 
f 802//802 803//803 802//802 
f 802//802 803//803 804//804 
f 803//803 805//805 804//804 
f 804//804 805//805 806//806 
f 805//805 807//807 806//806 
f 806//806 807//807 808//808 
f 807//807 809//809 808//808 
f 808//808 809//809 810//810 
f 809//809 811//811 810//810 
f 810//810 811//811 812//812 
f 811//811 813//813 812//812 
f 812//812 813//813 814//814 
f 813//813 815//815 814//814 
f 814//814 815//815 815//815 
f 815//815 813//813 815//815 
f 815//815 813//813 816//816 
f 813//813 811//811 816//816 
f 816//816 811//811 817//817 
f 811//811 818//818 817//817 
f 817//817 818//818 819//819 
f 818//818 820//820 819//819 
f 819//819 820//820 821//821 
f 820//820 822//822 821//821 
f 821//821 822//822 823//823 
f 822//822 824//824 823//823 
f 823//823 824//824 825//825 
f 824//824 826//826 825//825 
f 825//825 826//826 827//827 
f 826//826 828//828 827//827 
f 827//827 828//828 829//829 
f 828//828 830//830 829//829 
f 829//829 830//830 831//831 
f 830//830 832//832 831//831 
f 831//831 832//832 833//833 
f 832//832 834//834 833//833 
f 833//833 834//834 835//835 
f 834//834 836//836 835//835 
f 835//835 836//836 837//837 
f 836//836 838//838 837//837 
f 837//837 838//838 839//839 
f 838//838 840//840 839//839 
f 839//839 840//840 840//840 
f 840//840 834//834 840//840 
f 840//840 834//834 834//834 
f 834//834 832//832 834//834 
f 834//834 832//832 841//841 
f 832//832 830//830 841//841 
f 841//841 830//830 842//842 
f 830//830 828//828 842//842 
f 842//842 828//828 843//843 
f 828//828 826//826 843//843 
f 843//843 826//826 844//844 
f 826//826 824//824 844//844 
f 844//844 824//824 822//822 
f 824//824 822//822 822//822 
f 822//822 822//822 841//841 
f 822//822 841//841 841//841 
f 841//841 841//841 841//841 
f 841//841 842//842 841//841 
f 841//841 842//842 845//845 
f 842//842 844//844 845//845 
f 845//845 844//844 846//846 
f 844//844 847//847 846//846 
f 846//846 847//847 848//848 
f 847//847 822//822 848//848 
f 848//848 822//822 820//820 
f 822//822 820//820 820//820 
f 820//820 820//820 848//848 
f 820//820 848//848 848//848 
f 848//848 848//848 848//848 
f 848//848 820//820 848//848 
f 848//848 820//820 849//849 
f 820//820 818//818 849//849 
f 849//849 818//818 809//809 
f 818//818 811//811 809//809 
f 809//809 811//811 811//811 
f 811//811 848//848 811//811 
f 811//811 848//848 848//848 
f 848//848 849//849 848//848 
f 848//848 849//849 850//850 
f 849//849 851//851 850//850 
f 850//850 851//851 852//852 
f 851//851 807//807 852//852 
f 852//852 807//807 853//853 
f 807//807 805//805 853//853 
f 853//853 805//805 854//854 
f 805//805 803//803 854//854 
f 854//854 803//803 855//855 
f 803//803 855//855 855//855 
f 855//855 855//855 855//855 
f 855//855 856//856 855//855 
f 855//855 856//856 854//854 
f 856//856 857//857 854//854 
f 854//854 857//857 853//853 
f 857//857 858//858 853//853 
f 853//853 858//858 852//852 
f 858//858 859//859 852//852 
f 852//852 859//859 850//850 
f 859//859 860//860 850//850 
f 850//850 860//860 848//848 
f 860//860 861//861 848//848 
f 848//848 861//861 846//846 
f 861//861 862//862 846//846 
f 846//846 862//862 863//863 
f 862//862 864//864 863//863 
f 863//863 864//864 841//841 
f 864//864 865//865 841//841 
f 841//841 865//865 834//834 
f 865//865 866//866 834//834 
f 834//834 866//866 867//867 
f 866//866 867//867 867//867 
f 867//867 867//867 859//859 
f 867//867 859//859 859//859 
f 859//859 859//859 859//859 
f 859//859 868//868 859//859 
f 859//859 868//868 860//860 
f 868//868 869//869 860//860 
f 860//860 869//869 861//861 
f 869//869 870//870 861//861 
f 861//861 870//870 862//862 
f 870//870 871//871 862//862 
f 862//862 871//871 864//864 
f 871//871 872//872 864//864 
f 864//864 872//872 865//865 
f 872//872 873//873 865//865 
f 865//865 873//873 866//866 
f 873//873 874//874 866//866 
f 866//866 874//874 874//874 
f 874//874 868//868 874//874 
f 874//874 868//868 868//868 
f 868//868 875//875 868//868 
f 868//868 875//875 869//869 
f 875//875 876//876 869//869 
f 869//869 876//876 870//870 
f 876//876 877//877 870//870 
f 870//870 877//877 871//871 
f 877//877 878//878 871//871 
f 871//871 878//878 872//872 
f 878//878 879//879 872//872 
f 872//872 879//879 880//880 
f 879//879 880//880 880//880 
f 880//880 880//880 878//878 
f 880//880 878//878 878//878 
f 878//878 878//878 878//878 
f 878//878 877//877 878//878 
f 878//878 877//877 881//881 
f 877//877 876//876 881//881 
f 881//881 876//876 882//882 
f 876//876 875//875 882//882 
f 882//882 875//875 883//883 
f 875//875 884//884 883//883 
f 883//883 884//884 885//885 
f 884//884 886//886 885//885 
f 885//885 886//886 886//886 
f 886//886 884//884 886//886 
f 886//886 884//884 884//884 
f 884//884 875//875 884//884 
f 884//884 875//875 887//887 
f 875//875 868//868 887//887 
f 887//887 868//868 888//888 
f 868//868 858//858 888//888 
f 888//888 858//858 889//889 
f 858//858 857//857 889//889 
f 889//889 857//857 890//890 
f 857//857 856//856 890//890 
f 890//890 856//856 891//891 
f 856//856 891//891 891//891 
f 891//891 891//891 786//786 
f 891//891 786//786 786//786 
f 786//786 786//786 786//786 
f 786//786 784//784 786//786 
f 786//786 784//784 793//793 
f 784//784 782//782 793//793 
f 793//793 782//782 782//782 
f 782//782 279//279 782//782 
f 782//782 279//279 279//279 
f 279//279 892//892 279//279 
f 279//279 892//892 277//277 
f 892//892 893//893 277//277 
f 277//277 893//893 894//894 
f 893//893 894//894 894//894 
f 894//894 894//894 277//277 
f 894//894 277//277 277//277 
f 277//277 277//277 277//277 
f 277//277 894//894 277//277 
f 277//277 894//894 275//275 
f 894//894 895//895 275//275 
f 275//275 895//895 896//896 
f 895//895 897//897 896//896 
f 896//896 897//897 898//898 
f 897//897 899//899 898//898 
f 898//898 899//899 900//900 
f 899//899 901//901 900//900 
f 900//900 901//901 902//902 
f 901//901 902//902 902//902 
f 902//902 902//902 898//898 
f 902//902 898//898 898//898 
f 898//898 898//898 898//898 
f 898//898 900//900 898//898 
f 898//898 900//900 903//903 
f 900//900 902//902 903//903 
f 903//903 902//902 904//904 
f 902//902 904//904 904//904 
f 904//904 904//904 904//904 
f 904//904 905//905 904//904 
f 904//904 905//905 903//903 
f 905//905 906//906 903//903 
f 903//903 906//906 898//898 
f 906//906 907//907 898//898 
f 898//898 907//907 896//896 
f 907//907 271//271 896//896 
f 896//896 271//271 273//273 
f 271//271 273//273 273//273 
f 273//273 273//273 905//905 
f 273//273 905//905 905//905 
f 905//905 905//905 905//905 
f 905//905 908//908 905//905 
f 905//905 908//908 906//906 
f 908//908 909//909 906//906 
f 906//906 909//909 907//907 
f 909//909 270//270 907//907 
f 907//907 270//270 271//271 
f 270//270 271//271 271//271 
f 271//271 271//271 905//905 
f 271//271 905//905 905//905 
f 905//905 905//905 905//905 
f 905//905 910//910 905//905 
f 905//905 910//910 908//908 
f 910//910 911//911 908//908 
f 908//908 911//911 909//909 
f 911//911 268//268 909//909 
f 909//909 268//268 270//270 
f 268//268 270//270 270//270 
f 270//270 270//270 905//905 
f 270//270 905//905 905//905 
f 905//905 905//905 905//905 
f 905//905 912//912 905//905 
f 905//905 912//912 910//910 
f 912//912 913//913 910//910 
f 910//910 913//913 911//911 
f 913//913 266//266 911//911 
f 911//911 266//266 268//268 
f 266//266 268//268 268//268 
f 268//268 268//268 912//912 
f 268//268 912//912 912//912 
f 912//912 912//912 912//912 
f 912//912 914//914 912//912 
f 912//912 914//914 913//913 
f 914//914 915//915 913//913 
f 913//913 915//915 916//916 
f 915//915 917//917 916//916 
f 916//916 917//917 264//264 
f 917//917 264//264 264//264 
f 264//264 264//264 264//264 
f 264//264 265//265 264//264 
f 264//264 265//265 916//916 
f 265//265 913//913 916//916 
f 916//916 913//913 913//913 
f 913//913 918//918 913//913 
f 913//913 918//918 918//918 
f 918//918 919//919 918//918 
f 918//918 919//919 920//920 
f 919//919 921//921 920//920 
f 920//920 921//921 922//922 
f 921//921 923//923 922//922 
f 922//922 923//923 924//924 
f 923//923 925//925 924//924 
f 924//924 925//925 926//926 
f 925//925 927//927 926//926 
f 926//926 927//927 928//928 
f 927//927 929//929 928//928 
f 928//928 929//929 930//930 
f 929//929 511//511 930//930 
f 930//930 511//511 931//931 
f 511//511 932//932 931//931 
f 931//931 932//932 933//933 
f 932//932 934//934 933//933 
f 933//933 934//934 935//935 
f 934//934 936//936 935//935 
f 935//935 936//936 937//937 
f 936//936 938//938 937//937 
f 937//937 938//938 939//939 
f 938//938 940//940 939//939 
f 939//939 940//940 941//941 
f 940//940 942//942 941//941 
f 941//941 942//942 942//942 
f 942//942 511//511 942//942 
f 942//942 511//511 511//511 
f 511//511 509//509 511//511 
f 511//511 509//509 932//932 
f 509//509 943//943 932//932 
f 932//932 943//943 934//934 
f 943//943 944//944 934//934 
f 934//934 944//944 936//936 
f 944//944 945//945 936//936 
f 936//936 945//945 938//938 
f 945//945 946//946 938//938 
f 938//938 946//946 940//940 
f 946//946 947//947 940//940 
f 940//940 947//947 942//942 
f 947//947 942//942 942//942 
f 942//942 942//942 509//509 
f 942//942 509//509 509//509 
f 509//509 509//509 509//509 
f 509//509 507//507 509//509 
f 509//509 507//507 943//943 
f 507//507 948//948 943//943 
f 943//943 948//948 944//944 
f 948//948 949//949 944//944 
f 944//944 949//949 945//945 
f 949//949 950//950 945//945 
f 945//945 950//950 946//946 
f 950//950 951//951 946//946 
f 946//946 951//951 947//947 
f 951//951 947//947 947//947 
f 947//947 947//947 948//948 
f 947//947 948//948 948//948 
f 948//948 948//948 948//948 
f 948//948 501//501 948//948 
f 948//948 501//501 949//949 
f 501//501 499//499 949//949 
f 949//949 499//499 950//950 
f 499//499 497//497 950//950 
f 950//950 497//497 951//951 
f 497//497 951//951 951//951 
f 951//951 951//951 501//501 
f 951//951 501//501 501//501 
f 501//501 501//501 501//501 
f 501//501 948//948 501//501 
f 501//501 948//948 503//503 
f 948//948 505//505 503//503 
f 503//503 505//505 505//505 
f 505//505 924//924 505//505 
f 505//505 924//924 924//924 
f 924//924 926//926 924//924 
f 924//924 926//926 952//952 
f 926//926 953//953 952//952 
f 952//952 953//953 954//954 
f 953//953 955//955 954//954 
f 954//954 955//955 956//956 
f 955//955 957//957 956//956 
f 956//956 957//957 958//958 
f 957//957 959//959 958//958 
f 958//958 959//959 960//960 
f 959//959 961//961 960//960 
f 960//960 961//961 962//962 
f 961//961 963//963 962//962 
f 962//962 963//963 963//963 
f 963//963 926//926 963//963 
f 963//963 926//926 926//926 
f 926//926 928//928 926//926 
f 926//926 928//928 953//953 
f 928//928 964//964 953//953 
f 953//953 964//964 955//955 
f 964//964 965//965 955//955 
f 955//955 965//965 957//957 
f 965//965 966//966 957//957 
f 957//957 966//966 959//959 
f 966//966 961//961 959//959 
f 959//959 961//961 961//961 
f 961//961 965//965 961//961 
f 961//961 965//965 965//965 
f 965//965 931//931 965//965 
f 965//965 931//931 966//966 
f 931//931 933//933 966//966 
f 966//966 933//933 967//967 
f 933//933 935//935 967//967 
f 967//967 935//935 968//968 
f 935//935 937//937 968//968 
f 968//968 937//937 969//969 
f 937//937 939//939 969//969 
f 969//969 939//939 970//970 
f 939//939 941//941 970//970 
f 970//970 941//941 941//941 
f 941//941 970//970 941//941 
f 941//941 970//970 970//970 
f 970//970 971//971 970//970 
f 970//970 971//971 969//969 
f 971//971 972//972 969//969 
f 969//969 972//972 968//968 
f 972//972 973//973 968//968 
f 968//968 973//973 967//967 
f 973//973 961//961 967//967 
f 967//967 961//961 966//966 
f 961//961 966//966 966//966 
f 966//966 966//966 971//971 
f 966//966 971//971 971//971 
f 971//971 971//971 971//971 
f 971//971 974//974 971//971 
f 971//971 974//974 972//972 
f 974//974 975//975 972//972 
f 972//972 975//975 973//973 
f 975//975 963//963 973//973 
f 973//973 963//963 961//961 
f 963//963 961//961 961//961 
f 961//961 961//961 928//928 
f 961//961 928//928 928//928 
f 928//928 928//928 928//928 
f 928//928 930//930 928//928 
f 928//928 930//930 964//964 
f 930//930 931//931 964//964 
f 964//964 931//931 965//965 
f 931//931 965//965 965//965 
f 965//965 965//965 919//919 
f 965//965 919//919 919//919 
f 919//919 919//919 919//919 
f 919//919 976//976 919//919 
f 919//919 976//976 921//921 
f 976//976 977//977 921//921 
f 921//921 977//977 923//923 
f 977//977 978//978 923//923 
f 923//923 978//978 979//979 
f 978//978 980//980 979//979 
f 979//979 980//980 981//981 
f 980//980 515//515 981//981 
f 981//981 515//515 513//513 
f 515//515 513//513 513//513 
f 513//513 513//513 513//513 
f 513//513 929//929 513//513 
f 513//513 929//929 981//981 
f 929//929 927//927 981//981 
f 981//981 927//927 979//979 
f 927//927 925//925 979//979 
f 979//979 925//925 923//923 
f 925//925 923//923 923//923 
f 923//923 923//923 976//976 
f 923//923 976//976 976//976 
f 976//976 976//976 976//976 
f 976//976 523//523 976//976 
f 976//976 523//523 977//977 
f 523//523 982//982 977//977 
f 977//977 982//982 983//983 
f 982//982 519//519 983//983 
f 983//983 519//519 517//517 
f 519//519 517//517 517//517 
f 517//517 517//517 517//517 
f 517//517 980//980 517//517 
f 517//517 980//980 983//983 
f 980//980 978//978 983//983 
f 983//983 978//978 977//977 
f 978//978 977//977 977//977 
f 977//977 977//977 984//984 
f 977//977 984//984 984//984 
f 984//984 984//984 984//984 
f 984//984 985//985 984//984 
f 984//984 985//985 986//986 
f 985//985 987//987 986//986 
f 986//986 987//987 988//988 
f 987//987 989//989 988//988 
f 988//988 989//989 990//990 
f 989//989 991//991 990//990 
f 990//990 991//991 992//992 
f 991//991 993//993 992//992 
f 992//992 993//993 993//993 
f 993//993 985//985 993//993 
f 993//993 985//985 985//985 
f 985//985 994//994 985//985 
f 985//985 994//994 987//987 
f 994//994 995//995 987//987 
f 987//987 995//995 989//989 
f 995//995 996//996 989//989 
f 989//989 996//996 991//991 
f 996//996 997//997 991//991 
f 991//991 997//997 993//993 
f 997//997 998//998 993//993 
f 993//993 998//998 998//998 
f 998//998 994//994 998//998 
f 998//998 994//994 994//994 
f 994//994 999//999 994//994 
f 994//994 999//999 995//995 
f 999//999 1000//1000 995//995 
f 995//995 1000//1000 996//996 
f 1000//1000 1001//1001 996//996 
f 996//996 1001//1001 997//997 
f 1001//1001 1002//1002 997//997 
f 997//997 1002//1002 1003//1003 
f 1002//1002 1004//1004 1003//1003 
f 1003//1003 1004//1004 1005//1005 
f 1004//1004 1006//1006 1005//1005 
f 1005//1005 1006//1006 1007//1007 
f 1006//1006 1008//1008 1007//1007 
f 1007//1007 1008//1008 1009//1009 
f 1008//1008 1010//1010 1009//1009 
f 1009//1009 1010//1010 1010//1010 
f 1010//1010 1008//1008 1010//1010 
f 1010//1010 1008//1008 1011//1011 
f 1008//1008 1006//1006 1011//1011 
f 1011//1011 1006//1006 1012//1012 
f 1006//1006 1013//1013 1012//1012 
f 1012//1012 1013//1013 1014//1014 
f 1013//1013 1000//1000 1014//1014 
f 1014//1014 1000//1000 999//999 
f 1000//1000 999//999 999//999 
f 999//999 999//999 1000//1000 
f 999//999 1000//1000 1000//1000 
f 1000//1000 1000//1000 1000//1000 
f 1000//1000 1013//1013 1000//1000 
f 1000//1000 1013//1013 1001//1001 
f 1013//1013 1004//1004 1001//1001 
f 1001//1001 1004//1004 1002//1002 
f 1004//1004 1002//1002 1002//1002 
f 1002//1002 1002//1002 999//999 
f 1002//1002 999//999 999//999 
f 999//999 999//999 999//999 
f 999//999 1015//1015 999//999 
f 999//999 1015//1015 1014//1014 
f 1015//1015 1016//1016 1014//1014 
f 1014//1014 1016//1016 1012//1012 
f 1016//1016 1017//1017 1012//1012 
f 1012//1012 1017//1017 1018//1018 
f 1017//1017 1019//1019 1018//1018 
f 1018//1018 1019//1019 1019//1019 
f 1019//1019 1017//1017 1019//1019 
f 1019//1019 1017//1017 1020//1020 
f 1017//1017 1016//1016 1020//1020 
f 1020//1020 1016//1016 1021//1021 
f 1016//1016 1015//1015 1021//1021 
f 1021//1021 1015//1015 1015//1015 
f 1015//1015 1022//1022 1015//1015 
f 1015//1015 1022//1022 1022//1022 
f 1022//1022 1023//1023 1022//1022 
f 1022//1022 1023//1023 1024//1024 
f 1023//1023 1025//1025 1024//1024 
f 1024//1024 1025//1025 1026//1026 
f 1025//1025 1027//1027 1026//1026 
f 1026//1026 1027//1027 1028//1028 
f 1027//1027 1029//1029 1028//1028 
f 1028//1028 1029//1029 1030//1030 
f 1029//1029 1031//1031 1030//1030 
f 1030//1030 1031//1031 1032//1032 
f 1031//1031 1033//1033 1032//1032 
f 1032//1032 1033//1033 1034//1034 
f 1033//1033 1035//1035 1034//1034 
f 1034//1034 1035//1035 1036//1036 
f 1035//1035 1037//1037 1036//1036 
f 1036//1036 1037//1037 1038//1038 
f 1037//1037 1039//1039 1038//1038 
f 1038//1038 1039//1039 1040//1040 
f 1039//1039 1041//1041 1040//1040 
f 1040//1040 1041//1041 1042//1042 
f 1041//1041 1043//1043 1042//1042 
f 1042//1042 1043//1043 1044//1044 
f 1043//1043 1045//1045 1044//1044 
f 1044//1044 1045//1045 1046//1046 
f 1045//1045 1047//1047 1046//1046 
f 1046//1046 1047//1047 1048//1048 
f 1047//1047 1049//1049 1048//1048 
f 1048//1048 1049//1049 1049//1049 
f 1049//1049 1048//1048 1049//1049 
f 1049//1049 1048//1048 1048//1048 
f 1048//1048 1050//1050 1048//1048 
f 1048//1048 1050//1050 1046//1046 
f 1050//1050 1051//1051 1046//1046 
f 1046//1046 1051//1051 1044//1044 
f 1051//1051 1052//1052 1044//1044 
f 1044//1044 1052//1052 1042//1042 
f 1052//1052 1053//1053 1042//1042 
f 1042//1042 1053//1053 1040//1040 
f 1053//1053 1054//1054 1040//1040 
f 1040//1040 1054//1054 1038//1038 
f 1054//1054 1055//1055 1038//1038 
f 1038//1038 1055//1055 1036//1036 
f 1055//1055 1056//1056 1036//1036 
f 1036//1036 1056//1056 1034//1034 
f 1056//1056 1057//1057 1034//1034 
f 1034//1034 1057//1057 1032//1032 
f 1057//1057 1058//1058 1032//1032 
f 1032//1032 1058//1058 1030//1030 
f 1058//1058 1030//1030 1030//1030 
f 1030//1030 1030//1030 1050//1050 
f 1030//1030 1050//1050 1050//1050 
f 1050//1050 1050//1050 1050//1050 
f 1050//1050 1059//1059 1050//1050 
f 1050//1050 1059//1059 1051//1051 
f 1059//1059 1060//1060 1051//1051 
f 1051//1051 1060//1060 1052//1052 
f 1060//1060 1061//1061 1052//1052 
f 1052//1052 1061//1061 1053//1053 
f 1061//1061 1062//1062 1053//1053 
f 1053//1053 1062//1062 1063//1063 
f 1062//1062 1064//1064 1063//1063 
f 1063//1063 1064//1064 1065//1065 
f 1064//1064 1066//1066 1065//1065 
f 1065//1065 1066//1066 1057//1057 
f 1066//1066 1067//1067 1057//1057 
f 1057//1057 1067//1067 1058//1058 
f 1067//1067 1058//1058 1058//1058 
f 1058//1058 1058//1058 1053//1053 
f 1058//1058 1053//1053 1053//1053 
f 1053//1053 1053//1053 1053//1053 
f 1053//1053 1063//1063 1053//1053 
f 1053//1053 1063//1063 1054//1054 
f 1063//1063 1065//1065 1054//1054 
f 1054//1054 1065//1065 1055//1055 
f 1065//1065 1057//1057 1055//1055 
f 1055//1055 1057//1057 1056//1056 
f 1057//1057 1056//1056 1056//1056 
f 1056//1056 1056//1056 1064//1064 
f 1056//1056 1064//1064 1064//1064 
f 1064//1064 1064//1064 1064//1064 
f 1064//1064 1062//1062 1064//1064 
f 1064//1064 1062//1062 1068//1068 
f 1062//1062 1061//1061 1068//1068 
f 1068//1068 1061//1061 1069//1069 
f 1061//1061 1060//1060 1069//1069 
f 1069//1069 1060//1060 1070//1070 
f 1060//1060 1059//1059 1070//1070 
f 1070//1070 1059//1059 1071//1071 
f 1059//1059 1071//1071 1071//1071 
f 1071//1071 1071//1071 519//519 
f 1071//1071 519//519 519//519 
f 519//519 519//519 519//519 
f 519//519 982//982 519//519 
f 519//519 982//982 521//521 
f 982//982 523//523 521//521 
f 521//521 523//523 523//523 
f 523//523 182//182 523//523 
f 523//523 182//182 182//182 
f 182//182 195//195 182//182 
f 182//182 195//195 184//184 
f 195//195 197//197 184//184 
f 184//184 197//197 1072//1072 
f 197//197 1072//1072 1072//1072 
f 1072//1072 1072//1072 1073//1073 
f 1072//1072 1073//1073 1073//1073 
f 1073//1073 1073//1073 1073//1073 
f 1073//1073 1074//1074 1073//1073 
f 1073//1073 1074//1074 1075//1075 
f 1074//1074 1076//1076 1075//1075 
f 1075//1075 1076//1076 1077//1077 
f 1076//1076 1078//1078 1077//1077 
f 1077//1077 1078//1078 1079//1079 
f 1078//1078 1080//1080 1079//1079 
f 1079//1079 1080//1080 1080//1080 
f 1080//1080 1074//1074 1080//1080 
f 1080//1080 1074//1074 1074//1074 
f 1074//1074 1081//1081 1074//1074 
f 1074//1074 1081//1081 1076//1076 
f 1081//1081 208//208 1076//1076 
f 1076//1076 208//208 1078//1078 
f 208//208 210//210 1078//1078 
f 1078//1078 210//210 1080//1080 
f 210//210 212//212 1080//1080 
f 1080//1080 212//212 212//212 
f 212//212 208//208 212//212 
f 212//212 208//208 208//208 
f 208//208 1081//1081 208//208 
f 208//208 1081//1081 206//206 
f 1081//1081 1082//1082 206//206 
f 206//206 1082//1082 1083//1083 
f 1082//1082 1083//1083 1083//1083 
f 1083//1083 1083//1083 206//206 
f 1083//1083 206//206 206//206 
f 206//206 206//206 206//206 
f 206//206 1083//1083 206//206 
f 206//206 1083//1083 205//205 
f 1083//1083 1084//1084 205//205 
f 205//205 1084//1084 204//204 
f 1084//1084 1085//1085 204//204 
f 204//204 1085//1085 1086//1086 
f 1085//1085 1086//1086 1086//1086 
f 1086//1086 1086//1086 1083//1083 
f 1086//1086 1083//1083 1083//1083 
f 1083//1083 1083//1083 1083//1083 
f 1083//1083 1087//1087 1083//1083 
f 1083//1083 1087//1087 1084//1084 
f 1087//1087 1085//1085 1084//1084 
f 1084//1084 1085//1085 1085//1085 
f 1085//1085 430//430 1085//1085 
f 1085//1085 430//430 430//430 
f 430//430 1088//1088 430//430 
f 430//430 1088//1088 439//439 
f 1088//1088 1089//1089 439//439 
f 439//439 1089//1089 440//440 
f 1089//1089 1090//1090 440//440 
f 440//440 1090//1090 442//442 
f 1090//1090 1091//1091 442//442 
f 442//442 1091//1091 1092//1092 
f 1091//1091 1092//1092 1092//1092 
f 1092//1092 1092//1092 1088//1088 
f 1092//1092 1088//1088 1088//1088 
f 1088//1088 1088//1088 1088//1088 
f 1088//1088 1093//1093 1088//1088 
f 1088//1088 1093//1093 1089//1089 
f 1093//1093 1094//1094 1089//1089 
f 1089//1089 1094//1094 1090//1090 
f 1094//1094 1090//1090 1090//1090 
f 1090//1090 1090//1090 442//442 
f 1090//1090 442//442 442//442 
f 442//442 442//442 442//442 
f 442//442 1092//1092 442//442 
f 442//442 1092//1092 444//444 
f 1092//1092 446//446 444//444 
f 444//444 446//446 446//446 
f 446//446 1092//1092 446//446 
f 446//446 1092//1092 1092//1092 
f 1092//1092 1095//1095 1092//1092 
f 1092//1092 1095//1095 446//446 
f 1095//1095 1096//1096 446//446 
f 446//446 1096//1096 448//448 
f 1096//1096 1097//1097 448//448 
f 448//448 1097//1097 450//450 
f 1097//1097 1098//1098 450//450 
f 450//450 1098//1098 452//452 
f 1098//1098 454//454 452//452 
f 452//452 454//454 454//454 
f 454//454 1097//1097 454//454 
f 454//454 1097//1097 1097//1097 
f 1097//1097 1099//1099 1097//1097 
f 1097//1097 1099//1099 1098//1098 
f 1099//1099 1100//1100 1098//1098 
f 1098//1098 1100//1100 454//454 
f 1100//1100 456//456 454//454 
f 454//454 456//456 456//456 
f 456//456 1097//1097 456//456 
f 456//456 1097//1097 1097//1097 
f 1097//1097 1101//1101 1097//1097 
f 1097//1097 1101//1101 1099//1099 
f 1101//1101 1102//1102 1099//1099 
f 1099//1099 1102//1102 1100//1100 
f 1102//1102 1103//1103 1100//1100 
f 1100//1100 1103//1103 456//456 
f 1103//1103 456//456 456//456 
f 456//456 456//456 1101//1101 
f 456//456 1101//1101 1101//1101 
f 1101//1101 1101//1101 1101//1101 
f 1101//1101 1104//1104 1101//1101 
f 1101//1101 1104//1104 1102//1102 
f 1104//1104 1105//1105 1102//1102 
f 1102//1102 1105//1105 1103//1103 
f 1105//1105 1103//1103 1103//1103 
f 1103//1103 1103//1103 1106//1106 
f 1103//1103 1106//1106 1106//1106 
f 1106//1106 1106//1106 1106//1106 
f 1106//1106 874//874 1106//1106 
f 1106//1106 874//874 880//880 
f 874//874 873//873 880//880 
f 880//880 873//873 872//872 
f 873//873 872//872 872//872 
f 872//872 872//872 1101//1101 
f 872//872 1101//1101 1101//1101 
f 1101//1101 1101//1101 1101//1101 
f 1101//1101 1097//1097 1101//1101 
f 1101//1101 1097//1097 1107//1107 
f 1097//1097 1096//1096 1107//1107 
f 1107//1107 1096//1096 1096//1096 
f 1096//1096 1108//1108 1096//1096 
f 1096//1096 1108//1108 1108//1108 
f 1108//1108 1109//1109 1108//1108 
f 1108//1108 1109//1109 1110//1110 
f 1109//1109 1111//1111 1110//1110 
f 1110//1110 1111//1111 1112//1112 
f 1111//1111 1113//1113 1112//1112 
f 1112//1112 1113//1113 1114//1114 
f 1113//1113 1115//1115 1114//1114 
f 1114//1114 1115//1115 1116//1116 
f 1115//1115 1117//1117 1116//1116 
f 1116//1116 1117//1117 1118//1118 
f 1117//1117 1119//1119 1118//1118 
f 1118//1118 1119//1119 1120//1120 
f 1119//1119 1120//1120 1120//1120 
f 1120//1120 1120//1120 1117//1117 
f 1120//1120 1117//1117 1117//1117 
f 1117//1117 1117//1117 1117//1117 
f 1117//1117 1115//1115 1117//1117 
f 1117//1117 1115//1115 1121//1121 
f 1115//1115 1122//1122 1121//1121 
f 1121//1121 1122//1122 1123//1123 
f 1122//1122 1111//1111 1123//1123 
f 1123//1123 1111//1111 1109//1109 
f 1111//1111 1109//1109 1109//1109 
f 1109//1109 1109//1109 1111//1111 
f 1109//1109 1111//1111 1111//1111 
f 1111//1111 1111//1111 1111//1111 
f 1111//1111 1122//1122 1111//1111 
f 1111//1111 1122//1122 1113//1113 
f 1122//1122 1115//1115 1113//1113 
f 1113//1113 1115//1115 1115//1115 
f 1115//1115 202//202 1115//1115 
f 1115//1115 202//202 202//202 
f 202//202 201//201 202//202 
f 202//202 201//201 1124//1124 
f 201//201 203//203 1124//1124 
f 1124//1124 203//203 204//204 
f 203//203 204//204 204//204 
f 204//204 204//204 879//879 
f 204//204 879//879 879//879 
f 879//879 879//879 879//879 
f 879//879 878//878 879//879 
f 879//879 878//878 1125//1125 
f 878//878 881//881 1125//1125 
f 1125//1125 881//881 1126//1126 
f 881//881 882//882 1126//1126 
f 1126//1126 882//882 1127//1127 
f 882//882 883//883 1127//1127 
f 1127//1127 883//883 885//885 
f 883//883 885//885 885//885 
f 885//885 885//885 846//846 
f 885//885 846//846 846//846 
f 846//846 846//846 846//846 
f 846//846 863//863 846//846 
f 846//846 863//863 845//845 
f 863//863 841//841 845//845 
f 845//845 841//841 841//841 
f 841//841 1109//1109 841//841 
f 841//841 1109//1109 1109//1109 
f 1109//1109 1128//1128 1109//1109 
f 1109//1109 1128//1128 1123//1123 
f 1128//1128 1129//1129 1123//1123 
f 1123//1123 1129//1129 1121//1121 
f 1129//1129 1130//1130 1121//1121 
f 1121//1121 1130//1130 1131//1131 
f 1130//1130 1131//1131 1131//1131 
f 1131//1131 1131//1131 1121//1121 
f 1131//1131 1121//1121 1121//1121 
f 1121//1121 1121//1121 1121//1121 
f 1121//1121 1131//1131 1121//1121 
f 1121//1121 1131//1131 1117//1117 
f 1131//1131 1119//1119 1117//1117 
f 1117//1117 1119//1119 1119//1119 
f 1119//1119 1130//1130 1119//1119 
f 1119//1119 1130//1130 1130//1130 
f 1130//1130 1129//1129 1130//1130 
f 1130//1130 1129//1129 1132//1132 
f 1129//1129 1133//1133 1132//1132 
f 1132//1132 1133//1133 1133//1133 
f 1133//1133 1134//1134 1133//1133 
f 1133//1133 1134//1134 1134//1134 
f 1134//1134 1135//1135 1134//1134 
f 1134//1134 1135//1135 1136//1136 
f 1135//1135 1137//1137 1136//1136 
f 1136//1136 1137//1137 1138//1138 
f 1137//1137 1139//1139 1138//1138 
f 1138//1138 1139//1139 1140//1140 
f 1139//1139 1141//1141 1140//1140 
f 1140//1140 1141//1141 1142//1142 
f 1141//1141 1142//1142 1142//1142 
f 1142//1142 1142//1142 1136//1136 
f 1142//1142 1136//1136 1136//1136 
f 1136//1136 1136//1136 1136//1136 
f 1136//1136 1138//1138 1136//1136 
f 1136//1136 1138//1138 1143//1143 
f 1138//1138 1140//1140 1143//1143 
f 1143//1143 1140//1140 1144//1144 
f 1140//1140 1142//1142 1144//1144 
f 1144//1144 1142//1142 1145//1145 
f 1142//1142 1145//1145 1145//1145 
f 1145//1145 1145//1145 1146//1146 
f 1145//1145 1146//1146 1146//1146 
f 1146//1146 1146//1146 1146//1146 
f 1146//1146 1147//1147 1146//1146 
f 1146//1146 1147//1147 1148//1148 
f 1147//1147 1149//1149 1148//1148 
f 1148//1148 1149//1149 1150//1150 
f 1149//1149 1151//1151 1150//1150 
f 1150//1150 1151//1151 1152//1152 
f 1151//1151 1153//1153 1152//1152 
f 1152//1152 1153//1153 1153//1153 
f 1153//1153 1147//1147 1153//1153 
f 1153//1153 1147//1147 1147//1147 
f 1147//1147 1154//1154 1147//1147 
f 1147//1147 1154//1154 1149//1149 
f 1154//1154 1155//1155 1149//1149 
f 1149//1149 1155//1155 1151//1151 
f 1155//1155 1156//1156 1151//1151 
f 1151//1151 1156//1156 1153//1153 
f 1156//1156 1157//1157 1153//1153 
f 1153//1153 1157//1157 1157//1157 
f 1157//1157 1156//1156 1157//1157 
f 1157//1157 1156//1156 1158//1158 
f 1156//1156 1155//1155 1158//1158 
f 1158//1158 1155//1155 1159//1159 
f 1155//1155 1154//1154 1159//1159 
f 1159//1159 1154//1154 1160//1160 
f 1154//1154 1160//1160 1160//1160 
f 1160//1160 1160//1160 1160//1160 
f 1160//1160 1161//1161 1160//1160 
f 1160//1160 1161//1161 1159//1159 
f 1161//1161 1162//1162 1159//1159 
f 1159//1159 1162//1162 1158//1158 
f 1162//1162 1163//1163 1158//1158 
f 1158//1158 1163//1163 1164//1164 
f 1163//1163 1165//1165 1164//1164 
f 1164//1164 1165//1165 1165//1165 
f 1165//1165 1163//1163 1165//1165 
f 1165//1165 1163//1163 1166//1166 
f 1163//1163 1162//1162 1166//1166 
f 1166//1166 1162//1162 1167//1167 
f 1162//1162 1161//1161 1167//1167 
f 1167//1167 1161//1161 1168//1168 
f 1161//1161 1169//1169 1168//1168 
f 1168//1168 1169//1169 1170//1170 
f 1169//1169 1170//1170 1170//1170 
f 1170//1170 1170//1170 1168//1168 
f 1170//1170 1168//1168 1168//1168 
f 1168//1168 1168//1168 1168//1168 
f 1168//1168 1171//1171 1168//1168 
f 1168//1168 1171//1171 1167//1167 
f 1171//1171 1172//1172 1167//1167 
f 1167//1167 1172//1172 1166//1166 
f 1172//1172 1173//1173 1166//1166 
f 1166//1166 1173//1173 1174//1174 
f 1173//1173 1175//1175 1174//1174 
f 1174//1174 1175//1175 1176//1176 
f 1175//1175 1177//1177 1176//1176 
f 1176//1176 1177//1177 1177//1177 
f 1177//1177 1176//1176 1177//1177 
f 1177//1177 1176//1176 1176//1176 
f 1176//1176 1165//1165 1176//1176 
f 1176//1176 1165//1165 1174//1174 
f 1165//1165 1166//1166 1174//1174 
f 1174//1174 1166//1166 1166//1166 
f 1166//1166 839//839 1166//1166 
f 1166//1166 839//839 839//839 
f 839//839 1178//1178 839//839 
f 839//839 1178//1178 837//837 
f 1178//1178 1179//1179 837//837 
f 837//837 1179//1179 835//835 
f 1179//1179 1180//1180 835//835 
f 835//835 1180//1180 833//833 
f 1180//1180 1181//1181 833//833 
f 833//833 1181//1181 831//831 
f 1181//1181 1182//1182 831//831 
f 831//831 1182//1182 829//829 
f 1182//1182 1183//1183 829//829 
f 829//829 1183//1183 1184//1184 
f 1183//1183 1185//1185 1184//1184 
f 1184//1184 1185//1185 1186//1186 
f 1185//1185 1186//1186 1186//1186 
f 1186//1186 1186//1186 1178//1178 
f 1186//1186 1178//1178 1178//1178 
f 1178//1178 1178//1178 1178//1178 
f 1178//1178 1187//1187 1178//1178 
f 1178//1178 1187//1187 1179//1179 
f 1187//1187 1188//1188 1179//1179 
f 1179//1179 1188//1188 1180//1180 
f 1188//1188 1189//1189 1180//1180 
f 1180//1180 1189//1189 1181//1181 
f 1189//1189 1190//1190 1181//1181 
f 1181//1181 1190//1190 1191//1191 
f 1190//1190 1191//1191 1191//1191 
f 1191//1191 1191//1191 1181//1181 
f 1191//1191 1181//1181 1181//1181 
f 1181//1181 1181//1181 1181//1181 
f 1181//1181 1191//1191 1181//1181 
f 1181//1181 1191//1191 1182//1182 
f 1191//1191 1185//1185 1182//1182 
f 1182//1182 1185//1185 1183//1183 
f 1185//1185 1183//1183 1183//1183 
f 1183//1183 1183//1183 1135//1135 
f 1183//1183 1135//1135 1135//1135 
f 1135//1135 1135//1135 1135//1135 
f 1135//1135 1192//1192 1135//1135 
f 1135//1135 1192//1192 1137//1137 
f 1192//1192 341//341 1137//1137 
f 1137//1137 341//341 1193//1193 
f 341//341 339//339 1193//1193 
f 1193//1193 339//339 1194//1194 
f 339//339 337//337 1194//1194 
f 1194//1194 337//337 336//336 
f 337//337 336//336 336//336 
f 336//336 336//336 1137//1137 
f 336//336 1137//1137 1137//1137 
f 1137//1137 1137//1137 1137//1137 
f 1137//1137 1193//1193 1137//1137 
f 1137//1137 1193//1193 1139//1139 
f 1193//1193 1194//1194 1139//1139 
f 1139//1139 1194//1194 1141//1141 
f 1194//1194 1195//1195 1141//1141 
f 1141//1141 1195//1195 1195//1195 
f 1195//1195 1196//1196 1195//1195 
f 1195//1195 1196//1196 1196//1196 
f 1196//1196 1197//1197 1196//1196 
f 1196//1196 1197//1197 1198//1198 
f 1197//1197 1199//1199 1198//1198 
f 1198//1198 1199//1199 1200//1200 
f 1199//1199 1201//1201 1200//1200 
f 1200//1200 1201//1201 1202//1202 
f 1201//1201 1203//1203 1202//1202 
f 1202//1202 1203//1203 1204//1204 
f 1203//1203 1205//1205 1204//1204 
f 1204//1204 1205//1205 1206//1206 
f 1205//1205 1207//1207 1206//1206 
f 1206//1206 1207//1207 1208//1208 
f 1207//1207 1209//1209 1208//1208 
f 1208//1208 1209//1209 1209//1209 
f 1209//1209 1208//1208 1209//1209 
f 1209//1209 1208//1208 1208//1208 
f 1208//1208 1210//1210 1208//1208 
f 1208//1208 1210//1210 1206//1206 
f 1210//1210 1211//1211 1206//1206 
f 1206//1206 1211//1211 1204//1204 
f 1211//1211 1212//1212 1204//1204 
f 1204//1204 1212//1212 1202//1202 
f 1212//1212 1213//1213 1202//1202 
f 1202//1202 1213//1213 1214//1214 
f 1213//1213 1215//1215 1214//1214 
f 1214//1214 1215//1215 1216//1216 
f 1215//1215 1216//1216 1216//1216 
f 1216//1216 1216//1216 1216//1216 
f 1216//1216 1217//1217 1216//1216 
f 1216//1216 1217//1217 1214//1214 
f 1217//1217 1200//1200 1214//1214 
f 1214//1214 1200//1200 1202//1202 
f 1200//1200 1202//1202 1202//1202 
f 1202//1202 1202//1202 1218//1218 
f 1202//1202 1218//1218 1218//1218 
f 1218//1218 1218//1218 1218//1218 
f 1218//1218 1219//1219 1218//1218 
f 1218//1218 1219//1219 1220//1220 
f 1219//1219 1221//1221 1220//1220 
f 1220//1220 1221//1221 1222//1222 
f 1221//1221 1223//1223 1222//1222 
f 1222//1222 1223//1223 1224//1224 
f 1223//1223 1225//1225 1224//1224 
f 1224//1224 1225//1225 1226//1226 
f 1225//1225 1227//1227 1226//1226 
f 1226//1226 1227//1227 1228//1228 
f 1227//1227 1229//1229 1228//1228 
f 1228//1228 1229//1229 1177//1177 
f 1229//1229 1230//1230 1177//1177 
f 1177//1177 1230//1230 1230//1230 
f 1230//1230 1219//1219 1230//1230 
f 1230//1230 1219//1219 1219//1219 
f 1219//1219 1231//1231 1219//1219 
f 1219//1219 1231//1231 1221//1221 
f 1231//1231 1232//1232 1221//1221 
f 1221//1221 1232//1232 1223//1223 
f 1232//1232 1233//1233 1223//1223 
f 1223//1223 1233//1233 1225//1225 
f 1233//1233 1234//1234 1225//1225 
f 1225//1225 1234//1234 1227//1227 
f 1234//1234 1235//1235 1227//1227 
f 1227//1227 1235//1235 1229//1229 
f 1235//1235 1236//1236 1229//1229 
f 1229//1229 1236//1236 1230//1230 
f 1236//1236 1237//1237 1230//1230 
f 1230//1230 1237//1237 1237//1237 
f 1237//1237 1231//1231 1237//1237 
f 1237//1237 1231//1231 1231//1231 
f 1231//1231 1238//1238 1231//1231 
f 1231//1231 1238//1238 1232//1232 
f 1238//1238 1239//1239 1232//1232 
f 1232//1232 1239//1239 1233//1233 
f 1239//1239 1240//1240 1233//1233 
f 1233//1233 1240//1240 1234//1234 
f 1240//1240 1241//1241 1234//1234 
f 1234//1234 1241//1241 1235//1235 
f 1241//1241 1242//1242 1235//1235 
f 1235//1235 1242//1242 1243//1243 
f 1242//1242 1244//1244 1243//1243 
f 1243//1243 1244//1244 1245//1245 
f 1244//1244 1246//1246 1245//1245 
f 1245//1245 1246//1246 1247//1247 
f 1246//1246 1248//1248 1247//1247 
f 1247//1247 1248//1248 1249//1249 
f 1248//1248 1249//1249 1249//1249 
f 1249//1249 1249//1249 1249//1249 
f 1249//1249 1250//1250 1249//1249 
f 1249//1249 1250//1250 1247//1247 
f 1250//1250 1251//1251 1247//1247 
f 1247//1247 1251//1251 1245//1245 
f 1251//1251 1252//1252 1245//1245 
f 1245//1245 1252//1252 1243//1243 
f 1252//1252 1237//1237 1243//1243 
f 1243//1243 1237//1237 1236//1236 
f 1237//1237 1236//1236 1236//1236 
f 1236//1236 1236//1236 1237//1237 
f 1236//1236 1237//1237 1237//1237 
f 1237//1237 1237//1237 1237//1237 
f 1237//1237 1252//1252 1237//1237 
f 1237//1237 1252//1252 1253//1253 
f 1252//1252 1251//1251 1253//1253 
f 1253//1253 1251//1251 1254//1254 
f 1251//1251 1255//1255 1254//1254 
f 1254//1254 1255//1255 1256//1256 
f 1255//1255 1257//1257 1256//1256 
f 1256//1256 1257//1257 1258//1258 
f 1257//1257 1259//1259 1258//1258 
f 1258//1258 1259//1259 1259//1259 
f 1259//1259 1251//1251 1259//1259 
f 1259//1259 1251//1251 1251//1251 
f 1251//1251 1250//1250 1251//1251 
f 1251//1251 1250//1250 1255//1255 
f 1250//1250 1257//1257 1255//1255 
f 1255//1255 1257//1257 1257//1257 
f 1257//1257 1250//1250 1257//1257 
f 1257//1257 1250//1250 1250//1250 
f 1250//1250 1260//1260 1250//1250 
f 1250//1250 1260//1260 1257//1257 
f 1260//1260 1259//1259 1257//1257 
f 1257//1257 1259//1259 1259//1259 
f 1259//1259 1250//1250 1259//1259 
f 1259//1259 1250//1250 1250//1250 
f 1250//1250 1261//1261 1250//1250 
f 1250//1250 1261//1261 1260//1260 
f 1261//1261 1262//1262 1260//1260 
f 1260//1260 1262//1262 1263//1263 
f 1262//1262 1263//1263 1263//1263 
f 1263//1263 1263//1263 1261//1261 
f 1263//1263 1261//1261 1261//1261 
f 1261//1261 1261//1261 1261//1261 
f 1261//1261 1250//1250 1261//1261 
f 1261//1261 1250//1250 1264//1264 
f 1250//1250 1249//1249 1264//1264 
f 1264//1264 1249//1249 1249//1249 
f 1249//1249 734//734 1249//1249 
f 1249//1249 734//734 734//734 
f 734//734 1265//1265 734//734 
f 734//734 1265//1265 735//735 
f 1265//1265 1266//1266 735//735 
f 735//735 1266//1266 1267//1267 
f 1266//1266 1268//1268 1267//1267 
f 1267//1267 1268//1268 1269//1269 
f 1268//1268 1270//1270 1269//1269 
f 1269//1269 1270//1270 1271//1271 
f 1270//1270 1272//1272 1271//1271 
f 1271//1271 1272//1272 1273//1273 
f 1272//1272 1274//1274 1273//1273 
f 1273//1273 1274//1274 1275//1275 
f 1274//1274 1276//1276 1275//1275 
f 1275//1275 1276//1276 1276//1276 
f 1276//1276 1275//1275 1276//1276 
f 1276//1276 1275//1275 1275//1275 
f 1275//1275 1277//1277 1275//1275 
f 1275//1275 1277//1277 1273//1273 
f 1277//1277 1278//1278 1273//1273 
f 1273//1273 1278//1278 1271//1271 
f 1278//1278 1279//1279 1271//1271 
f 1271//1271 1279//1279 1269//1269 
f 1279//1279 738//738 1269//1269 
f 1269//1269 738//738 1267//1267 
f 738//738 736//736 1267//1267 
f 1267//1267 736//736 735//735 
f 736//736 735//735 735//735 
f 735//735 735//735 738//738 
f 735//735 738//738 738//738 
f 738//738 738//738 738//738 
f 738//738 1279//1279 738//738 
f 738//738 1279//1279 740//740 
f 1279//1279 742//742 740//740 
f 740//740 742//742 742//742 
f 742//742 1279//1279 742//742 
f 742//742 1279//1279 1280//1280 
f 1279//1279 1278//1278 1280//1280 
f 1280//1280 1278//1278 1278//1278 
f 1278//1278 1177//1177 1278//1278 
f 1278//1278 1177//1177 1177//1177 
f 1177//1177 1175//1175 1177//1177 
f 1177//1177 1175//1175 1228//1228 
f 1175//1175 1281//1281 1228//1228 
f 1228//1228 1281//1281 1226//1226 
f 1281//1281 1282//1282 1226//1226 
f 1226//1226 1282//1282 1224//1224 
f 1282//1282 1283//1283 1224//1224 
f 1224//1224 1283//1283 1284//1284 
f 1283//1283 1285//1285 1284//1284 
f 1284//1284 1285//1285 1285//1285 
f 1285//1285 1175//1175 1285//1285 
f 1285//1285 1175//1175 1175//1175 
f 1175//1175 1173//1173 1175//1175 
f 1175//1175 1173//1173 1281//1281 
f 1173//1173 1286//1286 1281//1281 
f 1281//1281 1286//1286 1282//1282 
f 1286//1286 1287//1287 1282//1282 
f 1282//1282 1287//1287 1283//1283 
f 1287//1287 1288//1288 1283//1283 
f 1283//1283 1288//1288 1285//1285 
f 1288//1288 1289//1289 1285//1285 
f 1285//1285 1289//1289 1289//1289 
f 1289//1289 1288//1288 1289//1289 
f 1289//1289 1288//1288 1288//1288 
f 1288//1288 1287//1287 1288//1288 
f 1288//1288 1287//1287 1290//1290 
f 1287//1287 1291//1291 1290//1290 
f 1290//1290 1291//1291 1292//1292 
f 1291//1291 1171//1171 1292//1292 
f 1292//1292 1171//1171 1293//1293 
f 1171//1171 1168//1168 1293//1293 
f 1293//1293 1168//1168 1294//1294 
f 1168//1168 1170//1170 1294//1294 
f 1294//1294 1170//1170 1170//1170 
f 1170//1170 1287//1287 1170//1170 
f 1170//1170 1287//1287 1287//1287 
f 1287//1287 1286//1286 1287//1287 
f 1287//1287 1286//1286 1291//1291 
f 1286//1286 1295//1295 1291//1291 
f 1291//1291 1295//1295 1171//1171 
f 1295//1295 1172//1172 1171//1171 
f 1171//1171 1172//1172 1172//1172 
f 1172//1172 1295//1295 1172//1172 
f 1172//1172 1295//1295 1173//1173 
f 1295//1295 1286//1286 1173//1173 
f 1173//1173 1286//1286 1286//1286 
f 1286//1286 1289//1289 1286//1286 
f 1286//1286 1289//1289 1289//1289 
f 1289//1289 1288//1288 1289//1289 
f 1289//1289 1288//1288 1296//1296 
f 1288//1288 1290//1290 1296//1296 
f 1296//1296 1290//1290 1297//1297 
f 1290//1290 1292//1292 1297//1297 
f 1297//1297 1292//1292 1298//1298 
f 1292//1292 1293//1293 1298//1298 
f 1298//1298 1293//1293 1294//1294 
f 1293//1293 1294//1294 1294//1294 
f 1294//1294 1294//1294 1197//1197 
f 1294//1294 1197//1197 1197//1197 
f 1197//1197 1197//1197 1197//1197 
f 1197//1197 1299//1299 1197//1197 
f 1197//1197 1299//1299 1199//1199 
f 1299//1299 1300//1300 1199//1199 
f 1199//1199 1300//1300 1201//1201 
f 1300//1300 1203//1203 1201//1201 
f 1201//1201 1203//1203 1203//1203 
f 1203//1203 1300//1300 1203//1203 
f 1203//1203 1300//1300 1301//1301 
f 1300//1300 1299//1299 1301//1301 
f 1301//1301 1299//1299 1302//1302 
f 1299//1299 1302//1302 1302//1302 
f 1302//1302 1302//1302 1302//1302 
f 1302//1302 1303//1303 1302//1302 
f 1302//1302 1303//1303 1301//1301 
f 1303//1303 1205//1205 1301//1301 
f 1301//1301 1205//1205 1203//1203 
f 1205//1205 1203//1203 1203//1203 
f 1203//1203 1203//1203 1303//1303 
f 1203//1203 1303//1303 1303//1303 
f 1303//1303 1303//1303 1303//1303 
f 1303//1303 1304//1304 1303//1303 
f 1303//1303 1304//1304 1205//1205 
f 1304//1304 1305//1305 1205//1205 
f 1205//1205 1305//1305 1207//1207 
f 1305//1305 1306//1306 1207//1207 
f 1207//1207 1306//1306 1209//1209 
f 1306//1306 1307//1307 1209//1209 
f 1209//1209 1307//1307 1308//1308 
f 1307//1307 1309//1309 1308//1308 
f 1308//1308 1309//1309 1310//1310 
f 1309//1309 1311//1311 1310//1310 
f 1310//1310 1311//1311 1311//1311 
f 1311//1311 1304//1304 1311//1311 
f 1311//1311 1304//1304 1304//1304 
f 1304//1304 1312//1312 1304//1304 
f 1304//1304 1312//1312 1305//1305 
f 1312//1312 1313//1313 1305//1305 
f 1305//1305 1313//1313 1306//1306 
f 1313//1313 1314//1314 1306//1306 
f 1306//1306 1314//1314 1307//1307 
f 1314//1314 1315//1315 1307//1307 
f 1307//1307 1315//1315 1309//1309 
f 1315//1315 1316//1316 1309//1309 
f 1309//1309 1316//1316 1311//1311 
f 1316//1316 1317//1317 1311//1311 
f 1311//1311 1317//1317 1317//1317 
f 1317//1317 1315//1315 1317//1317 
f 1317//1317 1315//1315 1315//1315 
f 1315//1315 1314//1314 1315//1315 
f 1315//1315 1314//1314 1318//1318 
f 1314//1314 1312//1312 1318//1318 
f 1318//1318 1312//1312 1319//1319 
f 1312//1312 1304//1304 1319//1319 
f 1319//1319 1304//1304 1320//1320 
f 1304//1304 1303//1303 1320//1320 
f 1320//1320 1303//1303 1321//1321 
f 1303//1303 1302//1302 1321//1321 
f 1321//1321 1302//1302 1302//1302 
f 1302//1302 1319//1319 1302//1302 
f 1302//1302 1319//1319 1319//1319 
f 1319//1319 1322//1322 1319//1319 
f 1319//1319 1322//1322 1318//1318 
f 1322//1322 1323//1323 1318//1318 
f 1318//1318 1323//1323 1315//1315 
f 1323//1323 1324//1324 1315//1315 
f 1315//1315 1324//1324 1325//1325 
f 1324//1324 1326//1326 1325//1325 
f 1325//1325 1326//1326 1327//1327 
f 1326//1326 1328//1328 1327//1327 
f 1327//1327 1328//1328 1329//1329 
f 1328//1328 1330//1330 1329//1329 
f 1329//1329 1330//1330 1330//1330 
f 1330//1330 1328//1328 1330//1330 
f 1330//1330 1328//1328 1331//1331 
f 1328//1328 1326//1326 1331//1331 
f 1331//1331 1326//1326 1332//1332 
f 1326//1326 1324//1324 1332//1332 
f 1332//1332 1324//1324 1333//1333 
f 1324//1324 1323//1323 1333//1333 
f 1333//1333 1323//1323 1334//1334 
f 1323//1323 1322//1322 1334//1334 
f 1334//1334 1322//1322 1322//1322 
f 1322//1322 1315//1315 1322//1322 
f 1322//1322 1315//1315 1315//1315 
f 1315//1315 1325//1325 1315//1315 
f 1315//1315 1325//1325 1316//1316 
f 1325//1325 1335//1335 1316//1316 
f 1316//1316 1335//1335 1317//1317 
f 1335//1335 1336//1336 1317//1317 
f 1317//1317 1336//1336 1337//1337 
f 1336//1336 1338//1338 1337//1337 
f 1337//1337 1338//1338 1338//1338 
f 1338//1338 1336//1336 1338//1338 
f 1338//1338 1336//1336 1339//1339 
f 1336//1336 1335//1335 1339//1339 
f 1339//1339 1335//1335 1327//1327 
f 1335//1335 1325//1325 1327//1327 
f 1327//1327 1325//1325 1325//1325 
f 1325//1325 1265//1265 1325//1325 
f 1325//1325 1265//1265 1265//1265 
f 1265//1265 1340//1340 1265//1265 
f 1265//1265 1340//1340 1266//1266 
f 1340//1340 1341//1341 1266//1266 
f 1266//1266 1341//1341 1268//1268 
f 1341//1341 1342//1342 1268//1268 
f 1268//1268 1342//1342 1270//1270 
f 1342//1342 1272//1272 1270//1270 
f 1270//1270 1272//1272 1272//1272 
f 1272//1272 1341//1341 1272//1272 
f 1272//1272 1341//1341 1341//1341 
f 1341//1341 1343//1343 1341//1341 
f 1341//1341 1343//1343 1342//1342 
f 1343//1343 1344//1344 1342//1342 
f 1342//1342 1344//1344 1272//1272 
f 1344//1344 1345//1345 1272//1272 
f 1272//1272 1345//1345 1274//1274 
f 1345//1345 1346//1346 1274//1274 
f 1274//1274 1346//1346 1276//1276 
f 1346//1346 1347//1347 1276//1276 
f 1276//1276 1347//1347 1347//1347 
f 1347//1347 1346//1346 1347//1347 
f 1347//1347 1346//1346 1346//1346 
f 1346//1346 1345//1345 1346//1346 
f 1346//1346 1345//1345 1348//1348 
f 1345//1345 1344//1344 1348//1348 
f 1348//1348 1344//1344 1349//1349 
f 1344//1344 1343//1343 1349//1349 
f 1349//1349 1343//1343 1350//1350 
f 1343//1343 1351//1351 1350//1350 
f 1350//1350 1351//1351 1352//1352 
f 1351//1351 1352//1352 1352//1352 
f 1352//1352 1352//1352 1352//1352 
f 1352//1352 1353//1353 1352//1352 
f 1352//1352 1353//1353 1350//1350 
f 1353//1353 1354//1354 1350//1350 
f 1350//1350 1354//1354 1349//1349 
f 1354//1354 1355//1355 1349//1349 
f 1349//1349 1355//1355 1348//1348 
f 1355//1355 1356//1356 1348//1348 
f 1348//1348 1356//1356 1346//1346 
f 1356//1356 1347//1347 1346//1346 
f 1346//1346 1347//1347 1347//1347 
f 1347//1347 1238//1238 1347//1347 
f 1347//1347 1238//1238 1238//1238 
f 1238//1238 1357//1357 1238//1238 
f 1238//1238 1357//1357 1239//1239 
f 1357//1357 1358//1358 1239//1239 
f 1239//1239 1358//1358 1240//1240 
f 1358//1358 1359//1359 1240//1240 
f 1240//1240 1359//1359 1241//1241 
f 1359//1359 1242//1242 1241//1241 
f 1241//1241 1242//1242 1242//1242 
f 1242//1242 1359//1359 1242//1242 
f 1242//1242 1359//1359 1244//1244 
f 1359//1359 1360//1360 1244//1244 
f 1244//1244 1360//1360 1246//1246 
f 1360//1360 1361//1361 1246//1246 
f 1246//1246 1361//1361 1248//1248 
f 1361//1361 1248//1248 1248//1248 
f 1248//1248 1248//1248 1359//1359 
f 1248//1248 1359//1359 1359//1359 
f 1359//1359 1359//1359 1359//1359 
f 1359//1359 1358//1358 1359//1359 
f 1359//1359 1358//1358 1360//1360 
f 1358//1358 1361//1361 1360//1360 
f 1360//1360 1361//1361 1361//1361 
f 1361//1361 1341//1341 1361//1361 
f 1361//1361 1341//1341 1341//1341 
f 1341//1341 1340//1340 1341//1341 
f 1341//1341 1340//1340 1343//1343 
f 1340//1340 1351//1351 1343//1343 
f 1343//1343 1351//1351 1351//1351 
f 1351//1351 1362//1362 1351//1351 
f 1351//1351 1362//1362 1362//1362 
f 1362//1362 1363//1363 1362//1362 
f 1362//1362 1363//1363 1364//1364 
f 1363//1363 1365//1365 1364//1364 
f 1364//1364 1365//1365 1366//1366 
f 1365//1365 1367//1367 1366//1366 
f 1366//1366 1367//1367 1368//1368 
f 1367//1367 1369//1369 1368//1368 
f 1368//1368 1369//1369 1370//1370 
f 1369//1369 1371//1371 1370//1370 
f 1370//1370 1371//1371 1372//1372 
f 1371//1371 1373//1373 1372//1372 
f 1372//1372 1373//1373 1373//1373 
f 1373//1373 1363//1363 1373//1373 
f 1373//1373 1363//1363 1363//1363 
f 1363//1363 1374//1374 1363//1363 
f 1363//1363 1374//1374 1365//1365 
f 1374//1374 1375//1375 1365//1365 
f 1365//1365 1375//1375 1367//1367 
f 1375//1375 1376//1376 1367//1367 
f 1367//1367 1376//1376 1369//1369 
f 1376//1376 1377//1377 1369//1369 
f 1369//1369 1377//1377 1371//1371 
f 1377//1377 1378//1378 1371//1371 
f 1371//1371 1378//1378 1373//1373 
f 1378//1378 1379//1379 1373//1373 
f 1373//1373 1379//1379 1379//1379 
f 1379//1379 1374//1374 1379//1379 
f 1379//1379 1374//1374 1374//1374 
f 1374//1374 1380//1380 1374//1374 
f 1374//1374 1380//1380 1375//1375 
f 1380//1380 1381//1381 1375//1375 
f 1375//1375 1381//1381 1376//1376 
f 1381//1381 1382//1382 1376//1376 
f 1376//1376 1382//1382 1377//1377 
f 1382//1382 1383//1383 1377//1377 
f 1377//1377 1383//1383 1378//1378 
f 1383//1383 1384//1384 1378//1378 
f 1378//1378 1384//1384 1379//1379 
f 1384//1384 1385//1385 1379//1379 
f 1379//1379 1385//1385 1386//1386 
f 1385//1385 1387//1387 1386//1386 
f 1386//1386 1387//1387 1388//1388 
f 1387//1387 1389//1389 1388//1388 
f 1388//1388 1389//1389 1389//1389 
f 1389//1389 1380//1380 1389//1389 
f 1389//1389 1380//1380 1380//1380 
f 1380//1380 1390//1390 1380//1380 
f 1380//1380 1390//1390 1381//1381 
f 1390//1390 1391//1391 1381//1381 
f 1381//1381 1391//1391 1382//1382 
f 1391//1391 1392//1392 1382//1382 
f 1382//1382 1392//1392 1383//1383 
f 1392//1392 1393//1393 1383//1383 
f 1383//1383 1393//1393 1384//1384 
f 1393//1393 1394//1394 1384//1384 
f 1384//1384 1394//1394 1385//1385 
f 1394//1394 1395//1395 1385//1385 
f 1385//1385 1395//1395 1387//1387 
f 1395//1395 1396//1396 1387//1387 
f 1387//1387 1396//1396 1389//1389 
f 1396//1396 1397//1397 1389//1389 
f 1389//1389 1397//1397 1397//1397 
f 1397//1397 1390//1390 1397//1397 
f 1397//1397 1390//1390 1390//1390 
f 1390//1390 1398//1398 1390//1390 
f 1390//1390 1398//1398 1391//1391 
f 1398//1398 1399//1399 1391//1391 
f 1391//1391 1399//1399 1392//1392 
f 1399//1399 1400//1400 1392//1392 
f 1392//1392 1400//1400 1393//1393 
f 1400//1400 1401//1401 1393//1393 
f 1393//1393 1401//1401 1394//1394 
f 1401//1401 1402//1402 1394//1394 
f 1394//1394 1402//1402 1395//1395 
f 1402//1402 1403//1403 1395//1395 
f 1395//1395 1403//1403 1396//1396 
f 1403//1403 1404//1404 1396//1396 
f 1396//1396 1404//1404 1397//1397 
f 1404//1404 1405//1405 1397//1397 
f 1397//1397 1405//1405 1405//1405 
f 1405//1405 1398//1398 1405//1405 
f 1405//1405 1398//1398 1398//1398 
f 1398//1398 1406//1406 1398//1398 
f 1398//1398 1406//1406 1399//1399 
f 1406//1406 1407//1407 1399//1399 
f 1399//1399 1407//1407 1400//1400 
f 1407//1407 1408//1408 1400//1400 
f 1400//1400 1408//1408 1401//1401 
f 1408//1408 1409//1409 1401//1401 
f 1401//1401 1409//1409 1402//1402 
f 1409//1409 1410//1410 1402//1402 
f 1402//1402 1410//1410 1403//1403 
f 1410//1410 1411//1411 1403//1403 
f 1403//1403 1411//1411 1404//1404 
f 1411//1411 1412//1412 1404//1404 
f 1404//1404 1412//1412 1405//1405 
f 1412//1412 1413//1413 1405//1405 
f 1405//1405 1413//1413 1413//1413 
f 1413//1413 1407//1407 1413//1413 
f 1413//1413 1407//1407 1407//1407 
f 1407//1407 1414//1414 1407//1407 
f 1407//1407 1414//1414 1408//1408 
f 1414//1414 1415//1415 1408//1408 
f 1408//1408 1415//1415 1409//1409 
f 1415//1415 1416//1416 1409//1409 
f 1409//1409 1416//1416 1410//1410 
f 1416//1416 1417//1417 1410//1410 
f 1410//1410 1417//1417 1411//1411 
f 1417//1417 1418//1418 1411//1411 
f 1411//1411 1418//1418 1412//1412 
f 1418//1418 1419//1419 1412//1412 
f 1412//1412 1419//1419 1413//1413 
f 1419//1419 1420//1420 1413//1413 
f 1413//1413 1420//1420 1420//1420 
f 1420//1420 1414//1414 1420//1420 
f 1420//1420 1414//1414 1414//1414 
f 1414//1414 1421//1421 1414//1414 
f 1414//1414 1421//1421 1415//1415 
f 1421//1421 1422//1422 1415//1415 
f 1415//1415 1422//1422 1416//1416 
f 1422//1422 1423//1423 1416//1416 
f 1416//1416 1423//1423 1417//1417 
f 1423//1423 1424//1424 1417//1417 
f 1417//1417 1424//1424 1418//1418 
f 1424//1424 1418//1418 1418//1418 
f 1418//1418 1418//1418 1421//1421 
f 1418//1418 1421//1421 1421//1421 
f 1421//1421 1421//1421 1421//1421 
f 1421//1421 1425//1425 1421//1421 
f 1421//1421 1425//1425 1422//1422 
f 1425//1425 1426//1426 1422//1422 
f 1422//1422 1426//1426 1423//1423 
f 1426//1426 1427//1427 1423//1423 
f 1423//1423 1427//1427 1424//1424 
f 1427//1427 1424//1424 1424//1424 
f 1424//1424 1424//1424 1425//1425 
f 1424//1424 1425//1425 1425//1425 
f 1425//1425 1425//1425 1425//1425 
f 1425//1425 1428//1428 1425//1425 
f 1425//1425 1428//1428 1426//1426 
f 1428//1428 1429//1429 1426//1426 
f 1426//1426 1429//1429 1427//1427 
f 1429//1429 1427//1427 1427//1427 
f 1427//1427 1427//1427 1429//1429 
f 1427//1427 1429//1429 1429//1429 
f 1429//1429 1429//1429 1429//1429 
f 1429//1429 1428//1428 1429//1429 
f 1429//1429 1428//1428 1430//1430 
f 1428//1428 1431//1431 1430//1430 
f 1430//1430 1431//1431 1432//1432 
f 1431//1431 1433//1433 1432//1432 
f 1432//1432 1433//1433 1434//1434 
f 1433//1433 1435//1435 1434//1434 
f 1434//1434 1435//1435 1436//1436 
f 1435//1435 1437//1437 1436//1436 
f 1436//1436 1437//1437 1437//1437 
f 1437//1437 1431//1431 1437//1437 
f 1437//1437 1431//1431 1431//1431 
f 1431//1431 1428//1428 1431//1431 
f 1431//1431 1428//1428 1438//1438 
f 1428//1428 1425//1425 1438//1438 
f 1438//1438 1425//1425 1439//1439 
f 1425//1425 1421//1421 1439//1439 
f 1439//1439 1421//1421 1440//1440 
f 1421//1421 1414//1414 1440//1440 
f 1440//1440 1414//1414 1441//1441 
f 1414//1414 1407//1407 1441//1441 
f 1441//1441 1407//1407 1407//1407 
f 1407//1407 1441//1441 1407//1407 
f 1407//1407 1441//1441 1441//1441 
f 1441//1441 1442//1442 1441//1441 
f 1441//1441 1442//1442 1440//1440 
f 1442//1442 1443//1443 1440//1440 
f 1440//1440 1443//1443 1439//1439 
f 1443//1443 1444//1444 1439//1439 
f 1439//1439 1444//1444 1438//1438 
f 1444//1444 1445//1445 1438//1438 
f 1438//1438 1445//1445 1431//1431 
f 1445//1445 1433//1433 1431//1431 
f 1431//1431 1433//1433 1433//1433 
f 1433//1433 1442//1442 1433//1433 
f 1433//1433 1442//1442 1442//1442 
f 1442//1442 1446//1446 1442//1442 
f 1442//1442 1446//1446 1443//1443 
f 1446//1446 1447//1447 1443//1443 
f 1443//1443 1447//1447 1444//1444 
f 1447//1447 1448//1448 1444//1444 
f 1444//1444 1448//1448 1445//1445 
f 1448//1448 1449//1449 1445//1445 
f 1445//1445 1449//1449 1433//1433 
f 1449//1449 1435//1435 1433//1433 
f 1433//1433 1435//1435 1435//1435 
f 1435//1435 1449//1449 1435//1435 
f 1435//1435 1449//1449 1437//1437 
f 1449//1449 1448//1448 1437//1437 
f 1437//1437 1448//1448 1447//1447 
f 1448//1448 1447//1447 1447//1447 
f 1447//1447 1447//1447 807//807 
f 1447//1447 807//807 807//807 
f 807//807 807//807 807//807 
f 807//807 851//851 807//807 
f 807//807 851//851 809//809 
f 851//851 849//849 809//809 
f 809//809 849//849 849//849 
f 849//849 1450//1450 849//849 
f 849//849 1450//1450 1450//1450 
f 1450//1450 1451//1451 1450//1450 
f 1450//1450 1451//1451 1452//1452 
f 1451//1451 1453//1453 1452//1452 
f 1452//1452 1453//1453 1454//1454 
f 1453//1453 1455//1455 1454//1454 
f 1454//1454 1455//1455 1456//1456 
f 1455//1455 1457//1457 1456//1456 
f 1456//1456 1457//1457 1458//1458 
f 1457//1457 1459//1459 1458//1458 
f 1458//1458 1459//1459 1459//1459 
f 1459//1459 1457//1457 1459//1459 
f 1459//1459 1457//1457 1457//1457 
f 1457//1457 1455//1455 1457//1457 
f 1457//1457 1455//1455 1460//1460 
f 1455//1455 1453//1453 1460//1460 
f 1460//1460 1453//1453 1461//1461 
f 1453//1453 1451//1451 1461//1461 
f 1461//1461 1451//1451 1462//1462 
f 1451//1451 1462//1462 1462//1462 
f 1462//1462 1462//1462 1462//1462 
f 1462//1462 1463//1463 1462//1462 
f 1462//1462 1463//1463 1461//1461 
f 1463//1463 1464//1464 1461//1461 
f 1461//1461 1464//1464 1460//1460 
f 1464//1464 1465//1465 1460//1460 
f 1460//1460 1465//1465 1457//1457 
f 1465//1465 1459//1459 1457//1457 
f 1457//1457 1459//1459 1459//1459 
f 1459//1459 1463//1463 1459//1459 
f 1459//1459 1463//1463 1463//1463 
f 1463//1463 1466//1466 1463//1463 
f 1463//1463 1466//1466 1464//1464 
f 1466//1466 1467//1467 1464//1464 
f 1464//1464 1467//1467 1465//1465 
f 1467//1467 1468//1468 1465//1465 
f 1465//1465 1468//1468 1459//1459 
f 1468//1468 1459//1459 1459//1459 
f 1459//1459 1459//1459 1466//1466 
f 1459//1459 1466//1466 1466//1466 
f 1466//1466 1466//1466 1466//1466 
f 1466//1466 1469//1469 1466//1466 
f 1466//1466 1469//1469 1467//1467 
f 1469//1469 1470//1470 1467//1467 
f 1467//1467 1470//1470 1468//1468 
f 1470//1470 1468//1468 1468//1468 
f 1468//1468 1468//1468 1469//1469 
f 1468//1468 1469//1469 1469//1469 
f 1469//1469 1469//1469 1469//1469 
f 1469//1469 1466//1466 1469//1469 
f 1469//1469 1466//1466 1471//1471 
f 1466//1466 1472//1472 1471//1471 
f 1471//1471 1472//1472 1473//1473 
f 1472//1472 1474//1474 1473//1473 
f 1473//1473 1474//1474 1475//1475 
f 1474//1474 1476//1476 1475//1475 
f 1475//1475 1476//1476 1477//1477 
f 1476//1476 1478//1478 1477//1477 
f 1477//1477 1478//1478 1479//1479 
f 1478//1478 1479//1479 1479//1479 
f 1479//1479 1479//1479 1479//1479 
f 1479//1479 1480//1480 1479//1479 
f 1479//1479 1480//1480 1477//1477 
f 1480//1480 1481//1481 1477//1477 
f 1477//1477 1481//1481 1475//1475 
f 1481//1481 1482//1482 1475//1475 
f 1475//1475 1482//1482 1473//1473 
f 1482//1482 1483//1483 1473//1473 
f 1473//1473 1483//1483 1471//1471 
f 1483//1483 1484//1484 1471//1471 
f 1471//1471 1484//1484 1469//1469 
f 1484//1484 1485//1485 1469//1469 
f 1469//1469 1485//1485 1470//1470 
f 1485//1485 1470//1470 1470//1470 
f 1470//1470 1470//1470 1481//1481 
f 1470//1470 1481//1481 1481//1481 
f 1481//1481 1481//1481 1481//1481 
f 1481//1481 1486//1486 1481//1481 
f 1481//1481 1486//1486 1482//1482 
f 1486//1486 1487//1487 1482//1482 
f 1482//1482 1487//1487 1483//1483 
f 1487//1487 1483//1483 1483//1483 
f 1483//1483 1483//1483 1486//1486 
f 1483//1483 1486//1486 1486//1486 
f 1486//1486 1486//1486 1486//1486 
f 1486//1486 1481//1481 1486//1486 
f 1486//1486 1481//1481 1488//1488 
f 1481//1481 1489//1489 1488//1488 
f 1488//1488 1489//1489 1490//1490 
f 1489//1489 1491//1491 1490//1490 
f 1490//1490 1491//1491 1492//1492 
f 1491//1491 1493//1493 1492//1492 
f 1492//1492 1493//1493 1494//1494 
f 1493//1493 1494//1494 1494//1494 
f 1494//1494 1494//1494 1492//1492 
f 1494//1494 1492//1492 1492//1492 
f 1492//1492 1492//1492 1492//1492 
f 1492//1492 1495//1495 1492//1492 
f 1492//1492 1495//1495 1490//1490 
f 1495//1495 1496//1496 1490//1490 
f 1490//1490 1496//1496 1488//1488 
f 1496//1496 1497//1497 1488//1488 
f 1488//1488 1497//1497 1486//1486 
f 1497//1497 1498//1498 1486//1486 
f 1486//1486 1498//1498 1487//1487 
f 1498//1498 1487//1487 1487//1487 
f 1487//1487 1487//1487 1462//1462 
f 1487//1487 1462//1462 1462//1462 
f 1462//1462 1462//1462 1462//1462 
f 1462//1462 1499//1499 1462//1462 
f 1462//1462 1499//1499 1463//1463 
f 1499//1499 1500//1500 1463//1463 
f 1463//1463 1500//1500 1466//1466 
f 1500//1500 1501//1501 1466//1466 
f 1466//1466 1501//1501 1472//1472 
f 1501//1501 1476//1476 1472//1472 
f 1472//1472 1476//1476 1474//1474 
f 1476//1476 1474//1474 1474//1474 
f 1474//1474 1474//1474 1499//1499 
f 1474//1474 1499//1499 1499//1499 
f 1499//1499 1499//1499 1499//1499 
f 1499//1499 1502//1502 1499//1499 
f 1499//1499 1502//1502 1500//1500 
f 1502//1502 1503//1503 1500//1500 
f 1500//1500 1503//1503 1501//1501 
f 1503//1503 1478//1478 1501//1501 
f 1501//1501 1478//1478 1476//1476 
f 1478//1478 1476//1476 1476//1476 
f 1476//1476 1476//1476 1479//1479 
f 1476//1476 1479//1479 1479//1479 
f 1479//1479 1479//1479 1479//1479 
f 1479//1479 1504//1504 1479//1479 
f 1479//1479 1504//1504 1480//1480 
f 1504//1504 1505//1505 1480//1480 
f 1480//1480 1505//1505 1506//1506 
f 1505//1505 1507//1507 1506//1506 
f 1506//1506 1507//1507 1508//1508 
f 1507//1507 1509//1509 1508//1508 
f 1508//1508 1509//1509 1510//1510 
f 1509//1509 1511//1511 1510//1510 
f 1510//1510 1511//1511 1511//1511 
f 1511//1511 1510//1510 1511//1511 
f 1511//1511 1510//1510 1510//1510 
f 1510//1510 1491//1491 1510//1510 
f 1510//1510 1491//1491 1508//1508 
f 1491//1491 1489//1489 1508//1508 
f 1508//1508 1489//1489 1506//1506 
f 1489//1489 1481//1481 1506//1506 
f 1506//1506 1481//1481 1480//1480 
f 1481//1481 1480//1480 1480//1480 
f 1480//1480 1480//1480 1507//1507 
f 1480//1480 1507//1507 1507//1507 
f 1507//1507 1507//1507 1507//1507 
f 1507//1507 1512//1512 1507//1507 
f 1507//1507 1512//1512 1509//1509 
f 1512//1512 1511//1511 1509//1509 
f 1509//1509 1511//1511 1511//1511 
f 1511//1511 1407//1407 1511//1511 
f 1511//1511 1407//1407 1407//1407 
f 1407//1407 1406//1406 1407//1407 
f 1407//1407 1406//1406 1513//1513 
f 1406//1406 1514//1514 1513//1513 
f 1513//1513 1514//1514 1515//1515 
f 1514//1514 1516//1516 1515//1515 
f 1515//1515 1516//1516 1517//1517 
f 1516//1516 1518//1518 1517//1517 
f 1517//1517 1518//1518 1519//1519 
f 1518//1518 1520//1520 1519//1519 
f 1519//1519 1520//1520 1521//1521 
f 1520//1520 1522//1522 1521//1521 
f 1521//1521 1522//1522 1523//1523 
f 1522//1522 1524//1524 1523//1523 
f 1523//1523 1524//1524 1525//1525 
f 1524//1524 1526//1526 1525//1525 
f 1525//1525 1526//1526 1526//1526 
f 1526//1526 1514//1514 1526//1526 
f 1526//1526 1514//1514 1514//1514 
f 1514//1514 1406//1406 1514//1514 
f 1514//1514 1406//1406 1527//1527 
f 1406//1406 1398//1398 1527//1527 
f 1527//1527 1398//1398 1528//1528 
f 1398//1398 1390//1390 1528//1528 
f 1528//1528 1390//1390 1529//1529 
f 1390//1390 1380//1380 1529//1529 
f 1529//1529 1380//1380 1530//1530 
f 1380//1380 1374//1374 1530//1530 
f 1530//1530 1374//1374 1374//1374 
f 1374//1374 1530//1530 1374//1374 
f 1374//1374 1530//1530 1530//1530 
f 1530//1530 1531//1531 1530//1530 
f 1530//1530 1531//1531 1529//1529 
f 1531//1531 1532//1532 1529//1529 
f 1529//1529 1532//1532 1528//1528 
f 1532//1532 1533//1533 1528//1528 
f 1528//1528 1533//1533 1527//1527 
f 1533//1533 1534//1534 1527//1527 
f 1527//1527 1534//1534 1514//1514 
f 1534//1534 1516//1516 1514//1514 
f 1514//1514 1516//1516 1516//1516 
f 1516//1516 1531//1531 1516//1516 
f 1516//1516 1531//1531 1531//1531 
f 1531//1531 1535//1535 1531//1531 
f 1531//1531 1535//1535 1532//1532 
f 1535//1535 1536//1536 1532//1532 
f 1532//1532 1536//1536 1533//1533 
f 1536//1536 1537//1537 1533//1533 
f 1533//1533 1537//1537 1534//1534 
f 1537//1537 1538//1538 1534//1534 
f 1534//1534 1538//1538 1516//1516 
f 1538//1538 1518//1518 1516//1516 
f 1516//1516 1518//1518 1518//1518 
f 1518//1518 1535//1535 1518//1518 
f 1518//1518 1535//1535 1535//1535 
f 1535//1535 1526//1526 1535//1535 
f 1535//1535 1526//1526 1536//1536 
f 1526//1526 1524//1524 1536//1536 
f 1536//1536 1524//1524 1537//1537 
f 1524//1524 1522//1522 1537//1537 
f 1537//1537 1522//1522 1538//1538 
f 1522//1522 1520//1520 1538//1538 
f 1538//1538 1520//1520 1518//1518 
f 1520//1520 1518//1518 1518//1518 
f 1518//1518 1518//1518 1112//1112 
f 1518//1518 1112//1112 1112//1112 
f 1112//1112 1112//1112 1112//1112 
f 1112//1112 1114//1114 1112//1112 
f 1112//1112 1114//1114 1539//1539 
f 1114//1114 1540//1540 1539//1539 
f 1539//1539 1540//1540 1541//1541 
f 1540//1540 1542//1542 1541//1541 
f 1541//1541 1542//1542 1542//1542 
f 1542//1542 1114//1114 1542//1542 
f 1542//1542 1114//1114 1114//1114 
f 1114//1114 1116//1116 1114//1114 
f 1114//1114 1116//1116 1540//1540 
f 1116//1116 1543//1543 1540//1540 
f 1540//1540 1543//1543 1542//1542 
f 1543//1543 1544//1544 1542//1542 
f 1542//1542 1544//1544 1544//1544 
f 1544//1544 1116//1116 1544//1544 
f 1544//1544 1116//1116 1116//1116 
f 1116//1116 1545//1545 1116//1116 
f 1116//1116 1545//1545 1543//1543 
f 1545//1545 1546//1546 1543//1543 
f 1543//1543 1546//1546 1544//1544 
f 1546//1546 1547//1547 1544//1544 
f 1544//1544 1547//1547 1548//1548 
f 1547//1547 1549//1549 1548//1548 
f 1548//1548 1549//1549 1550//1550 
f 1549//1549 1551//1551 1550//1550 
f 1550//1550 1551//1551 1551//1551 
f 1551//1551 1545//1545 1551//1551 
f 1551//1551 1545//1545 1545//1545 
f 1545//1545 1552//1552 1545//1545 
f 1545//1545 1552//1552 1546//1546 
f 1552//1552 1553//1553 1546//1546 
f 1546//1546 1553//1553 1547//1547 
f 1553//1553 1554//1554 1547//1547 
f 1547//1547 1554//1554 1549//1549 
f 1554//1554 1555//1555 1549//1549 
f 1549//1549 1555//1555 1551//1551 
f 1555//1555 1556//1556 1551//1551 
f 1551//1551 1556//1556 1556//1556 
f 1556//1556 1553//1553 1556//1556 
f 1556//1556 1553//1553 1553//1553 
f 1553//1553 1552//1552 1553//1553 
f 1553//1553 1552//1552 1557//1557 
f 1552//1552 1545//1545 1557//1557 
f 1557//1557 1545//1545 1558//1558 
f 1545//1545 1116//1116 1558//1558 
f 1558//1558 1116//1116 1118//1118 
f 1116//1116 1118//1118 1118//1118 
f 1118//1118 1118//1118 1118//1118 
f 1118//1118 1559//1559 1118//1118 
f 1118//1118 1559//1559 1558//1558 
f 1559//1559 1560//1560 1558//1558 
f 1558//1558 1560//1560 1557//1557 
f 1560//1560 1561//1561 1557//1557 
f 1557//1557 1561//1561 1553//1553 
f 1561//1561 1554//1554 1553//1553 
f 1553//1553 1554//1554 1554//1554 
f 1554//1554 1560//1560 1554//1554 
f 1554//1554 1560//1560 1560//1560 
f 1560//1560 1562//1562 1560//1560 
f 1560//1560 1562//1562 1561//1561 
f 1562//1562 1563//1563 1561//1561 
f 1561//1561 1563//1563 1554//1554 
f 1563//1563 1564//1564 1554//1554 
f 1554//1554 1564//1564 1565//1565 
f 1564//1564 1566//1566 1565//1565 
f 1565//1565 1566//1566 1567//1567 
f 1566//1566 1568//1568 1567//1567 
f 1567//1567 1568//1568 1568//1568 
f 1568//1568 1562//1562 1568//1568 
f 1568//1568 1562//1562 1562//1562 
f 1562//1562 1569//1569 1562//1562 
f 1562//1562 1569//1569 1563//1563 
f 1569//1569 1570//1570 1563//1563 
f 1563//1563 1570//1570 1564//1564 
f 1570//1570 1571//1571 1564//1564 
f 1564//1564 1571//1571 1566//1566 
f 1571//1571 1572//1572 1566//1566 
f 1566//1566 1572//1572 1568//1568 
f 1572//1572 1573//1573 1568//1568 
f 1568//1568 1573//1573 1573//1573 
f 1573//1573 1572//1572 1573//1573 
f 1573//1573 1572//1572 1574//1574 
f 1572//1572 1571//1571 1574//1574 
f 1574//1574 1571//1571 1571//1571 
f 1571//1571 1554//1554 1571//1571 
f 1571//1571 1554//1554 1554//1554 
f 1554//1554 1565//1565 1554//1554 
f 1554//1554 1565//1565 1555//1555 
f 1565//1565 1575//1575 1555//1555 
f 1555//1555 1575//1575 1556//1556 
f 1575//1575 1576//1576 1556//1556 
f 1556//1556 1576//1576 1576//1576 
f 1576//1576 1565//1565 1576//1576 
f 1576//1576 1565//1565 1565//1565 
f 1565//1565 1567//1567 1565//1565 
f 1565//1565 1567//1567 1575//1575 
f 1567//1567 1577//1577 1575//1575 
f 1575//1575 1577//1577 1576//1576 
f 1577//1577 1578//1578 1576//1576 
f 1576//1576 1578//1578 1578//1578 
f 1578//1578 1577//1577 1578//1578 
f 1578//1578 1577//1577 1579//1579 
f 1577//1577 1567//1567 1579//1579 
f 1579//1579 1567//1567 1567//1567 
f 1567//1567 1525//1525 1567//1567 
f 1567//1567 1525//1525 1525//1525 
f 1525//1525 1580//1580 1525//1525 
f 1525//1525 1580//1580 1523//1523 
f 1580//1580 1581//1581 1523//1523 
f 1523//1523 1581//1581 1521//1521 
f 1581//1581 1519//1519 1521//1521 
f 1521//1521 1519//1519 1519//1519 
f 1519//1519 1581//1581 1519//1519 
f 1519//1519 1581//1581 1582//1582 
f 1581//1581 1580//1580 1582//1582 
f 1582//1582 1580//1580 1580//1580 
f 1580//1580 1583//1583 1580//1580 
f 1580//1580 1583//1583 1583//1583 
f 1583//1583 1584//1584 1583//1583 
f 1583//1583 1584//1584 1585//1585 
f 1584//1584 1586//1586 1585//1585 
f 1585//1585 1586//1586 1587//1587 
f 1586//1586 1588//1588 1587//1587 
f 1587//1587 1588//1588 1589//1589 
f 1588//1588 1590//1590 1589//1589 
f 1589//1589 1590//1590 1591//1591 
f 1590//1590 1592//1592 1591//1591 
f 1591//1591 1592//1592 1593//1593 
f 1592//1592 1594//1594 1593//1593 
f 1593//1593 1594//1594 1594//1594 
f 1594//1594 1584//1584 1594//1594 
f 1594//1594 1584//1584 1584//1584 
f 1584//1584 1595//1595 1584//1584 
f 1584//1584 1595//1595 1586//1586 
f 1595//1595 1596//1596 1586//1586 
f 1586//1586 1596//1596 1588//1588 
f 1596//1596 1597//1597 1588//1588 
f 1588//1588 1597//1597 1590//1590 
f 1597//1597 1598//1598 1590//1590 
f 1590//1590 1598//1598 1592//1592 
f 1598//1598 1599//1599 1592//1592 
f 1592//1592 1599//1599 1594//1594 
f 1599//1599 1600//1600 1594//1594 
f 1594//1594 1600//1600 1600//1600 
f 1600//1600 1595//1595 1600//1600 
f 1600//1600 1595//1595 1595//1595 
f 1595//1595 1601//1601 1595//1595 
f 1595//1595 1601//1601 1596//1596 
f 1601//1601 1602//1602 1596//1596 
f 1596//1596 1602//1602 1597//1597 
f 1602//1602 1603//1603 1597//1597 
f 1597//1597 1603//1603 1598//1598 
f 1603//1603 1604//1604 1598//1598 
f 1598//1598 1604//1604 1599//1599 
f 1604//1604 1605//1605 1599//1599 
f 1599//1599 1605//1605 1600//1600 
f 1605//1605 1600//1600 1600//1600 
f 1600//1600 1600//1600 1601//1601 
f 1600//1600 1601//1601 1601//1601 
f 1601//1601 1601//1601 1601//1601 
f 1601//1601 1606//1606 1601//1601 
f 1601//1601 1606//1606 1602//1602 
f 1606//1606 1607//1607 1602//1602 
f 1602//1602 1607//1607 1603//1603 
f 1607//1607 1608//1608 1603//1603 
f 1603//1603 1608//1608 1604//1604 
f 1608//1608 1609//1609 1604//1604 
f 1604//1604 1609//1609 1605//1605 
f 1609//1609 1605//1605 1605//1605 
f 1605//1605 1605//1605 1606//1606 
f 1605//1605 1606//1606 1606//1606 
f 1606//1606 1606//1606 1606//1606 
f 1606//1606 1610//1610 1606//1606 
f 1606//1606 1610//1610 1607//1607 
f 1610//1610 1611//1611 1607//1607 
f 1607//1607 1611//1611 1608//1608 
f 1611//1611 1612//1612 1608//1608 
f 1608//1608 1612//1612 1609//1609 
f 1612//1612 1609//1609 1609//1609 
f 1609//1609 1609//1609 1610//1610 
f 1609//1609 1610//1610 1610//1610 
f 1610//1610 1610//1610 1610//1610 
f 1610//1610 1613//1613 1610//1610 
f 1610//1610 1613//1613 1611//1611 
f 1613//1613 1614//1614 1611//1611 
f 1611//1611 1614//1614 1612//1612 
f 1614//1614 1612//1612 1612//1612 
f 1612//1612 1612//1612 1613//1613 
f 1612//1612 1613//1613 1613//1613 
f 1613//1613 1613//1613 1613//1613 
f 1613//1613 1610//1610 1613//1613 
f 1613//1613 1610//1610 1615//1615 
f 1610//1610 1616//1616 1615//1615 
f 1615//1615 1616//1616 1617//1617 
f 1616//1616 1618//1618 1617//1617 
f 1617//1617 1618//1618 1619//1619 
f 1618//1618 1620//1620 1619//1619 
f 1619//1619 1620//1620 1621//1621 
f 1620//1620 1622//1622 1621//1621 
f 1621//1621 1622//1622 1623//1623 
f 1622//1622 1624//1624 1623//1623 
f 1623//1623 1624//1624 1625//1625 
f 1624//1624 1626//1626 1625//1625 
f 1625//1625 1626//1626 1627//1627 
f 1626//1626 1628//1628 1627//1627 
f 1627//1627 1628//1628 1629//1629 
f 1628//1628 1630//1630 1629//1629 
f 1629//1629 1630//1630 1630//1630 
f 1630//1630 1610//1610 1630//1630 
f 1630//1630 1610//1610 1610//1610 
f 1610//1610 1606//1606 1610//1610 
f 1610//1610 1606//1606 1616//1616 
f 1606//1606 1631//1631 1616//1616 
f 1616//1616 1631//1631 1618//1618 
f 1631//1631 1632//1632 1618//1618 
f 1618//1618 1632//1632 1620//1620 
f 1632//1632 1633//1633 1620//1620 
f 1620//1620 1633//1633 1622//1622 
f 1633//1633 1634//1634 1622//1622 
f 1622//1622 1634//1634 1624//1624 
f 1634//1634 1635//1635 1624//1624 
f 1624//1624 1635//1635 1626//1626 
f 1635//1635 1636//1636 1626//1626 
f 1626//1626 1636//1636 1628//1628 
f 1636//1636 1630//1630 1628//1628 
f 1628//1628 1630//1630 1630//1630 
f 1630//1630 1606//1606 1630//1630 
f 1630//1630 1606//1606 1606//1606 
f 1606//1606 1601//1601 1606//1606 
f 1606//1606 1601//1601 1631//1631 
f 1601//1601 1637//1637 1631//1631 
f 1631//1631 1637//1637 1632//1632 
f 1637//1637 1638//1638 1632//1632 
f 1632//1632 1638//1638 1633//1633 
f 1638//1638 1639//1639 1633//1633 
f 1633//1633 1639//1639 1634//1634 
f 1639//1639 1640//1640 1634//1634 
f 1634//1634 1640//1640 1635//1635 
f 1640//1640 1641//1641 1635//1635 
f 1635//1635 1641//1641 1636//1636 
f 1641//1641 1642//1642 1636//1636 
f 1636//1636 1642//1642 1630//1630 
f 1642//1642 1630//1630 1630//1630 
f 1630//1630 1630//1630 1601//1601 
f 1630//1630 1601//1601 1601//1601 
f 1601//1601 1601//1601 1601//1601 
f 1601//1601 1595//1595 1601//1601 
f 1601//1601 1595//1595 1637//1637 
f 1595//1595 1643//1643 1637//1637 
f 1637//1637 1643//1643 1638//1638 
f 1643//1643 1644//1644 1638//1638 
f 1638//1638 1644//1644 1639//1639 
f 1644//1644 1645//1645 1639//1639 
f 1639//1639 1645//1645 1640//1640 
f 1645//1645 1646//1646 1640//1640 
f 1640//1640 1646//1646 1641//1641 
f 1646//1646 1647//1647 1641//1641 
f 1641//1641 1647//1647 1642//1642 
f 1647//1647 1642//1642 1642//1642 
f 1642//1642 1642//1642 1595//1595 
f 1642//1642 1595//1595 1595//1595 
f 1595//1595 1595//1595 1595//1595 
f 1595//1595 1648//1648 1595//1595 
f 1595//1595 1648//1648 1643//1643 
f 1648//1648 1649//1649 1643//1643 
f 1643//1643 1649//1649 1644//1644 
f 1649//1649 1650//1650 1644//1644 
f 1644//1644 1650//1650 1645//1645 
f 1650//1650 1651//1651 1645//1645 
f 1645//1645 1651//1651 1646//1646 
f 1651//1651 1652//1652 1646//1646 
f 1646//1646 1652//1652 1647//1647 
f 1652//1652 1647//1647 1647//1647 
f 1647//1647 1647//1647 1648//1648 
f 1647//1647 1648//1648 1648//1648 
f 1648//1648 1648//1648 1648//1648 
f 1648//1648 1653//1653 1648//1648 
f 1648//1648 1653//1653 1649//1649 
f 1653//1653 1654//1654 1649//1649 
f 1649//1649 1654//1654 1650//1650 
f 1654//1654 1655//1655 1650//1650 
f 1650//1650 1655//1655 1651//1651 
f 1655//1655 1656//1656 1651//1651 
f 1651//1651 1656//1656 1652//1652 
f 1656//1656 1652//1652 1652//1652 
f 1652//1652 1652//1652 1653//1653 
f 1652//1652 1653//1653 1653//1653 
f 1653//1653 1653//1653 1653//1653 
f 1653//1653 1657//1657 1653//1653 
f 1653//1653 1657//1657 1654//1654 
f 1657//1657 1658//1658 1654//1654 
f 1654//1654 1658//1658 1655//1655 
f 1658//1658 1659//1659 1655//1655 
f 1655//1655 1659//1659 1656//1656 
f 1659//1659 1656//1656 1656//1656 
f 1656//1656 1656//1656 1657//1657 
f 1656//1656 1657//1657 1657//1657 
f 1657//1657 1657//1657 1657//1657 
f 1657//1657 1660//1660 1657//1657 
f 1657//1657 1660//1660 1658//1658 
f 1660//1660 1661//1661 1658//1658 
f 1658//1658 1661//1661 1659//1659 
f 1661//1661 1659//1659 1659//1659 
f 1659//1659 1659//1659 1660//1660 
f 1659//1659 1660//1660 1660//1660 
f 1660//1660 1660//1660 1660//1660 
f 1660//1660 1657//1657 1660//1660 
f 1660//1660 1657//1657 1662//1662 
f 1657//1657 1663//1663 1662//1662 
f 1662//1662 1663//1663 1664//1664 
f 1663//1663 1665//1665 1664//1664 
f 1664//1664 1665//1665 1665//1665 
f 1665//1665 1664//1664 1665//1665 
f 1665//1665 1664//1664 1664//1664 
f 1664//1664 1666//1666 1664//1664 
f 1664//1664 1666//1666 1662//1662 
f 1666//1666 1667//1667 1662//1662 
f 1662//1662 1667//1667 1660//1660 
f 1667//1667 1668//1668 1660//1660 
f 1660//1660 1668//1668 1661//1661 
f 1668//1668 1661//1661 1661//1661 
f 1661//1661 1661//1661 1049//1049 
f 1661//1661 1049//1049 1049//1049 
f 1049//1049 1049//1049 1049//1049 
f 1049//1049 1047//1047 1049//1049 
f 1049//1049 1047//1047 1669//1669 
f 1047//1047 1670//1670 1669//1669 
f 1669//1669 1670//1670 1671//1671 
f 1670//1670 1672//1672 1671//1671 
f 1671//1671 1672//1672 1673//1673 
f 1672//1672 1674//1674 1673//1673 
f 1673//1673 1674//1674 1675//1675 
f 1674//1674 1676//1676 1675//1675 
f 1675//1675 1676//1676 1676//1676 
f 1676//1676 1047//1047 1676//1676 
f 1676//1676 1047//1047 1047//1047 
f 1047//1047 1045//1045 1047//1047 
f 1047//1047 1045//1045 1670//1670 
f 1045//1045 1677//1677 1670//1670 
f 1670//1670 1677//1677 1672//1672 
f 1677//1677 1678//1678 1672//1672 
f 1672//1672 1678//1678 1674//1674 
f 1678//1678 1679//1679 1674//1674 
f 1674//1674 1679//1679 1676//1676 
f 1679//1679 1680//1680 1676//1676 
f 1676//1676 1680//1680 1680//1680 
f 1680//1680 1045//1045 1680//1680 
f 1680//1680 1045//1045 1045//1045 
f 1045//1045 1043//1043 1045//1045 
f 1045//1045 1043//1043 1677//1677 
f 1043//1043 1681//1681 1677//1677 
f 1677//1677 1681//1681 1678//1678 
f 1681//1681 1682//1682 1678//1678 
f 1678//1678 1682//1682 1679//1679 
f 1682//1682 1683//1683 1679//1679 
f 1679//1679 1683//1683 1680//1680 
f 1683//1683 1684//1684 1680//1680 
f 1680//1680 1684//1684 1684//1684 
f 1684//1684 1043//1043 1684//1684 
f 1684//1684 1043//1043 1043//1043 
f 1043//1043 1041//1041 1043//1043 
f 1043//1043 1041//1041 1681//1681 
f 1041//1041 1685//1685 1681//1681 
f 1681//1681 1685//1685 1682//1682 
f 1685//1685 1686//1686 1682//1682 
f 1682//1682 1686//1686 1683//1683 
f 1686//1686 1687//1687 1683//1683 
f 1683//1683 1687//1687 1688//1688 
f 1687//1687 1689//1689 1688//1688 
f 1688//1688 1689//1689 1689//1689 
f 1689//1689 1041//1041 1689//1689 
f 1689//1689 1041//1041 1041//1041 
f 1041//1041 1039//1039 1041//1041 
f 1041//1041 1039//1039 1685//1685 
f 1039//1039 1690//1690 1685//1685 
f 1685//1685 1690//1690 1686//1686 
f 1690//1690 1691//1691 1686//1686 
f 1686//1686 1691//1691 1692//1692 
f 1691//1691 1693//1693 1692//1692 
f 1692//1692 1693//1693 1694//1694 
f 1693//1693 1695//1695 1694//1694 
f 1694//1694 1695//1695 1695//1695 
f 1695//1695 1694//1694 1695//1695 
f 1695//1695 1694//1694 1694//1694 
f 1694//1694 1689//1689 1694//1694 
f 1694//1694 1689//1689 1692//1692 
f 1689//1689 1687//1687 1692//1692 
f 1692//1692 1687//1687 1686//1686 
f 1687//1687 1686//1686 1686//1686 
f 1686//1686 1686//1686 1039//1039 
f 1686//1686 1039//1039 1039//1039 
f 1039//1039 1039//1039 1039//1039 
f 1039//1039 1037//1037 1039//1039 
f 1039//1039 1037//1037 1690//1690 
f 1037//1037 1696//1696 1690//1690 
f 1690//1690 1696//1696 1697//1697 
f 1696//1696 1698//1698 1697//1697 
f 1697//1697 1698//1698 1699//1699 
f 1698//1698 1700//1700 1699//1699 
f 1699//1699 1700//1700 1701//1701 
f 1700//1700 1702//1702 1701//1701 
f 1701//1701 1702//1702 1702//1702 
f 1702//1702 1701//1701 1702//1702 
f 1702//1702 1701//1701 1701//1701 
f 1701//1701 1695//1695 1701//1701 
f 1701//1701 1695//1695 1699//1699 
f 1695//1695 1693//1693 1699//1699 
f 1699//1699 1693//1693 1697//1697 
f 1693//1693 1691//1691 1697//1697 
f 1697//1697 1691//1691 1690//1690 
f 1691//1691 1690//1690 1690//1690 
f 1690//1690 1690//1690 1703//1703 
f 1690//1690 1703//1703 1703//1703 
f 1703//1703 1703//1703 1703//1703 
f 1703//1703 1704//1704 1703//1703 
f 1703//1703 1704//1704 1705//1705 
f 1704//1704 1706//1706 1705//1705 
f 1705//1705 1706//1706 1707//1707 
f 1706//1706 1708//1708 1707//1707 
f 1707//1707 1708//1708 1709//1709 
f 1708//1708 1710//1710 1709//1709 
f 1709//1709 1710//1710 1710//1710 
f 1710//1710 1704//1704 1710//1710 
f 1710//1710 1704//1704 1704//1704 
f 1704//1704 1711//1711 1704//1704 
f 1704//1704 1711//1711 1706//1706 
f 1711//1711 1712//1712 1706//1706 
f 1706//1706 1712//1712 1708//1708 
f 1712//1712 1713//1713 1708//1708 
f 1708//1708 1713//1713 1710//1710 
f 1713//1713 1714//1714 1710//1710 
f 1710//1710 1714//1714 1714//1714 
f 1714//1714 1711//1711 1714//1714 
f 1714//1714 1711//1711 1711//1711 
f 1711//1711 1715//1715 1711//1711 
f 1711//1711 1715//1715 1712//1712 
f 1715//1715 1716//1716 1712//1712 
f 1712//1712 1716//1716 1713//1713 
f 1716//1716 1717//1717 1713//1713 
f 1713//1713 1717//1717 1714//1714 
f 1717//1717 1718//1718 1714//1714 
f 1714//1714 1718//1718 1718//1718 
f 1718//1718 1715//1715 1718//1718 
f 1718//1718 1715//1715 1715//1715 
f 1715//1715 1719//1719 1715//1715 
f 1715//1715 1719//1719 1716//1716 
f 1719//1719 1720//1720 1716//1716 
f 1716//1716 1720//1720 1717//1717 
f 1720//1720 1184//1184 1717//1717 
f 1717//1717 1184//1184 1186//1186 
f 1184//1184 1186//1186 1186//1186 
f 1186//1186 1186//1186 1715//1715 
f 1186//1186 1715//1715 1715//1715 
f 1715//1715 1715//1715 1715//1715 
f 1715//1715 825//825 1715//1715 
f 1715//1715 825//825 1719//1719 
f 825//825 827//827 1719//1719 
f 1719//1719 827//827 1720//1720 
f 827//827 829//829 1720//1720 
f 1720//1720 829//829 1184//1184 
f 829//829 1184//1184 1184//1184 
f 1184//1184 1184//1184 825//825 
f 1184//1184 825//825 825//825 
f 825//825 825//825 825//825 
f 825//825 1715//1715 825//825 
f 825//825 1715//1715 1721//1721 
f 1715//1715 1722//1722 1721//1721 
f 1721//1721 1722//1722 1723//1723 
f 1722//1722 1724//1724 1723//1723 
f 1723//1723 1724//1724 1725//1725 
f 1724//1724 1726//1726 1725//1725 
f 1725//1725 1726//1726 1726//1726 
f 1726//1726 1722//1722 1726//1726 
f 1726//1726 1722//1722 1722//1722 
f 1722//1722 1715//1715 1722//1722 
f 1722//1722 1715//1715 1727//1727 
f 1715//1715 1711//1711 1727//1727 
f 1727//1727 1711//1711 1711//1711 
f 1711//1711 1657//1657 1711//1711 
f 1711//1711 1657//1657 1657//1657 
f 1657//1657 1653//1653 1657//1657 
f 1657//1657 1653//1653 1663//1663 
f 1653//1653 1728//1728 1663//1663 
f 1663//1663 1728//1728 1665//1665 
f 1728//1728 1729//1729 1665//1665 
f 1665//1665 1729//1729 1729//1729 
f 1729//1729 1653//1653 1729//1729 
f 1729//1729 1653//1653 1653//1653 
f 1653//1653 1648//1648 1653//1653 
f 1653//1653 1648//1648 1728//1728 
f 1648//1648 1730//1730 1728//1728 
f 1728//1728 1730//1730 1729//1729 
f 1730//1730 1731//1731 1729//1729 
f 1729//1729 1731//1731 1731//1731 
f 1731//1731 1648//1648 1731//1731 
f 1731//1731 1648//1648 1648//1648 
f 1648//1648 1595//1595 1648//1648 
f 1648//1648 1595//1595 1730//1730 
f 1595//1595 1732//1732 1730//1730 
f 1730//1730 1732//1732 1731//1731 
f 1732//1732 1733//1733 1731//1731 
f 1731//1731 1733//1733 1733//1733 
f 1733//1733 1614//1614 1733//1733 
f 1733//1733 1614//1614 1614//1614 
f 1614//1614 1613//1613 1614//1614 
f 1614//1614 1613//1613 1734//1734 
f 1613//1613 1735//1735 1734//1734 
f 1734//1734 1735//1735 1736//1736 
f 1735//1735 1737//1737 1736//1736 
f 1736//1736 1737//1737 1738//1738 
f 1737//1737 1739//1739 1738//1738 
f 1738//1738 1739//1739 1740//1740 
f 1739//1739 1741//1741 1740//1740 
f 1740//1740 1741//1741 1742//1742 
f 1741//1741 1743//1743 1742//1742 
f 1742//1742 1743//1743 1744//1744 
f 1743//1743 1745//1745 1744//1744 
f 1744//1744 1745//1745 1746//1746 
f 1745//1745 1621//1621 1746//1746 
f 1746//1746 1621//1621 1621//1621 
f 1621//1621 1745//1745 1621//1621 
f 1621//1621 1745//1745 1619//1619 
f 1745//1745 1747//1747 1619//1619 
f 1619//1619 1747//1747 1617//1617 
f 1747//1747 1748//1748 1617//1617 
f 1617//1617 1748//1748 1615//1615 
f 1748//1748 1735//1735 1615//1615 
f 1615//1615 1735//1735 1613//1613 
f 1735//1735 1613//1613 1613//1613 
f 1613//1613 1613//1613 1745//1745 
f 1613//1613 1745//1745 1745//1745 
f 1745//1745 1745//1745 1745//1745 
f 1745//1745 1743//1743 1745//1745 
f 1745//1745 1743//1743 1747//1747 
f 1743//1743 1749//1749 1747//1747 
f 1747//1747 1749//1749 1748//1748 
f 1749//1749 1737//1737 1748//1748 
f 1748//1748 1737//1737 1735//1735 
f 1737//1737 1735//1735 1735//1735 
f 1735//1735 1735//1735 1743//1743 
f 1735//1735 1743//1743 1743//1743 
f 1743//1743 1743//1743 1743//1743 
f 1743//1743 1741//1741 1743//1743 
f 1743//1743 1741//1741 1749//1749 
f 1741//1741 1739//1739 1749//1749 
f 1749//1749 1739//1739 1737//1737 
f 1739//1739 1737//1737 1737//1737 
f 1737//1737 1737//1737 1621//1621 
f 1737//1737 1621//1621 1621//1621 
f 1621//1621 1621//1621 1621//1621 
f 1621//1621 1623//1623 1621//1621 
f 1621//1621 1623//1623 1750//1750 
f 1623//1623 1751//1751 1750//1750 
f 1750//1750 1751//1751 1752//1752 
f 1751//1751 1753//1753 1752//1752 
f 1752//1752 1753//1753 1754//1754 
f 1753//1753 1629//1629 1754//1754 
f 1754//1754 1629//1629 1629//1629 
f 1629//1629 1623//1623 1629//1629 
f 1629//1629 1623//1623 1623//1623 
f 1623//1623 1625//1625 1623//1623 
f 1623//1623 1625//1625 1751//1751 
f 1625//1625 1755//1755 1751//1751 
f 1751//1751 1755//1755 1753//1753 
f 1755//1755 1629//1629 1753//1753 
f 1753//1753 1629//1629 1629//1629 
f 1629//1629 1755//1755 1629//1629 
f 1629//1629 1755//1755 1627//1627 
f 1755//1755 1625//1625 1627//1627 
f 1627//1627 1625//1625 1625//1625 
f 1625//1625 815//815 1625//1625 
f 1625//1625 815//815 815//815 
f 815//815 816//816 815//815 
f 815//815 816//816 1756//1756 
f 816//816 1757//1757 1756//1756 
f 1756//1756 1757//1757 1758//1758 
f 1757//1757 1759//1759 1758//1758 
f 1758//1758 1759//1759 1760//1760 
f 1759//1759 1761//1761 1760//1760 
f 1760//1760 1761//1761 1725//1725 
f 1761//1761 1723//1723 1725//1725 
f 1725//1725 1723//1723 1723//1723 
f 1723//1723 816//816 1723//1723 
f 1723//1723 816//816 816//816 
f 816//816 817//817 816//816 
f 816//816 817//817 1757//1757 
f 817//817 1762//1762 1757//1757 
f 1757//1757 1762//1762 1759//1759 
f 1762//1762 1763//1763 1759//1759 
f 1759//1759 1763//1763 1761//1761 
f 1763//1763 1764//1764 1761//1761 
f 1761//1761 1764//1764 1721//1721 
f 1764//1764 825//825 1721//1721 
f 1721//1721 825//825 825//825 
f 825//825 1762//1762 825//825 
f 825//825 1762//1762 1762//1762 
f 1762//1762 819//819 1762//1762 
f 1762//1762 819//819 1763//1763 
f 819//819 821//821 1763//1763 
f 1763//1763 821//821 1764//1764 
f 821//821 823//823 1764//1764 
f 1764//1764 823//823 825//825 
f 823//823 825//825 825//825 
f 825//825 825//825 777//777 
f 825//825 777//777 777//777 
f 777//777 777//777 777//777 
f 777//777 779//779 777//777 
f 777//777 779//779 1765//1765 
f 779//779 1766//1766 1765//1765 
f 1765//1765 1766//1766 1767//1767 
f 1766//1766 1768//1768 1767//1767 
f 1767//1767 1768//1768 1768//1768 
f 1768//1768 779//779 1768//1768 
f 1768//1768 779//779 779//779 
f 779//779 781//781 779//779 
f 779//779 781//781 1766//1766 
f 781//781 1769//1769 1766//1766 
f 1766//1766 1769//1769 1768//1768 
f 1769//1769 1770//1770 1768//1768 
f 1768//1768 1770//1770 1770//1770 
f 1770//1770 1769//1769 1770//1770 
f 1770//1770 1769//1769 1771//1771 
f 1769//1769 781//781 1771//1771 
f 1771//1771 781//781 781//781 
f 781//781 1746//1746 781//781 
f 781//781 1746//1746 1746//1746 
f 1746//1746 1772//1772 1746//1746 
f 1746//1746 1772//1772 1744//1744 
f 1772//1772 1773//1773 1744//1744 
f 1744//1744 1773//1773 1742//1742 
f 1773//1773 1740//1740 1742//1742 
f 1742//1742 1740//1740 1740//1740 
f 1740//1740 1773//1773 1740//1740 
f 1740//1740 1773//1773 1774//1774 
f 1773//1773 1772//1772 1774//1774 
f 1774//1774 1772//1772 1772//1772 
f 1772//1772 1775//1775 1772//1772 
f 1772//1772 1775//1775 1775//1775 
f 1775//1775 1776//1776 1775//1775 
f 1775//1775 1776//1776 1777//1777 
f 1776//1776 1778//1778 1777//1777 
f 1777//1777 1778//1778 1779//1779 
f 1778//1778 1780//1780 1779//1779 
f 1779//1779 1780//1780 1781//1781 
f 1780//1780 1782//1782 1781//1781 
f 1781//1781 1782//1782 1783//1783 
f 1782//1782 1784//1784 1783//1783 
f 1783//1783 1784//1784 1785//1785 
f 1784//1784 1786//1786 1785//1785 
f 1785//1785 1786//1786 1787//1787 
f 1786//1786 1788//1788 1787//1787 
f 1787//1787 1788//1788 1025//1025 
f 1788//1788 1027//1027 1025//1025 
f 1025//1025 1027//1027 1027//1027 
f 1027//1027 1784//1784 1027//1027 
f 1027//1027 1784//1784 1784//1784 
f 1784//1784 1782//1782 1784//1784 
f 1784//1784 1782//1782 1789//1789 
f 1782//1782 1780//1780 1789//1789 
f 1789//1789 1780//1780 1790//1790 
f 1780//1780 1791//1791 1790//1790 
f 1790//1790 1791//1791 1792//1792 
f 1791//1791 1793//1793 1792//1792 
f 1792//1792 1793//1793 1794//1794 
f 1793//1793 1700//1700 1794//1794 
f 1794//1794 1700//1700 1698//1698 
f 1700//1700 1698//1698 1698//1698 
f 1698//1698 1698//1698 1789//1789 
f 1698//1698 1789//1789 1789//1789 
f 1789//1789 1789//1789 1789//1789 
f 1789//1789 1790//1790 1789//1789 
f 1789//1789 1790//1790 1795//1795 
f 1790//1790 1792//1792 1795//1795 
f 1795//1795 1792//1792 1796//1796 
f 1792//1792 1794//1794 1796//1796 
f 1796//1796 1794//1794 1797//1797 
f 1794//1794 1698//1698 1797//1797 
f 1797//1797 1698//1698 1696//1696 
f 1698//1698 1696//1696 1696//1696 
f 1696//1696 1696//1696 1696//1696 
f 1696//1696 1037//1037 1696//1696 
f 1696//1696 1037//1037 1797//1797 
f 1037//1037 1798//1798 1797//1797 
f 1797//1797 1798//1798 1796//1796 
f 1798//1798 1799//1799 1796//1796 
f 1796//1796 1799//1799 1795//1795 
f 1799//1799 1800//1800 1795//1795 
f 1795//1795 1800//1800 1789//1789 
f 1800//1800 1784//1784 1789//1789 
f 1789//1789 1784//1784 1784//1784 
f 1784//1784 1037//1037 1784//1784 
f 1784//1784 1037//1037 1037//1037 
f 1037//1037 1035//1035 1037//1037 
f 1037//1037 1035//1035 1798//1798 
f 1035//1035 1801//1801 1798//1798 
f 1798//1798 1801//1801 1799//1799 
f 1801//1801 1802//1802 1799//1799 
f 1799//1799 1802//1802 1800//1800 
f 1802//1802 1786//1786 1800//1800 
f 1800//1800 1786//1786 1784//1784 
f 1786//1786 1784//1784 1784//1784 
f 1784//1784 1784//1784 1035//1035 
f 1784//1784 1035//1035 1035//1035 
f 1035//1035 1035//1035 1035//1035 
f 1035//1035 1033//1033 1035//1035 
f 1035//1035 1033//1033 1801//1801 
f 1033//1033 1803//1803 1801//1801 
f 1801//1801 1803//1803 1802//1802 
f 1803//1803 1788//1788 1802//1802 
f 1802//1802 1788//1788 1786//1786 
f 1788//1788 1786//1786 1786//1786 
f 1786//1786 1786//1786 1033//1033 
f 1786//1786 1033//1033 1033//1033 
f 1033//1033 1033//1033 1033//1033 
f 1033//1033 1031//1031 1033//1033 
f 1033//1033 1031//1031 1803//1803 
f 1031//1031 1029//1029 1803//1803 
f 1803//1803 1029//1029 1027//1027 
f 1029//1029 1027//1027 1027//1027 
f 1027//1027 1027//1027 1025//1025 
f 1027//1027 1025//1025 1025//1025 
f 1025//1025 1025//1025 1025//1025 
f 1025//1025 1023//1023 1025//1025 
f 1025//1025 1023//1023 1787//1787 
f 1023//1023 1804//1804 1787//1787 
f 1787//1787 1804//1804 1785//1785 
f 1804//1804 1805//1805 1785//1785 
f 1785//1785 1805//1805 1806//1806 
f 1805//1805 1806//1806 1806//1806 
f 1806//1806 1806//1806 1785//1785 
f 1806//1806 1785//1785 1785//1785 
f 1785//1785 1785//1785 1785//1785 
f 1785//1785 1806//1806 1785//1785 
f 1785//1785 1806//1806 1783//1783 
f 1806//1806 1781//1781 1783//1783 
f 1783//1783 1781//1781 1781//1781 
f 1781//1781 1700//1700 1781//1781 
f 1781//1781 1700//1700 1700//1700 
f 1700//1700 1793//1793 1700//1700 
f 1700//1700 1793//1793 1702//1702 
f 1793//1793 1791//1791 1702//1702 
f 1702//1702 1791//1791 1807//1807 
f 1791//1791 1778//1778 1807//1807 
f 1807//1807 1778//1778 1776//1776 
f 1778//1778 1776//1776 1776//1776 
f 1776//1776 1776//1776 1808//1808 
f 1776//1776 1808//1808 1808//1808 
f 1808//1808 1808//1808 1808//1808 
f 1808//1808 1809//1809 1808//1808 
f 1808//1808 1809//1809 1810//1810 
f 1809//1809 1811//1811 1810//1810 
f 1810//1810 1811//1811 1812//1812 
f 1811//1811 1813//1813 1812//1812 
f 1812//1812 1813//1813 1814//1814 
f 1813//1813 1815//1815 1814//1814 
f 1814//1814 1815//1815 1816//1816 
f 1815//1815 1817//1817 1816//1816 
f 1816//1816 1817//1817 1818//1818 
f 1817//1817 1818//1818 1818//1818 
f 1818//1818 1818//1818 1809//1809 
f 1818//1818 1809//1809 1809//1809 
f 1809//1809 1809//1809 1809//1809 
f 1809//1809 1819//1819 1809//1809 
f 1809//1809 1819//1819 1811//1811 
f 1819//1819 1820//1820 1811//1811 
f 1811//1811 1820//1820 1813//1813 
f 1820//1820 1821//1821 1813//1813 
f 1813//1813 1821//1821 1815//1815 
f 1821//1821 1822//1822 1815//1815 
f 1815//1815 1822//1822 1817//1817 
f 1822//1822 1817//1817 1817//1817 
f 1817//1817 1817//1817 1822//1822 
f 1817//1817 1822//1822 1822//1822 
f 1822//1822 1822//1822 1822//1822 
f 1822//1822 1821//1821 1822//1822 
f 1822//1822 1821//1821 1823//1823 
f 1821//1821 1819//1819 1823//1823 
f 1823//1823 1819//1819 1824//1824 
f 1819//1819 1809//1809 1824//1824 
f 1824//1824 1809//1809 1825//1825 
f 1809//1809 1808//1808 1825//1825 
f 1825//1825 1808//1808 1826//1826 
f 1808//1808 1826//1826 1826//1826 
f 1826//1826 1826//1826 1826//1826 
f 1826//1826 1827//1827 1826//1826 
f 1826//1826 1827//1827 1825//1825 
f 1827//1827 1828//1828 1825//1825 
f 1825//1825 1828//1828 1824//1824 
f 1828//1828 1829//1829 1824//1824 
f 1824//1824 1829//1829 1830//1830 
f 1829//1829 1831//1831 1830//1830 
f 1830//1830 1831//1831 1832//1832 
f 1831//1831 1832//1832 1832//1832 
f 1832//1832 1832//1832 1827//1827 
f 1832//1832 1827//1827 1827//1827 
f 1827//1827 1827//1827 1827//1827 
f 1827//1827 1833//1833 1827//1827 
f 1827//1827 1833//1833 1828//1828 
f 1833//1833 1834//1834 1828//1828 
f 1828//1828 1834//1834 1829//1829 
f 1834//1834 1835//1835 1829//1829 
f 1829//1829 1835//1835 1831//1831 
f 1835//1835 1831//1831 1831//1831 
f 1831//1831 1831//1831 1818//1818 
f 1831//1831 1818//1818 1818//1818 
f 1818//1818 1818//1818 1818//1818 
f 1818//1818 1836//1836 1818//1818 
f 1818//1818 1836//1836 1816//1816 
f 1836//1836 1837//1837 1816//1816 
f 1816//1816 1837//1837 1814//1814 
f 1837//1837 1838//1838 1814//1814 
f 1814//1814 1838//1838 1839//1839 
f 1838//1838 1840//1840 1839//1839 
f 1839//1839 1840//1840 1841//1841 
f 1840//1840 1842//1842 1841//1841 
f 1841//1841 1842//1842 1843//1843 
f 1842//1842 1844//1844 1843//1843 
f 1843//1843 1844//1844 1845//1845 
f 1844//1844 1846//1846 1845//1845 
f 1845//1845 1846//1846 1847//1847 
f 1846//1846 1848//1848 1847//1847 
f 1847//1847 1848//1848 1848//1848 
f 1848//1848 1846//1846 1848//1848 
f 1848//1848 1846//1846 1849//1849 
f 1846//1846 1844//1844 1849//1849 
f 1849//1849 1844//1844 1850//1850 
f 1844//1844 1842//1842 1850//1850 
f 1850//1850 1842//1842 1851//1851 
f 1842//1842 1840//1840 1851//1851 
f 1851//1851 1840//1840 1852//1852 
f 1840//1840 1838//1838 1852//1852 
f 1852//1852 1838//1838 1853//1853 
f 1838//1838 1837//1837 1853//1853 
f 1853//1853 1837//1837 1854//1854 
f 1837//1837 1836//1836 1854//1854 
f 1854//1854 1836//1836 1836//1836 
f 1836//1836 1852//1852 1836//1836 
f 1836//1836 1852//1852 1852//1852 
f 1852//1852 1853//1853 1852//1852 
f 1852//1852 1853//1853 1851//1851 
f 1853//1853 1855//1855 1851//1851 
f 1851//1851 1855//1855 1850//1850 
f 1855//1855 1856//1856 1850//1850 
f 1850//1850 1856//1856 1857//1857 
f 1856//1856 1858//1858 1857//1857 
f 1857//1857 1858//1858 1859//1859 
f 1858//1858 1859//1859 1859//1859 
f 1859//1859 1859//1859 1853//1853 
f 1859//1859 1853//1853 1853//1853 
f 1853//1853 1853//1853 1853//1853 
f 1853//1853 1854//1854 1853//1853 
f 1853//1853 1854//1854 1855//1855 
f 1854//1854 1860//1860 1855//1855 
f 1855//1855 1860//1860 1856//1856 
f 1860//1860 1861//1861 1856//1856 
f 1856//1856 1861//1861 1858//1858 
f 1861//1861 1858//1858 1858//1858 
f 1858//1858 1858//1858 1832//1832 
f 1858//1858 1832//1832 1832//1832 
f 1832//1832 1832//1832 1832//1832 
f 1832//1832 1862//1862 1832//1832 
f 1832//1832 1862//1862 1830//1830 
f 1862//1862 1863//1863 1830//1830 
f 1830//1830 1863//1863 1824//1824 
f 1863//1863 1823//1823 1824//1824 
f 1824//1824 1823//1823 1823//1823 
f 1823//1823 1862//1862 1823//1823 
f 1823//1823 1862//1862 1862//1862 
f 1862//1862 1864//1864 1862//1862 
f 1862//1862 1864//1864 1863//1863 
f 1864//1864 1865//1865 1863//1863 
f 1863//1863 1865//1865 1823//1823 
f 1865//1865 1822//1822 1823//1823 
f 1823//1823 1822//1822 1822//1822 
f 1822//1822 1859//1859 1822//1822 
f 1822//1822 1859//1859 1859//1859 
f 1859//1859 1866//1866 1859//1859 
f 1859//1859 1866//1866 1857//1857 
f 1866//1866 1850//1850 1857//1857 
f 1857//1857 1850//1850 1850//1850 
f 1850//1850 1841//1841 1850//1850 
f 1850//1850 1841//1841 1841//1841 
f 1841//1841 1867//1867 1841//1841 
f 1841//1841 1867//1867 1839//1839 
f 1867//1867 1868//1868 1839//1839 
f 1839//1839 1868//1868 1814//1814 
f 1868//1868 1812//1812 1814//1814 
f 1814//1814 1812//1812 1812//1812 
f 1812//1812 1867//1867 1812//1812 
f 1812//1812 1867//1867 1867//1867 
f 1867//1867 1869//1869 1867//1867 
f 1867//1867 1869//1869 1868//1868 
f 1869//1869 1870//1870 1868//1868 
f 1868//1868 1870//1870 1812//1812 
f 1870//1870 1810//1810 1812//1812 
f 1812//1812 1810//1810 1810//1810 
f 1810//1810 1871//1871 1810//1810 
f 1810//1810 1871//1871 1871//1871 
f 1871//1871 1872//1872 1871//1871 
f 1871//1871 1872//1872 1873//1873 
f 1872//1872 1874//1874 1873//1873 
f 1873//1873 1874//1874 1875//1875 
f 1874//1874 1876//1876 1875//1875 
f 1875//1875 1876//1876 1877//1877 
f 1876//1876 1878//1878 1877//1877 
f 1877//1877 1878//1878 1879//1879 
f 1878//1878 1880//1880 1879//1879 
f 1879//1879 1880//1880 1881//1881 
f 1880//1880 1882//1882 1881//1881 
f 1881//1881 1882//1882 1883//1883 
f 1882//1882 1884//1884 1883//1883 
f 1883//1883 1884//1884 1884//1884 
f 1884//1884 1872//1872 1884//1884 
f 1884//1884 1872//1872 1872//1872 
f 1872//1872 1885//1885 1872//1872 
f 1872//1872 1885//1885 1874//1874 
f 1885//1885 1886//1886 1874//1874 
f 1874//1874 1886//1886 1876//1876 
f 1886//1886 1887//1887 1876//1876 
f 1876//1876 1887//1887 1878//1878 
f 1887//1887 1888//1888 1878//1878 
f 1878//1878 1888//1888 1880//1880 
f 1888//1888 1889//1889 1880//1880 
f 1880//1880 1889//1889 1882//1882 
f 1889//1889 1890//1890 1882//1882 
f 1882//1882 1890//1890 1884//1884 
f 1890//1890 1891//1891 1884//1884 
f 1884//1884 1891//1891 1891//1891 
f 1891//1891 1887//1887 1891//1891 
f 1891//1891 1887//1887 1887//1887 
f 1887//1887 1892//1892 1887//1887 
f 1887//1887 1892//1892 1888//1888 
f 1892//1892 1893//1893 1888//1888 
f 1888//1888 1893//1893 1889//1889 
f 1893//1893 1894//1894 1889//1889 
f 1889//1889 1894//1894 1895//1895 
f 1894//1894 1896//1896 1895//1895 
f 1895//1895 1896//1896 1897//1897 
f 1896//1896 1897//1897 1897//1897 
f 1897//1897 1897//1897 1892//1892 
f 1897//1897 1892//1892 1892//1892 
f 1892//1892 1892//1892 1892//1892 
f 1892//1892 1898//1898 1892//1892 
f 1892//1892 1898//1898 1893//1893 
f 1898//1898 1899//1899 1893//1893 
f 1893//1893 1899//1899 1894//1894 
f 1899//1899 1900//1900 1894//1894 
f 1894//1894 1900//1900 1896//1896 
f 1900//1900 1896//1896 1896//1896 
f 1896//1896 1896//1896 1879//1879 
f 1896//1896 1879//1879 1879//1879 
f 1879//1879 1879//1879 1879//1879 
f 1879//1879 1881//1881 1879//1879 
f 1879//1879 1881//1881 1877//1877 
f 1881//1881 1901//1901 1877//1877 
f 1877//1877 1901//1901 1875//1875 
f 1901//1901 1902//1902 1875//1875 
f 1875//1875 1902//1902 1903//1903 
f 1902//1902 1904//1904 1903//1903 
f 1903//1903 1904//1904 1905//1905 
f 1904//1904 1905//1905 1905//1905 
f 1905//1905 1905//1905 1881//1881 
f 1905//1905 1881//1881 1881//1881 
f 1881//1881 1881//1881 1881//1881 
f 1881//1881 1883//1883 1881//1881 
f 1881//1881 1883//1883 1901//1901 
f 1883//1883 1906//1906 1901//1901 
f 1901//1901 1906//1906 1902//1902 
f 1906//1906 1907//1907 1902//1902 
f 1902//1902 1907//1907 1904//1904 
f 1907//1907 1904//1904 1904//1904 
f 1904//1904 1904//1904 1889//1889 
f 1904//1904 1889//1889 1889//1889 
f 1889//1889 1889//1889 1889//1889 
f 1889//1889 1895//1895 1889//1889 
f 1889//1889 1895//1895 1890//1890 
f 1895//1895 1908//1908 1890//1890 
f 1890//1890 1908//1908 1891//1891 
f 1908//1908 1909//1909 1891//1891 
f 1891//1891 1909//1909 1909//1909 
f 1909//1909 1895//1895 1909//1909 
f 1909//1909 1895//1895 1895//1895 
f 1895//1895 1910//1910 1895//1895 
f 1895//1895 1910//1910 1908//1908 
f 1910//1910 1911//1911 1908//1908 
f 1908//1908 1911//1911 1909//1909 
f 1911//1911 1909//1909 1909//1909 
f 1909//1909 1909//1909 1912//1912 
f 1909//1909 1912//1912 1912//1912 
f 1912//1912 1912//1912 1912//1912 
f 1912//1912 762//762 1912//1912 
f 1912//1912 762//762 1913//1913 
f 762//762 1914//1914 1913//1913 
f 1913//1913 1914//1914 1915//1915 
f 1914//1914 1916//1916 1915//1915 
f 1915//1915 1916//1916 1917//1917 
f 1916//1916 1918//1918 1917//1917 
f 1917//1917 1918//1918 764//764 
f 1918//1918 760//760 764//764 
f 764//764 760//760 760//760 
f 760//760 764//764 760//760 
f 760//760 764//764 764//764 
f 764//764 766//766 764//764 
f 764//764 766//766 1917//1917 
f 766//766 1919//1919 1917//1917 
f 1917//1917 1919//1919 1915//1915 
f 1919//1919 1920//1920 1915//1915 
f 1915//1915 1920//1920 1913//1913 
f 1920//1920 1921//1921 1913//1913 
f 1913//1913 1921//1921 1912//1912 
f 1921//1921 1922//1922 1912//1912 
f 1912//1912 1922//1922 1922//1922 
f 1922//1922 766//766 1922//1922 
f 1922//1922 766//766 766//766 
f 766//766 1923//1923 766//766 
f 766//766 1923//1923 1919//1919 
f 1923//1923 1924//1924 1919//1919 
f 1919//1919 1924//1924 1920//1920 
f 1924//1924 1925//1925 1920//1920 
f 1920//1920 1925//1925 1926//1926 
f 1925//1925 1927//1927 1926//1926 
f 1926//1926 1927//1927 1928//1928 
f 1927//1927 1929//1929 1928//1928 
f 1928//1928 1929//1929 1930//1930 
f 1929//1929 1931//1931 1930//1930 
f 1930//1930 1931//1931 1931//1931 
f 1931//1931 1929//1929 1931//1931 
f 1931//1931 1929//1929 1932//1932 
f 1929//1929 1927//1927 1932//1932 
f 1932//1932 1927//1927 1933//1933 
f 1927//1927 1925//1925 1933//1933 
f 1933//1933 1925//1925 1934//1934 
f 1925//1925 1924//1924 1934//1934 
f 1934//1934 1924//1924 1935//1935 
f 1924//1924 1923//1923 1935//1935 
f 1935//1935 1923//1923 1923//1923 
f 1923//1923 762//762 1923//1923 
f 1923//1923 762//762 762//762 
f 762//762 761//761 762//762 
f 762//762 761//761 1914//1914 
f 761//761 1918//1918 1914//1914 
f 1914//1914 1918//1918 1916//1916 
f 1918//1918 1916//1916 1916//1916 
f 1916//1916 1916//1916 1922//1922 
f 1916//1916 1922//1922 1922//1922 
f 1922//1922 1922//1922 1922//1922 
f 1922//1922 1921//1921 1922//1922 
f 1922//1922 1921//1921 1936//1936 
f 1921//1921 1937//1937 1936//1936 
f 1936//1936 1937//1937 1938//1938 
f 1937//1937 1939//1939 1938//1938 
f 1938//1938 1939//1939 1940//1940 
f 1939//1939 1941//1941 1940//1940 
f 1940//1940 1941//1941 1942//1942 
f 1941//1941 1942//1942 1942//1942 
f 1942//1942 1942//1942 1921//1921 
f 1942//1942 1921//1921 1921//1921 
f 1921//1921 1921//1921 1921//1921 
f 1921//1921 1920//1920 1921//1921 
f 1921//1921 1920//1920 1937//1937 
f 1920//1920 1926//1926 1937//1937 
f 1937//1937 1926//1926 1939//1939 
f 1926//1926 1928//1928 1939//1939 
f 1939//1939 1928//1928 1941//1941 
f 1928//1928 1941//1941 1941//1941 
f 1941//1941 1941//1941 1938//1938 
f 1941//1941 1938//1938 1938//1938 
f 1938//1938 1938//1938 1938//1938 
f 1938//1938 1940//1940 1938//1938 
f 1938//1938 1940//1940 1943//1943 
f 1940//1940 1942//1942 1943//1943 
f 1943//1943 1942//1942 1942//1942 
f 1942//1942 1944//1944 1942//1942 
f 1942//1942 1944//1944 1944//1944 
f 1944//1944 1945//1945 1944//1944 
f 1944//1944 1945//1945 1946//1946 
f 1945//1945 1947//1947 1946//1946 
f 1946//1946 1947//1947 1948//1948 
f 1947//1947 1949//1949 1948//1948 
f 1948//1948 1949//1949 1950//1950 
f 1949//1949 1951//1951 1950//1950 
f 1950//1950 1951//1951 1952//1952 
f 1951//1951 1953//1953 1952//1952 
f 1952//1952 1953//1953 1954//1954 
f 1953//1953 1955//1955 1954//1954 
f 1954//1954 1955//1955 1956//1956 
f 1955//1955 1957//1957 1956//1956 
f 1956//1956 1957//1957 1957//1957 
f 1957//1957 1945//1945 1957//1957 
f 1957//1957 1945//1945 1945//1945 
f 1945//1945 1958//1958 1945//1945 
f 1945//1945 1958//1958 1947//1947 
f 1958//1958 1959//1959 1947//1947 
f 1947//1947 1959//1959 1949//1949 
f 1959//1959 1960//1960 1949//1949 
f 1949//1949 1960//1960 1951//1951 
f 1960//1960 1961//1961 1951//1951 
f 1951//1951 1961//1961 1953//1953 
f 1961//1961 1962//1962 1953//1953 
f 1953//1953 1962//1962 1955//1955 
f 1962//1962 1963//1963 1955//1955 
f 1955//1955 1963//1963 1957//1957 
f 1963//1963 1964//1964 1957//1957 
f 1957//1957 1964//1964 1964//1964 
f 1964//1964 1960//1960 1964//1964 
f 1964//1964 1960//1960 1960//1960 
f 1960//1960 1965//1965 1960//1960 
f 1960//1960 1965//1965 1961//1961 
f 1965//1965 1966//1966 1961//1961 
f 1961//1961 1966//1966 1962//1962 
f 1966//1966 1967//1967 1962//1962 
f 1962//1962 1967//1967 1968//1968 
f 1967//1967 1969//1969 1968//1968 
f 1968//1968 1969//1969 1970//1970 
f 1969//1969 1971//1971 1970//1970 
f 1970//1970 1971//1971 1972//1972 
f 1971//1971 1973//1973 1972//1972 
f 1972//1972 1973//1973 1974//1974 
f 1973//1973 1975//1975 1974//1974 
f 1974//1974 1975//1975 1975//1975 
f 1975//1975 1965//1965 1975//1975 
f 1975//1975 1965//1965 1965//1965 
f 1965//1965 1976//1976 1965//1965 
f 1965//1965 1976//1976 1966//1966 
f 1976//1976 1977//1977 1966//1966 
f 1966//1966 1977//1977 1967//1967 
f 1977//1977 1978//1978 1967//1967 
f 1967//1967 1978//1978 1969//1969 
f 1978//1978 1979//1979 1969//1969 
f 1969//1969 1979//1979 1971//1971 
f 1979//1979 1980//1980 1971//1971 
f 1971//1971 1980//1980 1973//1973 
f 1980//1980 1981//1981 1973//1973 
f 1973//1973 1981//1981 1975//1975 
f 1981//1981 1982//1982 1975//1975 
f 1975//1975 1982//1982 1982//1982 
f 1982//1982 1978//1978 1982//1982 
f 1982//1982 1978//1978 1978//1978 
f 1978//1978 1983//1983 1978//1978 
f 1978//1978 1983//1983 1979//1979 
f 1983//1983 1984//1984 1979//1979 
f 1979//1979 1984//1984 1980//1980 
f 1984//1984 1985//1985 1980//1980 
f 1980//1980 1985//1985 1986//1986 
f 1985//1985 1987//1987 1986//1986 
f 1986//1986 1987//1987 1987//1987 
f 1987//1987 1985//1985 1987//1987 
f 1987//1987 1985//1985 1988//1988 
f 1985//1985 1984//1984 1988//1988 
f 1988//1988 1984//1984 1989//1989 
f 1984//1984 1983//1983 1989//1989 
f 1989//1989 1983//1983 1983//1983 
f 1983//1983 1944//1944 1983//1983 
f 1983//1983 1944//1944 1944//1944 
f 1944//1944 1946//1946 1944//1944 
f 1944//1944 1946//1946 1990//1990 
f 1946//1946 1991//1991 1990//1990 
f 1990//1990 1991//1991 1992//1992 
f 1991//1991 1993//1993 1992//1992 
f 1992//1992 1993//1993 1993//1993 
f 1993//1993 1946//1946 1993//1993 
f 1993//1993 1946//1946 1946//1946 
f 1946//1946 1948//1948 1946//1946 
f 1946//1946 1948//1948 1991//1991 
f 1948//1948 1994//1994 1991//1991 
f 1991//1991 1994//1994 1993//1993 
f 1994//1994 1995//1995 1993//1993 
f 1993//1993 1995//1995 1995//1995 
f 1995//1995 1994//1994 1995//1995 
f 1995//1995 1994//1994 1994//1994 
f 1994//1994 1948//1948 1994//1994 
f 1994//1994 1948//1948 1996//1996 
f 1948//1948 1997//1997 1996//1996 
f 1996//1996 1997//1997 1998//1998 
f 1997//1997 1956//1956 1998//1998 
f 1998//1998 1956//1956 1956//1956 
f 1956//1956 1997//1997 1956//1956 
f 1956//1956 1997//1997 1954//1954 
f 1997//1997 1950//1950 1954//1954 
f 1954//1954 1950//1950 1952//1952 
f 1950//1950 1952//1952 1952//1952 
f 1952//1952 1952//1952 1970//1970 
f 1952//1952 1970//1970 1970//1970 
f 1970//1970 1970//1970 1970//1970 
f 1970//1970 1972//1972 1970//1970 
f 1970//1970 1972//1972 1968//1968 
f 1972//1972 1999//1999 1968//1968 
f 1968//1968 1999//1999 1962//1962 
f 1999//1999 1963//1963 1962//1962 
f 1962//1962 1963//1963 1963//1963 
f 1963//1963 1972//1972 1963//1963 
f 1963//1963 1972//1972 1972//1972 
f 1972//1972 1974//1974 1972//1972 
f 1972//1972 1974//1974 1999//1999 
f 1974//1974 2000//2000 1999//1999 
f 1999//1999 2000//2000 1963//1963 
f 2000//2000 1964//1964 1963//1963 
f 1963//1963 1964//1964 1964//1964 
f 1964//1964 1980//1980 1964//1964 
f 1964//1964 1980//1980 1980//1980 
f 1980//1980 2001//2001 1980//1980 
f 1980//1980 2001//2001 1981//1981 
f 2001//2001 2002//2002 1981//1981 
f 1981//1981 2002//2002 1982//1982 
f 2002//2002 2003//2003 1982//1982 
f 1982//1982 2003//2003 2003//2003 
f 2003//2003 2002//2002 2003//2003 
f 2003//2003 2002//2002 2004//2004 
f 2002//2002 2001//2001 2004//2004 
f 2004//2004 2001//2001 2001//2001 
f 2001//2001 1995//1995 2001//2001 
f 2001//2001 1995//1995 1995//1995 
f 1995//1995 1994//1994 1995//1995 
f 1995//1995 1994//1994 2005//2005 
f 1994//1994 1996//1996 2005//2005 
f 2005//2005 1996//1996 2006//2006 
f 1996//1996 1998//1998 2006//2006 
f 2006//2006 1998//1998 1998//1998 
f 1998//1998 2007//2007 1998//1998 
f 1998//1998 2007//2007 2007//2007 
f 2007//2007 2008//2008 2007//2007 
f 2007//2007 2008//2008 2009//2009 
f 2008//2008 2010//2010 2009//2009 
f 2009//2009 2010//2010 2011//2011 
f 2010//2010 2012//2012 2011//2011 
f 2011//2011 2012//2012 2013//2013 
f 2012//2012 2014//2014 2013//2013 
f 2013//2013 2014//2014 2015//2015 
f 2014//2014 2016//2016 2015//2015 
f 2015//2015 2016//2016 2016//2016 
f 2016//2016 2008//2008 2016//2016 
f 2016//2016 2008//2008 2008//2008 
f 2008//2008 2017//2017 2008//2008 
f 2008//2008 2017//2017 2010//2010 
f 2017//2017 2018//2018 2010//2010 
f 2010//2010 2018//2018 2012//2012 
f 2018//2018 2019//2019 2012//2012 
f 2012//2012 2019//2019 2014//2014 
f 2019//2019 2020//2020 2014//2014 
f 2014//2014 2020//2020 2016//2016 
f 2020//2020 2021//2021 2016//2016 
f 2016//2016 2021//2021 2021//2021 
f 2021//2021 2017//2017 2021//2021 
f 2021//2021 2017//2017 2017//2017 
f 2017//2017 2022//2022 2017//2017 
f 2017//2017 2022//2022 2018//2018 
f 2022//2022 2023//2023 2018//2018 
f 2018//2018 2023//2023 2019//2019 
f 2023//2023 2024//2024 2019//2019 
f 2019//2019 2024//2024 2025//2025 
f 2024//2024 2026//2026 2025//2025 
f 2025//2025 2026//2026 2027//2027 
f 2026//2026 2028//2028 2027//2027 
f 2027//2027 2028//2028 2029//2029 
f 2028//2028 2030//2030 2029//2029 
f 2029//2029 2030//2030 2031//2031 
f 2030//2030 2032//2032 2031//2031 
f 2031//2031 2032//2032 2032//2032 
f 2032//2032 2022//2022 2032//2032 
f 2032//2032 2022//2022 2022//2022 
f 2022//2022 2033//2033 2022//2022 
f 2022//2022 2033//2033 2023//2023 
f 2033//2033 2034//2034 2023//2023 
f 2023//2023 2034//2034 2024//2024 
f 2034//2034 2035//2035 2024//2024 
f 2024//2024 2035//2035 2026//2026 
f 2035//2035 2036//2036 2026//2026 
f 2026//2026 2036//2036 2028//2028 
f 2036//2036 2037//2037 2028//2028 
f 2028//2028 2037//2037 2030//2030 
f 2037//2037 2038//2038 2030//2030 
f 2030//2030 2038//2038 2032//2032 
f 2038//2038 2039//2039 2032//2032 
f 2032//2032 2039//2039 2039//2039 
f 2039//2039 2035//2035 2039//2039 
f 2039//2039 2035//2035 2035//2035 
f 2035//2035 2040//2040 2035//2035 
f 2035//2035 2040//2040 2036//2036 
f 2040//2040 2041//2041 2036//2036 
f 2036//2036 2041//2041 2037//2037 
f 2041//2041 2042//2042 2037//2037 
f 2037//2037 2042//2042 2043//2043 
f 2042//2042 2044//2044 2043//2043 
f 2043//2043 2044//2044 2045//2045 
f 2044//2044 2046//2046 2045//2045 
f 2045//2045 2046//2046 2046//2046 
f 2046//2046 2040//2040 2046//2046 
f 2046//2046 2040//2040 2040//2040 
f 2040//2040 2047//2047 2040//2040 
f 2040//2040 2047//2047 2041//2041 
f 2047//2047 2048//2048 2041//2041 
f 2041//2041 2048//2048 2042//2042 
f 2048//2048 2049//2049 2042//2042 
f 2042//2042 2049//2049 2044//2044 
f 2049//2049 2050//2050 2044//2044 
f 2044//2044 2050//2050 2046//2046 
f 2050//2050 2051//2051 2046//2046 
f 2046//2046 2051//2051 2051//2051 
f 2051//2051 2050//2050 2051//2051 
f 2051//2051 2050//2050 2052//2052 
f 2050//2050 2049//2049 2052//2052 
f 2052//2052 2049//2049 2049//2049 
f 2049//2049 2007//2007 2049//2049 
f 2049//2049 2007//2007 2007//2007 
f 2007//2007 2009//2009 2007//2007 
f 2007//2007 2009//2009 2053//2053 
f 2009//2009 2054//2054 2053//2053 
f 2053//2053 2054//2054 2055//2055 
f 2054//2054 2056//2056 2055//2055 
f 2055//2055 2056//2056 2056//2056 
f 2056//2056 2009//2009 2056//2056 
f 2056//2056 2009//2009 2009//2009 
f 2009//2009 2011//2011 2009//2009 
f 2009//2009 2011//2011 2054//2054 
f 2011//2011 2013//2013 2054//2054 
f 2054//2054 2013//2013 2057//2057 
f 2013//2013 2058//2058 2057//2057 
f 2057//2057 2058//2058 2059//2059 
f 2058//2058 2059//2059 2059//2059 
f 2059//2059 2059//2059 2059//2059 
f 2059//2059 2056//2056 2059//2059 
f 2059//2059 2056//2056 2057//2057 
f 2056//2056 2054//2054 2057//2057 
f 2057//2057 2054//2054 2054//2054 
f 2054//2054 2027//2027 2054//2054 
f 2054//2054 2027//2027 2027//2027 
f 2027//2027 2029//2029 2027//2027 
f 2027//2027 2029//2029 2025//2025 
f 2029//2029 2060//2060 2025//2025 
f 2025//2025 2060//2060 2019//2019 
f 2060//2060 2020//2020 2019//2019 
f 2019//2019 2020//2020 2020//2020 
f 2020//2020 2029//2029 2020//2020 
f 2020//2020 2029//2029 2029//2029 
f 2029//2029 2031//2031 2029//2029 
f 2029//2029 2031//2031 2060//2060 
f 2031//2031 2061//2061 2060//2060 
f 2060//2060 2061//2061 2020//2020 
f 2061//2061 2021//2021 2020//2020 
f 2020//2020 2021//2021 2021//2021 
f 2021//2021 2039//2039 2021//2021 
f 2021//2021 2039//2039 2039//2039 
f 2039//2039 2038//2038 2039//2039 
f 2039//2039 2038//2038 2062//2062 
f 2038//2038 2063//2063 2062//2062 
f 2062//2062 2063//2063 2064//2064 
f 2063//2063 2065//2065 2064//2064 
f 2064//2064 2065//2065 2066//2066 
f 2065//2065 2067//2067 2066//2066 
f 2066//2066 2067//2067 2068//2068 
f 2067//2067 2069//2069 2068//2068 
f 2068//2068 2069//2069 2069//2069 
f 2069//2069 2067//2067 2069//2069 
f 2069//2069 2067//2067 2045//2045 
f 2067//2067 2065//2065 2045//2045 
f 2045//2045 2065//2065 2043//2043 
f 2065//2065 2063//2063 2043//2043 
f 2043//2043 2063//2063 2037//2037 
f 2063//2063 2038//2038 2037//2037 
f 2037//2037 2038//2038 2038//2038 
f 2038//2038 2070//2070 2038//2038 
f 2038//2038 2070//2070 2070//2070 
f 2070//2070 2071//2071 2070//2070 
f 2070//2070 2071//2071 2072//2072 
f 2071//2071 2073//2073 2072//2072 
f 2072//2072 2073//2073 2074//2074 
f 2073//2073 2075//2075 2074//2074 
f 2074//2074 2075//2075 2076//2076 
f 2075//2075 2076//2076 2076//2076 
f 2076//2076 2076//2076 2076//2076 
f 2076//2076 2077//2077 2076//2076 
f 2076//2076 2077//2077 2074//2074 
f 2077//2077 2078//2078 2074//2074 
f 2074//2074 2078//2078 2072//2072 
f 2078//2078 2079//2079 2072//2072 
f 2072//2072 2079//2079 2070//2070 
f 2079//2079 2080//2080 2070//2070 
f 2070//2070 2080//2080 2080//2080 
f 2080//2080 2078//2078 2080//2080 
f 2080//2080 2078//2078 2078//2078 
f 2078//2078 2081//2081 2078//2078 
f 2078//2078 2081//2081 2079//2079 
f 2081//2081 2082//2082 2079//2079 
f 2079//2079 2082//2082 2080//2080 
f 2082//2082 2080//2080 2080//2080 
f 2080//2080 2080//2080 2082//2082 
f 2080//2080 2082//2082 2082//2082 
f 2082//2082 2082//2082 2082//2082 
f 2082//2082 2081//2081 2082//2082 
f 2082//2082 2081//2081 2083//2083 
f 2081//2081 2084//2084 2083//2083 
f 2083//2083 2084//2084 2085//2085 
f 2084//2084 2086//2086 2085//2085 
f 2085//2085 2086//2086 2087//2087 
f 2086//2086 2088//2088 2087//2087 
f 2087//2087 2088//2088 2089//2089 
f 2088//2088 2090//2090 2089//2089 
f 2089//2089 2090//2090 2091//2091 
f 2090//2090 2091//2091 2091//2091 
f 2091//2091 2091//2091 2081//2081 
f 2091//2091 2081//2081 2081//2081 
f 2081//2081 2081//2081 2081//2081 
f 2081//2081 2092//2092 2081//2081 
f 2081//2081 2092//2092 2084//2084 
f 2092//2092 2093//2093 2084//2084 
f 2084//2084 2093//2093 2086//2086 
f 2093//2093 2094//2094 2086//2086 
f 2086//2086 2094//2094 2088//2088 
f 2094//2094 2095//2095 2088//2088 
f 2088//2088 2095//2095 2090//2090 
f 2095//2095 2090//2090 2090//2090 
f 2090//2090 2090//2090 2081//2081 
f 2090//2090 2081//2081 2081//2081 
f 2081//2081 2081//2081 2081//2081 
f 2081//2081 2078//2078 2081//2081 
f 2081//2081 2078//2078 2092//2092 
f 2078//2078 2096//2096 2092//2092 
f 2092//2092 2096//2096 2094//2094 
f 2096//2096 2095//2095 2094//2094 
f 2094//2094 2095//2095 2095//2095 
f 2095//2095 2096//2096 2095//2095 
f 2095//2095 2096//2096 2096//2096 
f 2096//2096 2078//2078 2096//2096 
f 2096//2096 2078//2078 2097//2097 
f 2078//2078 2077//2077 2097//2097 
f 2097//2097 2077//2077 2098//2098 
f 2077//2077 2099//2099 2098//2098 
f 2098//2098 2099//2099 2099//2099 
f 2099//2099 2098//2098 2099//2099 
f 2099//2099 2098//2098 2098//2098 
f 2098//2098 2100//2100 2098//2098 
f 2098//2098 2100//2100 2097//2097 
f 2100//2100 2101//2101 2097//2097 
f 2097//2097 2101//2101 2096//2096 
f 2101//2101 2095//2095 2096//2096 
f 2096//2096 2095//2095 2095//2095 
f 2095//2095 2083//2083 2095//2095 
f 2095//2095 2083//2083 2083//2083 
f 2083//2083 2085//2085 2083//2083 
f 2083//2083 2085//2085 2102//2102 
f 2085//2085 2103//2103 2102//2102 
f 2102//2102 2103//2103 2104//2104 
f 2103//2103 2105//2105 2104//2104 
f 2104//2104 2105//2105 2105//2105 
f 2105//2105 2085//2085 2105//2105 
f 2105//2105 2085//2085 2085//2085 
f 2085//2085 2087//2087 2085//2085 
f 2085//2085 2087//2087 2103//2103 
f 2087//2087 2106//2106 2103//2103 
f 2103//2103 2106//2106 2105//2105 
f 2106//2106 2107//2107 2105//2105 
f 2105//2105 2107//2107 2107//2107 
f 2107//2107 2087//2087 2107//2107 
f 2107//2107 2087//2087 2087//2087 
f 2087//2087 2108//2108 2087//2087 
f 2087//2087 2108//2108 2106//2106 
f 2108//2108 2109//2109 2106//2106 
f 2106//2106 2109//2109 2107//2107 
f 2109//2109 2110//2110 2107//2107 
f 2107//2107 2110//2110 2111//2111 
f 2110//2110 2112//2112 2111//2111 
f 2111//2111 2112//2112 2113//2113 
f 2112//2112 2114//2114 2113//2113 
f 2113//2113 2114//2114 2115//2115 
f 2114//2114 2116//2116 2115//2115 
f 2115//2115 2116//2116 2116//2116 
f 2116//2116 2114//2114 2116//2116 
f 2116//2116 2114//2114 2117//2117 
f 2114//2114 2112//2112 2117//2117 
f 2117//2117 2112//2112 2118//2118 
f 2112//2112 2110//2110 2118//2118 
f 2118//2118 2110//2110 2119//2119 
f 2110//2110 2109//2109 2119//2119 
f 2119//2119 2109//2109 2120//2120 
f 2109//2109 2108//2108 2120//2120 
f 2120//2120 2108//2108 2121//2121 
f 2108//2108 2122//2122 2121//2121 
f 2121//2121 2122//2122 2123//2123 
f 2122//2122 2124//2124 2123//2123 
f 2123//2123 2124//2124 2124//2124 
f 2124//2124 2108//2108 2124//2124 
f 2124//2124 2108//2108 2108//2108 
f 2108//2108 2087//2087 2108//2108 
f 2108//2108 2087//2087 2122//2122 
f 2087//2087 2089//2089 2122//2122 
f 2122//2122 2089//2089 2124//2124 
f 2089//2089 2091//2091 2124//2124 
f 2124//2124 2091//2091 2091//2091 
f 2091//2091 2120//2120 2091//2091 
f 2091//2091 2120//2120 2120//2120 
f 2120//2120 2121//2121 2120//2120 
f 2120//2120 2121//2121 2119//2119 
f 2121//2121 2125//2125 2119//2119 
f 2119//2119 2125//2125 2118//2118 
f 2125//2125 2126//2126 2118//2118 
f 2118//2118 2126//2126 2127//2127 
f 2126//2126 2128//2128 2127//2127 
f 2127//2127 2128//2128 2129//2129 
f 2128//2128 2129//2129 2129//2129 
f 2129//2129 2129//2129 2121//2121 
f 2129//2129 2121//2121 2121//2121 
f 2121//2121 2121//2121 2121//2121 
f 2121//2121 2123//2123 2121//2121 
f 2121//2121 2123//2123 2125//2125 
f 2123//2123 2130//2130 2125//2125 
f 2125//2125 2130//2130 2126//2126 
f 2130//2130 2131//2131 2126//2126 
f 2126//2126 2131//2131 2128//2128 
f 2131//2131 2128//2128 2128//2128 
f 2128//2128 2128//2128 2118//2118 
f 2128//2128 2118//2118 2118//2118 
f 2118//2118 2118//2118 2118//2118 
f 2118//2118 2127//2127 2118//2118 
f 2118//2118 2127//2127 2132//2132 
f 2127//2127 2129//2129 2132//2132 
f 2132//2132 2129//2129 2129//2129 
f 2129//2129 2133//2133 2129//2129 
f 2129//2129 2133//2133 2133//2133 
f 2133//2133 2134//2134 2133//2133 
f 2133//2133 2134//2134 2135//2135 
f 2134//2134 2136//2136 2135//2135 
f 2135//2135 2136//2136 2137//2137 
f 2136//2136 2138//2138 2137//2137 
f 2137//2137 2138//2138 2139//2139 
f 2138//2138 2140//2140 2139//2139 
f 2139//2139 2140//2140 2141//2141 
f 2140//2140 2142//2142 2141//2141 
f 2141//2141 2142//2142 2143//2143 
f 2142//2142 2144//2144 2143//2143 
f 2143//2143 2144//2144 2145//2145 
f 2144//2144 2146//2146 2145//2145 
f 2145//2145 2146//2146 2146//2146 
f 2146//2146 2145//2145 2146//2146 
f 2146//2146 2145//2145 2145//2145 
f 2145//2145 2147//2147 2145//2145 
f 2145//2145 2147//2147 2143//2143 
f 2147//2147 2148//2148 2143//2143 
f 2143//2143 2148//2148 2141//2141 
f 2148//2148 2149//2149 2141//2141 
f 2141//2141 2149//2149 2139//2139 
f 2149//2149 2150//2150 2139//2139 
f 2139//2139 2150//2150 2137//2137 
f 2150//2150 2151//2151 2137//2137 
f 2137//2137 2151//2151 2135//2135 
f 2151//2151 2152//2152 2135//2135 
f 2135//2135 2152//2152 2133//2133 
f 2152//2152 2153//2153 2133//2133 
f 2133//2133 2153//2153 2153//2153 
f 2153//2153 2149//2149 2153//2153 
f 2153//2153 2149//2149 2149//2149 
f 2149//2149 2154//2154 2149//2149 
f 2149//2149 2154//2154 2150//2150 
f 2154//2154 2155//2155 2150//2150 
f 2150//2150 2155//2155 2151//2151 
f 2155//2155 2156//2156 2151//2151 
f 2151//2151 2156//2156 2157//2157 
f 2156//2156 2158//2158 2157//2157 
f 2157//2157 2158//2158 2159//2159 
f 2158//2158 2160//2160 2159//2159 
f 2159//2159 2160//2160 2161//2161 
f 2160//2160 2162//2162 2161//2161 
f 2161//2161 2162//2162 2163//2163 
f 2162//2162 2164//2164 2163//2163 
f 2163//2163 2164//2164 2164//2164 
f 2164//2164 2154//2154 2164//2164 
f 2164//2164 2154//2154 2154//2154 
f 2154//2154 2165//2165 2154//2154 
f 2154//2154 2165//2165 2155//2155 
f 2165//2165 2166//2166 2155//2155 
f 2155//2155 2166//2166 2156//2156 
f 2166//2166 2167//2167 2156//2156 
f 2156//2156 2167//2167 2158//2158 
f 2167//2167 2168//2168 2158//2158 
f 2158//2158 2168//2168 2160//2160 
f 2168//2168 2169//2169 2160//2160 
f 2160//2160 2169//2169 2162//2162 
f 2169//2169 2170//2170 2162//2162 
f 2162//2162 2170//2170 2164//2164 
f 2170//2170 2171//2171 2164//2164 
f 2164//2164 2171//2171 2171//2171 
f 2171//2171 2167//2167 2171//2171 
f 2171//2171 2167//2167 2167//2167 
f 2167//2167 2172//2172 2167//2167 
f 2167//2167 2172//2172 2168//2168 
f 2172//2172 2173//2173 2168//2168 
f 2168//2168 2173//2173 2169//2169 
f 2173//2173 2174//2174 2169//2169 
f 2169//2169 2174//2174 2175//2175 
f 2174//2174 2176//2176 2175//2175 
f 2175//2175 2176//2176 2177//2177 
f 2176//2176 2177//2177 2177//2177 
f 2177//2177 2177//2177 2172//2172 
f 2177//2177 2172//2172 2172//2172 
f 2172//2172 2172//2172 2172//2172 
f 2172//2172 2178//2178 2172//2172 
f 2172//2172 2178//2178 2173//2173 
f 2178//2178 2179//2179 2173//2173 
f 2173//2173 2179//2179 2174//2174 
f 2179//2179 2180//2180 2174//2174 
f 2174//2174 2180//2180 2176//2176 
f 2180//2180 2176//2176 2176//2176 
f 2176//2176 2176//2176 2142//2142 
f 2176//2176 2142//2142 2142//2142 
f 2142//2142 2142//2142 2142//2142 
f 2142//2142 2181//2181 2142//2142 
f 2142//2142 2181//2181 2144//2144 
f 2181//2181 2146//2146 2144//2144 
f 2144//2144 2146//2146 2146//2146 
f 2146//2146 2159//2159 2146//2146 
f 2146//2146 2159//2159 2159//2159 
f 2159//2159 2161//2161 2159//2159 
f 2159//2159 2161//2161 2157//2157 
f 2161//2161 2182//2182 2157//2157 
f 2157//2157 2182//2182 2151//2151 
f 2182//2182 2152//2152 2151//2151 
f 2151//2151 2152//2152 2152//2152 
f 2152//2152 2161//2161 2152//2152 
f 2152//2152 2161//2161 2161//2161 
f 2161//2161 2163//2163 2161//2161 
f 2161//2161 2163//2163 2182//2182 
f 2163//2163 2183//2183 2182//2182 
f 2182//2182 2183//2183 2152//2152 
f 2183//2183 2153//2153 2152//2152 
f 2152//2152 2153//2153 2153//2153 
f 2153//2153 2177//2177 2153//2153 
f 2153//2153 2177//2177 2177//2177 
f 2177//2177 2184//2184 2177//2177 
f 2177//2177 2184//2184 2175//2175 
f 2184//2184 2185//2185 2175//2175 
f 2175//2175 2185//2185 2169//2169 
f 2185//2185 2170//2170 2169//2169 
f 2169//2169 2170//2170 2170//2170 
f 2170//2170 2184//2184 2170//2170 
f 2170//2170 2184//2184 2184//2184 
f 2184//2184 2186//2186 2184//2184 
f 2184//2184 2186//2186 2185//2185 
f 2186//2186 2187//2187 2185//2185 
f 2185//2185 2187//2187 2170//2170 
f 2187//2187 2171//2171 2170//2170 
f 2170//2170 2171//2171 2171//2171 
f 2171//2171 2138//2138 2171//2171 
f 2171//2171 2138//2138 2138//2138 
f 2138//2138 2136//2136 2138//2138 
f 2138//2138 2136//2136 2140//2140 
f 2136//2136 2188//2188 2140//2140 
f 2140//2140 2188//2188 2142//2142 
f 2188//2188 2189//2189 2142//2142 
f 2142//2142 2189//2189 2190//2190 
f 2189//2189 2191//2191 2190//2190 
f 2190//2190 2191//2191 2192//2192 
f 2191//2191 2193//2193 2192//2192 
f 2192//2192 2193//2193 2193//2193 
f 2193//2193 2191//2191 2193//2193 
f 2193//2193 2191//2191 2194//2194 
f 2191//2191 2189//2189 2194//2194 
f 2194//2194 2189//2189 2195//2195 
f 2189//2189 2188//2188 2195//2195 
f 2195//2195 2188//2188 2134//2134 
f 2188//2188 2136//2136 2134//2134 
f 2134//2134 2136//2136 2136//2136 
f 2136//2136 2196//2196 2136//2136 
f 2136//2136 2196//2196 2196//2196 
f 2196//2196 2197//2197 2196//2196 
f 2196//2196 2197//2197 2198//2198 
f 2197//2197 2199//2199 2198//2198 
f 2198//2198 2199//2199 2200//2200 
f 2199//2199 2201//2201 2200//2200 
f 2200//2200 2201//2201 2202//2202 
f 2201//2201 2203//2203 2202//2202 
f 2202//2202 2203//2203 2204//2204 
f 2203//2203 2205//2205 2204//2204 
f 2204//2204 2205//2205 2206//2206 
f 2205//2205 2207//2207 2206//2206 
f 2206//2206 2207//2207 2208//2208 
f 2207//2207 2208//2208 2208//2208 
f 2208//2208 2208//2208 2197//2197 
f 2208//2208 2197//2197 2197//2197 
f 2197//2197 2197//2197 2197//2197 
f 2197//2197 2209//2209 2197//2197 
f 2197//2197 2209//2209 2199//2199 
f 2209//2209 2210//2210 2199//2199 
f 2199//2199 2210//2210 2201//2201 
f 2210//2210 2211//2211 2201//2201 
f 2201//2201 2211//2211 2203//2203 
f 2211//2211 2212//2212 2203//2203 
f 2203//2203 2212//2212 2205//2205 
f 2212//2212 2213//2213 2205//2205 
f 2205//2205 2213//2213 2207//2207 
f 2213//2213 2207//2207 2207//2207 
f 2207//2207 2207//2207 2211//2211 
f 2207//2207 2211//2211 2211//2211 
f 2211//2211 2211//2211 2211//2211 
f 2211//2211 2210//2210 2211//2211 
f 2211//2211 2210//2210 2212//2212 
f 2210//2210 2214//2214 2212//2212 
f 2212//2212 2214//2214 2213//2213 
f 2214//2214 2215//2215 2213//2213 
f 2213//2213 2215//2215 2215//2215 
f 2215//2215 2210//2210 2215//2215 
f 2215//2215 2210//2210 2210//2210 
f 2210//2210 2209//2209 2210//2210 
f 2210//2210 2209//2209 2214//2214 
f 2209//2209 2216//2216 2214//2214 
f 2214//2214 2216//2216 2215//2215 
f 2216//2216 2217//2217 2215//2215 
f 2215//2215 2217//2217 2217//2217 
f 2217//2217 2209//2209 2217//2217 
f 2217//2217 2209//2209 2209//2209 
f 2209//2209 2218//2218 2209//2209 
f 2209//2209 2218//2218 2216//2216 
f 2218//2218 2219//2219 2216//2216 
f 2216//2216 2219//2219 2217//2217 
f 2219//2219 2217//2217 2217//2217 
f 2217//2217 2217//2217 2218//2218 
f 2217//2217 2218//2218 2218//2218 
f 2218//2218 2218//2218 2218//2218 
f 2218//2218 2209//2209 2218//2218 
f 2218//2218 2209//2209 2220//2220 
f 2209//2209 2197//2197 2220//2220 
f 2220//2220 2197//2197 2221//2221 
f 2197//2197 2196//2196 2221//2221 
f 2221//2221 2196//2196 2222//2222 
f 2196//2196 2222//2222 2222//2222 
f 2222//2222 2222//2222 2222//2222 
f 2222//2222 2223//2223 2222//2222 
f 2222//2222 2223//2223 2221//2221 
f 2223//2223 2224//2224 2221//2221 
f 2221//2221 2224//2224 2220//2220 
f 2224//2224 2225//2225 2220//2220 
f 2220//2220 2225//2225 2226//2226 
f 2225//2225 2226//2226 2226//2226 
f 2226//2226 2226//2226 2220//2220 
f 2226//2226 2220//2220 2220//2220 
f 2220//2220 2220//2220 2220//2220 
f 2220//2220 2226//2226 2220//2220 
f 2220//2220 2226//2226 2218//2218 
f 2226//2226 2227//2227 2218//2218 
f 2218//2218 2227//2227 2219//2219 
f 2227//2227 2219//2219 2219//2219 
f 2219//2219 2219//2219 2200//2200 
f 2219//2219 2200//2200 2200//2200 
f 2200//2200 2200//2200 2200//2200 
f 2200//2200 2202//2202 2200//2200 
f 2200//2200 2202//2202 2228//2228 
f 2202//2202 2229//2229 2228//2228 
f 2228//2228 2229//2229 2230//2230 
f 2229//2229 2231//2231 2230//2230 
f 2230//2230 2231//2231 2231//2231 
f 2231//2231 2202//2202 2231//2231 
f 2231//2231 2202//2202 2202//2202 
f 2202//2202 2204//2204 2202//2202 
f 2202//2202 2204//2204 2229//2229 
f 2204//2204 2232//2232 2229//2229 
f 2229//2229 2232//2232 2231//2231 
f 2232//2232 2233//2233 2231//2231 
f 2231//2231 2233//2233 2233//2233 
f 2233//2233 2204//2204 2233//2233 
f 2233//2233 2204//2204 2204//2204 
f 2204//2204 2234//2234 2204//2204 
f 2204//2204 2234//2234 2232//2232 
f 2234//2234 2235//2235 2232//2232 
f 2232//2232 2235//2235 2233//2233 
f 2235//2235 2236//2236 2233//2233 
f 2233//2233 2236//2236 2237//2237 
f 2236//2236 2238//2238 2237//2237 
f 2237//2237 2238//2238 2239//2239 
f 2238//2238 2240//2240 2239//2239 
f 2239//2239 2240//2240 2241//2241 
f 2240//2240 2242//2242 2241//2241 
f 2241//2241 2242//2242 2242//2242 
f 2242//2242 2240//2240 2242//2242 
f 2242//2242 2240//2240 2243//2243 
f 2240//2240 2238//2238 2243//2243 
f 2243//2243 2238//2238 2244//2244 
f 2238//2238 2236//2236 2244//2244 
f 2244//2244 2236//2236 2245//2245 
f 2236//2236 2235//2235 2245//2245 
f 2245//2245 2235//2235 2246//2246 
f 2235//2235 2234//2234 2246//2246 
f 2246//2246 2234//2234 2247//2247 
f 2234//2234 2248//2248 2247//2247 
f 2247//2247 2248//2248 2249//2249 
f 2248//2248 2250//2250 2249//2249 
f 2249//2249 2250//2250 2250//2250 
f 2250//2250 2234//2234 2250//2250 
f 2250//2250 2234//2234 2234//2234 
f 2234//2234 2204//2204 2234//2234 
f 2234//2234 2204//2204 2248//2248 
f 2204//2204 2206//2206 2248//2248 
f 2248//2248 2206//2206 2250//2250 
f 2206//2206 2208//2208 2250//2250 
f 2250//2250 2208//2208 2208//2208 
f 2208//2208 2246//2246 2208//2208 
f 2208//2208 2246//2246 2246//2246 
f 2246//2246 2247//2247 2246//2246 
f 2246//2246 2247//2247 2245//2245 
f 2247//2247 2251//2251 2245//2245 
f 2245//2245 2251//2251 2244//2244 
f 2251//2251 2252//2252 2244//2244 
f 2244//2244 2252//2252 2253//2253 
f 2252//2252 2254//2254 2253//2253 
f 2253//2253 2254//2254 2255//2255 
f 2254//2254 2255//2255 2255//2255 
f 2255//2255 2255//2255 2247//2247 
f 2255//2255 2247//2247 2247//2247 
f 2247//2247 2247//2247 2247//2247 
f 2247//2247 2249//2249 2247//2247 
f 2247//2247 2249//2249 2251//2251 
f 2249//2249 2256//2256 2251//2251 
f 2251//2251 2256//2256 2252//2252 
f 2256//2256 2257//2257 2252//2252 
f 2252//2252 2257//2257 2254//2254 
f 2257//2257 2254//2254 2254//2254 
f 2254//2254 2254//2254 2255//2255 
f 2254//2254 2255//2255 2255//2255 
f 2255//2255 2255//2255 2255//2255 
f 2255//2255 2258//2258 2255//2255 
f 2255//2255 2258//2258 2253//2253 
f 2258//2258 2244//2244 2253//2253 
f 2253//2253 2244//2244 2244//2244 
f 2244//2244 2259//2259 2244//2244 
f 2244//2244 2259//2259 2259//2259 
f 2259//2259 2260//2260 2259//2259 
f 2259//2259 2260//2260 2261//2261 
f 2260//2260 2262//2262 2261//2261 
f 2261//2261 2262//2262 2263//2263 
f 2262//2262 2264//2264 2263//2263 
f 2263//2263 2264//2264 2265//2265 
f 2264//2264 2266//2266 2265//2265 
f 2265//2265 2266//2266 2266//2266 
f 2266//2266 2260//2260 2266//2266 
f 2266//2266 2260//2260 2260//2260 
f 2260//2260 2267//2267 2260//2260 
f 2260//2260 2267//2267 2262//2262 
f 2267//2267 2268//2268 2262//2262 
f 2262//2262 2268//2268 2264//2264 
f 2268//2268 2269//2269 2264//2264 
f 2264//2264 2269//2269 2266//2266 
f 2269//2269 2270//2270 2266//2266 
f 2266//2266 2270//2270 2270//2270 
f 2270//2270 2268//2268 2270//2270 
f 2270//2270 2268//2268 2268//2268 
f 2268//2268 2271//2271 2268//2268 
f 2268//2268 2271//2271 2269//2269 
f 2271//2271 2272//2272 2269//2269 
f 2269//2269 2272//2272 2270//2270 
f 2272//2272 2270//2270 2270//2270 
f 2270//2270 2270//2270 2272//2272 
f 2270//2270 2272//2272 2272//2272 
f 2272//2272 2272//2272 2272//2272 
f 2272//2272 2271//2271 2272//2272 
f 2272//2272 2271//2271 2273//2273 
f 2271//2271 2274//2274 2273//2273 
f 2273//2273 2274//2274 2275//2275 
f 2274//2274 2276//2276 2275//2275 
f 2275//2275 2276//2276 2277//2277 
f 2276//2276 2278//2278 2277//2277 
f 2277//2277 2278//2278 2279//2279 
f 2278//2278 2280//2280 2279//2279 
f 2279//2279 2280//2280 2281//2281 
f 2280//2280 2281//2281 2281//2281 
f 2281//2281 2281//2281 2271//2271 
f 2281//2281 2271//2271 2271//2271 
f 2271//2271 2271//2271 2271//2271 
f 2271//2271 2282//2282 2271//2271 
f 2271//2271 2282//2282 2274//2274 
f 2282//2282 2283//2283 2274//2274 
f 2274//2274 2283//2283 2276//2276 
f 2283//2283 2284//2284 2276//2276 
f 2276//2276 2284//2284 2278//2278 
f 2284//2284 2285//2285 2278//2278 
f 2278//2278 2285//2285 2280//2280 
f 2285//2285 2280//2280 2280//2280 
f 2280//2280 2280//2280 2271//2271 
f 2280//2280 2271//2271 2271//2271 
f 2271//2271 2271//2271 2271//2271 
f 2271//2271 2268//2268 2271//2271 
f 2271//2271 2268//2268 2282//2282 
f 2268//2268 2286//2286 2282//2282 
f 2282//2282 2286//2286 2284//2284 
f 2286//2286 2285//2285 2284//2284 
f 2284//2284 2285//2285 2285//2285 
f 2285//2285 2286//2286 2285//2285 
f 2285//2285 2286//2286 2286//2286 
f 2286//2286 2268//2268 2286//2286 
f 2286//2286 2268//2268 2287//2287 
f 2268//2268 2267//2267 2287//2287 
f 2287//2287 2267//2267 2288//2288 
f 2267//2267 2289//2289 2288//2288 
f 2288//2288 2289//2289 2289//2289 
f 2289//2289 2288//2288 2289//2289 
f 2289//2289 2288//2288 2288//2288 
f 2288//2288 2290//2290 2288//2288 
f 2288//2288 2290//2290 2287//2287 
f 2290//2290 2291//2291 2287//2287 
f 2287//2287 2291//2291 2286//2286 
f 2291//2291 2285//2285 2286//2286 
f 2286//2286 2285//2285 2285//2285 
f 2285//2285 2265//2265 2285//2285 
f 2285//2285 2265//2265 2265//2265 
f 2265//2265 2292//2292 2265//2265 
f 2265//2265 2292//2292 2263//2263 
f 2292//2292 2293//2293 2263//2263 
f 2263//2263 2293//2293 2261//2261 
f 2293//2293 2294//2294 2261//2261 
f 2261//2261 2294//2294 2294//2294 
f 2294//2294 2293//2293 2294//2294 
f 2294//2294 2293//2293 2295//2295 
f 2293//2293 2292//2292 2295//2295 
f 2295//2295 2292//2292 2292//2292 
f 2292//2292 2281//2281 2292//2292 
f 2292//2292 2281//2281 2281//2281 
f 2281//2281 2296//2296 2281//2281 
f 2281//2281 2296//2296 2279//2279 
f 2296//2296 2297//2297 2279//2279 
f 2279//2279 2297//2297 2277//2277 
f 2297//2297 2298//2298 2277//2277 
f 2277//2277 2298//2298 2299//2299 
f 2298//2298 2300//2300 2299//2299 
f 2299//2299 2300//2300 2301//2301 
f 2300//2300 2302//2302 2301//2301 
f 2301//2301 2302//2302 2302//2302 
f 2302//2302 2296//2296 2302//2302 
f 2302//2302 2296//2296 2296//2296 
f 2296//2296 2303//2303 2296//2296 
f 2296//2296 2303//2303 2297//2297 
f 2303//2303 2304//2304 2297//2297 
f 2297//2297 2304//2304 2298//2298 
f 2304//2304 2305//2305 2298//2298 
f 2298//2298 2305//2305 2300//2300 
f 2305//2305 2306//2306 2300//2300 
f 2300//2300 2306//2306 2302//2302 
f 2306//2306 2307//2307 2302//2302 
f 2302//2302 2307//2307 2307//2307 
f 2307//2307 2303//2303 2307//2307 
f 2307//2307 2303//2303 2303//2303 
f 2303//2303 2308//2308 2303//2303 
f 2303//2303 2308//2308 2304//2304 
f 2308//2308 2309//2309 2304//2304 
f 2304//2304 2309//2309 2305//2305 
f 2309//2309 2310//2310 2305//2305 
f 2305//2305 2310//2310 2306//2306 
f 2310//2310 2311//2311 2306//2306 
f 2306//2306 2311//2311 2307//2307 
f 2311//2311 2307//2307 2307//2307 
f 2307//2307 2307//2307 2311//2311 
f 2307//2307 2311//2311 2311//2311 
f 2311//2311 2311//2311 2311//2311 
f 2311//2311 2310//2310 2311//2311 
f 2311//2311 2310//2310 2312//2312 
f 2310//2310 2309//2309 2312//2312 
f 2312//2312 2309//2309 2313//2313 
f 2309//2309 2314//2314 2313//2313 
f 2313//2313 2314//2314 2314//2314 
f 2314//2314 2301//2301 2314//2314 
f 2314//2314 2301//2301 2301//2301 
f 2301//2301 2315//2315 2301//2301 
f 2301//2301 2315//2315 2299//2299 
f 2315//2315 2316//2316 2299//2299 
f 2299//2299 2316//2316 2277//2277 
f 2316//2316 2275//2275 2277//2277 
f 2277//2277 2275//2275 2275//2275 
f 2275//2275 2315//2315 2275//2275 
f 2275//2275 2315//2315 2315//2315 
f 2315//2315 2317//2317 2315//2315 
f 2315//2315 2317//2317 2316//2316 
f 2317//2317 2318//2318 2316//2316 
f 2316//2316 2318//2318 2275//2275 
f 2318//2318 2273//2273 2275//2275 
f 2275//2275 2273//2273 2273//2273 
f 2273//2273 2267//2267 2273//2273 
f 2273//2273 2267//2267 2267//2267 
f 2267//2267 2260//2260 2267//2267 
f 2267//2267 2260//2260 2289//2289 
f 2260//2260 2319//2319 2289//2289 
f 2289//2289 2319//2319 2320//2320 
f 2319//2319 2321//2321 2320//2320 
f 2320//2320 2321//2321 2321//2321 
f 2321//2321 2319//2319 2321//2321 
f 2321//2321 2319//2319 2259//2259 
f 2319//2319 2260//2260 2259//2259 
f 2259//2259 2260//2260 2260//2260 
f 2260//2260 2322//2322 2260//2260 
f 2260//2260 2322//2322 2322//2322 
f 2322//2322 2323//2323 2322//2322 
f 2322//2322 2323//2323 2324//2324 
f 2323//2323 2325//2325 2324//2324 
f 2324//2324 2325//2325 2326//2326 
f 2325//2325 2327//2327 2326//2326 
f 2326//2326 2327//2327 2328//2328 
f 2327//2327 2329//2329 2328//2328 
f 2328//2328 2329//2329 2330//2330 
f 2329//2329 2331//2331 2330//2330 
f 2330//2330 2331//2331 2332//2332 
f 2331//2331 2333//2333 2332//2332 
f 2332//2332 2333//2333 2334//2334 
f 2333//2333 2335//2335 2334//2334 
f 2334//2334 2335//2335 2335//2335 
f 2335//2335 2323//2323 2335//2335 
f 2335//2335 2323//2323 2323//2323 
f 2323//2323 2336//2336 2323//2323 
f 2323//2323 2336//2336 2325//2325 
f 2336//2336 2337//2337 2325//2325 
f 2325//2325 2337//2337 2327//2327 
f 2337//2337 2338//2338 2327//2327 
f 2327//2327 2338//2338 2329//2329 
f 2338//2338 2339//2339 2329//2329 
f 2329//2329 2339//2339 2331//2331 
f 2339//2339 2340//2340 2331//2331 
f 2331//2331 2340//2340 2333//2333 
f 2340//2340 2341//2341 2333//2333 
f 2333//2333 2341//2341 2335//2335 
f 2341//2341 2342//2342 2335//2335 
f 2335//2335 2342//2342 2342//2342 
f 2342//2342 2338//2338 2342//2342 
f 2342//2342 2338//2338 2338//2338 
f 2338//2338 2337//2337 2338//2338 
f 2338//2338 2337//2337 2339//2339 
f 2337//2337 2343//2343 2339//2339 
f 2339//2339 2343//2343 2340//2340 
f 2343//2343 2344//2344 2340//2340 
f 2340//2340 2344//2344 2345//2345 
f 2344//2344 2346//2346 2345//2345 
f 2345//2345 2346//2346 2347//2347 
f 2346//2346 2347//2347 2347//2347 
f 2347//2347 2347//2347 2337//2337 
f 2347//2347 2337//2337 2337//2337 
f 2337//2337 2337//2337 2337//2337 
f 2337//2337 2336//2336 2337//2337 
f 2337//2337 2336//2336 2343//2343 
f 2336//2336 2348//2348 2343//2343 
f 2343//2343 2348//2348 2344//2344 
f 2348//2348 2349//2349 2344//2344 
f 2344//2344 2349//2349 2346//2346 
f 2349//2349 2346//2346 2346//2346 
f 2346//2346 2346//2346 2322//2322 
f 2346//2346 2322//2322 2322//2322 
f 2322//2322 2322//2322 2322//2322 
f 2322//2322 2324//2324 2322//2322 
f 2322//2322 2324//2324 2350//2350 
f 2324//2324 2351//2351 2350//2350 
f 2350//2350 2351//2351 2352//2352 
f 2351//2351 2353//2353 2352//2352 
f 2352//2352 2353//2353 2354//2354 
f 2353//2353 2355//2355 2354//2354 
f 2354//2354 2355//2355 2356//2356 
f 2355//2355 2357//2357 2356//2356 
f 2356//2356 2357//2357 2357//2357 
f 2357//2357 2355//2355 2357//2357 
f 2357//2357 2355//2355 2358//2358 
f 2355//2355 2353//2353 2358//2358 
f 2358//2358 2353//2353 2359//2359 
f 2353//2353 2351//2351 2359//2359 
f 2359//2359 2351//2351 2326//2326 
f 2351//2351 2324//2324 2326//2326 
f 2326//2326 2324//2324 2324//2324 
f 2324//2324 2326//2326 2324//2324 
f 2324//2324 2326//2326 2326//2326 
f 2326//2326 2360//2360 2326//2326 
f 2326//2326 2360//2360 2359//2359 
f 2360//2360 2361//2361 2359//2359 
f 2359//2359 2361//2361 2358//2358 
f 2361//2361 2362//2362 2358//2358 
f 2358//2358 2362//2362 2362//2362 
f 2362//2362 2360//2360 2362//2362 
f 2362//2362 2360//2360 2360//2360 
f 2360//2360 2326//2326 2360//2360 
f 2360//2360 2326//2326 2363//2363 
f 2326//2326 2328//2328 2363//2363 
f 2363//2363 2328//2328 2364//2364 
f 2328//2328 2330//2330 2364//2364 
f 2364//2364 2330//2330 2330//2330 
f 2330//2330 2364//2364 2330//2330 
f 2330//2330 2364//2364 2364//2364 
f 2364//2364 2365//2365 2364//2364 
f 2364//2364 2365//2365 2363//2363 
f 2365//2365 2366//2366 2363//2363 
f 2363//2363 2366//2366 2360//2360 
f 2366//2366 2367//2367 2360//2360 
f 2360//2360 2367//2367 2361//2361 
f 2367//2367 2368//2368 2361//2361 
f 2361//2361 2368//2368 2362//2362 
f 2368//2368 2369//2369 2362//2362 
f 2362//2362 2369//2369 2369//2369 
f 2369//2369 2368//2368 2369//2369 
f 2369//2369 2368//2368 2370//2370 
f 2368//2368 2367//2367 2370//2370 
f 2370//2370 2367//2367 2367//2367 
f 2367//2367 2371//2371 2367//2367 
f 2367//2367 2371//2371 2371//2371 
f 2371//2371 2372//2372 2371//2371 
f 2371//2371 2372//2372 2373//2373 
f 2372//2372 2374//2374 2373//2373 
f 2373//2373 2374//2374 2375//2375 
f 2374//2374 2376//2376 2375//2375 
f 2375//2375 2376//2376 2377//2377 
f 2376//2376 2378//2378 2377//2377 
f 2377//2377 2378//2378 2379//2379 
f 2378//2378 2380//2380 2379//2379 
f 2379//2379 2380//2380 2381//2381 
f 2380//2380 2382//2382 2381//2381 
f 2381//2381 2382//2382 2382//2382 
f 2382//2382 2380//2380 2382//2382 
f 2382//2382 2380//2380 2383//2383 
f 2380//2380 2378//2378 2383//2383 
f 2383//2383 2378//2378 2384//2384 
f 2378//2378 2376//2376 2384//2384 
f 2384//2384 2376//2376 2385//2385 
f 2376//2376 2374//2374 2385//2385 
f 2385//2385 2374//2374 2386//2386 
f 2374//2374 2372//2372 2386//2386 
f 2386//2386 2372//2372 2372//2372 
f 2372//2372 2375//2375 2372//2372 
f 2372//2372 2375//2375 2375//2375 
f 2375//2375 2377//2377 2375//2375 
f 2375//2375 2377//2377 2387//2387 
f 2377//2377 2388//2388 2387//2387 
f 2387//2387 2388//2388 2389//2389 
f 2388//2388 2390//2390 2389//2389 
f 2389//2389 2390//2390 2391//2391 
f 2390//2390 2392//2392 2391//2391 
f 2391//2391 2392//2392 2392//2392 
f 2392//2392 2390//2390 2392//2392 
f 2392//2392 2390//2390 2393//2393 
f 2390//2390 2388//2388 2393//2393 
f 2393//2393 2388//2388 2379//2379 
f 2388//2388 2377//2377 2379//2379 
f 2379//2379 2377//2377 2377//2377 
f 2377//2377 2389//2389 2377//2377 
f 2377//2377 2389//2389 2389//2389 
f 2389//2389 2394//2394 2389//2389 
f 2389//2389 2394//2394 2387//2387 
f 2394//2394 2395//2395 2387//2387 
f 2387//2387 2395//2395 2375//2375 
f 2395//2395 2396//2396 2375//2375 
f 2375//2375 2396//2396 2397//2397 
f 2396//2396 2398//2398 2397//2397 
f 2397//2397 2398//2398 2399//2399 
f 2398//2398 2400//2400 2399//2399 
f 2399//2399 2400//2400 2401//2401 
f 2400//2400 2402//2402 2401//2401 
f 2401//2401 2402//2402 2371//2371 
f 2402//2402 2403//2403 2371//2371 
f 2371//2371 2403//2403 2403//2403 
f 2403//2403 2394//2394 2403//2403 
f 2403//2403 2394//2394 2394//2394 
f 2394//2394 2404//2404 2394//2394 
f 2394//2394 2404//2404 2395//2395 
f 2404//2404 2405//2405 2395//2395 
f 2395//2395 2405//2405 2396//2396 
f 2405//2405 2406//2406 2396//2396 
f 2396//2396 2406//2406 2398//2398 
f 2406//2406 2407//2407 2398//2398 
f 2398//2398 2407//2407 2400//2400 
f 2407//2407 2408//2408 2400//2400 
f 2400//2400 2408//2408 2402//2402 
f 2408//2408 2409//2409 2402//2402 
f 2402//2402 2409//2409 2403//2403 
f 2409//2409 2410//2410 2403//2403 
f 2403//2403 2410//2410 2410//2410 
f 2410//2410 2406//2406 2410//2410 
f 2410//2410 2406//2406 2406//2406 
f 2406//2406 2411//2411 2406//2406 
f 2406//2406 2411//2411 2407//2407 
f 2411//2411 2412//2412 2407//2407 
f 2407//2407 2412//2412 2408//2408 
f 2412//2412 2413//2413 2408//2408 
f 2408//2408 2413//2413 2414//2414 
f 2413//2413 2415//2415 2414//2414 
f 2414//2414 2415//2415 2416//2416 
f 2415//2415 2417//2417 2416//2416 
f 2416//2416 2417//2417 2418//2418 
f 2417//2417 2419//2419 2418//2418 
f 2418//2418 2419//2419 2420//2420 
f 2419//2419 2420//2420 2420//2420 
f 2420//2420 2420//2420 2411//2411 
f 2420//2420 2411//2411 2411//2411 
f 2411//2411 2411//2411 2411//2411 
f 2411//2411 2421//2421 2411//2411 
f 2411//2411 2421//2421 2412//2412 
f 2421//2421 2422//2422 2412//2412 
f 2412//2412 2422//2422 2413//2413 
f 2422//2422 2423//2423 2413//2413 
f 2413//2413 2423//2423 2415//2415 
f 2423//2423 2424//2424 2415//2415 
f 2415//2415 2424//2424 2417//2417 
f 2424//2424 2425//2425 2417//2417 
f 2417//2417 2425//2425 2419//2419 
f 2425//2425 2419//2419 2419//2419 
f 2419//2419 2419//2419 2371//2371 
f 2419//2419 2371//2371 2371//2371 
f 2371//2371 2371//2371 2371//2371 
f 2371//2371 2373//2373 2371//2371 
f 2371//2371 2373//2373 2401//2401 
f 2373//2373 2397//2397 2401//2401 
f 2401//2401 2397//2397 2399//2399 
f 2397//2397 2399//2399 2399//2399 
f 2399//2399 2399//2399 2410//2410 
f 2399//2399 2410//2410 2410//2410 
f 2410//2410 2410//2410 2410//2410 
f 2410//2410 2409//2409 2410//2410 
f 2410//2410 2409//2409 2426//2426 
f 2409//2409 2427//2427 2426//2426 
f 2426//2426 2427//2427 2428//2428 
f 2427//2427 2429//2429 2428//2428 
f 2428//2428 2429//2429 2430//2430 
f 2429//2429 2431//2431 2430//2430 
f 2430//2430 2431//2431 2432//2432 
f 2431//2431 2433//2433 2432//2432 
f 2432//2432 2433//2433 2433//2433 
f 2433//2433 2409//2409 2433//2433 
f 2433//2433 2409//2409 2409//2409 
f 2409//2409 2408//2408 2409//2409 
f 2409//2409 2408//2408 2427//2427 
f 2408//2408 2414//2414 2427//2427 
f 2427//2427 2414//2414 2429//2429 
f 2414//2414 2416//2416 2429//2429 
f 2429//2429 2416//2416 2418//2418 
f 2416//2416 2418//2418 2418//2418 
f 2418//2418 2418//2418 2429//2429 
f 2418//2418 2429//2429 2429//2429 
f 2429//2429 2429//2429 2429//2429 
f 2429//2429 2418//2418 2429//2429 
f 2429//2429 2418//2418 2431//2431 
f 2418//2418 2433//2433 2431//2431 
f 2431//2431 2433//2433 2433//2433 
f 2433//2433 2434//2434 2433//2433 
f 2433//2433 2434//2434 2434//2434 
f 2434//2434 2435//2435 2434//2434 
f 2434//2434 2435//2435 2436//2436 
f 2435//2435 2437//2437 2436//2436 
f 2436//2436 2437//2437 2438//2438 
f 2437//2437 2439//2439 2438//2438 
f 2438//2438 2439//2439 2440//2440 
f 2439//2439 2441//2441 2440//2440 
f 2440//2440 2441//2441 2442//2442 
f 2441//2441 2443//2443 2442//2442 
f 2442//2442 2443//2443 2444//2444 
f 2443//2443 2445//2445 2444//2444 
f 2444//2444 2445//2445 2446//2446 
f 2445//2445 2447//2447 2446//2446 
f 2446//2446 2447//2447 2448//2448 
f 2447//2447 2449//2449 2448//2448 
f 2448//2448 2449//2449 2450//2450 
f 2449//2449 2450//2450 2450//2450 
f 2450//2450 2450//2450 2435//2435 
f 2450//2450 2435//2435 2435//2435 
f 2435//2435 2435//2435 2435//2435 
f 2435//2435 2451//2451 2435//2435 
f 2435//2435 2451//2451 2437//2437 
f 2451//2451 2452//2452 2437//2437 
f 2437//2437 2452//2452 2439//2439 
f 2452//2452 2453//2453 2439//2439 
f 2439//2439 2453//2453 2441//2441 
f 2453//2453 2454//2454 2441//2441 
f 2441//2441 2454//2454 2443//2443 
f 2454//2454 2455//2455 2443//2443 
f 2443//2443 2455//2455 2445//2445 
f 2455//2455 2456//2456 2445//2445 
f 2445//2445 2456//2456 2447//2447 
f 2456//2456 2457//2457 2447//2447 
f 2447//2447 2457//2457 2449//2449 
f 2457//2457 2449//2449 2449//2449 
f 2449//2449 2449//2449 2457//2457 
f 2449//2449 2457//2457 2457//2457 
f 2457//2457 2457//2457 2457//2457 
f 2457//2457 2456//2456 2457//2457 
f 2457//2457 2456//2456 2458//2458 
f 2456//2456 2455//2455 2458//2458 
f 2458//2458 2455//2455 2459//2459 
f 2455//2455 2454//2454 2459//2459 
f 2459//2459 2454//2454 2453//2453 
f 2454//2454 2453//2453 2453//2453 
f 2453//2453 2453//2453 2459//2459 
f 2453//2453 2459//2459 2459//2459 
f 2459//2459 2459//2459 2459//2459 
f 2459//2459 2453//2453 2459//2459 
f 2459//2459 2453//2453 2460//2460 
f 2453//2453 2452//2452 2460//2460 
f 2460//2460 2452//2452 2451//2451 
f 2452//2452 2451//2451 2451//2451 
f 2451//2451 2451//2451 2461//2461 
f 2451//2451 2461//2461 2461//2461 
f 2461//2461 2461//2461 2461//2461 
f 2461//2461 2462//2462 2461//2461 
f 2461//2461 2462//2462 2463//2463 
f 2462//2462 2464//2464 2463//2463 
f 2463//2463 2464//2464 2465//2465 
f 2464//2464 2466//2466 2465//2465 
f 2465//2465 2466//2466 2467//2467 
f 2466//2466 2345//2345 2467//2467 
f 2467//2467 2345//2345 2347//2347 
f 2345//2345 2347//2347 2347//2347 
f 2347//2347 2347//2347 2462//2462 
f 2347//2347 2462//2462 2462//2462 
f 2462//2462 2462//2462 2462//2462 
f 2462//2462 2342//2342 2462//2462 
f 2462//2462 2342//2342 2464//2464 
f 2342//2342 2341//2341 2464//2464 
f 2464//2464 2341//2341 2466//2466 
f 2341//2341 2340//2340 2466//2466 
f 2466//2466 2340//2340 2345//2345 
f 2340//2340 2345//2345 2345//2345 
f 2345//2345 2345//2345 2461//2461 
f 2345//2345 2461//2461 2461//2461 
f 2461//2461 2461//2461 2461//2461 
f 2461//2461 2463//2463 2461//2461 
f 2461//2461 2463//2463 2468//2468 
f 2463//2463 2469//2469 2468//2468 
f 2468//2468 2469//2469 2469//2469 
f 2469//2469 2463//2463 2469//2469 
f 2469//2469 2463//2463 2470//2470 
f 2463//2463 2465//2465 2470//2470 
f 2470//2470 2465//2465 2471//2471 
f 2465//2465 2467//2467 2471//2471 
f 2471//2471 2467//2467 2472//2472 
f 2467//2467 2347//2347 2472//2472 
f 2472//2472 2347//2347 2347//2347 
f 2347//2347 2472//2472 2347//2347 
f 2347//2347 2472//2472 2472//2472 
f 2472//2472 2473//2473 2472//2472 
f 2472//2472 2473//2473 2471//2471 
f 2473//2473 2474//2474 2471//2471 
f 2471//2471 2474//2474 2470//2470 
f 2474//2474 2469//2469 2470//2470 
f 2470//2470 2469//2469 2469//2469 
f 2469//2469 2450//2450 2469//2469 
f 2469//2469 2450//2450 2450//2450 
f 2450//2450 2475//2475 2450//2450 
f 2450//2450 2475//2475 2448//2448 
f 2475//2475 2446//2446 2448//2448 
f 2448//2448 2446//2446 2446//2446 
f 2446//2446 2475//2475 2446//2446 
f 2446//2446 2475//2475 2475//2475 
f 2475//2475 2476//2476 2475//2475 
f 2475//2475 2476//2476 2446//2446 
f 2476//2476 2444//2444 2446//2446 
f 2446//2446 2444//2444 2444//2444 
f 2444//2444 2476//2476 2444//2444 
f 2444//2444 2476//2476 2476//2476 
f 2476//2476 2477//2477 2476//2476 
f 2476//2476 2477//2477 2444//2444 
f 2477//2477 2478//2478 2444//2444 
f 2444//2444 2478//2478 2479//2479 
f 2478//2478 2480//2480 2479//2479 
f 2479//2479 2480//2480 2481//2481 
f 2480//2480 2482//2482 2481//2481 
f 2481//2481 2482//2482 2483//2483 
f 2482//2482 2484//2484 2483//2483 
f 2483//2483 2484//2484 2485//2485 
f 2484//2484 2486//2486 2485//2485 
f 2485//2485 2486//2486 2487//2487 
f 2486//2486 2488//2488 2487//2487 
f 2487//2487 2488//2488 2434//2434 
f 2488//2488 2434//2434 2434//2434 
f 2434//2434 2434//2434 2434//2434 
f 2434//2434 2436//2436 2434//2434 
f 2434//2434 2436//2436 2487//2487 
f 2436//2436 2438//2438 2487//2487 
f 2487//2487 2438//2438 2489//2489 
f 2438//2438 2440//2440 2489//2489 
f 2489//2489 2440//2440 2490//2490 
f 2440//2440 2442//2442 2490//2490 
f 2490//2490 2442//2442 2479//2479 
f 2442//2442 2444//2444 2479//2479 
f 2479//2479 2444//2444 2444//2444 
f 2444//2444 2479//2479 2444//2444 
f 2444//2444 2479//2479 2479//2479 
f 2479//2479 2481//2481 2479//2479 
f 2479//2479 2481//2481 2490//2490 
f 2481//2481 2483//2483 2490//2490 
f 2490//2490 2483//2483 2489//2489 
f 2483//2483 2485//2485 2489//2489 
f 2489//2489 2485//2485 2487//2487 
f 2485//2485 2487//2487 2487//2487 
f 2487//2487 2487//2487 2450//2450 
f 2487//2487 2450//2450 2450//2450 
f 2450//2450 2450//2450 2450//2450 
f 2450//2450 2491//2491 2450//2450 
f 2450//2450 2491//2491 2475//2475 
f 2491//2491 2492//2492 2475//2475 
f 2475//2475 2492//2492 2476//2476 
f 2492//2492 2493//2493 2476//2476 
f 2476//2476 2493//2493 2477//2477 
f 2493//2493 2494//2494 2477//2477 
f 2477//2477 2494//2494 2495//2495 
f 2494//2494 2496//2496 2495//2495 
f 2495//2495 2496//2496 2497//2497 
f 2496//2496 2497//2497 2497//2497 
f 2497//2497 2497//2497 2496//2496 
f 2497//2497 2496//2496 2496//2496 
f 2496//2496 2496//2496 2496//2496 
f 2496//2496 2494//2494 2496//2496 
f 2496//2496 2494//2494 2498//2498 
f 2494//2494 2493//2493 2498//2498 
f 2498//2498 2493//2493 2499//2499 
f 2493//2493 2492//2492 2499//2499 
f 2499//2499 2492//2492 2500//2500 
f 2492//2492 2491//2491 2500//2500 
f 2500//2500 2491//2491 2491//2491 
f 2491//2491 2477//2477 2491//2491 
f 2491//2491 2477//2477 2477//2477 
f 2477//2477 2495//2495 2477//2477 
f 2477//2477 2495//2495 2478//2478 
f 2495//2495 2501//2501 2478//2478 
f 2478//2478 2501//2501 2480//2480 
f 2501//2501 2502//2502 2480//2480 
f 2480//2480 2502//2502 2482//2482 
f 2502//2502 2482//2482 2482//2482 
f 2482//2482 2482//2482 2502//2502 
f 2482//2482 2502//2502 2502//2502 
f 2502//2502 2502//2502 2502//2502 
f 2502//2502 2501//2501 2502//2502 
f 2502//2502 2501//2501 2497//2497 
f 2501//2501 2495//2495 2497//2497 
f 2497//2497 2495//2495 2495//2495 
f 2495//2495 2503//2503 2495//2495 
f 2495//2495 2503//2503 2503//2503 
f 2503//2503 2504//2504 2503//2503 
f 2503//2503 2504//2504 2505//2505 
f 2504//2504 2506//2506 2505//2505 
f 2505//2505 2506//2506 2507//2507 
f 2506//2506 2508//2508 2507//2507 
f 2507//2507 2508//2508 2509//2509 
f 2508//2508 2509//2509 2509//2509 
f 2509//2509 2509//2509 2503//2503 
f 2509//2509 2503//2503 2503//2503 
f 2503//2503 2503//2503 2503//2503 
f 2503//2503 2510//2510 2503//2503 
f 2503//2503 2510//2510 2504//2504 
f 2510//2510 2511//2511 2504//2504 
f 2504//2504 2511//2511 2506//2506 
f 2511//2511 2512//2512 2506//2506 
f 2506//2506 2512//2512 2508//2508 
f 2512//2512 2508//2508 2508//2508 
f 2508//2508 2508//2508 2513//2513 
f 2508//2508 2513//2513 2513//2513 
f 2513//2513 2513//2513 2513//2513 
f 2513//2513 2514//2514 2513//2513 
f 2513//2513 2514//2514 2515//2515 
f 2514//2514 2516//2516 2515//2515 
f 2515//2515 2516//2516 2517//2517 
f 2516//2516 2518//2518 2517//2517 
f 2517//2517 2518//2518 2519//2519 
f 2518//2518 2520//2520 2519//2519 
f 2519//2519 2520//2520 2521//2521 
f 2520//2520 2522//2522 2521//2521 
f 2521//2521 2522//2522 2523//2523 
f 2522//2522 2524//2524 2523//2523 
f 2523//2523 2524//2524 2525//2525 
f 2524//2524 2526//2526 2525//2525 
f 2525//2525 2526//2526 2526//2526 
f 2526//2526 2514//2514 2526//2526 
f 2526//2526 2514//2514 2514//2514 
f 2514//2514 2527//2527 2514//2514 
f 2514//2514 2527//2527 2516//2516 
f 2527//2527 2528//2528 2516//2516 
f 2516//2516 2528//2528 2518//2518 
f 2528//2528 2529//2529 2518//2518 
f 2518//2518 2529//2529 2520//2520 
f 2529//2529 2530//2530 2520//2520 
f 2520//2520 2530//2530 2522//2522 
f 2530//2530 2531//2531 2522//2522 
f 2522//2522 2531//2531 2524//2524 
f 2531//2531 2532//2532 2524//2524 
f 2524//2524 2532//2532 2526//2526 
f 2532//2532 2533//2533 2526//2526 
f 2526//2526 2533//2533 2533//2533 
f 2533//2533 2529//2529 2533//2533 
f 2533//2533 2529//2529 2529//2529 
f 2529//2529 2528//2528 2529//2529 
f 2529//2529 2528//2528 2530//2530 
f 2528//2528 2534//2534 2530//2530 
f 2530//2530 2534//2534 2531//2531 
f 2534//2534 2535//2535 2531//2531 
f 2531//2531 2535//2535 2536//2536 
f 2535//2535 2537//2537 2536//2536 
f 2536//2536 2537//2537 2538//2538 
f 2537//2537 2539//2539 2538//2538 
f 2538//2538 2539//2539 2539//2539 
f 2539//2539 2537//2537 2539//2539 
f 2539//2539 2537//2537 2540//2540 
f 2537//2537 2535//2535 2540//2540 
f 2540//2540 2535//2535 2541//2541 
f 2535//2535 2534//2534 2541//2541 
f 2541//2541 2534//2534 2527//2527 
f 2534//2534 2528//2528 2527//2527 
f 2527//2527 2528//2528 2528//2528 
f 2528//2528 2531//2531 2528//2528 
f 2528//2528 2531//2531 2531//2531 
f 2531//2531 2542//2542 2531//2531 
f 2531//2531 2542//2542 2532//2532 
f 2542//2542 2533//2533 2532//2532 
f 2532//2532 2533//2533 2533//2533 
f 2533//2533 2513//2513 2533//2533 
f 2533//2533 2513//2513 2513//2513 
f 2513//2513 2515//2515 2513//2513 
f 2513//2513 2515//2515 2543//2543 
f 2515//2515 2544//2544 2543//2543 
f 2543//2543 2544//2544 2545//2545 
f 2544//2544 2546//2546 2545//2545 
f 2545//2545 2546//2546 2547//2547 
f 2546//2546 2548//2548 2547//2547 
f 2547//2547 2548//2548 2549//2549 
f 2548//2548 2550//2550 2549//2549 
f 2549//2549 2550//2550 2551//2551 
f 2550//2550 2552//2552 2551//2551 
f 2551//2551 2552//2552 2553//2553 
f 2552//2552 2553//2553 2553//2553 
f 2553//2553 2553//2553 2515//2515 
f 2553//2553 2515//2515 2515//2515 
f 2515//2515 2515//2515 2515//2515 
f 2515//2515 2517//2517 2515//2515 
f 2515//2515 2517//2517 2544//2544 
f 2517//2517 2554//2554 2544//2544 
f 2544//2544 2554//2554 2546//2546 
f 2554//2554 2555//2555 2546//2546 
f 2546//2546 2555//2555 2548//2548 
f 2555//2555 2556//2556 2548//2548 
f 2548//2548 2556//2556 2550//2550 
f 2556//2556 2557//2557 2550//2550 
f 2550//2550 2557//2557 2552//2552 
f 2557//2557 2552//2552 2552//2552 
f 2552//2552 2552//2552 2555//2555 
f 2552//2552 2555//2555 2555//2555 
f 2555//2555 2555//2555 2555//2555 
f 2555//2555 2554//2554 2555//2555 
f 2555//2555 2554//2554 2556//2556 
f 2554//2554 2558//2558 2556//2556 
f 2556//2556 2558//2558 2557//2557 
f 2558//2558 2559//2559 2557//2557 
f 2557//2557 2559//2559 2559//2559 
f 2559//2559 2554//2554 2559//2559 
f 2559//2559 2554//2554 2554//2554 
f 2554//2554 2517//2517 2554//2554 
f 2554//2554 2517//2517 2558//2558 
f 2517//2517 2560//2560 2558//2558 
f 2558//2558 2560//2560 2559//2559 
f 2560//2560 2561//2561 2559//2559 
f 2559//2559 2561//2561 2561//2561 
f 2561//2561 2560//2560 2561//2561 
f 2561//2561 2560//2560 2562//2562 
f 2560//2560 2519//2519 2562//2562 
f 2562//2562 2519//2519 2521//2521 
f 2519//2519 2521//2521 2521//2521 
f 2521//2521 2521//2521 2545//2545 
f 2521//2521 2545//2545 2545//2545 
f 2545//2545 2545//2545 2545//2545 
f 2545//2545 2547//2547 2545//2545 
f 2545//2545 2547//2547 2563//2563 
f 2547//2547 2564//2564 2563//2563 
f 2563//2563 2564//2564 2565//2565 
f 2564//2564 2566//2566 2565//2565 
f 2565//2565 2566//2566 2566//2566 
f 2566//2566 2547//2547 2566//2566 
f 2566//2566 2547//2547 2547//2547 
f 2547//2547 2549//2549 2547//2547 
f 2547//2547 2549//2549 2564//2564 
f 2549//2549 2567//2567 2564//2564 
f 2564//2564 2567//2567 2566//2566 
f 2567//2567 2568//2568 2566//2566 
f 2566//2566 2568//2568 2568//2568 
f 2568//2568 2549//2549 2568//2568 
f 2568//2568 2549//2549 2549//2549 
f 2549//2549 2569//2569 2549//2549 
f 2549//2549 2569//2569 2567//2567 
f 2569//2569 2570//2570 2567//2567 
f 2567//2567 2570//2570 2568//2568 
f 2570//2570 2568//2568 2568//2568 
f 2568//2568 2568//2568 2569//2569 
f 2568//2568 2569//2569 2569//2569 
f 2569//2569 2569//2569 2569//2569 
f 2569//2569 2549//2549 2569//2569 
f 2569//2569 2549//2549 2571//2571 
f 2549//2549 2551//2551 2571//2571 
f 2571//2571 2551//2551 2572//2572 
f 2551//2551 2553//2553 2572//2572 
f 2572//2572 2553//2553 2553//2553 
f 2553//2553 2572//2572 2553//2553 
f 2553//2553 2572//2572 2572//2572 
f 2572//2572 2573//2573 2572//2572 
f 2572//2572 2573//2573 2571//2571 
f 2573//2573 2574//2574 2571//2571 
f 2571//2571 2574//2574 2569//2569 
f 2574//2574 2575//2575 2569//2569 
f 2569//2569 2575//2575 2570//2570 
f 2575//2575 2570//2570 2570//2570 
f 2570//2570 2570//2570 2576//2576 
f 2570//2570 2576//2576 2576//2576 
f 2576//2576 2576//2576 2576//2576 
f 2576//2576 2577//2577 2576//2576 
f 2576//2576 2577//2577 2578//2578 
f 2577//2577 2579//2579 2578//2578 
f 2578//2578 2579//2579 2580//2580 
f 2579//2579 2581//2581 2580//2580 
f 2580//2580 2581//2581 2582//2582 
f 2581//2581 2583//2583 2582//2582 
f 2582//2582 2583//2583 2584//2584 
f 2583//2583 2585//2585 2584//2584 
f 2584//2584 2585//2585 2586//2586 
f 2585//2585 2587//2587 2586//2586 
f 2586//2586 2587//2587 2588//2588 
f 2587//2587 2589//2589 2588//2588 
f 2588//2588 2589//2589 2590//2590 
f 2589//2589 2591//2591 2590//2590 
f 2590//2590 2591//2591 2592//2592 
f 2591//2591 2592//2592 2592//2592 
f 2592//2592 2592//2592 2577//2577 
f 2592//2592 2577//2577 2577//2577 
f 2577//2577 2577//2577 2577//2577 
f 2577//2577 2593//2593 2577//2577 
f 2577//2577 2593//2593 2579//2579 
f 2593//2593 2594//2594 2579//2579 
f 2579//2579 2594//2594 2581//2581 
f 2594//2594 2595//2595 2581//2581 
f 2581//2581 2595//2595 2583//2583 
f 2595//2595 2596//2596 2583//2583 
f 2583//2583 2596//2596 2585//2585 
f 2596//2596 2597//2597 2585//2585 
f 2585//2585 2597//2597 2587//2587 
f 2597//2597 2598//2598 2587//2587 
f 2587//2587 2598//2598 2589//2589 
f 2598//2598 2599//2599 2589//2589 
f 2589//2589 2599//2599 2591//2591 
f 2599//2599 2591//2591 2591//2591 
f 2591//2591 2591//2591 2599//2599 
f 2591//2591 2599//2599 2599//2599 
f 2599//2599 2599//2599 2599//2599 
f 2599//2599 2598//2598 2599//2599 
f 2599//2599 2598//2598 2600//2600 
f 2598//2598 2597//2597 2600//2600 
f 2600//2600 2597//2597 2601//2601 
f 2597//2597 2596//2596 2601//2601 
f 2601//2601 2596//2596 2595//2595 
f 2596//2596 2595//2595 2595//2595 
f 2595//2595 2595//2595 2601//2601 
f 2595//2595 2601//2601 2601//2601 
f 2601//2601 2601//2601 2601//2601 
f 2601//2601 2595//2595 2601//2601 
f 2601//2601 2595//2595 2602//2602 
f 2595//2595 2594//2594 2602//2602 
f 2602//2602 2594//2594 2593//2593 
f 2594//2594 2593//2593 2593//2593 
f 2593//2593 2593//2593 2592//2592 
f 2593//2593 2592//2592 2592//2592 
f 2592//2592 2592//2592 2592//2592 
f 2592//2592 2603//2603 2592//2592 
f 2592//2592 2603//2603 2590//2590 
f 2603//2603 2588//2588 2590//2590 
f 2590//2590 2588//2588 2588//2588 
f 2588//2588 2592//2592 2588//2588 
f 2588//2588 2592//2592 2592//2592 
f 2592//2592 2604//2604 2592//2592 
f 2592//2592 2604//2604 2603//2603 
f 2604//2604 2605//2605 2603//2603 
f 2603//2603 2605//2605 2606//2606 
f 2605//2605 2607//2607 2606//2606 
f 2606//2606 2607//2607 2608//2608 
f 2607//2607 2609//2609 2608//2608 
f 2608//2608 2609//2609 2610//2610 
f 2609//2609 2611//2611 2610//2610 
f 2610//2610 2611//2611 2612//2612 
f 2611//2611 2613//2613 2612//2612 
f 2612//2612 2613//2613 2582//2582 
f 2613//2613 2614//2614 2582//2582 
f 2582//2582 2614//2614 2615//2615 
f 2614//2614 2616//2616 2615//2615 
f 2615//2615 2616//2616 2617//2617 
f 2616//2616 2618//2618 2617//2617 
f 2617//2617 2618//2618 2619//2619 
f 2618//2618 2619//2619 2619//2619 
f 2619//2619 2619//2619 2609//2609 
f 2619//2619 2609//2609 2609//2609 
f 2609//2609 2609//2609 2609//2609 
f 2609//2609 2620//2620 2609//2609 
f 2609//2609 2620//2620 2611//2611 
f 2620//2620 2621//2621 2611//2611 
f 2611//2611 2621//2621 2613//2613 
f 2621//2621 2622//2622 2613//2613 
f 2613//2613 2622//2622 2614//2614 
f 2622//2622 2623//2623 2614//2614 
f 2614//2614 2623//2623 2616//2616 
f 2623//2623 2624//2624 2616//2616 
f 2616//2616 2624//2624 2618//2618 
f 2624//2624 2618//2618 2618//2618 
f 2618//2618 2618//2618 2624//2624 
f 2618//2618 2624//2624 2624//2624 
f 2624//2624 2624//2624 2624//2624 
f 2624//2624 2623//2623 2624//2624 
f 2624//2624 2623//2623 2625//2625 
f 2623//2623 2622//2622 2625//2625 
f 2625//2625 2622//2622 2626//2626 
f 2622//2622 2621//2621 2626//2626 
f 2626//2626 2621//2621 2620//2620 
f 2621//2621 2620//2620 2620//2620 
f 2620//2620 2620//2620 2582//2582 
f 2620//2620 2582//2582 2582//2582 
f 2582//2582 2582//2582 2582//2582 
f 2582//2582 2584//2584 2582//2582 
f 2582//2582 2584//2584 2612//2612 
f 2584//2584 2627//2627 2612//2612 
f 2612//2612 2627//2627 2610//2610 
f 2627//2627 2608//2608 2610//2610 
f 2610//2610 2608//2608 2608//2608 
f 2608//2608 2584//2584 2608//2608 
f 2608//2608 2584//2584 2584//2584 
f 2584//2584 2586//2586 2584//2584 
f 2584//2584 2586//2586 2627//2627 
f 2586//2586 2628//2628 2627//2627 
f 2627//2627 2628//2628 2608//2608 
f 2628//2628 2606//2606 2608//2608 
f 2608//2608 2606//2606 2606//2606 
f 2606//2606 2586//2586 2606//2606 
f 2606//2606 2586//2586 2586//2586 
f 2586//2586 2588//2588 2586//2586 
f 2586//2586 2588//2588 2628//2628 
f 2588//2588 2603//2603 2628//2628 
f 2628//2628 2603//2603 2606//2606 
f 2603//2603 2606//2606 2606//2606 
f 2606//2606 2606//2606 2619//2619 
f 2606//2606 2619//2619 2619//2619 
f 2619//2619 2619//2619 2619//2619 
f 2619//2619 2629//2629 2619//2619 
f 2619//2619 2629//2629 2617//2617 
f 2629//2629 2630//2630 2617//2617 
f 2617//2617 2630//2630 2615//2615 
f 2630//2630 2580//2580 2615//2615 
f 2615//2615 2580//2580 2582//2582 
f 2580//2580 2582//2582 2582//2582 
f 2582//2582 2582//2582 2629//2629 
f 2582//2582 2629//2629 2629//2629 
f 2629//2629 2629//2629 2629//2629 
f 2629//2629 2576//2576 2629//2629 
f 2629//2629 2576//2576 2630//2630 
f 2576//2576 2578//2578 2630//2630 
f 2630//2630 2578//2578 2580//2580 
f 2578//2578 2580//2580 2580//2580 
f 2580//2580 2580//2580 2631//2631 
f 2580//2580 2631//2631 2631//2631 
f 2631//2631 2631//2631 2631//2631 
f 2631//2631 2632//2632 2631//2631 
f 2631//2631 2632//2632 2633//2633 
f 2632//2632 2634//2634 2633//2633 
f 2633//2633 2634//2634 2635//2635 
f 2634//2634 2636//2636 2635//2635 
f 2635//2635 2636//2636 2637//2637 
f 2636//2636 2638//2638 2637//2637 
f 2637//2637 2638//2638 2638//2638 
f 2638//2638 2636//2636 2638//2638 
f 2638//2638 2636//2636 2636//2636 
f 2636//2636 2634//2634 2636//2636 
f 2636//2636 2634//2634 2639//2639 
f 2634//2634 2632//2632 2639//2639 
f 2639//2639 2632//2632 392//392 
f 2632//2632 391//391 392//392 
f 392//392 391//391 391//391 
f 391//391 392//392 391//391 
f 391//391 392//392 392//392 
f 392//392 394//394 392//392 
f 392//392 394//394 2639//2639 
f 394//394 2640//2640 2639//2639 
f 2639//2639 2640//2640 2641//2641 
f 2640//2640 2642//2642 2641//2641 
f 2641//2641 2642//2642 2638//2638 
f 2642//2642 2638//2638 2638//2638 
f 2638//2638 2638//2638 2638//2638 
f 2638//2638 2636//2636 2638//2638 
f 2638//2638 2636//2636 2641//2641 
f 2636//2636 2639//2639 2641//2641 
f 2641//2641 2639//2639 2639//2639 
f 2639//2639 2631//2631 2639//2639 
f 2639//2639 2631//2631 2631//2631 
f 2631//2631 390//390 2631//2631 
f 2631//2631 390//390 2632//2632 
f 390//390 391//391 2632//2632 
f 2632//2632 391//391 391//391 
f 391//391 394//394 391//391 
f 391//391 394//394 394//394 
f 394//394 396//396 394//394 
f 394//394 396//396 2640//2640 
f 396//396 2643//2643 2640//2640 
f 2640//2640 2643//2643 2644//2644 
f 2643//2643 2644//2644 2644//2644 
f 2644//2644 2644//2644 2645//2645 
f 2644//2644 2645//2645 2645//2645 
f 2645//2645 2645//2645 2645//2645 
f 2645//2645 2646//2646 2645//2645 
f 2645//2645 2646//2646 2647//2647 
f 2646//2646 2648//2648 2647//2647 
f 2647//2647 2648//2648 2649//2649 
f 2648//2648 2650//2650 2649//2649 
f 2649//2649 2650//2650 2651//2651 
f 2650//2650 2652//2652 2651//2651 
f 2651//2651 2652//2652 2653//2653 
f 2652//2652 2654//2654 2653//2653 
f 2653//2653 2654//2654 2655//2655 
f 2654//2654 2507//2507 2655//2655 
f 2655//2655 2507//2507 2509//2509 
f 2507//2507 2509//2509 2509//2509 
f 2509//2509 2509//2509 2646//2646 
f 2509//2509 2646//2646 2646//2646 
f 2646//2646 2646//2646 2646//2646 
f 2646//2646 2656//2656 2646//2646 
f 2646//2646 2656//2656 2648//2648 
f 2656//2656 2657//2657 2648//2648 
f 2648//2648 2657//2657 2650//2650 
f 2657//2657 2658//2658 2650//2650 
f 2650//2650 2658//2658 2652//2652 
f 2658//2658 2659//2659 2652//2652 
f 2652//2652 2659//2659 2654//2654 
f 2659//2659 2505//2505 2654//2654 
f 2654//2654 2505//2505 2507//2507 
f 2505//2505 2507//2507 2507//2507 
f 2507//2507 2507//2507 2658//2658 
f 2507//2507 2658//2658 2658//2658 
f 2658//2658 2658//2658 2658//2658 
f 2658//2658 2660//2660 2658//2658 
f 2658//2658 2660//2660 2659//2659 
f 2660//2660 2661//2661 2659//2659 
f 2659//2659 2661//2661 2505//2505 
f 2661//2661 2662//2662 2505//2505 
f 2505//2505 2662//2662 2662//2662 
f 2662//2662 2660//2660 2662//2662 
f 2662//2662 2660//2660 2660//2660 
f 2660//2660 2663//2663 2660//2660 
f 2660//2660 2663//2663 2661//2661 
f 2663//2663 2664//2664 2661//2661 
f 2661//2661 2664//2664 2662//2662 
f 2664//2664 2665//2665 2662//2662 
f 2662//2662 2665//2665 2665//2665 
f 2665//2665 2664//2664 2665//2665 
f 2665//2665 2664//2664 2666//2666 
f 2664//2664 2663//2663 2666//2666 
f 2666//2666 2663//2663 2663//2663 
f 2663//2663 2653//2653 2663//2663 
f 2663//2663 2653//2653 2653//2653 
f 2653//2653 2655//2655 2653//2653 
f 2653//2653 2655//2655 2651//2651 
f 2655//2655 2667//2667 2651//2651 
f 2651//2651 2667//2667 2649//2649 
f 2667//2667 2668//2668 2649//2649 
f 2649//2649 2668//2668 2669//2669 
f 2668//2668 2670//2670 2669//2669 
f 2669//2669 2670//2670 2671//2671 
f 2670//2670 2671//2671 2671//2671 
f 2671//2671 2671//2671 2655//2655 
f 2671//2671 2655//2655 2655//2655 
f 2655//2655 2655//2655 2655//2655 
f 2655//2655 2509//2509 2655//2655 
f 2655//2655 2509//2509 2667//2667 
f 2509//2509 2672//2672 2667//2667 
f 2667//2667 2672//2672 2668//2668 
f 2672//2672 2673//2673 2668//2668 
f 2668//2668 2673//2673 2670//2670 
f 2673//2673 2670//2670 2670//2670 
f 2670//2670 2670//2670 2649//2649 
f 2670//2670 2649//2649 2649//2649 
f 2649//2649 2649//2649 2649//2649 
f 2649//2649 2669//2669 2649//2649 
f 2649//2649 2669//2669 2674//2674 
f 2669//2669 2675//2675 2674//2674 
f 2674//2674 2675//2675 2676//2676 
f 2675//2675 2677//2677 2676//2676 
f 2676//2676 2677//2677 2678//2678 
f 2677//2677 2679//2679 2678//2678 
f 2678//2678 2679//2679 2645//2645 
f 2679//2679 2680//2680 2645//2645 
f 2645//2645 2680//2680 2680//2680 
f 2680//2680 2669//2669 2680//2680 
f 2680//2680 2669//2669 2669//2669 
f 2669//2669 2671//2671 2669//2669 
f 2669//2669 2671//2671 2675//2675 
f 2671//2671 2681//2681 2675//2675 
f 2675//2675 2681//2681 2677//2677 
f 2681//2681 2682//2682 2677//2677 
f 2677//2677 2682//2682 2679//2679 
f 2682//2682 2683//2683 2679//2679 
f 2679//2679 2683//2683 2680//2680 
f 2683//2683 2684//2684 2680//2680 
f 2680//2680 2684//2684 2684//2684 
f 2684//2684 2671//2671 2684//2684 
f 2684//2684 2671//2671 2671//2671 
f 2671//2671 2685//2685 2671//2671 
f 2671//2671 2685//2685 2681//2681 
f 2685//2685 2686//2686 2681//2681 
f 2681//2681 2686//2686 2682//2682 
f 2686//2686 2687//2687 2682//2682 
f 2682//2682 2687//2687 2688//2688 
f 2687//2687 2689//2689 2688//2688 
f 2688//2688 2689//2689 2690//2690 
f 2689//2689 2690//2690 2690//2690 
f 2690//2690 2690//2690 2685//2685 
f 2690//2690 2685//2685 2685//2685 
f 2685//2685 2685//2685 2685//2685 
f 2685//2685 2691//2691 2685//2685 
f 2685//2685 2691//2691 2686//2686 
f 2691//2691 2692//2692 2686//2686 
f 2686//2686 2692//2692 2687//2687 
f 2692//2692 2693//2693 2687//2687 
f 2687//2687 2693//2693 2689//2689 
f 2693//2693 2689//2689 2689//2689 
f 2689//2689 2689//2689 2649//2649 
f 2689//2689 2649//2649 2649//2649 
f 2649//2649 2649//2649 2649//2649 
f 2649//2649 2674//2674 2649//2649 
f 2649//2649 2674//2674 2647//2647 
f 2674//2674 2678//2678 2647//2647 
f 2647//2647 2678//2678 2645//2645 
f 2678//2678 2645//2645 2645//2645 
f 2645//2645 2645//2645 2690//2690 
f 2645//2645 2690//2690 2690//2690 
f 2690//2690 2690//2690 2690//2690 
f 2690//2690 2694//2694 2690//2690 
f 2690//2690 2694//2694 2688//2688 
f 2694//2694 2695//2695 2688//2688 
f 2688//2688 2695//2695 2682//2682 
f 2695//2695 2683//2683 2682//2682 
f 2682//2682 2683//2683 2683//2683 
f 2683//2683 2694//2694 2683//2683 
f 2683//2683 2694//2694 2694//2694 
f 2694//2694 2696//2696 2694//2694 
f 2694//2694 2696//2696 2695//2695 
f 2696//2696 2697//2697 2695//2695 
f 2695//2695 2697//2697 2683//2683 
f 2697//2697 2684//2684 2683//2683 
f 2683//2683 2684//2684 2684//2684 
f 2684//2684 2698//2698 2684//2684 
f 2684//2684 2698//2698 2698//2698 
f 2698//2698 2699//2699 2698//2698 
f 2698//2698 2699//2699 2700//2700 
f 2699//2699 2701//2701 2700//2700 
f 2700//2700 2701//2701 2702//2702 
f 2701//2701 2703//2703 2702//2702 
f 2702//2702 2703//2703 1905//1905 
f 2703//2703 2704//2704 1905//1905 
f 1905//1905 2704//2704 1903//1903 
f 2704//2704 2705//2705 1903//1903 
f 1903//1903 2705//2705 1875//1875 
f 2705//2705 1873//1873 1875//1875 
f 1875//1875 1873//1873 1873//1873 
f 1873//1873 2698//2698 1873//1873 
f 1873//1873 2698//2698 2698//2698 
f 2698//2698 2706//2706 2698//2698 
f 2698//2698 2706//2706 2699//2699 
f 2706//2706 2707//2707 2699//2699 
f 2699//2699 2707//2707 2701//2701 
f 2707//2707 2708//2708 2701//2701 
f 2701//2701 2708//2708 2703//2703 
f 2708//2708 2709//2709 2703//2703 
f 2703//2703 2709//2709 2704//2704 
f 2709//2709 2710//2710 2704//2704 
f 2704//2704 2710//2710 2705//2705 
f 2710//2710 2711//2711 2705//2705 
f 2705//2705 2711//2711 1873//1873 
f 2711//2711 1871//1871 1873//1873 
f 1873//1873 1871//1871 1871//1871 
f 1871//1871 2710//2710 1871//1871 
f 1871//1871 2710//2710 2710//2710 
f 2710//2710 2709//2709 2710//2710 
f 2710//2710 2709//2709 2711//2711 
f 2709//2709 2712//2712 2711//2711 
f 2711//2711 2712//2712 1871//1871 
f 2712//2712 2713//2713 1871//1871 
f 1871//1871 2713//2713 2713//2713 
f 2713//2713 2709//2709 2713//2713 
f 2713//2713 2709//2709 2709//2709 
f 2709//2709 2708//2708 2709//2709 
f 2709//2709 2708//2708 2712//2712 
f 2708//2708 2714//2714 2712//2712 
f 2712//2712 2714//2714 2713//2713 
f 2714//2714 2715//2715 2713//2713 
f 2713//2713 2715//2715 2715//2715 
f 2715//2715 2708//2708 2715//2715 
f 2715//2715 2708//2708 2708//2708 
f 2708//2708 2716//2716 2708//2708 
f 2708//2708 2716//2716 2714//2714 
f 2716//2716 2717//2717 2714//2714 
f 2714//2714 2717//2717 2715//2715 
f 2717//2717 2715//2715 2715//2715 
f 2715//2715 2715//2715 2708//2708 
f 2715//2715 2708//2708 2708//2708 
f 2708//2708 2708//2708 2708//2708 
f 2708//2708 2718//2718 2708//2708 
f 2708//2708 2718//2718 2716//2716 
f 2718//2718 2719//2719 2716//2716 
f 2716//2716 2719//2719 2717//2717 
f 1494//1494 1495//1495 1492//1492 
f 331//331 332//332 329//329 
f 859//859 858//858 868//868 
f 896//896 273//273 275//275 
f 1437//1437 1447//1447 1446//1446 
f 1085//1085 1087//1087 2720//2720 
f 836//836 834//834 867//867 
f 215//215 187//187 218//218 
f 36//36 27//27 26//26 
f 2640//2640 2644//2644 2642//2642 
f 336//336 1195//1195 1194//1194 
f 1895//1895 1897//1897 1910//1910 
f 387//387 368//368 366//366 
f 370//370 386//386 372//372 
f 300//300 316//316 315//315 
f 1128//1128 1133//1133 1129//1129 
f 399//399 375//375 374//374 
f 343//343 341//341 1192//1192 
f 2013//2013 2015//2015 2058//2058 
f 2517//2517 2519//2519 2560//2560 
f 2674//2674 2676//2676 2678//2678 
f 1118//1118 1120//1120 1559//1559 
f 421//421 424//424 423//423 
f 410//410 415//415 412//412 
f 416//416 415//415 417//417 
f 796//796 798//798 797//797 
f 348//348 351//351 349//349 
f 299//299 297//297 305//305 
f 296//296 298//298 2721//2721 
f 85//85 79//79 64//64 
f 90//90 84//84 83//83 
f 612//612 611//611 632//632 
f 646//646 645//645 659//659 
f 647//647 650//650 649//649 
f 929//929 513//513 511//511 
f 980//980 517//517 515//515 
f 520//520 522//522 630//630 
f 948//948 507//507 505//505 
f 181//181 183//183 286//286 
f 1124//1124 204//204 1086//1086 
f 198//198 190//190 189//189 
f 844//844 842//842 843//843 
f 915//915 2722//2722 917//917 
f 148//148 2723//2723 149//149 
f 128//128 136//136 129//129 
f 1105//1105 1104//1104 2724//2724 
f 1093//1093 2725//2725 1094//1094 
f 2418//2418 2420//2420 2433//2433 
f 2309//2309 2308//2308 2314//2314 
f 2077//2077 2076//2076 2099//2099 
f 1200//1200 1217//1217 1198//1198 
f 2375//2375 2397//2397 2373//2373 
f 761//761 760//760 1918//1918 
f 1821//1821 1820//1820 1819//1819 
f 2094//2094 2093//2093 2092//2092 
f 2284//2284 2283//2283 2282//2282 
f 1997//1997 1948//1948 1950//1950 
f 1314//1314 1313//1313 1312//1312 
f 1013//1013 1006//1006 1004//1004 
f 677//677 679//679 704//704 
f 1003//1003 998//998 997//997 
f 466//466 461//461 462//462 
f 103//103 101//101 707//707 
f 262//262 261//261 260//260 
f 1791//1791 1780//1780 1778//1778 
f 1259//1259 1260//1260 1263//1263 
f 1158//1158 1164//1164 1157//1157 
f 1235//1235 1243//1243 1236//1236 
f 1358//1358 1357//1357 1361//1361 
f 1160//1160 1169//1169 1161//1161 
f 1027//1027 1788//1788 1803//1803 
f 901//901 899//899 2726//2726 
f 814//814 2727//2727 812//812 
f 892//892 2728//2728 893//893 
f 912//912 905//905 904//904 
f 175//175 428//428 173//173 
f 913//913 265//265 266//266 
f 1721//1721 1723//1723 1761//1761 
f 819//819 1762//1762 817//817 
f 1717//1717 1186//1186 1718//1718 
f 1688//1688 1684//1684 1683//1683 
f 822//822 847//847 844//844 

